tinyzkp-fuzz-target-v1 target=plonky3_proof_bytes_v1 corpus_sha256=fc1d33984ab9ff9c0a44480359ed28f2974d2422ac8d787180691d6f7e4a3356 toolchain=nightly-2026-04-15
   Compiling hc-fuzz v0.0.0 (/home/runner/work/hc-stark/hc-stark/raw-reports/immutable-source/fuzz)
    Finished `release` profile [optimized + debuginfo] target(s) in 0.39s
INFO: Running with entropic power schedule (0xFF, 100).
INFO: Seed: 2921947572
INFO: Loaded 1 modules   (14602 inline 8-bit counters): 14602 [0x55a5bb3ef1d0, 0x55a5bb3f2ada), 
INFO: Loaded 1 PC tables (14602 PCs): 14602 [0x55a5bb3f2ae0,0x55a5bb42bb80), 
INFO:        0 files found in /home/runner/work/hc-stark/hc-stark/raw-reports/fuzz-logs/execution-corpus/plonky3_proof_bytes_v1
INFO:        2 files found in /home/runner/work/hc-stark/hc-stark/raw-reports/fuzz-logs/smoke-corpus/plonky3_proof_bytes_v1
INFO: -max_len is not provided; libFuzzer will not generate inputs larger than 239306 bytes
INFO: seed corpus: files: 2 min: 89737b max: 239306b total: 329043b rss: 45Mb
#3	INITED cov: 1139 ft: 1228 corp: 2/321Kb exec/s: 0 rss: 49Mb
	NEW_FUNC[1/3]: 0x55a5bb36d3c0  (/home/runner/work/hc-stark/hc-stark/raw-reports/cargo-target/x86_64-unknown-linux-gnu/release/plonky3_proof_bytes_v1+0x28b3c0) (BuildId: 93b0a3be9bf8948c6041fb18af8421d78e04255e)
	NEW_FUNC[2/3]: 0x55a5bb376630  (/home/runner/work/hc-stark/hc-stark/raw-reports/cargo-target/x86_64-unknown-linux-gnu/release/plonky3_proof_bytes_v1+0x294630) (BuildId: 93b0a3be9bf8948c6041fb18af8421d78e04255e)
#4	NEW    cov: 1174 ft: 1302 corp: 3/399Kb lim: 239306 exec/s: 0 rss: 50Mb L: 80149/239306 MS: 1 EraseBytes-
	NEW_FUNC[1/1]: 0x55a5bb33d600  (/home/runner/work/hc-stark/hc-stark/raw-reports/cargo-target/x86_64-unknown-linux-gnu/release/plonky3_proof_bytes_v1+0x25b600) (BuildId: 93b0a3be9bf8948c6041fb18af8421d78e04255e)
#7	NEW    cov: 1189 ft: 1349 corp: 4/449Kb lim: 239306 exec/s: 0 rss: 52Mb L: 50851/239306 MS: 3 CMP-ChangeBinInt-EraseBytes- DE: "\001\000\000\000"-
#8	NEW    cov: 1191 ft: 1358 corp: 5/536Kb lim: 239306 exec/s: 0 rss: 53Mb L: 89737/239306 MS: 1 ChangeBinInt-
#10	NEW    cov: 1208 ft: 1397 corp: 6/624Kb lim: 239306 exec/s: 0 rss: 54Mb L: 89810/239306 MS: 2 ChangeBinInt-InsertRepeatedBytes-
#12	NEW    cov: 1214 ft: 1470 corp: 7/720Kb lim: 239306 exec/s: 0 rss: 55Mb L: 98428/239306 MS: 2 PersAutoDict-CopyPart- DE: "\001\000\000\000"-
#13	NEW    cov: 1216 ft: 1483 corp: 8/808Kb lim: 239306 exec/s: 0 rss: 56Mb L: 89851/239306 MS: 1 InsertRepeatedBytes-
#16	NEW    cov: 1216 ft: 1491 corp: 9/920Kb lim: 239306 exec/s: 0 rss: 57Mb L: 114900/239306 MS: 3 ChangeASCIIInt-InsertByte-CopyPart-
#17	NEW    cov: 1219 ft: 1516 corp: 10/1051Kb lim: 239306 exec/s: 0 rss: 58Mb L: 133839/239306 MS: 1 EraseBytes-
#19	NEW    cov: 1219 ft: 1517 corp: 11/1157Kb lim: 239306 exec/s: 0 rss: 59Mb L: 109170/239306 MS: 2 ChangeBinInt-CrossOver-
#21	NEW    cov: 1220 ft: 1518 corp: 12/1229Kb lim: 239306 exec/s: 0 rss: 60Mb L: 72755/239306 MS: 2 ShuffleBytes-EraseBytes-
#23	NEW    cov: 1221 ft: 1585 corp: 13/1278Kb lim: 239306 exec/s: 0 rss: 61Mb L: 50851/239306 MS: 2 ChangeBinInt-ChangeByte-
#24	NEW    cov: 1221 ft: 1593 corp: 14/1512Kb lim: 239306 exec/s: 0 rss: 63Mb L: 239306/239306 MS: 1 CopyPart-
#25	NEW    cov: 1222 ft: 1608 corp: 15/1549Kb lim: 239306 exec/s: 0 rss: 63Mb L: 37678/239306 MS: 1 CrossOver-
#27	NEW    cov: 1222 ft: 1663 corp: 16/1652Kb lim: 239306 exec/s: 0 rss: 65Mb L: 106166/239306 MS: 2 EraseBytes-PersAutoDict- DE: "\001\000\000\000"-
#28	NEW    cov: 1223 ft: 1664 corp: 17/1723Kb lim: 239306 exec/s: 0 rss: 65Mb L: 72755/239306 MS: 1 ChangeBinInt-
#29	NEW    cov: 1229 ft: 1676 corp: 18/1957Kb lim: 239306 exec/s: 0 rss: 67Mb L: 239306/239306 MS: 1 CopyPart-
	NEW_FUNC[1/1]: 0x55a5bb33d790  (/home/runner/work/hc-stark/hc-stark/raw-reports/cargo-target/x86_64-unknown-linux-gnu/release/plonky3_proof_bytes_v1+0x25b790) (BuildId: 93b0a3be9bf8948c6041fb18af8421d78e04255e)
#31	NEW    cov: 1237 ft: 1698 corp: 19/2007Kb lim: 239306 exec/s: 0 rss: 67Mb L: 50851/239306 MS: 2 PersAutoDict-ChangeByte- DE: "\001\000\000\000"-
#35	NEW    cov: 1238 ft: 1700 corp: 20/2094Kb lim: 239306 exec/s: 0 rss: 70Mb L: 89741/239306 MS: 4 ChangeASCIIInt-ChangeBit-ChangeBit-PersAutoDict- DE: "\001\000\000\000"-
#40	NEW    cov: 1238 ft: 1701 corp: 21/2278Kb lim: 239306 exec/s: 0 rss: 73Mb L: 187731/239306 MS: 5 CrossOver-CrossOver-ChangeByte-InsertByte-InsertRepeatedBytes-
#45	NEW    cov: 1238 ft: 1744 corp: 22/2365Kb lim: 239306 exec/s: 0 rss: 75Mb L: 89852/239306 MS: 5 InsertByte-ShuffleBytes-ChangeByte-ChangeASCIIInt-CopyPart-
#51	NEW    cov: 1238 ft: 1748 corp: 23/2447Kb lim: 239306 exec/s: 0 rss: 79Mb L: 83364/239306 MS: 1 EraseBytes-
#61	NEW    cov: 1238 ft: 1783 corp: 24/2497Kb lim: 239306 exec/s: 0 rss: 82Mb L: 50966/239306 MS: 5 ChangeBinInt-InsertRepeatedBytes-ChangeBit-ChangeASCIIInt-ChangeBit-
#63	NEW    cov: 1238 ft: 1784 corp: 25/2584Kb lim: 239306 exec/s: 0 rss: 83Mb L: 89878/239306 MS: 2 ChangeASCIIInt-InsertRepeatedBytes-
#67	NEW    cov: 1246 ft: 1820 corp: 26/2741Kb lim: 239306 exec/s: 0 rss: 85Mb L: 160520/239306 MS: 4 ChangeBit-CMP-CopyPart-CMP- DE: "\002\000\000\000\000\000\000\000"-"\000\000"-
#78	NEW    cov: 1247 ft: 1833 corp: 27/2771Kb lim: 239306 exec/s: 0 rss: 88Mb L: 30016/239306 MS: 1 EraseBytes-
#84	NEW    cov: 1247 ft: 1836 corp: 28/2852Kb lim: 239306 exec/s: 0 rss: 91Mb L: 83372/239306 MS: 1 CMP- DE: "\001\000\000\000\000\000\000\002"-
#85	NEW    cov: 1247 ft: 1837 corp: 29/2948Kb lim: 239306 exec/s: 0 rss: 91Mb L: 98441/239306 MS: 1 CrossOver-
#90	NEW    cov: 1247 ft: 1838 corp: 30/3056Kb lim: 239306 exec/s: 0 rss: 94Mb L: 110861/239306 MS: 5 ChangeByte-CrossOver-ChangeByte-CopyPart-PersAutoDict- DE: "\000\000"-
#92	NEW    cov: 1247 ft: 1839 corp: 31/3163Kb lim: 239306 exec/s: 0 rss: 95Mb L: 109178/239306 MS: 2 ChangeBit-PersAutoDict- DE: "\002\000\000\000\000\000\000\000"-
#95	NEW    cov: 1247 ft: 1844 corp: 32/3192Kb lim: 239306 exec/s: 0 rss: 96Mb L: 30024/239306 MS: 3 CopyPart-PersAutoDict-CrossOver- DE: "\001\000\000\000\000\000\000\002"-
#97	NEW    cov: 1247 ft: 1848 corp: 33/3304Kb lim: 239306 exec/s: 0 rss: 97Mb L: 114912/239306 MS: 2 InsertRepeatedBytes-ChangeBit-
#101	NEW    cov: 1249 ft: 1874 corp: 34/3383Kb lim: 239306 exec/s: 0 rss: 98Mb L: 80158/239306 MS: 4 InsertByte-ChangeBit-ShuffleBytes-PersAutoDict- DE: "\002\000\000\000\000\000\000\000"-
#106	NEW    cov: 1249 ft: 1876 corp: 35/3401Kb lim: 239306 exec/s: 0 rss: 101Mb L: 18258/239306 MS: 5 CrossOver-CopyPart-InsertByte-CMP-CrossOver- DE: "\201\240j3\230{\000\000"-
#110	REDUCE cov: 1249 ft: 1876 corp: 35/3395Kb lim: 239306 exec/s: 0 rss: 102Mb L: 66714/239306 MS: 4 ShuffleBytes-CMP-ChangeASCIIInt-EraseBytes- DE: "\001\000\000\000\000\000\000\026"-
#114	NEW    cov: 1249 ft: 1877 corp: 36/3466Kb lim: 239306 exec/s: 0 rss: 103Mb L: 72900/239306 MS: 4 InsertByte-InsertRepeatedBytes-ChangeBinInt-InsertRepeatedBytes-
#119	NEW    cov: 1249 ft: 1878 corp: 37/3700Kb lim: 239306 exec/s: 0 rss: 109Mb L: 239306/239306 MS: 5 CopyPart-ChangeBit-ChangeBinInt-ChangeBit-ShuffleBytes-
#123	NEW    cov: 1249 ft: 1885 corp: 38/3787Kb lim: 239306 exec/s: 0 rss: 111Mb L: 89737/239306 MS: 4 ChangeBinInt-ChangeASCIIInt-CopyPart-CMP- DE: "\001\000\000\000"-
#135	NEW    cov: 1250 ft: 1886 corp: 39/3855Kb lim: 239306 exec/s: 0 rss: 115Mb L: 69086/239306 MS: 2 EraseBytes-CrossOver-
#151	NEW    cov: 1250 ft: 1887 corp: 40/3942Kb lim: 239306 exec/s: 0 rss: 119Mb L: 89882/239306 MS: 1 InsertRepeatedBytes-
#159	NEW    cov: 1250 ft: 1890 corp: 41/4030Kb lim: 239306 exec/s: 0 rss: 124Mb L: 89737/239306 MS: 3 ChangeBit-ShuffleBytes-CrossOver-
#167	NEW    cov: 1253 ft: 1911 corp: 42/4126Kb lim: 239306 exec/s: 0 rss: 126Mb L: 98428/239306 MS: 3 ChangeBit-CrossOver-ChangeByte-
#169	REDUCE cov: 1253 ft: 1911 corp: 42/4111Kb lim: 239306 exec/s: 0 rss: 127Mb L: 74098/239306 MS: 2 ChangeASCIIInt-EraseBytes-
#190	NEW    cov: 1255 ft: 1936 corp: 43/4224Kb lim: 239306 exec/s: 0 rss: 134Mb L: 116175/239306 MS: 1 CopyPart-
#202	NEW    cov: 1255 ft: 1940 corp: 44/4331Kb lim: 239306 exec/s: 0 rss: 139Mb L: 109170/239306 MS: 2 ChangeBinInt-ChangeBinInt-
#204	NEW    cov: 1255 ft: 1942 corp: 45/4412Kb lim: 239306 exec/s: 0 rss: 140Mb L: 83487/239306 MS: 2 ChangeBinInt-InsertRepeatedBytes-
#211	NEW    cov: 1255 ft: 1955 corp: 46/4500Kb lim: 239306 exec/s: 0 rss: 142Mb L: 89744/239306 MS: 2 InsertRepeatedBytes-CrossOver-
#214	NEW    cov: 1255 ft: 1956 corp: 47/4712Kb lim: 239306 exec/s: 0 rss: 145Mb L: 216774/239306 MS: 3 ChangeASCIIInt-CrossOver-CrossOver-
#217	NEW    cov: 1255 ft: 1958 corp: 48/4789Kb lim: 239306 exec/s: 0 rss: 146Mb L: 79064/239306 MS: 3 ShuffleBytes-ChangeBit-EraseBytes-
#232	NEW    cov: 1255 ft: 1959 corp: 49/5018Kb lim: 239306 exec/s: 0 rss: 154Mb L: 234777/239306 MS: 5 CopyPart-ShuffleBytes-ChangeByte-ShuffleBytes-EraseBytes-
#234	NEW    cov: 1255 ft: 1960 corp: 50/5252Kb lim: 239306 exec/s: 0 rss: 156Mb L: 239306/239306 MS: 2 ChangeBinInt-CMP- DE: "\001\000\000\000\000\000\000)"-
#236	REDUCE cov: 1255 ft: 1960 corp: 50/5227Kb lim: 239306 exec/s: 0 rss: 157Mb L: 73289/239306 MS: 2 ChangeByte-EraseBytes-
#237	REDUCE cov: 1255 ft: 1960 corp: 50/5204Kb lim: 239306 exec/s: 0 rss: 158Mb L: 65841/239306 MS: 1 EraseBytes-
#241	NEW    cov: 1255 ft: 1961 corp: 51/5424Kb lim: 239306 exec/s: 0 rss: 162Mb L: 225394/239306 MS: 4 CrossOver-PersAutoDict-InsertByte-ChangeBinInt- DE: "\001\000\000\000"-
#244	NEW    cov: 1255 ft: 1963 corp: 52/5488Kb lim: 239306 exec/s: 0 rss: 163Mb L: 65643/239306 MS: 3 EraseBytes-ChangeASCIIInt-ChangeByte-
#249	NEW    cov: 1261 ft: 1973 corp: 53/5567Kb lim: 239306 exec/s: 0 rss: 165Mb L: 80234/239306 MS: 5 ShuffleBytes-ChangeASCIIInt-InsertRepeatedBytes-EraseBytes-CopyPart-
#256	REDUCE cov: 1261 ft: 1973 corp: 53/5560Kb lim: 239306 exec/s: 0 rss: 169Mb L: 108066/239306 MS: 2 CrossOver-EraseBytes-
#267	REDUCE cov: 1261 ft: 1973 corp: 53/5541Kb lim: 239306 exec/s: 0 rss: 172Mb L: 53376/239306 MS: 1 CrossOver-
#278	NEW    cov: 1261 ft: 1974 corp: 54/5654Kb lim: 239306 exec/s: 0 rss: 178Mb L: 116176/239306 MS: 1 InsertByte-
#304	NEW    cov: 1261 ft: 1976 corp: 55/5742Kb lim: 239306 exec/s: 0 rss: 188Mb L: 89852/239306 MS: 1 ChangeByte-
#306	NEW    cov: 1261 ft: 1978 corp: 56/5806Kb lim: 239306 exec/s: 0 rss: 189Mb L: 65643/239306 MS: 2 ChangeByte-CopyPart-
#310	NEW    cov: 1261 ft: 1979 corp: 57/5823Kb lim: 239306 exec/s: 0 rss: 190Mb L: 17110/239306 MS: 4 InsertByte-ChangeBit-InsertByte-EraseBytes-
#338	NEW    cov: 1261 ft: 1985 corp: 58/5936Kb lim: 239306 exec/s: 0 rss: 200Mb L: 116282/239306 MS: 3 CopyPart-ChangeByte-InsertRepeatedBytes-
#341	REDUCE cov: 1261 ft: 1985 corp: 58/5912Kb lim: 239306 exec/s: 0 rss: 202Mb L: 90807/239306 MS: 3 InsertRepeatedBytes-ChangeBit-EraseBytes-
#347	REDUCE cov: 1261 ft: 1985 corp: 58/5903Kb lim: 239306 exec/s: 0 rss: 204Mb L: 81251/239306 MS: 1 EraseBytes-
#353	NEW    cov: 1261 ft: 1996 corp: 59/5906Kb lim: 239306 exec/s: 0 rss: 205Mb L: 2446/239306 MS: 1 CrossOver-
#358	REDUCE cov: 1261 ft: 1996 corp: 59/5902Kb lim: 239306 exec/s: 0 rss: 208Mb L: 105370/239306 MS: 5 InsertByte-CrossOver-ShuffleBytes-ChangeBit-EraseBytes-
#364	NEW    cov: 1261 ft: 1998 corp: 60/6136Kb lim: 239306 exec/s: 0 rss: 211Mb L: 239306/239306 MS: 1 CopyPart-
#377	REDUCE cov: 1261 ft: 1998 corp: 60/6099Kb lim: 239306 exec/s: 0 rss: 216Mb L: 52190/239306 MS: 3 ChangeBinInt-CMP-EraseBytes- DE: "\001\000\000\000\000\000\000\000"-
#383	NEW    cov: 1261 ft: 1999 corp: 61/6232Kb lim: 239306 exec/s: 0 rss: 218Mb L: 136508/239306 MS: 1 CopyPart-
#386	REDUCE cov: 1261 ft: 1999 corp: 61/6204Kb lim: 239306 exec/s: 0 rss: 219Mb L: 61123/239306 MS: 3 InsertByte-ChangeBit-EraseBytes-
#388	NEW    cov: 1261 ft: 2000 corp: 62/6286Kb lim: 239306 exec/s: 0 rss: 221Mb L: 83416/239306 MS: 2 InsertRepeatedBytes-ChangeByte-
#393	NEW    cov: 1261 ft: 2005 corp: 63/6292Kb lim: 239306 exec/s: 0 rss: 223Mb L: 7099/239306 MS: 5 InsertRepeatedBytes-CrossOver-CopyPart-ChangeBinInt-CrossOver-
#395	NEW    cov: 1261 ft: 2007 corp: 64/6380Kb lim: 239306 exec/s: 0 rss: 224Mb L: 89883/239306 MS: 2 InsertRepeatedBytes-CopyPart-
#399	NEW    cov: 1261 ft: 2008 corp: 65/6462Kb lim: 239306 exec/s: 0 rss: 227Mb L: 83489/239306 MS: 4 CrossOver-InsertByte-InsertByte-ChangeBinInt-
#405	REDUCE cov: 1261 ft: 2009 corp: 66/6500Kb lim: 239306 exec/s: 0 rss: 229Mb L: 38695/239306 MS: 1 EraseBytes-
#412	NEW    cov: 1261 ft: 2010 corp: 67/6692Kb lim: 239306 exec/s: 0 rss: 232Mb L: 196598/239306 MS: 2 ChangeBit-CopyPart-
#415	NEW    cov: 1261 ft: 2012 corp: 68/6773Kb lim: 239306 exec/s: 0 rss: 234Mb L: 83487/239306 MS: 3 ShuffleBytes-ChangeASCIIInt-ChangeBinInt-
#416	NEW    cov: 1261 ft: 2013 corp: 69/7007Kb lim: 239306 exec/s: 0 rss: 235Mb L: 239306/239306 MS: 1 PersAutoDict- DE: "\001\000\000\000\000\000\000\000"-
#423	NEW    cov: 1261 ft: 2014 corp: 70/7110Kb lim: 239306 exec/s: 0 rss: 238Mb L: 106168/239306 MS: 2 InsertByte-InsertByte-
#430	NEW    cov: 1264 ft: 2018 corp: 71/7306Kb lim: 239306 exec/s: 0 rss: 243Mb L: 200297/239306 MS: 2 EraseBytes-PersAutoDict- DE: "\000\000"-
#431	NEW    cov: 1264 ft: 2029 corp: 72/7356Kb lim: 239306 exec/s: 0 rss: 243Mb L: 50851/239306 MS: 1 ChangeByte-
#437	REDUCE cov: 1264 ft: 2029 corp: 72/7315Kb lim: 239306 exec/s: 0 rss: 246Mb L: 145837/239306 MS: 1 EraseBytes-
#443	NEW    cov: 1264 ft: 2031 corp: 73/7322Kb lim: 239306 exec/s: 0 rss: 247Mb L: 7210/239306 MS: 1 InsertRepeatedBytes-
	NEW_FUNC[1/2]: 0x55a5bb365f70  (/home/runner/work/hc-stark/hc-stark/raw-reports/cargo-target/x86_64-unknown-linux-gnu/release/plonky3_proof_bytes_v1+0x283f70) (BuildId: 93b0a3be9bf8948c6041fb18af8421d78e04255e)
	NEW_FUNC[2/2]: 0x55a5bb36d650  (/home/runner/work/hc-stark/hc-stark/raw-reports/cargo-target/x86_64-unknown-linux-gnu/release/plonky3_proof_bytes_v1+0x28b650) (BuildId: 93b0a3be9bf8948c6041fb18af8421d78e04255e)
#459	REDUCE cov: 1284 ft: 2094 corp: 74/7425Kb lim: 239306 exec/s: 0 rss: 251Mb L: 105374/239306 MS: 1 PersAutoDict- DE: "\001\000\000\000"-
#461	NEW    cov: 1289 ft: 2099 corp: 75/7427Kb lim: 239306 exec/s: 0 rss: 251Mb L: 2472/239306 MS: 2 InsertRepeatedBytes-ChangeBinInt-
#464	NEW    cov: 1289 ft: 2102 corp: 76/7515Kb lim: 239306 exec/s: 0 rss: 253Mb L: 89853/239306 MS: 3 ShuffleBytes-ShuffleBytes-InsertRepeatedBytes-
#487	REDUCE cov: 1289 ft: 2115 corp: 77/7594Kb lim: 239306 exec/s: 0 rss: 258Mb L: 81259/239306 MS: 3 ChangeBit-PersAutoDict-ChangeByte- DE: "\001\000\000\000\000\000\000)"-
#492	NEW    cov: 1289 ft: 2125 corp: 78/7626Kb lim: 239306 exec/s: 0 rss: 259Mb L: 31987/239306 MS: 5 EraseBytes-InsertRepeatedBytes-ChangeBinInt-ShuffleBytes-CrossOver-
#493	NEW    cov: 1289 ft: 2126 corp: 79/7859Kb lim: 239306 exec/s: 0 rss: 261Mb L: 239306/239306 MS: 1 CrossOver-
#499	REDUCE cov: 1289 ft: 2126 corp: 79/7821Kb lim: 239306 exec/s: 0 rss: 262Mb L: 41175/239306 MS: 1 EraseBytes-
#500	REDUCE cov: 1289 ft: 2126 corp: 79/7796Kb lim: 239306 exec/s: 0 rss: 262Mb L: 55076/239306 MS: 1 EraseBytes-
#505	NEW    cov: 1289 ft: 2127 corp: 80/7830Kb lim: 239306 exec/s: 0 rss: 264Mb L: 35603/239306 MS: 5 ChangeBinInt-ChangeBit-ChangeASCIIInt-EraseBytes-EraseBytes-
#523	REDUCE cov: 1289 ft: 2129 corp: 81/7936Kb lim: 239306 exec/s: 0 rss: 269Mb L: 108074/239306 MS: 3 ChangeBit-PersAutoDict-ShuffleBytes- DE: "\001\000\000\000\000\000\000\026"-
#544	REDUCE cov: 1289 ft: 2129 corp: 81/7928Kb lim: 239306 exec/s: 0 rss: 276Mb L: 73055/239306 MS: 1 EraseBytes-
#571	NEW    cov: 1289 ft: 2139 corp: 82/8061Kb lim: 239306 exec/s: 0 rss: 286Mb L: 136517/239306 MS: 2 InsertByte-PersAutoDict- DE: "\001\000\000\000\000\000\000\026"-
#575	NEW    cov: 1289 ft: 2141 corp: 83/8134Kb lim: 239306 exec/s: 0 rss: 288Mb L: 74650/239306 MS: 4 ShuffleBytes-ShuffleBytes-ChangeByte-EraseBytes-
#576	NEW    cov: 1289 ft: 2154 corp: 84/8171Kb lim: 239306 exec/s: 0 rss: 288Mb L: 37716/239306 MS: 1 InsertRepeatedBytes-
#579	REDUCE cov: 1289 ft: 2154 corp: 84/8149Kb lim: 239306 exec/s: 0 rss: 289Mb L: 56681/239306 MS: 3 ChangeASCIIInt-ChangeBit-EraseBytes-
#589	REDUCE cov: 1289 ft: 2154 corp: 84/8113Kb lim: 239306 exec/s: 0 rss: 293Mb L: 163204/239306 MS: 5 CopyPart-ShuffleBytes-ChangeByte-ChangeBinInt-EraseBytes-
#591	REDUCE cov: 1289 ft: 2155 corp: 85/8147Kb lim: 239306 exec/s: 0 rss: 294Mb L: 35191/239306 MS: 2 ShuffleBytes-EraseBytes-
#605	NEW    cov: 1289 ft: 2161 corp: 86/8234Kb lim: 239306 exec/s: 0 rss: 298Mb L: 89065/239306 MS: 4 EraseBytes-CopyPart-ChangeBinInt-ChangeBinInt-
#618	NEW    cov: 1289 ft: 2163 corp: 87/8251Kb lim: 239306 exec/s: 0 rss: 300Mb L: 17110/239306 MS: 3 ChangeByte-ChangeASCIIInt-CrossOver-
#619	NEW    cov: 1289 ft: 2164 corp: 88/8332Kb lim: 239306 exec/s: 0 rss: 301Mb L: 83487/239306 MS: 1 ChangeByte-
#623	NEW    cov: 1289 ft: 2165 corp: 89/8520Kb lim: 239306 exec/s: 0 rss: 303Mb L: 192506/239306 MS: 4 ChangeASCIIInt-ChangeByte-ShuffleBytes-CrossOver-
#625	NEW    cov: 1289 ft: 2168 corp: 90/8654Kb lim: 239306 exec/s: 0 rss: 304Mb L: 137253/239306 MS: 2 InsertRepeatedBytes-CopyPart-
#626	NEW    cov: 1290 ft: 2169 corp: 91/8656Kb lim: 239306 exec/s: 0 rss: 304Mb L: 1753/239306 MS: 1 EraseBytes-
#632	REDUCE cov: 1290 ft: 2170 corp: 92/8712Kb lim: 239306 exec/s: 0 rss: 306Mb L: 56681/239306 MS: 1 PersAutoDict- DE: "\001\000\000\000\000\000\000\000"-
#633	NEW    cov: 1290 ft: 2176 corp: 93/8799Kb lim: 239306 exec/s: 0 rss: 306Mb L: 89883/239306 MS: 1 ChangeByte-
#651	REDUCE cov: 1290 ft: 2176 corp: 93/8786Kb lim: 239306 exec/s: 0 rss: 316Mb L: 203353/239306 MS: 3 CrossOver-ChangeBit-CrossOver-
#672	NEW    cov: 1290 ft: 2177 corp: 94/8811Kb lim: 239306 exec/s: 0 rss: 321Mb L: 25155/239306 MS: 1 EraseBytes-
#679	NEW    cov: 1291 ft: 2184 corp: 95/8818Kb lim: 239306 exec/s: 0 rss: 324Mb L: 7107/239306 MS: 2 ChangeASCIIInt-CMP- DE: "\252\252\252\252\252\252\252\012"-
#707	NEW    cov: 1291 ft: 2187 corp: 96/8934Kb lim: 239306 exec/s: 0 rss: 336Mb L: 119190/239306 MS: 3 InsertRepeatedBytes-ChangeBit-CrossOver-
#714	REDUCE cov: 1291 ft: 2187 corp: 96/8879Kb lim: 239306 exec/s: 0 rss: 342Mb L: 178282/239306 MS: 2 CrossOver-EraseBytes-
#719	REDUCE cov: 1291 ft: 2187 corp: 96/8870Kb lim: 239306 exec/s: 0 rss: 342Mb L: 22623/239306 MS: 5 PersAutoDict-InsertByte-ChangeBit-CopyPart-EraseBytes- DE: "\001\000\000\000"-
#728	REDUCE cov: 1291 ft: 2187 corp: 96/8859Kb lim: 239306 exec/s: 0 rss: 348Mb L: 94189/239306 MS: 4 CopyPart-ChangeBinInt-PersAutoDict-EraseBytes- DE: "\201\240j3\230{\000\000"-
#730	NEW    cov: 1291 ft: 2188 corp: 97/8923Kb lim: 239306 exec/s: 0 rss: 349Mb L: 65643/239306 MS: 2 ChangeASCIIInt-CopyPart-
#734	REDUCE cov: 1291 ft: 2188 corp: 97/8914Kb lim: 239306 exec/s: 0 rss: 349Mb L: 29340/239306 MS: 4 PersAutoDict-ChangeByte-ChangeBinInt-EraseBytes- DE: "\252\252\252\252\252\252\252\012"-
#745	NEW    cov: 1291 ft: 2192 corp: 98/9020Kb lim: 239306 exec/s: 0 rss: 353Mb L: 109170/239306 MS: 1 CrossOver-
#754	NEW    cov: 1291 ft: 2195 corp: 99/9254Kb lim: 239306 exec/s: 0 rss: 360Mb L: 239306/239306 MS: 4 ChangeBinInt-ChangeASCIIInt-ChangeBit-PersAutoDict- DE: "\001\000\000\000"-
#770	NEW    cov: 1293 ft: 2283 corp: 100/9336Kb lim: 239306 exec/s: 0 rss: 367Mb L: 83489/239306 MS: 1 CMP- DE: "\001\000"-
#775	REDUCE cov: 1293 ft: 2283 corp: 100/9321Kb lim: 239306 exec/s: 0 rss: 370Mb L: 148499/239306 MS: 5 ChangeByte-PersAutoDict-InsertRepeatedBytes-CopyPart-EraseBytes- DE: "\001\000"-
#782	NEW    cov: 1293 ft: 2284 corp: 101/9328Kb lim: 239306 exec/s: 782 rss: 372Mb L: 7210/239306 MS: 2 ShuffleBytes-ChangeBinInt-
#789	NEW    cov: 1294 ft: 2285 corp: 102/9552Kb lim: 239306 exec/s: 789 rss: 378Mb L: 228541/239306 MS: 2 ChangeASCIIInt-EraseBytes-
#793	REDUCE cov: 1294 ft: 2287 corp: 103/9580Kb lim: 239306 exec/s: 793 rss: 378Mb L: 28648/239306 MS: 4 EraseBytes-CrossOver-ChangeByte-InsertByte-
#801	NEW    cov: 1294 ft: 2288 corp: 104/9667Kb lim: 239306 exec/s: 801 rss: 380Mb L: 89737/239306 MS: 3 ChangeASCIIInt-ChangeByte-ChangeBinInt-
#802	NEW    cov: 1294 ft: 2289 corp: 105/9684Kb lim: 239306 exec/s: 802 rss: 380Mb L: 17110/239306 MS: 1 CopyPart-
#804	REDUCE cov: 1294 ft: 2291 corp: 106/9775Kb lim: 239306 exec/s: 804 rss: 380Mb L: 93587/239306 MS: 2 ShuffleBytes-CopyPart-
#815	REDUCE cov: 1294 ft: 2291 corp: 106/9761Kb lim: 239306 exec/s: 815 rss: 380Mb L: 57933/239306 MS: 1 EraseBytes-
#835	NEW    cov: 1294 ft: 2299 corp: 107/9770Kb lim: 239306 exec/s: 835 rss: 380Mb L: 9452/239306 MS: 5 InsertByte-CrossOver-ChangeASCIIInt-ChangeBinInt-EraseBytes-
#839	REDUCE cov: 1294 ft: 2299 corp: 107/9767Kb lim: 239306 exec/s: 839 rss: 380Mb L: 15335/239306 MS: 4 InsertRepeatedBytes-InsertRepeatedBytes-ChangeBinInt-EraseBytes-
#840	REDUCE cov: 1294 ft: 2299 corp: 107/9753Kb lim: 239306 exec/s: 840 rss: 380Mb L: 40722/239306 MS: 1 EraseBytes-
#841	NEW    cov: 1294 ft: 2302 corp: 108/9898Kb lim: 239306 exec/s: 841 rss: 380Mb L: 148556/239306 MS: 1 EraseBytes-
#849	NEW    cov: 1294 ft: 2304 corp: 109/9914Kb lim: 239306 exec/s: 849 rss: 380Mb L: 16439/239306 MS: 3 ChangeBinInt-InsertRepeatedBytes-EraseBytes-
#851	NEW    cov: 1294 ft: 2313 corp: 110/9916Kb lim: 239306 exec/s: 851 rss: 380Mb L: 2450/239306 MS: 2 CMP-PersAutoDict- DE: "\377\377\377\377"-"\001\000\000\000\000\000\000\002"-
#853	REDUCE cov: 1294 ft: 2313 corp: 110/9915Kb lim: 239306 exec/s: 853 rss: 380Mb L: 71596/239306 MS: 2 CMP-EraseBytes- DE: "\001\000\000\000\000\000\000\000"-
#861	NEW    cov: 1294 ft: 2316 corp: 111/9917Kb lim: 239306 exec/s: 861 rss: 380Mb L: 2450/239306 MS: 3 ChangeBit-ChangeByte-CMP- DE: "\377\377\377\377"-
#862	NEW    cov: 1294 ft: 2318 corp: 112/10034Kb lim: 239306 exec/s: 862 rss: 380Mb L: 119190/239306 MS: 1 ChangeBinInt-
#868	REDUCE cov: 1294 ft: 2318 corp: 112/9986Kb lim: 239306 exec/s: 868 rss: 387Mb L: 129380/239306 MS: 1 EraseBytes-
#911	NEW    cov: 1294 ft: 2319 corp: 113/10119Kb lim: 239306 exec/s: 911 rss: 391Mb L: 136517/239306 MS: 3 ChangeASCIIInt-CMP-ChangeByte- DE: "\000\000"-
#915	NEW    cov: 1294 ft: 2320 corp: 114/10192Kb lim: 239306 exec/s: 915 rss: 391Mb L: 74671/239306 MS: 4 ChangeByte-CopyPart-ChangeBit-InsertRepeatedBytes-
#926	NEW    cov: 1294 ft: 2323 corp: 115/10415Kb lim: 239306 exec/s: 926 rss: 391Mb L: 228541/239306 MS: 1 PersAutoDict- DE: "\002\000\000\000\000\000\000\000"-
#954	REDUCE cov: 1294 ft: 2323 corp: 115/10415Kb lim: 239306 exec/s: 954 rss: 396Mb L: 6757/239306 MS: 3 InsertByte-ChangeASCIIInt-EraseBytes-
#962	NEW    cov: 1294 ft: 2324 corp: 116/10479Kb lim: 239306 exec/s: 962 rss: 397Mb L: 65643/239306 MS: 3 ShuffleBytes-ShuffleBytes-PersAutoDict- DE: "\002\000\000\000\000\000\000\000"-
#963	REDUCE cov: 1294 ft: 2324 corp: 116/10475Kb lim: 239306 exec/s: 963 rss: 397Mb L: 85487/239306 MS: 1 EraseBytes-
#971	REDUCE cov: 1294 ft: 2324 corp: 116/10450Kb lim: 239306 exec/s: 971 rss: 398Mb L: 27251/239306 MS: 3 ChangeByte-ChangeASCIIInt-EraseBytes-
#978	REDUCE cov: 1294 ft: 2324 corp: 116/10422Kb lim: 239306 exec/s: 978 rss: 401Mb L: 44591/239306 MS: 2 PersAutoDict-EraseBytes- DE: "\001\000"-
#1001	NEW    cov: 1294 ft: 2325 corp: 117/10423Kb lim: 239306 exec/s: 1001 rss: 401Mb L: 1545/239306 MS: 3 CopyPart-InsertByte-EraseBytes-
#1002	REDUCE cov: 1294 ft: 2325 corp: 117/10391Kb lim: 239306 exec/s: 1002 rss: 401Mb L: 73464/239306 MS: 1 CrossOver-
#1032	REDUCE cov: 1294 ft: 2325 corp: 117/10384Kb lim: 239306 exec/s: 1032 rss: 401Mb L: 15767/239306 MS: 5 PersAutoDict-PersAutoDict-PersAutoDict-ChangeByte-EraseBytes- DE: "\377\377\377\377"-"\001\000\000\000\000\000\000\000"-"\001\000\000\000\000\000\000)"-
#1034	REDUCE cov: 1294 ft: 2325 corp: 117/10383Kb lim: 239306 exec/s: 1034 rss: 401Mb L: 6045/239306 MS: 2 CrossOver-EraseBytes-
#1035	REDUCE cov: 1294 ft: 2325 corp: 117/10366Kb lim: 239306 exec/s: 1035 rss: 401Mb L: 90537/239306 MS: 1 CrossOver-
#1054	NEW    cov: 1294 ft: 2326 corp: 118/10401Kb lim: 239306 exec/s: 1054 rss: 401Mb L: 35603/239306 MS: 4 ChangeASCIIInt-ChangeBit-ChangeBinInt-ChangeByte-
#1064	REDUCE cov: 1294 ft: 2326 corp: 118/10397Kb lim: 239306 exec/s: 1064 rss: 401Mb L: 11780/239306 MS: 5 ChangeBit-InsertRepeatedBytes-ChangeBit-CopyPart-EraseBytes-
#1082	NEW    cov: 1295 ft: 2327 corp: 119/10399Kb lim: 239306 exec/s: 1082 rss: 401Mb L: 1932/239306 MS: 3 InsertRepeatedBytes-InsertRepeatedBytes-EraseBytes-
#1087	NEW    cov: 1306 ft: 2338 corp: 120/10422Kb lim: 239306 exec/s: 1087 rss: 401Mb L: 23159/239306 MS: 5 CrossOver-ShuffleBytes-InsertByte-ChangeByte-CMP- DE: "\001\000"-
#1088	NEW    cov: 1306 ft: 2339 corp: 121/10567Kb lim: 239306 exec/s: 1088 rss: 401Mb L: 148770/239306 MS: 1 EraseBytes-
#1101	REDUCE cov: 1306 ft: 2339 corp: 121/10567Kb lim: 239306 exec/s: 1101 rss: 401Mb L: 2003/239306 MS: 3 InsertByte-ChangeBinInt-EraseBytes-
#1130	REDUCE cov: 1306 ft: 2339 corp: 121/10548Kb lim: 239306 exec/s: 1130 rss: 401Mb L: 64102/239306 MS: 4 ChangeBinInt-ChangeBit-CopyPart-EraseBytes-
#1131	NEW    cov: 1306 ft: 2340 corp: 122/10639Kb lim: 239306 exec/s: 1131 rss: 401Mb L: 93587/239306 MS: 1 ChangeBinInt-
#1140	REDUCE cov: 1306 ft: 2340 corp: 122/10626Kb lim: 239306 exec/s: 1140 rss: 401Mb L: 31107/239306 MS: 4 PersAutoDict-PersAutoDict-ShuffleBytes-EraseBytes- DE: "\001\000"-"\002\000\000\000\000\000\000\000"-
#1153	REDUCE cov: 1306 ft: 2340 corp: 122/10552Kb lim: 239306 exec/s: 1153 rss: 403Mb L: 4595/239306 MS: 3 PersAutoDict-CMP-CrossOver- DE: "\001\000\000\000\000\000\000)"-"\377\377\377\377"-
#1172	REDUCE cov: 1309 ft: 2346 corp: 123/10559Kb lim: 239306 exec/s: 1172 rss: 406Mb L: 6825/239306 MS: 4 ChangeBinInt-ChangeBinInt-InsertByte-InsertRepeatedBytes-
#1173	NEW    cov: 1309 ft: 2349 corp: 124/10782Kb lim: 239306 exec/s: 1173 rss: 408Mb L: 228542/239306 MS: 1 InsertByte-
#1177	REDUCE cov: 1309 ft: 2349 corp: 124/10766Kb lim: 239306 exec/s: 1177 rss: 408Mb L: 20926/239306 MS: 4 CrossOver-CrossOver-ChangeASCIIInt-EraseBytes-
#1185	NEW    cov: 1309 ft: 2354 corp: 125/10999Kb lim: 239306 exec/s: 1185 rss: 410Mb L: 239306/239306 MS: 3 CMP-CopyPart-CopyPart- DE: "\312\000\000\000\000\000\000\000"-
#1206	REDUCE cov: 1309 ft: 2354 corp: 125/10957Kb lim: 239306 exec/s: 1206 rss: 410Mb L: 46240/239306 MS: 1 EraseBytes-
#1235	NEW    cov: 1312 ft: 2361 corp: 126/10958Kb lim: 239306 exec/s: 1235 rss: 410Mb L: 1350/239306 MS: 4 ShuffleBytes-CopyPart-ChangeASCIIInt-EraseBytes-
#1278	REDUCE cov: 1312 ft: 2362 corp: 127/11030Kb lim: 239306 exec/s: 1278 rss: 413Mb L: 73590/239306 MS: 3 InsertRepeatedBytes-ChangeBit-PersAutoDict- DE: "\001\000\000\000\000\000\000\002"-
#1287	REDUCE cov: 1312 ft: 2363 corp: 128/11053Kb lim: 239306 exec/s: 1287 rss: 413Mb L: 23397/239306 MS: 4 ChangeBinInt-CopyPart-CopyPart-EraseBytes-
#1299	NEW    cov: 1312 ft: 2374 corp: 129/11059Kb lim: 239306 exec/s: 1299 rss: 417Mb L: 6177/239306 MS: 2 CrossOver-InsertRepeatedBytes-
#1311	REDUCE cov: 1312 ft: 2374 corp: 129/11018Kb lim: 239306 exec/s: 1311 rss: 419Mb L: 47746/239306 MS: 2 ShuffleBytes-EraseBytes-
#1319	REDUCE cov: 1312 ft: 2374 corp: 129/10942Kb lim: 239306 exec/s: 1319 rss: 422Mb L: 161053/239306 MS: 3 ChangeASCIIInt-ChangeASCIIInt-EraseBytes-
#1341	NEW    cov: 1312 ft: 2375 corp: 130/11033Kb lim: 239306 exec/s: 1341 rss: 427Mb L: 93595/239306 MS: 2 PersAutoDict-ChangeBinInt- DE: "\201\240j3\230{\000\000"-
#1399	NEW    cov: 1312 ft: 2377 corp: 131/11083Kb lim: 239306 exec/s: 1399 rss: 427Mb L: 50859/239306 MS: 3 ChangeASCIIInt-PersAutoDict-PersAutoDict- DE: "\001\000\000\000\000\000\000)"-"\001\000\000\000\000\000\000\002"-
#1432	NEW    cov: 1312 ft: 2378 corp: 132/11093Kb lim: 239306 exec/s: 1432 rss: 427Mb L: 10084/239306 MS: 3 InsertRepeatedBytes-CrossOver-EraseBytes-
#1452	NEW    cov: 1312 ft: 2382 corp: 133/11308Kb lim: 239306 exec/s: 1452 rss: 427Mb L: 220437/239306 MS: 5 CrossOver-CopyPart-ChangeBinInt-CopyPart-InsertRepeatedBytes-
#1465	NEW    cov: 1312 ft: 2383 corp: 134/11453Kb lim: 239306 exec/s: 1465 rss: 427Mb L: 148557/239306 MS: 3 InsertByte-PersAutoDict-CrossOver- DE: "\312\000\000\000\000\000\000\000"-
#1492	NEW    cov: 1312 ft: 2386 corp: 135/11456Kb lim: 239306 exec/s: 1492 rss: 427Mb L: 2451/239306 MS: 2 CrossOver-InsertByte-
#1503	REDUCE cov: 1312 ft: 2386 corp: 135/11452Kb lim: 239306 exec/s: 1503 rss: 427Mb L: 86392/239306 MS: 1 EraseBytes-
#1509	REDUCE cov: 1312 ft: 2386 corp: 135/11430Kb lim: 239306 exec/s: 1509 rss: 427Mb L: 60434/239306 MS: 1 EraseBytes-
#1521	NEW    cov: 1312 ft: 2389 corp: 136/11431Kb lim: 239306 exec/s: 1521 rss: 427Mb L: 1546/239306 MS: 2 InsertByte-CopyPart-
#1535	REDUCE cov: 1312 ft: 2389 corp: 136/11429Kb lim: 239306 exec/s: 1535 rss: 427Mb L: 4305/239306 MS: 4 ChangeASCIIInt-CMP-InsertRepeatedBytes-EraseBytes- DE: "\000\000\000\000\000\000\000\031"-
#1591	NEW    cov: 1312 ft: 2390 corp: 137/11502Kb lim: 239306 exec/s: 1591 rss: 427Mb L: 74679/239306 MS: 1 PersAutoDict- DE: "\001\000\000\000\000\000\000\026"-
#1623	NEW    cov: 1312 ft: 2396 corp: 138/11552Kb lim: 239306 exec/s: 1623 rss: 427Mb L: 50938/239306 MS: 2 InsertRepeatedBytes-ChangeBinInt-
#1626	NEW    cov: 1312 ft: 2397 corp: 139/11589Kb lim: 239306 exec/s: 1626 rss: 427Mb L: 37716/239306 MS: 3 ChangeASCIIInt-CopyPart-InsertRepeatedBytes-
#1632	REDUCE cov: 1313 ft: 2406 corp: 140/11645Kb lim: 239306 exec/s: 1632 rss: 427Mb L: 58014/239306 MS: 1 InsertRepeatedBytes-
#1663	REDUCE cov: 1313 ft: 2406 corp: 140/11645Kb lim: 239306 exec/s: 831 rss: 427Mb L: 1618/239306 MS: 1 EraseBytes-
#1681	NEW    cov: 1313 ft: 2408 corp: 141/11871Kb lim: 239306 exec/s: 840 rss: 427Mb L: 231266/239306 MS: 3 ChangeBit-CrossOver-CMP- DE: "\000\000"-
#1694	NEW    cov: 1313 ft: 2410 corp: 142/11900Kb lim: 239306 exec/s: 847 rss: 427Mb L: 30176/239306 MS: 3 ChangeByte-EraseBytes-InsertRepeatedBytes-
#1700	NEW    cov: 1313 ft: 2411 corp: 143/11948Kb lim: 239306 exec/s: 850 rss: 428Mb L: 49097/239306 MS: 1 EraseBytes-
#1707	REDUCE cov: 1313 ft: 2411 corp: 143/11929Kb lim: 239306 exec/s: 853 rss: 430Mb L: 219540/239306 MS: 2 ShuffleBytes-EraseBytes-
#1711	REDUCE cov: 1313 ft: 2411 corp: 143/11928Kb lim: 239306 exec/s: 855 rss: 431Mb L: 49878/239306 MS: 4 CMP-ShuffleBytes-InsertByte-EraseBytes- DE: "\301\\\002\211\354-\012\221g\354\216e\241\215\353\276^U2\373\356\242\223\370\013\311B\356\220\206\301q"-
#1746	REDUCE cov: 1313 ft: 2411 corp: 143/11928Kb lim: 239306 exec/s: 873 rss: 438Mb L: 1403/239306 MS: 5 CopyPart-ChangeBit-InsertByte-PersAutoDict-EraseBytes- DE: "\001\000"-
#1787	NEW    cov: 1313 ft: 2412 corp: 144/12000Kb lim: 239306 exec/s: 893 rss: 439Mb L: 74679/239306 MS: 1 PersAutoDict- DE: "\001\000\000\000\000\000\000)"-
#1801	REDUCE cov: 1313 ft: 2412 corp: 144/11999Kb lim: 239306 exec/s: 900 rss: 439Mb L: 5000/239306 MS: 4 InsertRepeatedBytes-ShuffleBytes-ChangeBinInt-EraseBytes-
#1852	REDUCE cov: 1313 ft: 2412 corp: 144/11871Kb lim: 239306 exec/s: 926 rss: 442Mb L: 17106/239306 MS: 1 CrossOver-
#1867	REDUCE cov: 1313 ft: 2414 corp: 145/11918Kb lim: 239306 exec/s: 933 rss: 442Mb L: 47843/239306 MS: 5 ShuffleBytes-CrossOver-ChangeBit-PersAutoDict-ChangeByte- DE: "\001\000\000\000"-
#1872	REDUCE cov: 1313 ft: 2414 corp: 145/11882Kb lim: 239306 exec/s: 936 rss: 442Mb L: 49243/239306 MS: 5 CopyPart-ChangeBit-InsertByte-PersAutoDict-EraseBytes- DE: "\001\000\000\000\000\000\000)"-
#1888	REDUCE cov: 1313 ft: 2414 corp: 145/11879Kb lim: 239306 exec/s: 944 rss: 442Mb L: 4381/239306 MS: 1 EraseBytes-
#1920	NEW    cov: 1313 ft: 2417 corp: 146/12007Kb lim: 239306 exec/s: 960 rss: 445Mb L: 131000/239306 MS: 2 CrossOver-ChangeBinInt-
#1971	REDUCE cov: 1313 ft: 2417 corp: 146/11910Kb lim: 239306 exec/s: 985 rss: 445Mb L: 126163/239306 MS: 1 EraseBytes-
#1979	REDUCE cov: 1313 ft: 2417 corp: 146/11908Kb lim: 239306 exec/s: 989 rss: 445Mb L: 14971/239306 MS: 3 ChangeBinInt-ChangeASCIIInt-EraseBytes-
#2004	REDUCE cov: 1313 ft: 2417 corp: 146/11891Kb lim: 239306 exec/s: 1002 rss: 450Mb L: 53875/239306 MS: 5 InsertRepeatedBytes-ShuffleBytes-ChangeByte-ChangeBit-EraseBytes-
#2015	REDUCE cov: 1315 ft: 2419 corp: 147/11893Kb lim: 239306 exec/s: 1007 rss: 450Mb L: 2003/239306 MS: 1 ShuffleBytes-
#2048	pulse  cov: 1315 ft: 2419 corp: 147/11893Kb lim: 239306 exec/s: 1024 rss: 450Mb
#2055	NEW    cov: 1318 ft: 2429 corp: 148/11894Kb lim: 239306 exec/s: 1027 rss: 450Mb L: 1554/239306 MS: 5 InsertByte-CrossOver-ChangeBinInt-ShuffleBytes-CMP- DE: "\001\000\000\000\000\000\000\000"-
#2063	REDUCE cov: 1318 ft: 2429 corp: 148/11894Kb lim: 239306 exec/s: 1031 rss: 451Mb L: 83312/239306 MS: 3 InsertRepeatedBytes-ChangeByte-EraseBytes-
#2068	REDUCE cov: 1318 ft: 2430 corp: 149/11959Kb lim: 239306 exec/s: 1034 rss: 451Mb L: 66746/239306 MS: 5 PersAutoDict-CMP-CopyPart-ChangeBinInt-InsertRepeatedBytes- DE: "\377\377\377\377"-"\376\377\377\377\377\377\377\017"-
#2089	NEW    cov: 1318 ft: 2433 corp: 150/12014Kb lim: 239306 exec/s: 1044 rss: 451Mb L: 56714/239306 MS: 1 InsertRepeatedBytes-
#2124	NEW    cov: 1318 ft: 2434 corp: 151/12056Kb lim: 239306 exec/s: 1062 rss: 451Mb L: 42662/239306 MS: 5 InsertRepeatedBytes-CrossOver-ChangeByte-CrossOver-PersAutoDict- DE: "\000\000"-
#2125	REDUCE cov: 1318 ft: 2434 corp: 151/12045Kb lim: 239306 exec/s: 1062 rss: 451Mb L: 18989/239306 MS: 1 EraseBytes-
#2136	REDUCE cov: 1318 ft: 2434 corp: 151/12011Kb lim: 239306 exec/s: 1068 rss: 451Mb L: 113985/239306 MS: 1 EraseBytes-
#2150	REDUCE cov: 1318 ft: 2434 corp: 151/12011Kb lim: 239306 exec/s: 1075 rss: 451Mb L: 83483/239306 MS: 4 ChangeASCIIInt-InsertByte-CopyPart-EraseBytes-
#2201	REDUCE cov: 1318 ft: 2434 corp: 151/12006Kb lim: 239306 exec/s: 1100 rss: 451Mb L: 45215/239306 MS: 1 EraseBytes-
#2207	REDUCE cov: 1318 ft: 2434 corp: 151/11964Kb lim: 239306 exec/s: 1103 rss: 451Mb L: 196439/239306 MS: 1 EraseBytes-
#2209	REDUCE cov: 1318 ft: 2434 corp: 151/11963Kb lim: 239306 exec/s: 1104 rss: 451Mb L: 109878/239306 MS: 2 CopyPart-EraseBytes-
#2221	NEW    cov: 1318 ft: 2435 corp: 152/12183Kb lim: 239306 exec/s: 1110 rss: 451Mb L: 224786/239306 MS: 2 ChangeASCIIInt-CrossOver-
#2233	REDUCE cov: 1318 ft: 2435 corp: 152/12182Kb lim: 239306 exec/s: 1116 rss: 451Mb L: 3238/239306 MS: 2 ChangeBit-EraseBytes-
#2243	REDUCE cov: 1318 ft: 2435 corp: 152/12170Kb lim: 239306 exec/s: 1121 rss: 451Mb L: 73782/239306 MS: 5 ChangeByte-ChangeBit-ChangeByte-CMP-EraseBytes- DE: "\023\3726\007\025M\202\333"-
#2248	REDUCE cov: 1318 ft: 2435 corp: 152/12111Kb lim: 239306 exec/s: 1124 rss: 451Mb L: 76903/239306 MS: 5 ChangeASCIIInt-ChangeByte-PersAutoDict-ChangeBinInt-EraseBytes- DE: "\201\240j3\230{\000\000"-
#2254	NEW    cov: 1318 ft: 2436 corp: 153/12136Kb lim: 239306 exec/s: 1127 rss: 451Mb L: 25163/239306 MS: 1 PersAutoDict- DE: "\201\240j3\230{\000\000"-
#2268	REDUCE cov: 1318 ft: 2436 corp: 153/12115Kb lim: 239306 exec/s: 1134 rss: 454Mb L: 217988/239306 MS: 4 ShuffleBytes-ChangeBinInt-ChangeBit-EraseBytes-
#2287	REDUCE cov: 1318 ft: 2436 corp: 153/12052Kb lim: 239306 exec/s: 1143 rss: 454Mb L: 155616/239306 MS: 4 ChangeBinInt-ChangeASCIIInt-PersAutoDict-EraseBytes- DE: "\201\240j3\230{\000\000"-
#2289	REDUCE cov: 1318 ft: 2436 corp: 153/12012Kb lim: 239306 exec/s: 1144 rss: 454Mb L: 68161/239306 MS: 2 ShuffleBytes-EraseBytes-
#2311	NEW    cov: 1318 ft: 2437 corp: 154/12019Kb lim: 239306 exec/s: 1155 rss: 458Mb L: 7109/239306 MS: 2 PersAutoDict-EraseBytes- DE: "\002\000\000\000\000\000\000\000"-
#2348	REDUCE cov: 1318 ft: 2437 corp: 154/12010Kb lim: 239306 exec/s: 1174 rss: 462Mb L: 136662/239306 MS: 2 PersAutoDict-EraseBytes- DE: "\001\000\000\000\000\000\000\000"-
#2362	REDUCE cov: 1318 ft: 2437 corp: 154/12009Kb lim: 239306 exec/s: 1181 rss: 462Mb L: 16519/239306 MS: 4 ChangeBinInt-ChangeBit-PersAutoDict-EraseBytes- DE: "\001\000\000\000"-
#2408	REDUCE cov: 1318 ft: 2437 corp: 154/11980Kb lim: 239306 exec/s: 1204 rss: 462Mb L: 53405/239306 MS: 1 EraseBytes-
#2443	REDUCE cov: 1318 ft: 2437 corp: 154/11974Kb lim: 239306 exec/s: 1221 rss: 462Mb L: 51993/239306 MS: 5 ChangeASCIIInt-ChangeASCIIInt-ChangeBit-ChangeBit-CrossOver-
#2448	REDUCE cov: 1318 ft: 2437 corp: 154/11922Kb lim: 239306 exec/s: 1224 rss: 462Mb L: 108184/239306 MS: 5 CrossOver-ChangeByte-ChangeBinInt-ChangeBinInt-EraseBytes-
#2450	REDUCE cov: 1318 ft: 2437 corp: 154/11922Kb lim: 239306 exec/s: 1225 rss: 462Mb L: 1266/239306 MS: 2 CMP-EraseBytes- DE: "\006UUUUUUU"-
#2469	NEW    cov: 1320 ft: 2439 corp: 155/11924Kb lim: 239306 exec/s: 1234 rss: 462Mb L: 1754/239306 MS: 4 CopyPart-ChangeBinInt-InsertByte-CopyPart-
#2485	REDUCE cov: 1321 ft: 2440 corp: 156/11940Kb lim: 239306 exec/s: 1242 rss: 462Mb L: 16521/239306 MS: 1 CMP- DE: "\377\377"-
#2486	REDUCE cov: 1321 ft: 2440 corp: 156/11939Kb lim: 239306 exec/s: 1243 rss: 462Mb L: 1048/239306 MS: 1 EraseBytes-
#2527	REDUCE cov: 1323 ft: 2445 corp: 157/11951Kb lim: 239306 exec/s: 1263 rss: 462Mb L: 11784/239306 MS: 1 PersAutoDict- DE: "\001\000\000\000"-
#2549	NEW    cov: 1323 ft: 2456 corp: 158/11953Kb lim: 239306 exec/s: 1274 rss: 462Mb L: 1762/239306 MS: 2 PersAutoDict-ChangeBinInt- DE: "\001\000\000\000\000\000\000\000"-
#2556	REDUCE cov: 1323 ft: 2456 corp: 158/11941Kb lim: 239306 exec/s: 1278 rss: 462Mb L: 33211/239306 MS: 2 ChangeASCIIInt-EraseBytes-
#2566	REDUCE cov: 1323 ft: 2456 corp: 158/11912Kb lim: 239306 exec/s: 1283 rss: 462Mb L: 37239/239306 MS: 5 ChangeBinInt-CopyPart-ChangeByte-PersAutoDict-EraseBytes- DE: "\312\000\000\000\000\000\000\000"-
#2568	REDUCE cov: 1323 ft: 2456 corp: 158/11893Kb lim: 239306 exec/s: 1284 rss: 462Mb L: 32425/239306 MS: 2 ChangeASCIIInt-EraseBytes-
#2571	REDUCE cov: 1323 ft: 2462 corp: 159/11928Kb lim: 239306 exec/s: 1285 rss: 462Mb L: 35560/239306 MS: 3 ChangeBinInt-EraseBytes-InsertRepeatedBytes-
#2579	NEW    cov: 1323 ft: 2464 corp: 160/11929Kb lim: 239306 exec/s: 1289 rss: 462Mb L: 1411/239306 MS: 3 ChangeByte-InsertRepeatedBytes-EraseBytes-
#2580	REDUCE cov: 1323 ft: 2464 corp: 160/11875Kb lim: 239306 exec/s: 1290 rss: 462Mb L: 99898/239306 MS: 1 EraseBytes-
#2702	REDUCE cov: 1323 ft: 2464 corp: 160/11868Kb lim: 239306 exec/s: 900 rss: 462Mb L: 39499/239306 MS: 2 ShuffleBytes-EraseBytes-
#2726	REDUCE cov: 1323 ft: 2464 corp: 160/11863Kb lim: 239306 exec/s: 908 rss: 462Mb L: 17834/239306 MS: 4 ChangeBinInt-ChangeByte-ShuffleBytes-EraseBytes-
#2736	REDUCE cov: 1323 ft: 2467 corp: 161/11867Kb lim: 239306 exec/s: 912 rss: 462Mb L: 4415/239306 MS: 5 ShuffleBytes-InsertRepeatedBytes-ChangeByte-ChangeByte-PersAutoDict- DE: "\023\3726\007\025M\202\333"-
#2740	REDUCE cov: 1323 ft: 2467 corp: 161/11865Kb lim: 239306 exec/s: 913 rss: 462Mb L: 2986/239306 MS: 4 ChangeByte-PersAutoDict-ChangeBinInt-EraseBytes- DE: "\001\000\000\000\000\000\000\026"-
#2777	REDUCE cov: 1323 ft: 2467 corp: 161/11864Kb lim: 239306 exec/s: 925 rss: 462Mb L: 1638/239306 MS: 2 PersAutoDict-EraseBytes- DE: "\000\000"-
#2798	REDUCE cov: 1323 ft: 2467 corp: 161/11854Kb lim: 239306 exec/s: 932 rss: 462Mb L: 39244/239306 MS: 1 EraseBytes-
#2822	REDUCE cov: 1323 ft: 2467 corp: 161/11854Kb lim: 239306 exec/s: 940 rss: 462Mb L: 1098/239306 MS: 4 InsertByte-ShuffleBytes-ShuffleBytes-EraseBytes-
#2897	REDUCE cov: 1323 ft: 2467 corp: 161/11853Kb lim: 239306 exec/s: 965 rss: 462Mb L: 1705/239306 MS: 5 PersAutoDict-ChangeBinInt-ChangeBit-InsertByte-EraseBytes- DE: "\001\000\000\000\000\000\000\026"-
#2900	NEW    cov: 1324 ft: 2468 corp: 162/11854Kb lim: 239306 exec/s: 966 rss: 462Mb L: 1008/239306 MS: 3 ChangeASCIIInt-ChangeByte-EraseBytes-
#2919	NEW    cov: 1324 ft: 2472 corp: 163/11855Kb lim: 239306 exec/s: 973 rss: 462Mb L: 1650/239306 MS: 4 InsertRepeatedBytes-ChangeByte-ChangeByte-EraseBytes-
#2920	NEW    cov: 1327 ft: 2475 corp: 164/11856Kb lim: 239306 exec/s: 973 rss: 462Mb L: 674/239306 MS: 1 EraseBytes-
#2933	REDUCE cov: 1327 ft: 2475 corp: 164/11832Kb lim: 239306 exec/s: 977 rss: 462Mb L: 44129/239306 MS: 3 PersAutoDict-ShuffleBytes-EraseBytes- DE: "\001\000\000\000\000\000\000\026"-
#2983	REDUCE cov: 1327 ft: 2475 corp: 164/11828Kb lim: 239306 exec/s: 994 rss: 462Mb L: 19002/239306 MS: 5 ChangeBit-ChangeByte-ChangeByte-ChangeASCIIInt-EraseBytes-
#2986	REDUCE cov: 1327 ft: 2475 corp: 164/11770Kb lim: 239306 exec/s: 995 rss: 462Mb L: 172115/239306 MS: 3 CMP-CMP-EraseBytes- DE: "\001\000\000\000\000\000\000\000"-"\000\000"-
#2989	REDUCE cov: 1327 ft: 2475 corp: 164/11751Kb lim: 239306 exec/s: 996 rss: 462Mb L: 38365/239306 MS: 3 CrossOver-ChangeBit-EraseBytes-
#3005	REDUCE cov: 1327 ft: 2475 corp: 164/11745Kb lim: 239306 exec/s: 1001 rss: 462Mb L: 10208/239306 MS: 1 EraseBytes-
#3021	REDUCE cov: 1327 ft: 2475 corp: 164/11744Kb lim: 239306 exec/s: 1007 rss: 462Mb L: 541/239306 MS: 1 EraseBytes-
#3022	REDUCE cov: 1327 ft: 2475 corp: 164/11733Kb lim: 239306 exec/s: 1007 rss: 462Mb L: 52867/239306 MS: 1 EraseBytes-
#3026	REDUCE cov: 1327 ft: 2475 corp: 164/11732Kb lim: 239306 exec/s: 1008 rss: 462Mb L: 36456/239306 MS: 4 CopyPart-ChangeBinInt-ChangeASCIIInt-EraseBytes-
#3077	REDUCE cov: 1327 ft: 2475 corp: 164/11729Kb lim: 239306 exec/s: 1025 rss: 462Mb L: 14349/239306 MS: 1 EraseBytes-
#3089	REDUCE cov: 1327 ft: 2475 corp: 164/11729Kb lim: 239306 exec/s: 1029 rss: 462Mb L: 1031/239306 MS: 2 ChangeByte-EraseBytes-
#3096	REDUCE cov: 1327 ft: 2475 corp: 164/11729Kb lim: 239306 exec/s: 1032 rss: 462Mb L: 1615/239306 MS: 2 ChangeBit-EraseBytes-
#3103	REDUCE cov: 1327 ft: 2475 corp: 164/11729Kb lim: 239306 exec/s: 1034 rss: 462Mb L: 482/239306 MS: 2 InsertRepeatedBytes-EraseBytes-
#3107	NEW    cov: 1327 ft: 2478 corp: 165/11884Kb lim: 239306 exec/s: 1035 rss: 462Mb L: 158713/239306 MS: 4 PersAutoDict-ChangeBit-PersAutoDict-CrossOver- DE: "\002\000\000\000\000\000\000\000"-"\001\000\000\000"-
#3125	REDUCE cov: 1327 ft: 2478 corp: 165/11884Kb lim: 239306 exec/s: 1041 rss: 462Mb L: 621/239306 MS: 3 ShuffleBytes-InsertRepeatedBytes-EraseBytes-
#3134	REDUCE cov: 1327 ft: 2478 corp: 165/11873Kb lim: 239306 exec/s: 1044 rss: 462Mb L: 42975/239306 MS: 4 ShuffleBytes-ChangeBinInt-ChangeByte-EraseBytes-
#3136	REDUCE cov: 1327 ft: 2478 corp: 165/11863Kb lim: 239306 exec/s: 1045 rss: 462Mb L: 20542/239306 MS: 2 PersAutoDict-EraseBytes- DE: "\001\000\000\000\000\000\000)"-
#3172	REDUCE cov: 1327 ft: 2478 corp: 165/11799Kb lim: 239306 exec/s: 1057 rss: 462Mb L: 71188/239306 MS: 1 EraseBytes-
#3193	REDUCE cov: 1327 ft: 2478 corp: 165/11764Kb lim: 239306 exec/s: 1064 rss: 462Mb L: 89768/239306 MS: 1 EraseBytes-
#3195	REDUCE cov: 1327 ft: 2478 corp: 165/11759Kb lim: 239306 exec/s: 1065 rss: 462Mb L: 100915/239306 MS: 2 ChangeBit-EraseBytes-
#3224	REDUCE cov: 1327 ft: 2478 corp: 165/11737Kb lim: 239306 exec/s: 1074 rss: 462Mb L: 31338/239306 MS: 4 InsertRepeatedBytes-PersAutoDict-ShuffleBytes-EraseBytes- DE: "\377\377"-
#3228	REDUCE cov: 1327 ft: 2478 corp: 165/11737Kb lim: 239306 exec/s: 1076 rss: 462Mb L: 958/239306 MS: 4 ShuffleBytes-ChangeBit-ChangeASCIIInt-EraseBytes-
#3245	REDUCE cov: 1327 ft: 2478 corp: 165/11714Kb lim: 239306 exec/s: 1081 rss: 462Mb L: 66970/239306 MS: 2 ChangeASCIIInt-EraseBytes-
#3280	REDUCE cov: 1327 ft: 2478 corp: 165/11714Kb lim: 239306 exec/s: 1093 rss: 462Mb L: 1123/239306 MS: 5 InsertRepeatedBytes-CopyPart-PersAutoDict-ChangeBit-EraseBytes- DE: "\312\000\000\000\000\000\000\000"-
#3288	REDUCE cov: 1327 ft: 2478 corp: 165/11714Kb lim: 239306 exec/s: 1096 rss: 462Mb L: 274/239306 MS: 3 ChangeBit-InsertByte-EraseBytes-
#3292	REDUCE cov: 1327 ft: 2478 corp: 165/11713Kb lim: 239306 exec/s: 1097 rss: 462Mb L: 75938/239306 MS: 4 PersAutoDict-CopyPart-InsertByte-EraseBytes- DE: "\001\000\000\000\000\000\000)"-
#3360	REDUCE cov: 1327 ft: 2478 corp: 165/11699Kb lim: 239306 exec/s: 1120 rss: 462Mb L: 80537/239306 MS: 3 CMP-ChangeByte-EraseBytes- DE: "\003\000\000\000\000\000\000\000"-
#3367	REDUCE cov: 1327 ft: 2478 corp: 165/11699Kb lim: 239306 exec/s: 1122 rss: 462Mb L: 47797/239306 MS: 2 CMP-EraseBytes- DE: "\001\000"-
#3383	REDUCE cov: 1327 ft: 2478 corp: 165/11699Kb lim: 239306 exec/s: 1127 rss: 462Mb L: 1828/239306 MS: 1 EraseBytes-
#3402	REDUCE cov: 1327 ft: 2478 corp: 165/11698Kb lim: 239306 exec/s: 1134 rss: 462Mb L: 4071/239306 MS: 4 ShuffleBytes-CrossOver-InsertByte-EraseBytes-
#3418	REDUCE cov: 1327 ft: 2478 corp: 165/11692Kb lim: 239306 exec/s: 1139 rss: 462Mb L: 24249/239306 MS: 1 EraseBytes-
#3421	REDUCE cov: 1327 ft: 2478 corp: 165/11690Kb lim: 239306 exec/s: 1140 rss: 462Mb L: 216695/239306 MS: 3 ChangeBit-InsertByte-CrossOver-
#3422	NEW    cov: 1329 ft: 2480 corp: 166/11835Kb lim: 239306 exec/s: 1140 rss: 462Mb L: 148558/239306 MS: 1 CMP- DE: "\001\000"-
#3477	REDUCE cov: 1329 ft: 2480 corp: 166/11726Kb lim: 239306 exec/s: 1159 rss: 462Mb L: 116388/239306 MS: 5 CMP-ShuffleBytes-ShuffleBytes-ChangeByte-EraseBytes- DE: "\001\000\000\000"-
#3480	REDUCE cov: 1329 ft: 2480 corp: 166/11684Kb lim: 239306 exec/s: 1160 rss: 462Mb L: 65869/239306 MS: 3 ChangeASCIIInt-ChangeByte-EraseBytes-
#3497	REDUCE cov: 1329 ft: 2480 corp: 166/11683Kb lim: 239306 exec/s: 1165 rss: 462Mb L: 1114/239306 MS: 2 InsertByte-EraseBytes-
#3523	REDUCE cov: 1329 ft: 2480 corp: 166/11668Kb lim: 239306 exec/s: 1174 rss: 462Mb L: 58427/239306 MS: 1 EraseBytes-
#3593	REDUCE cov: 1329 ft: 2480 corp: 166/11548Kb lim: 239306 exec/s: 1197 rss: 462Mb L: 13727/239306 MS: 5 ChangeByte-InsertByte-InsertRepeatedBytes-CopyPart-CrossOver-
#3615	REDUCE cov: 1329 ft: 2480 corp: 166/11547Kb lim: 239306 exec/s: 1205 rss: 462Mb L: 36714/239306 MS: 2 CopyPart-EraseBytes-
#3637	NEW    cov: 1329 ft: 2489 corp: 167/11628Kb lim: 239306 exec/s: 1212 rss: 462Mb L: 83389/239306 MS: 2 ChangeBit-InsertRepeatedBytes-
#3668	REDUCE cov: 1329 ft: 2489 corp: 167/11595Kb lim: 239306 exec/s: 1222 rss: 462Mb L: 82237/239306 MS: 1 EraseBytes-
#3669	REDUCE cov: 1329 ft: 2489 corp: 167/11586Kb lim: 239306 exec/s: 1223 rss: 462Mb L: 25773/239306 MS: 1 EraseBytes-
#3681	REDUCE cov: 1329 ft: 2489 corp: 167/11579Kb lim: 239306 exec/s: 1227 rss: 462Mb L: 9011/239306 MS: 2 ChangeASCIIInt-EraseBytes-
#3686	REDUCE cov: 1329 ft: 2489 corp: 167/11574Kb lim: 239306 exec/s: 1228 rss: 462Mb L: 19497/239306 MS: 5 ChangeBinInt-CopyPart-InsertByte-ChangeBinInt-EraseBytes-
#3709	REDUCE cov: 1329 ft: 2489 corp: 167/11564Kb lim: 239306 exec/s: 1236 rss: 462Mb L: 60082/239306 MS: 3 ChangeASCIIInt-ChangeASCIIInt-EraseBytes-
#3745	REDUCE cov: 1329 ft: 2489 corp: 167/11534Kb lim: 239306 exec/s: 1248 rss: 462Mb L: 101130/239306 MS: 1 EraseBytes-
#3746	REDUCE cov: 1329 ft: 2489 corp: 167/11526Kb lim: 239306 exec/s: 1248 rss: 462Mb L: 28223/239306 MS: 1 EraseBytes-
#3747	REDUCE cov: 1329 ft: 2489 corp: 167/11506Kb lim: 239306 exec/s: 1249 rss: 462Mb L: 45407/239306 MS: 1 EraseBytes-
#3789	REDUCE cov: 1329 ft: 2489 corp: 167/11480Kb lim: 239306 exec/s: 1263 rss: 462Mb L: 132267/239306 MS: 2 ChangeByte-EraseBytes-
#3825	REDUCE cov: 1329 ft: 2489 corp: 167/11479Kb lim: 239306 exec/s: 1275 rss: 462Mb L: 2569/239306 MS: 1 EraseBytes-
#3852	REDUCE cov: 1329 ft: 2489 corp: 167/11479Kb lim: 239306 exec/s: 963 rss: 462Mb L: 1613/239306 MS: 2 InsertByte-EraseBytes-
#3858	REDUCE cov: 1329 ft: 2489 corp: 167/11445Kb lim: 239306 exec/s: 964 rss: 462Mb L: 65308/239306 MS: 1 EraseBytes-
#3860	REDUCE cov: 1329 ft: 2489 corp: 167/11430Kb lim: 239306 exec/s: 965 rss: 462Mb L: 35050/239306 MS: 2 ShuffleBytes-EraseBytes-
#3921	REDUCE cov: 1329 ft: 2489 corp: 167/11384Kb lim: 239306 exec/s: 980 rss: 462Mb L: 169378/239306 MS: 1 EraseBytes-
#3938	REDUCE cov: 1329 ft: 2489 corp: 167/11383Kb lim: 239306 exec/s: 984 rss: 462Mb L: 6742/239306 MS: 2 PersAutoDict-EraseBytes- DE: "\001\000\000\000\000\000\000\026"-
#3979	NEW    cov: 1329 ft: 2493 corp: 168/11490Kb lim: 239306 exec/s: 994 rss: 462Mb L: 109178/239306 MS: 1 ShuffleBytes-
#4010	REDUCE cov: 1329 ft: 2493 corp: 168/11473Kb lim: 239306 exec/s: 1002 rss: 462Mb L: 33652/239306 MS: 1 EraseBytes-
#4012	REDUCE cov: 1329 ft: 2493 corp: 168/11468Kb lim: 239306 exec/s: 1003 rss: 462Mb L: 61402/239306 MS: 2 PersAutoDict-EraseBytes- DE: "\201\240j3\230{\000\000"-
#4074	REDUCE cov: 1329 ft: 2493 corp: 168/11448Kb lim: 239306 exec/s: 1018 rss: 462Mb L: 149273/239306 MS: 2 CMP-EraseBytes- DE: "\001\000\000\000"-
#4095	REDUCE cov: 1329 ft: 2493 corp: 168/11415Kb lim: 239306 exec/s: 1023 rss: 462Mb L: 55592/239306 MS: 1 EraseBytes-
#4096	pulse  cov: 1329 ft: 2493 corp: 168/11415Kb lim: 239306 exec/s: 1024 rss: 462Mb
#4098	NEW    cov: 1330 ft: 2494 corp: 169/11447Kb lim: 239306 exec/s: 1024 rss: 462Mb L: 32858/239306 MS: 3 InsertRepeatedBytes-ShuffleBytes-CrossOver-
#4134	REDUCE cov: 1330 ft: 2494 corp: 169/11446Kb lim: 239306 exec/s: 1033 rss: 462Mb L: 38681/239306 MS: 1 EraseBytes-
#4158	REDUCE cov: 1330 ft: 2494 corp: 169/11446Kb lim: 239306 exec/s: 1039 rss: 462Mb L: 1390/239306 MS: 4 InsertByte-ChangeBinInt-ChangeByte-EraseBytes-
#4173	REDUCE cov: 1330 ft: 2494 corp: 169/11437Kb lim: 239306 exec/s: 1043 rss: 462Mb L: 104694/239306 MS: 5 CopyPart-ChangeByte-InsertByte-ChangeBit-EraseBytes-
#4229	REDUCE cov: 1330 ft: 2494 corp: 169/11436Kb lim: 239306 exec/s: 1057 rss: 462Mb L: 915/239306 MS: 1 EraseBytes-
#4266	REDUCE cov: 1330 ft: 2494 corp: 169/11411Kb lim: 239306 exec/s: 1066 rss: 462Mb L: 54258/239306 MS: 2 ShuffleBytes-EraseBytes-
#4275	REDUCE cov: 1331 ft: 2495 corp: 170/11431Kb lim: 239306 exec/s: 1068 rss: 462Mb L: 20927/239306 MS: 4 CopyPart-ShuffleBytes-InsertByte-ChangeBinInt-
#4283	REDUCE cov: 1331 ft: 2495 corp: 170/11350Kb lim: 239306 exec/s: 1070 rss: 462Mb L: 26598/239306 MS: 3 ShuffleBytes-CopyPart-CrossOver-
#4290	REDUCE cov: 1331 ft: 2495 corp: 170/11326Kb lim: 239306 exec/s: 1072 rss: 462Mb L: 79853/239306 MS: 2 ChangeASCIIInt-EraseBytes-
#4315	REDUCE cov: 1331 ft: 2495 corp: 170/11321Kb lim: 239306 exec/s: 1078 rss: 462Mb L: 190658/239306 MS: 5 ChangeBit-ChangeASCIIInt-PersAutoDict-InsertRepeatedBytes-EraseBytes- DE: "\312\000\000\000\000\000\000\000"-
#4344	REDUCE cov: 1334 ft: 2498 corp: 171/11321Kb lim: 239306 exec/s: 1086 rss: 462Mb L: 274/239306 MS: 4 ChangeBit-ChangeASCIIInt-ShuffleBytes-PersAutoDict- DE: "\001\000\000\000\000\000\000\002"-
#4383	REDUCE cov: 1334 ft: 2498 corp: 171/11297Kb lim: 239306 exec/s: 1095 rss: 462Mb L: 104546/239306 MS: 4 ChangeBit-InsertRepeatedBytes-PersAutoDict-EraseBytes- DE: "\003\000\000\000\000\000\000\000"-
#4403	REDUCE cov: 1334 ft: 2498 corp: 171/11293Kb lim: 239306 exec/s: 1100 rss: 462Mb L: 53238/239306 MS: 5 InsertByte-ChangeBit-ChangeASCIIInt-InsertRepeatedBytes-EraseBytes-
#4413	REDUCE cov: 1334 ft: 2498 corp: 171/11283Kb lim: 239306 exec/s: 1103 rss: 462Mb L: 54977/239306 MS: 5 PersAutoDict-ChangeASCIIInt-ChangeASCIIInt-PersAutoDict-EraseBytes- DE: "\006UUUUUUU"-"\000\000\000\000\000\000\000\031"-
#4432	REDUCE cov: 1334 ft: 2498 corp: 171/11233Kb lim: 239306 exec/s: 1108 rss: 462Mb L: 81472/239306 MS: 4 CrossOver-ChangeBinInt-ChangeByte-CrossOver-
#4456	REDUCE cov: 1334 ft: 2498 corp: 171/11226Kb lim: 239306 exec/s: 1114 rss: 462Mb L: 66486/239306 MS: 4 ShuffleBytes-ChangeByte-ShuffleBytes-EraseBytes-
#4479	REDUCE cov: 1334 ft: 2498 corp: 171/11203Kb lim: 239306 exec/s: 1119 rss: 462Mb L: 31344/239306 MS: 3 PersAutoDict-ChangeASCIIInt-EraseBytes- DE: "\001\000\000\000"-
#4488	REDUCE cov: 1334 ft: 2498 corp: 171/11203Kb lim: 239306 exec/s: 1122 rss: 462Mb L: 797/239306 MS: 4 CMP-ChangeByte-InsertRepeatedBytes-EraseBytes- DE: "\001\000\000\000"-
#4503	REDUCE cov: 1334 ft: 2498 corp: 171/11172Kb lim: 239306 exec/s: 1125 rss: 462Mb L: 76361/239306 MS: 5 ChangeBinInt-ChangeByte-CrossOver-ChangeASCIIInt-EraseBytes-
#4506	REDUCE cov: 1334 ft: 2498 corp: 171/11155Kb lim: 239306 exec/s: 1126 rss: 462Mb L: 19389/239306 MS: 3 ChangeASCIIInt-ChangeByte-EraseBytes-
#4520	REDUCE cov: 1336 ft: 2500 corp: 172/11158Kb lim: 239306 exec/s: 1130 rss: 462Mb L: 2571/239306 MS: 4 ChangeBinInt-ChangeASCIIInt-ChangeBinInt-CMP- DE: "\001\000"-
#4549	REDUCE cov: 1336 ft: 2500 corp: 172/11140Kb lim: 239306 exec/s: 1137 rss: 462Mb L: 15126/239306 MS: 4 CopyPart-EraseBytes-EraseBytes-PersAutoDict- DE: "\001\000\000\000\000\000\000\000"-
#4557	REDUCE cov: 1336 ft: 2500 corp: 172/11132Kb lim: 239306 exec/s: 1139 rss: 462Mb L: 13259/239306 MS: 3 InsertByte-InsertByte-EraseBytes-
#4562	REDUCE cov: 1336 ft: 2500 corp: 172/11116Kb lim: 239306 exec/s: 1140 rss: 462Mb L: 38040/239306 MS: 5 InsertRepeatedBytes-InsertRepeatedBytes-ChangeBit-InsertByte-EraseBytes-
#4563	NEW    cov: 1337 ft: 2501 corp: 173/11119Kb lim: 239306 exec/s: 1140 rss: 462Mb L: 2797/239306 MS: 1 CopyPart-
#4586	REDUCE cov: 1337 ft: 2501 corp: 173/11070Kb lim: 239306 exec/s: 1146 rss: 462Mb L: 140697/239306 MS: 3 CopyPart-InsertRepeatedBytes-EraseBytes-
#4587	REDUCE cov: 1337 ft: 2501 corp: 173/11068Kb lim: 239306 exec/s: 1146 rss: 462Mb L: 17270/239306 MS: 1 EraseBytes-
#4631	REDUCE cov: 1337 ft: 2501 corp: 173/11066Kb lim: 239306 exec/s: 1157 rss: 462Mb L: 11744/239306 MS: 4 InsertByte-ShuffleBytes-InsertByte-EraseBytes-
#4632	REDUCE cov: 1337 ft: 2501 corp: 173/11066Kb lim: 239306 exec/s: 1158 rss: 462Mb L: 814/239306 MS: 1 EraseBytes-
#4649	REDUCE cov: 1337 ft: 2501 corp: 173/11053Kb lim: 239306 exec/s: 1162 rss: 462Mb L: 52003/239306 MS: 2 CopyPart-EraseBytes-
#4661	REDUCE cov: 1337 ft: 2501 corp: 173/11053Kb lim: 239306 exec/s: 1165 rss: 462Mb L: 1380/239306 MS: 2 InsertByte-EraseBytes-
#4713	NEW    cov: 1337 ft: 2506 corp: 174/11217Kb lim: 239306 exec/s: 1178 rss: 462Mb L: 167893/239306 MS: 2 CopyPart-InsertRepeatedBytes-
#4742	REDUCE cov: 1337 ft: 2506 corp: 174/11214Kb lim: 239306 exec/s: 1185 rss: 462Mb L: 9427/239306 MS: 4 ChangeBit-ChangeBinInt-CMP-EraseBytes- DE: "\267;dno\014#o"-
#4759	REDUCE cov: 1337 ft: 2506 corp: 174/11210Kb lim: 239306 exec/s: 1189 rss: 462Mb L: 54267/239306 MS: 2 CopyPart-EraseBytes-
#4773	NEW    cov: 1337 ft: 2507 corp: 175/11283Kb lim: 239306 exec/s: 1193 rss: 462Mb L: 74728/239306 MS: 4 ChangeBit-InsertRepeatedBytes-ChangeASCIIInt-ChangeBinInt-
#4793	REDUCE cov: 1337 ft: 2507 corp: 175/11280Kb lim: 239306 exec/s: 1198 rss: 462Mb L: 37781/239306 MS: 5 ShuffleBytes-InsertRepeatedBytes-ChangeBit-ChangeBit-EraseBytes-
#4796	REDUCE cov: 1337 ft: 2507 corp: 175/11274Kb lim: 239306 exec/s: 1199 rss: 462Mb L: 46718/239306 MS: 3 CrossOver-ShuffleBytes-EraseBytes-
#4848	REDUCE cov: 1337 ft: 2507 corp: 175/11238Kb lim: 239306 exec/s: 1212 rss: 462Mb L: 71298/239306 MS: 2 ChangeByte-EraseBytes-
#4877	REDUCE cov: 1337 ft: 2507 corp: 175/11207Kb lim: 239306 exec/s: 1219 rss: 462Mb L: 57481/239306 MS: 4 InsertRepeatedBytes-ChangeBinInt-InsertRepeatedBytes-EraseBytes-
#4888	REDUCE cov: 1337 ft: 2507 corp: 175/11206Kb lim: 239306 exec/s: 1222 rss: 462Mb L: 2430/239306 MS: 1 EraseBytes-
#4954	REDUCE cov: 1337 ft: 2507 corp: 175/11200Kb lim: 239306 exec/s: 1238 rss: 462Mb L: 21251/239306 MS: 1 EraseBytes-
#4958	REDUCE cov: 1337 ft: 2507 corp: 175/11185Kb lim: 239306 exec/s: 1239 rss: 462Mb L: 88547/239306 MS: 4 PersAutoDict-ChangeByte-ChangeASCIIInt-EraseBytes- DE: "\001\000\000\000\000\000\000\026"-
#4959	REDUCE cov: 1337 ft: 2507 corp: 175/11151Kb lim: 239306 exec/s: 1239 rss: 462Mb L: 55140/239306 MS: 1 EraseBytes-
#4975	REDUCE cov: 1337 ft: 2507 corp: 175/11101Kb lim: 239306 exec/s: 1243 rss: 462Mb L: 97669/239306 MS: 1 EraseBytes-
#5006	REDUCE cov: 1337 ft: 2507 corp: 175/11098Kb lim: 239306 exec/s: 1001 rss: 462Mb L: 7755/239306 MS: 1 EraseBytes-
#5009	REDUCE cov: 1337 ft: 2507 corp: 175/11054Kb lim: 239306 exec/s: 1001 rss: 462Mb L: 127263/239306 MS: 3 InsertRepeatedBytes-CrossOver-EraseBytes-
#5015	REDUCE cov: 1337 ft: 2507 corp: 175/11005Kb lim: 239306 exec/s: 1003 rss: 462Mb L: 98472/239306 MS: 1 EraseBytes-
#5091	REDUCE cov: 1337 ft: 2507 corp: 175/10995Kb lim: 239306 exec/s: 1018 rss: 462Mb L: 90140/239306 MS: 1 EraseBytes-
#5119	REDUCE cov: 1337 ft: 2507 corp: 175/10995Kb lim: 239306 exec/s: 1023 rss: 462Mb L: 1213/239306 MS: 3 InsertByte-ShuffleBytes-EraseBytes-
#5123	REDUCE cov: 1338 ft: 2508 corp: 176/11006Kb lim: 239306 exec/s: 1024 rss: 462Mb L: 11780/239306 MS: 4 ShuffleBytes-ChangeBit-ChangeASCIIInt-CMP- DE: "\001\000\000\000\377\377\377\377"-
#5196	REDUCE cov: 1338 ft: 2508 corp: 176/11004Kb lim: 239306 exec/s: 1039 rss: 462Mb L: 6871/239306 MS: 3 ChangeBit-ChangeByte-EraseBytes-
#5243	REDUCE cov: 1338 ft: 2508 corp: 176/11003Kb lim: 239306 exec/s: 1048 rss: 462Mb L: 24857/239306 MS: 2 CopyPart-EraseBytes-
#5284	REDUCE cov: 1338 ft: 2508 corp: 176/10994Kb lim: 239306 exec/s: 1056 rss: 462Mb L: 33959/239306 MS: 1 EraseBytes-
#5355	REDUCE cov: 1338 ft: 2508 corp: 176/10987Kb lim: 239306 exec/s: 1071 rss: 462Mb L: 10281/239306 MS: 1 EraseBytes-
#5387	REDUCE cov: 1338 ft: 2508 corp: 176/10937Kb lim: 239306 exec/s: 1077 rss: 462Mb L: 88594/239306 MS: 2 PersAutoDict-EraseBytes- DE: "\201\240j3\230{\000\000"-
#5437	NEW    cov: 1340 ft: 2510 corp: 177/10938Kb lim: 239306 exec/s: 1087 rss: 462Mb L: 1779/239306 MS: 5 ShuffleBytes-InsertRepeatedBytes-ChangeBinInt-ChangeByte-CMP- DE: "\000\000{\2303i)\200"-
#5496	REDUCE cov: 1340 ft: 2510 corp: 177/10931Kb lim: 239306 exec/s: 1099 rss: 462Mb L: 20583/239306 MS: 4 CopyPart-ShuffleBytes-ChangeBit-EraseBytes-
#5512	REDUCE cov: 1342 ft: 2512 corp: 178/10932Kb lim: 239306 exec/s: 1102 rss: 462Mb L: 918/239306 MS: 1 InsertRepeatedBytes-
#5544	REDUCE cov: 1342 ft: 2512 corp: 178/10927Kb lim: 239306 exec/s: 1108 rss: 462Mb L: 88525/239306 MS: 2 ShuffleBytes-EraseBytes-
#5571	REDUCE cov: 1342 ft: 2512 corp: 178/10925Kb lim: 239306 exec/s: 1114 rss: 462Mb L: 71598/239306 MS: 2 CrossOver-EraseBytes-
#5587	REDUCE cov: 1342 ft: 2512 corp: 178/10923Kb lim: 239306 exec/s: 1117 rss: 462Mb L: 6965/239306 MS: 1 EraseBytes-
#5588	REDUCE cov: 1342 ft: 2512 corp: 178/10906Kb lim: 239306 exec/s: 1117 rss: 462Mb L: 22087/239306 MS: 1 EraseBytes-
#5589	REDUCE cov: 1342 ft: 2512 corp: 178/10906Kb lim: 239306 exec/s: 1117 rss: 462Mb L: 666/239306 MS: 1 EraseBytes-
#5640	REDUCE cov: 1342 ft: 2512 corp: 178/10906Kb lim: 239306 exec/s: 1128 rss: 462Mb L: 211/239306 MS: 1 EraseBytes-
#5657	REDUCE cov: 1342 ft: 2512 corp: 178/10898Kb lim: 239306 exec/s: 1131 rss: 462Mb L: 217079/239306 MS: 2 ChangeBinInt-CrossOver-
#5748	REDUCE cov: 1342 ft: 2512 corp: 178/10898Kb lim: 239306 exec/s: 1149 rss: 462Mb L: 1036/239306 MS: 1 EraseBytes-
#5780	REDUCE cov: 1342 ft: 2512 corp: 178/10884Kb lim: 239306 exec/s: 1156 rss: 462Mb L: 69142/239306 MS: 2 InsertRepeatedBytes-EraseBytes-
#5783	REDUCE cov: 1342 ft: 2512 corp: 178/10857Kb lim: 239306 exec/s: 1156 rss: 462Mb L: 52150/239306 MS: 3 ShuffleBytes-ChangeBinInt-EraseBytes-
#5821	REDUCE cov: 1342 ft: 2512 corp: 178/10853Kb lim: 239306 exec/s: 1164 rss: 462Mb L: 64392/239306 MS: 3 PersAutoDict-InsertByte-EraseBytes- DE: "\001\000\000\000\000\000\000\000"-
#5843	REDUCE cov: 1342 ft: 2512 corp: 178/10824Kb lim: 239306 exec/s: 1168 rss: 462Mb L: 46346/239306 MS: 2 PersAutoDict-EraseBytes- DE: "\006UUUUUUU"-
#5953	REDUCE cov: 1342 ft: 2512 corp: 178/10818Kb lim: 239306 exec/s: 1190 rss: 462Mb L: 75063/239306 MS: 5 InsertByte-PersAutoDict-CopyPart-ChangeASCIIInt-EraseBytes- DE: "\000\000\000\000\000\000\000\031"-
#5954	REDUCE cov: 1342 ft: 2512 corp: 178/10816Kb lim: 239306 exec/s: 1190 rss: 462Mb L: 4717/239306 MS: 1 EraseBytes-
#6010	REDUCE cov: 1342 ft: 2512 corp: 178/10798Kb lim: 239306 exec/s: 1202 rss: 462Mb L: 58637/239306 MS: 1 EraseBytes-
#6014	REDUCE cov: 1342 ft: 2512 corp: 178/10798Kb lim: 239306 exec/s: 1202 rss: 462Mb L: 232/239306 MS: 4 CMP-PersAutoDict-EraseBytes-EraseBytes- DE: "\000\000"-"\003\000\000\000\000\000\000\000"-
#6036	REDUCE cov: 1342 ft: 2512 corp: 178/10798Kb lim: 239306 exec/s: 1207 rss: 462Mb L: 1447/239306 MS: 2 PersAutoDict-EraseBytes- DE: "\023\3726\007\025M\202\333"-
#6049	REDUCE cov: 1342 ft: 2512 corp: 178/10781Kb lim: 239306 exec/s: 1209 rss: 462Mb L: 29537/239306 MS: 3 InsertByte-ShuffleBytes-EraseBytes-
#6117	REDUCE cov: 1342 ft: 2512 corp: 178/10781Kb lim: 239306 exec/s: 1223 rss: 462Mb L: 2062/239306 MS: 3 InsertByte-InsertByte-EraseBytes-
#6126	REDUCE cov: 1342 ft: 2512 corp: 178/10781Kb lim: 239306 exec/s: 1225 rss: 462Mb L: 1534/239306 MS: 4 InsertRepeatedBytes-CrossOver-ChangeBinInt-EraseBytes-
#6140	REDUCE cov: 1343 ft: 2513 corp: 179/10781Kb lim: 239306 exec/s: 1228 rss: 462Mb L: 498/239306 MS: 4 EraseBytes-ChangeBit-ChangeASCIIInt-EraseBytes-
#6142	REDUCE cov: 1343 ft: 2513 corp: 179/10757Kb lim: 239306 exec/s: 1228 rss: 462Mb L: 64178/239306 MS: 2 ChangeByte-EraseBytes-
#6159	REDUCE cov: 1343 ft: 2513 corp: 179/10757Kb lim: 239306 exec/s: 1231 rss: 462Mb L: 1693/239306 MS: 2 ChangeBinInt-EraseBytes-
#6164	REDUCE cov: 1343 ft: 2513 corp: 179/10715Kb lim: 239306 exec/s: 1027 rss: 462Mb L: 153713/239306 MS: 5 PersAutoDict-InsertByte-ChangeASCIIInt-ChangeByte-EraseBytes- DE: "\001\000\000\000"-
#6202	REDUCE cov: 1343 ft: 2513 corp: 179/10701Kb lim: 239306 exec/s: 1033 rss: 462Mb L: 32602/239306 MS: 3 InsertByte-CopyPart-EraseBytes-
#6248	REDUCE cov: 1343 ft: 2513 corp: 179/10701Kb lim: 239306 exec/s: 1041 rss: 462Mb L: 710/239306 MS: 1 EraseBytes-
#6286	REDUCE cov: 1345 ft: 2515 corp: 180/10703Kb lim: 239306 exec/s: 1047 rss: 462Mb L: 2162/239306 MS: 3 CMP-InsertByte-InsertRepeatedBytes- DE: "\000\000\000\000"-
#6297	REDUCE cov: 1345 ft: 2515 corp: 180/10637Kb lim: 239306 exec/s: 1049 rss: 462Mb L: 86037/239306 MS: 1 EraseBytes-
#6303	REDUCE cov: 1345 ft: 2515 corp: 180/10637Kb lim: 239306 exec/s: 1050 rss: 462Mb L: 2058/239306 MS: 1 EraseBytes-
#6342	REDUCE cov: 1345 ft: 2515 corp: 180/10601Kb lim: 239306 exec/s: 1057 rss: 462Mb L: 123129/239306 MS: 4 ShuffleBytes-ChangeByte-CrossOver-EraseBytes-
#6416	REDUCE cov: 1345 ft: 2515 corp: 180/10587Kb lim: 239306 exec/s: 1069 rss: 462Mb L: 206608/239306 MS: 4 CMP-CopyPart-ChangeBinInt-EraseBytes- DE: "\377\377\377\377"-
#6583	NEW    cov: 1348 ft: 2518 corp: 181/10612Kb lim: 239306 exec/s: 1097 rss: 462Mb L: 25095/239306 MS: 2 ShuffleBytes-EraseBytes-
#6630	REDUCE cov: 1348 ft: 2518 corp: 181/10611Kb lim: 239306 exec/s: 1105 rss: 462Mb L: 3773/239306 MS: 2 ChangeASCIIInt-EraseBytes-
#6732	REDUCE cov: 1348 ft: 2518 corp: 181/10609Kb lim: 239306 exec/s: 1122 rss: 462Mb L: 45218/239306 MS: 2 CMP-EraseBytes- DE: "\377\377\377\377"-
	NEW_FUNC[1/1]: 0x55a5bb36cab0  (/home/runner/work/hc-stark/hc-stark/raw-reports/cargo-target/x86_64-unknown-linux-gnu/release/plonky3_proof_bytes_v1+0x28aab0) (BuildId: 93b0a3be9bf8948c6041fb18af8421d78e04255e)
#6758	REDUCE cov: 1355 ft: 2525 corp: 182/10652Kb lim: 239306 exec/s: 1126 rss: 462Mb L: 44129/239306 MS: 1 CMP- DE: "\000\000\000\000\000\000\000\000"-
#6823	REDUCE cov: 1355 ft: 2525 corp: 182/10642Kb lim: 239306 exec/s: 1137 rss: 462Mb L: 50677/239306 MS: 5 CopyPart-ChangeASCIIInt-EraseBytes-InsertByte-EraseBytes-
#6829	REDUCE cov: 1355 ft: 2526 corp: 183/10728Kb lim: 239306 exec/s: 1138 rss: 462Mb L: 88525/239306 MS: 1 CopyPart-
#6836	REDUCE cov: 1355 ft: 2526 corp: 183/10725Kb lim: 239306 exec/s: 1139 rss: 462Mb L: 17023/239306 MS: 2 PersAutoDict-EraseBytes- DE: "\301\\\002\211\354-\012\221g\354\216e\241\215\353\276^U2\373\356\242\223\370\013\311B\356\220\206\301q"-
#6854	REDUCE cov: 1355 ft: 2526 corp: 183/10705Kb lim: 239306 exec/s: 1142 rss: 462Mb L: 27751/239306 MS: 3 CrossOver-CrossOver-EraseBytes-
#6882	REDUCE cov: 1355 ft: 2526 corp: 183/10698Kb lim: 239306 exec/s: 1147 rss: 462Mb L: 31683/239306 MS: 3 PersAutoDict-InsertByte-EraseBytes- DE: "\000\000\000\000\000\000\000\000"-
#6919	REDUCE cov: 1355 ft: 2526 corp: 183/10697Kb lim: 239306 exec/s: 1153 rss: 462Mb L: 5938/239306 MS: 2 ChangeASCIIInt-EraseBytes-
#6981	REDUCE cov: 1355 ft: 2526 corp: 183/10695Kb lim: 239306 exec/s: 1163 rss: 462Mb L: 14790/239306 MS: 2 InsertRepeatedBytes-EraseBytes-
#6992	REDUCE cov: 1355 ft: 2526 corp: 183/10687Kb lim: 239306 exec/s: 1165 rss: 462Mb L: 13108/239306 MS: 1 EraseBytes-
#7018	REDUCE cov: 1355 ft: 2526 corp: 183/10682Kb lim: 239306 exec/s: 1169 rss: 462Mb L: 83786/239306 MS: 1 EraseBytes-
#7039	REDUCE cov: 1355 ft: 2526 corp: 183/10681Kb lim: 239306 exec/s: 1173 rss: 462Mb L: 747/239306 MS: 1 EraseBytes-
#7052	REDUCE cov: 1355 ft: 2526 corp: 183/10681Kb lim: 239306 exec/s: 1175 rss: 462Mb L: 2465/239306 MS: 3 InsertRepeatedBytes-ChangeBinInt-EraseBytes-
#7057	REDUCE cov: 1355 ft: 2527 corp: 184/10805Kb lim: 239306 exec/s: 1176 rss: 462Mb L: 126565/239306 MS: 5 ChangeBit-ChangeBit-ShuffleBytes-ChangeByte-CrossOver-
#7078	REDUCE cov: 1355 ft: 2527 corp: 184/10805Kb lim: 239306 exec/s: 1179 rss: 462Mb L: 700/239306 MS: 1 EraseBytes-
#7094	REDUCE cov: 1357 ft: 2529 corp: 185/10806Kb lim: 239306 exec/s: 1182 rss: 462Mb L: 1658/239306 MS: 1 InsertRepeatedBytes-
#7175	REDUCE cov: 1357 ft: 2529 corp: 185/10771Kb lim: 239306 exec/s: 1195 rss: 462Mb L: 53997/239306 MS: 1 EraseBytes-
#7243	REDUCE cov: 1357 ft: 2529 corp: 185/10757Kb lim: 239306 exec/s: 1207 rss: 462Mb L: 37715/239306 MS: 3 PersAutoDict-ChangeBinInt-EraseBytes- DE: "\267;dno\014#o"-
#7292	REDUCE cov: 1357 ft: 2529 corp: 185/10757Kb lim: 239306 exec/s: 1215 rss: 462Mb L: 437/239306 MS: 4 InsertByte-ChangeBinInt-ChangeASCIIInt-EraseBytes-
#7311	REDUCE cov: 1357 ft: 2529 corp: 185/10757Kb lim: 239306 exec/s: 1218 rss: 462Mb L: 1208/239306 MS: 4 CopyPart-PersAutoDict-EraseBytes-EraseBytes- DE: "\002\000\000\000\000\000\000\000"-
#7364	REDUCE cov: 1362 ft: 2534 corp: 186/10819Kb lim: 239306 exec/s: 1227 rss: 462Mb L: 62980/239306 MS: 3 ChangeBinInt-CrossOver-CMP- DE: "\001\000"-
#7412	REDUCE cov: 1362 ft: 2534 corp: 186/10811Kb lim: 239306 exec/s: 1235 rss: 462Mb L: 63504/239306 MS: 3 InsertByte-CopyPart-EraseBytes-
#7424	REDUCE cov: 1362 ft: 2534 corp: 186/10811Kb lim: 239306 exec/s: 1237 rss: 462Mb L: 16954/239306 MS: 2 ChangeASCIIInt-EraseBytes-
#7446	REDUCE cov: 1362 ft: 2534 corp: 186/10806Kb lim: 239306 exec/s: 1241 rss: 462Mb L: 45068/239306 MS: 2 InsertByte-EraseBytes-
#7478	NEW    cov: 1362 ft: 2537 corp: 187/10808Kb lim: 239306 exec/s: 1068 rss: 462Mb L: 1503/239306 MS: 2 ChangeBinInt-InsertRepeatedBytes-
#7587	REDUCE cov: 1362 ft: 2537 corp: 187/10789Kb lim: 239306 exec/s: 1083 rss: 462Mb L: 39767/239306 MS: 4 PersAutoDict-ChangeBit-InsertByte-EraseBytes- DE: "\003\000\000\000\000\000\000\000"-
#7656	REDUCE cov: 1362 ft: 2537 corp: 187/10780Kb lim: 239306 exec/s: 1093 rss: 462Mb L: 53425/239306 MS: 4 ChangeASCIIInt-ChangeByte-InsertByte-EraseBytes-
#7667	REDUCE cov: 1362 ft: 2537 corp: 187/10778Kb lim: 239306 exec/s: 1095 rss: 462Mb L: 4517/239306 MS: 1 EraseBytes-
#7691	REDUCE cov: 1362 ft: 2537 corp: 187/10769Kb lim: 239306 exec/s: 1098 rss: 462Mb L: 20095/239306 MS: 4 ShuffleBytes-CMP-ChangeBinInt-EraseBytes- DE: "\000\000\000\000\000\000\000\000"-
#7715	REDUCE cov: 1362 ft: 2537 corp: 187/10735Kb lim: 239306 exec/s: 1102 rss: 462Mb L: 63957/239306 MS: 4 ChangeBinInt-ChangeBit-ChangeByte-EraseBytes-
#7744	REDUCE cov: 1362 ft: 2537 corp: 187/10735Kb lim: 239306 exec/s: 1106 rss: 462Mb L: 790/239306 MS: 4 ChangeBit-InsertRepeatedBytes-InsertByte-EraseBytes-
#7752	REDUCE cov: 1362 ft: 2537 corp: 187/10732Kb lim: 239306 exec/s: 1107 rss: 462Mb L: 47381/239306 MS: 3 PersAutoDict-PersAutoDict-EraseBytes- DE: "\023\3726\007\025M\202\333"-"\001\000"-
#7798	REDUCE cov: 1362 ft: 2537 corp: 187/10732Kb lim: 239306 exec/s: 1114 rss: 462Mb L: 358/239306 MS: 1 EraseBytes-
#7830	REDUCE cov: 1362 ft: 2537 corp: 187/10710Kb lim: 239306 exec/s: 1118 rss: 462Mb L: 64074/239306 MS: 2 CopyPart-EraseBytes-
#7863	NEW    cov: 1364 ft: 2539 corp: 188/10774Kb lim: 239306 exec/s: 1123 rss: 462Mb L: 65643/239306 MS: 3 ChangeBinInt-ShuffleBytes-PersAutoDict- DE: "\001\000\000\000\377\377\377\377"-
#7906	REDUCE cov: 1364 ft: 2539 corp: 188/10774Kb lim: 239306 exec/s: 1129 rss: 462Mb L: 874/239306 MS: 3 ChangeBinInt-ShuffleBytes-EraseBytes-
#7982	REDUCE cov: 1364 ft: 2539 corp: 188/10773Kb lim: 239306 exec/s: 1140 rss: 462Mb L: 1862/239306 MS: 1 EraseBytes-
#8031	REDUCE cov: 1364 ft: 2539 corp: 188/10767Kb lim: 239306 exec/s: 1147 rss: 462Mb L: 13205/239306 MS: 4 ChangeBit-InsertRepeatedBytes-ChangeASCIIInt-EraseBytes-
#8048	REDUCE cov: 1364 ft: 2539 corp: 188/10746Kb lim: 239306 exec/s: 1149 rss: 462Mb L: 24417/239306 MS: 2 CrossOver-EraseBytes-
#8085	REDUCE cov: 1364 ft: 2539 corp: 188/10721Kb lim: 239306 exec/s: 1155 rss: 462Mb L: 64223/239306 MS: 2 ChangeBinInt-EraseBytes-
#8086	REDUCE cov: 1364 ft: 2539 corp: 188/10721Kb lim: 239306 exec/s: 1155 rss: 462Mb L: 475/239306 MS: 1 EraseBytes-
#8117	REDUCE cov: 1364 ft: 2539 corp: 188/10705Kb lim: 239306 exec/s: 1159 rss: 462Mb L: 21956/239306 MS: 1 EraseBytes-
#8135	REDUCE cov: 1364 ft: 2539 corp: 188/10703Kb lim: 239306 exec/s: 1162 rss: 462Mb L: 5118/239306 MS: 3 ChangeASCIIInt-InsertRepeatedBytes-EraseBytes-
#8144	REDUCE cov: 1364 ft: 2539 corp: 188/10691Kb lim: 239306 exec/s: 1163 rss: 462Mb L: 35255/239306 MS: 4 CMP-ChangeBinInt-InsertByte-EraseBytes- DE: "\001\000"-
#8192	pulse  cov: 1364 ft: 2539 corp: 188/10691Kb lim: 239306 exec/s: 1170 rss: 462Mb
#8216	REDUCE cov: 1364 ft: 2539 corp: 188/10691Kb lim: 239306 exec/s: 1173 rss: 462Mb L: 202/239306 MS: 2 ChangeByte-EraseBytes-
#8243	REDUCE cov: 1364 ft: 2539 corp: 188/10688Kb lim: 239306 exec/s: 1177 rss: 462Mb L: 80344/239306 MS: 2 ShuffleBytes-EraseBytes-
#8330	REDUCE cov: 1364 ft: 2539 corp: 188/10647Kb lim: 239306 exec/s: 1190 rss: 462Mb L: 55925/239306 MS: 2 PersAutoDict-EraseBytes- DE: "\000\000\000\000\000\000\000\031"-
#8346	NEW    cov: 1365 ft: 2540 corp: 189/10649Kb lim: 239306 exec/s: 1192 rss: 462Mb L: 2011/239306 MS: 1 PersAutoDict- DE: "\001\000\000\000\377\377\377\377"-
#8433	REDUCE cov: 1365 ft: 2540 corp: 189/10596Kb lim: 239306 exec/s: 1204 rss: 462Mb L: 68938/239306 MS: 2 ChangeBinInt-EraseBytes-
#8436	REDUCE cov: 1365 ft: 2540 corp: 189/10586Kb lim: 239306 exec/s: 1205 rss: 462Mb L: 42974/239306 MS: 3 CrossOver-InsertRepeatedBytes-EraseBytes-
#8462	REDUCE cov: 1365 ft: 2540 corp: 189/10581Kb lim: 239306 exec/s: 1208 rss: 462Mb L: 5722/239306 MS: 1 EraseBytes-
#8475	REDUCE cov: 1366 ft: 2541 corp: 190/10583Kb lim: 239306 exec/s: 1210 rss: 462Mb L: 1693/239306 MS: 3 ChangeASCIIInt-ShuffleBytes-CopyPart-
#8491	REDUCE cov: 1366 ft: 2541 corp: 190/10575Kb lim: 239306 exec/s: 1213 rss: 462Mb L: 28671/239306 MS: 1 EraseBytes-
#8550	REDUCE cov: 1366 ft: 2541 corp: 190/10570Kb lim: 239306 exec/s: 1221 rss: 462Mb L: 19431/239306 MS: 4 ChangeBit-CMP-ChangeASCIIInt-EraseBytes- DE: "\002\377\377\377\377\377\377\377"-
#8687	REDUCE cov: 1366 ft: 2541 corp: 190/10558Kb lim: 239306 exec/s: 1241 rss: 462Mb L: 17483/239306 MS: 2 ChangeASCIIInt-EraseBytes-
#8764	REDUCE cov: 1366 ft: 2541 corp: 190/10558Kb lim: 239306 exec/s: 1252 rss: 462Mb L: 24278/239306 MS: 2 ChangeASCIIInt-EraseBytes-
#8795	REDUCE cov: 1366 ft: 2541 corp: 190/10541Kb lim: 239306 exec/s: 1256 rss: 462Mb L: 33415/239306 MS: 1 EraseBytes-
#8796	REDUCE cov: 1368 ft: 2543 corp: 191/10574Kb lim: 239306 exec/s: 1256 rss: 462Mb L: 33961/239306 MS: 1 CMP- DE: "\001\000"-
#8944	REDUCE cov: 1368 ft: 2543 corp: 191/10563Kb lim: 239306 exec/s: 1118 rss: 462Mb L: 12526/239306 MS: 3 PersAutoDict-PersAutoDict-EraseBytes- DE: "\267;dno\014#o"-"\376\377\377\377\377\377\377\017"-
#8970	REDUCE cov: 1368 ft: 2543 corp: 191/10558Kb lim: 239306 exec/s: 1121 rss: 462Mb L: 9735/239306 MS: 1 EraseBytes-
#8993	REDUCE cov: 1368 ft: 2543 corp: 191/10556Kb lim: 239306 exec/s: 1124 rss: 462Mb L: 36195/239306 MS: 3 ChangeASCIIInt-InsertRepeatedBytes-EraseBytes-
#8994	REDUCE cov: 1368 ft: 2543 corp: 191/10556Kb lim: 239306 exec/s: 1124 rss: 462Mb L: 1285/239306 MS: 1 EraseBytes-
#9005	REDUCE cov: 1368 ft: 2543 corp: 191/10555Kb lim: 239306 exec/s: 1125 rss: 462Mb L: 12057/239306 MS: 1 EraseBytes-
#9007	NEW    cov: 1373 ft: 2548 corp: 192/10598Kb lim: 239306 exec/s: 1125 rss: 462Mb L: 44131/239306 MS: 2 PersAutoDict-CMP- DE: "\000\000\000\000\000\000\000\031"-"\001\000"-
#9045	REDUCE cov: 1373 ft: 2548 corp: 192/10577Kb lim: 239306 exec/s: 1130 rss: 465Mb L: 13525/239306 MS: 3 CopyPart-PersAutoDict-CrossOver- DE: "\201\240j3\230{\000\000"-
#9046	REDUCE cov: 1373 ft: 2548 corp: 192/10573Kb lim: 239306 exec/s: 1130 rss: 465Mb L: 15364/239306 MS: 1 EraseBytes-
#9055	REDUCE cov: 1373 ft: 2548 corp: 192/10542Kb lim: 239306 exec/s: 1131 rss: 465Mb L: 24387/239306 MS: 4 ShuffleBytes-ShuffleBytes-InsertByte-CrossOver-
#9106	REDUCE cov: 1373 ft: 2548 corp: 192/10539Kb lim: 239306 exec/s: 1138 rss: 465Mb L: 18320/239306 MS: 1 EraseBytes-
#9279	NEW    cov: 1374 ft: 2549 corp: 193/10582Kb lim: 239306 exec/s: 1159 rss: 465Mb L: 44132/239306 MS: 3 ChangeBit-InsertByte-PersAutoDict- DE: "\000\000"-
#9293	REDUCE cov: 1375 ft: 2568 corp: 194/10589Kb lim: 239306 exec/s: 1161 rss: 465Mb L: 6974/239306 MS: 4 ChangeBinInt-ChangeASCIIInt-InsertByte-PersAutoDict- DE: "\001\000\000\000\000\000\000\026"-
#9299	REDUCE cov: 1375 ft: 2568 corp: 194/10575Kb lim: 239306 exec/s: 1162 rss: 465Mb L: 30010/239306 MS: 1 EraseBytes-
#9402	REDUCE cov: 1375 ft: 2568 corp: 194/10569Kb lim: 239306 exec/s: 1175 rss: 465Mb L: 13259/239306 MS: 3 ChangeByte-ShuffleBytes-EraseBytes-
#9474	REDUCE cov: 1375 ft: 2568 corp: 194/10567Kb lim: 239306 exec/s: 1184 rss: 466Mb L: 13585/239306 MS: 2 ChangeBinInt-EraseBytes-
#9542	REDUCE cov: 1375 ft: 2568 corp: 194/10567Kb lim: 239306 exec/s: 1192 rss: 466Mb L: 328/239306 MS: 3 InsertRepeatedBytes-ChangeBit-EraseBytes-
#9595	REDUCE cov: 1375 ft: 2568 corp: 194/10549Kb lim: 239306 exec/s: 1199 rss: 466Mb L: 33281/239306 MS: 3 ChangeBinInt-ChangeBit-EraseBytes-
#9651	REDUCE cov: 1375 ft: 2568 corp: 194/10543Kb lim: 239306 exec/s: 1206 rss: 466Mb L: 19783/239306 MS: 1 EraseBytes-
#9665	REDUCE cov: 1375 ft: 2568 corp: 194/10541Kb lim: 239306 exec/s: 1208 rss: 466Mb L: 62898/239306 MS: 4 ChangeBinInt-ShuffleBytes-CMP-EraseBytes- DE: "\3170\206yb&\000\000"-
#9701	REDUCE cov: 1375 ft: 2568 corp: 194/10524Kb lim: 239306 exec/s: 1212 rss: 466Mb L: 17877/239306 MS: 1 EraseBytes-
#9706	REDUCE cov: 1375 ft: 2568 corp: 194/10517Kb lim: 239306 exec/s: 1213 rss: 466Mb L: 37161/239306 MS: 5 ChangeByte-ChangeBit-ChangeBit-ChangeBit-EraseBytes-
#9718	REDUCE cov: 1375 ft: 2568 corp: 194/10517Kb lim: 239306 exec/s: 1214 rss: 466Mb L: 675/239306 MS: 2 ChangeBinInt-EraseBytes-
#9820	REDUCE cov: 1375 ft: 2568 corp: 194/10503Kb lim: 239306 exec/s: 1227 rss: 466Mb L: 25287/239306 MS: 2 ChangeByte-EraseBytes-
#9825	REDUCE cov: 1375 ft: 2568 corp: 194/10500Kb lim: 239306 exec/s: 1228 rss: 466Mb L: 34301/239306 MS: 5 ChangeBit-CopyPart-ChangeASCIIInt-InsertByte-EraseBytes-
#9866	REDUCE cov: 1375 ft: 2568 corp: 194/10495Kb lim: 239306 exec/s: 1233 rss: 466Mb L: 29504/239306 MS: 1 EraseBytes-
#9899	REDUCE cov: 1375 ft: 2568 corp: 194/10495Kb lim: 239306 exec/s: 1237 rss: 466Mb L: 4465/239306 MS: 3 ChangeASCIIInt-ChangeByte-EraseBytes-
#9915	REDUCE cov: 1375 ft: 2568 corp: 194/10491Kb lim: 239306 exec/s: 1239 rss: 466Mb L: 9306/239306 MS: 1 EraseBytes-
#9916	REDUCE cov: 1375 ft: 2568 corp: 194/10488Kb lim: 239306 exec/s: 1239 rss: 466Mb L: 12654/239306 MS: 1 EraseBytes-
#9942	REDUCE cov: 1375 ft: 2568 corp: 194/10486Kb lim: 239306 exec/s: 1242 rss: 466Mb L: 17039/239306 MS: 1 EraseBytes-
#9952	REDUCE cov: 1375 ft: 2568 corp: 194/10485Kb lim: 239306 exec/s: 1244 rss: 466Mb L: 2220/239306 MS: 5 CopyPart-InsertByte-ChangeBit-ChangeBit-EraseBytes-
#9953	REDUCE cov: 1375 ft: 2568 corp: 194/10484Kb lim: 239306 exec/s: 1244 rss: 466Mb L: 10574/239306 MS: 1 EraseBytes-
	NEW_FUNC[1/1]: 0x55a5bb33d920  (/home/runner/work/hc-stark/hc-stark/raw-reports/cargo-target/x86_64-unknown-linux-gnu/release/plonky3_proof_bytes_v1+0x25b920) (BuildId: 93b0a3be9bf8948c6041fb18af8421d78e04255e)
#9984	NEW    cov: 1380 ft: 2573 corp: 195/10485Kb lim: 239306 exec/s: 1248 rss: 466Mb L: 918/239306 MS: 1 ChangeBinInt-
#9985	REDUCE cov: 1380 ft: 2573 corp: 195/10475Kb lim: 239306 exec/s: 1248 rss: 466Mb L: 193150/239306 MS: 1 CrossOver-
#10027	REDUCE cov: 1380 ft: 2573 corp: 195/10452Kb lim: 239306 exec/s: 1253 rss: 466Mb L: 45679/239306 MS: 2 CMP-EraseBytes- DE: "\007\000\000\000\000\000\000\000"-
#10028	NEW    cov: 1381 ft: 2585 corp: 196/10453Kb lim: 239306 exec/s: 1253 rss: 466Mb L: 926/239306 MS: 1 CMP- DE: "\001\000\000\000\377\377\377\377"-
#10048	REDUCE cov: 1381 ft: 2585 corp: 196/10453Kb lim: 239306 exec/s: 1256 rss: 466Mb L: 567/239306 MS: 5 ChangeBit-ChangeByte-PersAutoDict-ChangeBinInt-EraseBytes- DE: "\000\000{\2303i)\200"-
#10125	REDUCE cov: 1381 ft: 2585 corp: 196/10441Kb lim: 239306 exec/s: 1265 rss: 466Mb L: 113830/239306 MS: 2 ChangeASCIIInt-EraseBytes-
#10141	REDUCE cov: 1381 ft: 2585 corp: 196/10422Kb lim: 239306 exec/s: 1267 rss: 466Mb L: 46204/239306 MS: 1 EraseBytes-
#10146	REDUCE cov: 1381 ft: 2585 corp: 196/10420Kb lim: 239306 exec/s: 1268 rss: 466Mb L: 9988/239306 MS: 5 CopyPart-InsertByte-ChangeByte-ChangeByte-EraseBytes-
#10182	REDUCE cov: 1381 ft: 2585 corp: 196/10418Kb lim: 239306 exec/s: 1272 rss: 466Mb L: 62190/239306 MS: 1 EraseBytes-
#10302	REDUCE cov: 1381 ft: 2585 corp: 196/10408Kb lim: 239306 exec/s: 1144 rss: 466Mb L: 11924/239306 MS: 5 ChangeASCIIInt-InsertByte-ShuffleBytes-InsertByte-EraseBytes-
#10363	REDUCE cov: 1381 ft: 2585 corp: 196/10403Kb lim: 239306 exec/s: 1151 rss: 466Mb L: 12799/239306 MS: 1 EraseBytes-
#10376	REDUCE cov: 1381 ft: 2585 corp: 196/10403Kb lim: 239306 exec/s: 1152 rss: 466Mb L: 1603/239306 MS: 3 ChangeBit-CopyPart-EraseBytes-
#10380	REDUCE cov: 1381 ft: 2585 corp: 196/10400Kb lim: 239306 exec/s: 1153 rss: 466Mb L: 9676/239306 MS: 4 InsertByte-ChangeBit-ChangeBit-EraseBytes-
#10451	REDUCE cov: 1381 ft: 2585 corp: 196/10379Kb lim: 239306 exec/s: 1161 rss: 466Mb L: 24888/239306 MS: 1 EraseBytes-
#10583	REDUCE cov: 1381 ft: 2585 corp: 196/10374Kb lim: 239306 exec/s: 1175 rss: 466Mb L: 6218/239306 MS: 2 ShuffleBytes-EraseBytes-
#10603	REDUCE cov: 1381 ft: 2585 corp: 196/10370Kb lim: 239306 exec/s: 1178 rss: 466Mb L: 7902/239306 MS: 5 PersAutoDict-PersAutoDict-InsertByte-ChangeBit-EraseBytes- DE: "\001\000\000\000\000\000\000\000"-"\001\000\000\000"-
#10616	REDUCE cov: 1381 ft: 2585 corp: 196/10355Kb lim: 239306 exec/s: 1179 rss: 466Mb L: 19099/239306 MS: 3 ChangeByte-ChangeBinInt-EraseBytes-
#10622	REDUCE cov: 1381 ft: 2585 corp: 196/10355Kb lim: 239306 exec/s: 1180 rss: 466Mb L: 775/239306 MS: 1 EraseBytes-
#10624	REDUCE cov: 1381 ft: 2585 corp: 196/10349Kb lim: 239306 exec/s: 1180 rss: 466Mb L: 34984/239306 MS: 2 ChangeByte-EraseBytes-
#10625	REDUCE cov: 1381 ft: 2585 corp: 196/10339Kb lim: 239306 exec/s: 1180 rss: 466Mb L: 19506/239306 MS: 1 EraseBytes-
#10649	REDUCE cov: 1381 ft: 2585 corp: 196/10334Kb lim: 239306 exec/s: 1183 rss: 466Mb L: 48763/239306 MS: 4 PersAutoDict-InsertRepeatedBytes-ChangeBit-EraseBytes- DE: "\002\000\000\000\000\000\000\000"-
#10652	REDUCE cov: 1381 ft: 2585 corp: 196/10315Kb lim: 239306 exec/s: 1183 rss: 466Mb L: 95209/239306 MS: 3 ShuffleBytes-ChangeBinInt-EraseBytes-
#10658	REDUCE cov: 1381 ft: 2585 corp: 196/10314Kb lim: 239306 exec/s: 1184 rss: 466Mb L: 4433/239306 MS: 1 EraseBytes-
#10663	REDUCE cov: 1381 ft: 2585 corp: 196/10293Kb lim: 239306 exec/s: 1184 rss: 466Mb L: 42439/239306 MS: 5 InsertByte-InsertRepeatedBytes-ChangeBinInt-ShuffleBytes-EraseBytes-
#10704	REDUCE cov: 1381 ft: 2585 corp: 196/10292Kb lim: 239306 exec/s: 1189 rss: 466Mb L: 1447/239306 MS: 1 EraseBytes-
#10735	REDUCE cov: 1381 ft: 2585 corp: 196/10290Kb lim: 239306 exec/s: 1192 rss: 466Mb L: 8288/239306 MS: 1 EraseBytes-
#10746	REDUCE cov: 1381 ft: 2585 corp: 196/10290Kb lim: 239306 exec/s: 1194 rss: 466Mb L: 1124/239306 MS: 1 EraseBytes-
#10752	REDUCE cov: 1381 ft: 2585 corp: 196/10276Kb lim: 239306 exec/s: 1194 rss: 466Mb L: 19335/239306 MS: 1 EraseBytes-
#10755	REDUCE cov: 1381 ft: 2585 corp: 196/10274Kb lim: 239306 exec/s: 1195 rss: 466Mb L: 22807/239306 MS: 3 ShuffleBytes-InsertByte-EraseBytes-
#10763	REDUCE cov: 1381 ft: 2585 corp: 196/10271Kb lim: 239306 exec/s: 1195 rss: 466Mb L: 29005/239306 MS: 3 ChangeBinInt-ChangeBit-EraseBytes-
#10827	REDUCE cov: 1381 ft: 2585 corp: 196/10249Kb lim: 239306 exec/s: 1203 rss: 466Mb L: 31759/239306 MS: 4 CrossOver-ChangeByte-InsertRepeatedBytes-EraseBytes-
#10906	REDUCE cov: 1381 ft: 2585 corp: 196/10248Kb lim: 239306 exec/s: 1211 rss: 466Mb L: 3402/239306 MS: 4 CopyPart-CopyPart-ChangeBit-EraseBytes-
#10980	REDUCE cov: 1381 ft: 2585 corp: 196/10248Kb lim: 239306 exec/s: 1220 rss: 467Mb L: 805/239306 MS: 4 CrossOver-EraseBytes-ChangeByte-EraseBytes-
#11029	REDUCE cov: 1381 ft: 2585 corp: 196/10243Kb lim: 239306 exec/s: 1225 rss: 467Mb L: 24831/239306 MS: 4 ChangeBit-ShuffleBytes-CMP-EraseBytes- DE: "\377\377\377\377\377\377\377\377"-
#11116	REDUCE cov: 1381 ft: 2585 corp: 196/10240Kb lim: 239306 exec/s: 1235 rss: 467Mb L: 188823/239306 MS: 2 ChangeByte-EraseBytes-
#11148	REDUCE cov: 1381 ft: 2585 corp: 196/10220Kb lim: 239306 exec/s: 1238 rss: 467Mb L: 68280/239306 MS: 2 ChangeBit-EraseBytes-
#11171	REDUCE cov: 1381 ft: 2585 corp: 196/10215Kb lim: 239306 exec/s: 1241 rss: 467Mb L: 51452/239306 MS: 3 ChangeByte-ShuffleBytes-EraseBytes-
#11181	REDUCE cov: 1381 ft: 2585 corp: 196/10163Kb lim: 239306 exec/s: 1242 rss: 467Mb L: 73167/239306 MS: 5 InsertByte-InsertRepeatedBytes-ChangeASCIIInt-ChangeASCIIInt-EraseBytes-
#11239	REDUCE cov: 1381 ft: 2585 corp: 196/10162Kb lim: 239306 exec/s: 1248 rss: 467Mb L: 2690/239306 MS: 3 ChangeBinInt-ShuffleBytes-EraseBytes-
#11272	REDUCE cov: 1381 ft: 2585 corp: 196/10162Kb lim: 239306 exec/s: 1252 rss: 467Mb L: 880/239306 MS: 3 InsertByte-CopyPart-EraseBytes-
#11281	REDUCE cov: 1381 ft: 2585 corp: 196/10157Kb lim: 239306 exec/s: 1253 rss: 467Mb L: 13975/239306 MS: 4 ChangeBinInt-InsertRepeatedBytes-InsertByte-EraseBytes-
#11297	REDUCE cov: 1381 ft: 2585 corp: 196/10157Kb lim: 239306 exec/s: 1255 rss: 467Mb L: 627/239306 MS: 1 EraseBytes-
#11371	REDUCE cov: 1381 ft: 2585 corp: 196/10141Kb lim: 239306 exec/s: 1263 rss: 467Mb L: 3268/239306 MS: 4 ChangeBinInt-InsertByte-ChangeASCIIInt-CrossOver-
#11434	REDUCE cov: 1381 ft: 2585 corp: 196/10140Kb lim: 239306 exec/s: 1270 rss: 467Mb L: 1211/239306 MS: 3 ChangeBinInt-ChangeByte-EraseBytes-
#11475	REDUCE cov: 1382 ft: 2586 corp: 197/10191Kb lim: 239306 exec/s: 1275 rss: 467Mb L: 51744/239306 MS: 1 CrossOver-
#11492	REDUCE cov: 1382 ft: 2586 corp: 197/10191Kb lim: 239306 exec/s: 1276 rss: 467Mb L: 441/239306 MS: 2 ChangeBit-EraseBytes-
#11507	REDUCE cov: 1382 ft: 2586 corp: 197/10191Kb lim: 239306 exec/s: 1278 rss: 469Mb L: 759/239306 MS: 5 InsertByte-CopyPart-ChangeBinInt-ChangeBinInt-EraseBytes-
#11513	REDUCE cov: 1382 ft: 2586 corp: 197/10190Kb lim: 239306 exec/s: 1279 rss: 470Mb L: 527/239306 MS: 1 EraseBytes-
#11534	REDUCE cov: 1382 ft: 2586 corp: 197/10184Kb lim: 239306 exec/s: 1281 rss: 470Mb L: 232571/239306 MS: 1 EraseBytes-
#11619	REDUCE cov: 1382 ft: 2586 corp: 197/10183Kb lim: 239306 exec/s: 1291 rss: 471Mb L: 2163/239306 MS: 5 ChangeBinInt-ChangeByte-ShuffleBytes-PersAutoDict-EraseBytes- DE: "\023\3726\007\025M\202\333"-
#11628	REDUCE cov: 1382 ft: 2586 corp: 197/10181Kb lim: 239306 exec/s: 1292 rss: 472Mb L: 31120/239306 MS: 4 PersAutoDict-InsertRepeatedBytes-InsertByte-EraseBytes- DE: "\001\000\000\000\000\000\000)"-
#11644	REDUCE cov: 1382 ft: 2594 corp: 198/10181Kb lim: 239306 exec/s: 1293 rss: 472Mb L: 805/239306 MS: 1 ChangeBit-
#11652	REDUCE cov: 1382 ft: 2594 corp: 198/10167Kb lim: 239306 exec/s: 1294 rss: 472Mb L: 50719/239306 MS: 3 ChangeBit-ChangeBit-EraseBytes-
#11666	REDUCE cov: 1382 ft: 2594 corp: 198/10163Kb lim: 239306 exec/s: 1296 rss: 472Mb L: 28937/239306 MS: 4 ChangeBit-InsertByte-ChangeASCIIInt-EraseBytes-
#11754	REDUCE cov: 1382 ft: 2594 corp: 198/10153Kb lim: 239306 exec/s: 1175 rss: 472Mb L: 44037/239306 MS: 3 ChangeBit-InsertByte-EraseBytes-
#11799	NEW    cov: 1382 ft: 2595 corp: 199/10244Kb lim: 239306 exec/s: 1179 rss: 472Mb L: 92481/239306 MS: 5 CrossOver-ChangeBinInt-CopyPart-CopyPart-CopyPart-
#11808	REDUCE cov: 1382 ft: 2595 corp: 199/10238Kb lim: 239306 exec/s: 1180 rss: 472Mb L: 23417/239306 MS: 4 InsertRepeatedBytes-ChangeASCIIInt-InsertRepeatedBytes-EraseBytes-
#11844	REDUCE cov: 1382 ft: 2595 corp: 199/10238Kb lim: 239306 exec/s: 1184 rss: 472Mb L: 824/239306 MS: 1 EraseBytes-
#11846	REDUCE cov: 1382 ft: 2595 corp: 199/10234Kb lim: 239306 exec/s: 1184 rss: 472Mb L: 19220/239306 MS: 2 PersAutoDict-EraseBytes- DE: "\000\000"-
#11865	REDUCE cov: 1382 ft: 2595 corp: 199/10231Kb lim: 239306 exec/s: 1186 rss: 472Mb L: 14040/239306 MS: 4 CopyPart-InsertRepeatedBytes-InsertRepeatedBytes-EraseBytes-
#11878	REDUCE cov: 1382 ft: 2595 corp: 199/10224Kb lim: 239306 exec/s: 1187 rss: 472Mb L: 20281/239306 MS: 3 PersAutoDict-ShuffleBytes-EraseBytes- DE: "\001\000\000\000\377\377\377\377"-
#11942	NEW    cov: 1382 ft: 2603 corp: 200/10224Kb lim: 239306 exec/s: 1194 rss: 472Mb L: 761/239306 MS: 4 CopyPart-ShuffleBytes-ChangeASCIIInt-EraseBytes-
#11954	REDUCE cov: 1382 ft: 2603 corp: 200/10141Kb lim: 239306 exec/s: 1195 rss: 472Mb L: 82241/239306 MS: 2 InsertByte-CrossOver-
#11971	REDUCE cov: 1382 ft: 2603 corp: 200/10141Kb lim: 239306 exec/s: 1197 rss: 472Mb L: 4572/239306 MS: 2 ChangeBinInt-EraseBytes-
#12053	REDUCE cov: 1382 ft: 2603 corp: 200/10134Kb lim: 239306 exec/s: 1205 rss: 472Mb L: 94083/239306 MS: 2 CopyPart-EraseBytes-
#12168	REDUCE cov: 1382 ft: 2603 corp: 200/10133Kb lim: 239306 exec/s: 1216 rss: 472Mb L: 1674/239306 MS: 5 ChangeBinInt-ChangeByte-ChangeByte-ShuffleBytes-EraseBytes-
#12206	REDUCE cov: 1382 ft: 2603 corp: 200/10044Kb lim: 239306 exec/s: 1220 rss: 472Mb L: 101740/239306 MS: 3 PersAutoDict-CrossOver-EraseBytes- DE: "\003\000\000\000\000\000\000\000"-
#12262	REDUCE cov: 1382 ft: 2603 corp: 200/10031Kb lim: 239306 exec/s: 1226 rss: 472Mb L: 95311/239306 MS: 1 EraseBytes-
#12268	REDUCE cov: 1382 ft: 2603 corp: 200/10027Kb lim: 239306 exec/s: 1226 rss: 472Mb L: 16274/239306 MS: 1 EraseBytes-
#12272	REDUCE cov: 1382 ft: 2603 corp: 200/10024Kb lim: 239306 exec/s: 1227 rss: 472Mb L: 7283/239306 MS: 4 ShuffleBytes-InsertByte-InsertByte-EraseBytes-
#12294	REDUCE cov: 1382 ft: 2603 corp: 200/10022Kb lim: 239306 exec/s: 1229 rss: 472Mb L: 12589/239306 MS: 2 CopyPart-CrossOver-
#12295	REDUCE cov: 1382 ft: 2603 corp: 200/10021Kb lim: 239306 exec/s: 1229 rss: 472Mb L: 27879/239306 MS: 1 EraseBytes-
#12326	REDUCE cov: 1382 ft: 2603 corp: 200/9987Kb lim: 239306 exec/s: 1232 rss: 472Mb L: 48402/239306 MS: 1 EraseBytes-
#12336	NEW    cov: 1382 ft: 2604 corp: 201/10039Kb lim: 239306 exec/s: 1233 rss: 472Mb L: 52778/239306 MS: 5 InsertByte-InsertByte-InsertRepeatedBytes-CrossOver-PersAutoDict- DE: "\267;dno\014#o"-
#12338	REDUCE cov: 1382 ft: 2604 corp: 201/10038Kb lim: 239306 exec/s: 1233 rss: 472Mb L: 30657/239306 MS: 2 InsertByte-EraseBytes-
#12375	REDUCE cov: 1382 ft: 2604 corp: 201/10032Kb lim: 239306 exec/s: 1237 rss: 472Mb L: 32052/239306 MS: 2 ShuffleBytes-EraseBytes-
#12419	REDUCE cov: 1382 ft: 2604 corp: 201/10030Kb lim: 239306 exec/s: 1241 rss: 472Mb L: 33591/239306 MS: 4 ChangeBinInt-ChangeBinInt-ShuffleBytes-EraseBytes-
#12463	REDUCE cov: 1382 ft: 2604 corp: 201/10016Kb lim: 239306 exec/s: 1246 rss: 472Mb L: 18288/239306 MS: 4 InsertRepeatedBytes-CrossOver-InsertRepeatedBytes-EraseBytes-
#12479	REDUCE cov: 1382 ft: 2604 corp: 201/10016Kb lim: 239306 exec/s: 1247 rss: 472Mb L: 1471/239306 MS: 1 EraseBytes-
#12487	REDUCE cov: 1382 ft: 2604 corp: 201/10015Kb lim: 239306 exec/s: 1248 rss: 472Mb L: 4966/239306 MS: 3 CopyPart-InsertRepeatedBytes-EraseBytes-
#12500	REDUCE cov: 1382 ft: 2604 corp: 201/9997Kb lim: 239306 exec/s: 1250 rss: 472Mb L: 24012/239306 MS: 3 ChangeASCIIInt-ChangeASCIIInt-EraseBytes-
#12536	REDUCE cov: 1382 ft: 2604 corp: 201/9975Kb lim: 239306 exec/s: 1253 rss: 472Mb L: 32865/239306 MS: 1 EraseBytes-
#12541	REDUCE cov: 1382 ft: 2604 corp: 201/9962Kb lim: 239306 exec/s: 1254 rss: 472Mb L: 21156/239306 MS: 5 ChangeBinInt-ChangeASCIIInt-InsertByte-InsertRepeatedBytes-EraseBytes-
#12584	REDUCE cov: 1382 ft: 2604 corp: 201/9955Kb lim: 239306 exec/s: 1258 rss: 472Mb L: 43092/239306 MS: 3 CrossOver-CopyPart-EraseBytes-
#12626	REDUCE cov: 1382 ft: 2604 corp: 201/9916Kb lim: 239306 exec/s: 1262 rss: 472Mb L: 55971/239306 MS: 2 CMP-CrossOver- DE: "\377\377"-
#12627	REDUCE cov: 1382 ft: 2604 corp: 201/9916Kb lim: 239306 exec/s: 1262 rss: 472Mb L: 1025/239306 MS: 1 EraseBytes-
#12634	REDUCE cov: 1382 ft: 2604 corp: 201/9910Kb lim: 239306 exec/s: 1263 rss: 472Mb L: 23903/239306 MS: 2 CrossOver-EraseBytes-
#12690	NEW    cov: 1385 ft: 2607 corp: 202/9911Kb lim: 239306 exec/s: 1269 rss: 472Mb L: 1511/239306 MS: 1 CMP- DE: "\377\377\377\377\377\377\377\377"-
#12715	REDUCE cov: 1385 ft: 2607 corp: 202/9910Kb lim: 239306 exec/s: 1271 rss: 472Mb L: 3526/239306 MS: 5 InsertByte-ChangeBit-PersAutoDict-ChangeASCIIInt-EraseBytes- DE: "\002\000\000\000\000\000\000\000"-
#12723	REDUCE cov: 1385 ft: 2607 corp: 202/9885Kb lim: 239306 exec/s: 1272 rss: 472Mb L: 40382/239306 MS: 3 PersAutoDict-CopyPart-EraseBytes- DE: "\000\000{\2303i)\200"-
#12734	REDUCE cov: 1385 ft: 2607 corp: 202/9875Kb lim: 239306 exec/s: 1273 rss: 472Mb L: 23828/239306 MS: 1 EraseBytes-
#12760	REDUCE cov: 1385 ft: 2607 corp: 202/9875Kb lim: 239306 exec/s: 1276 rss: 472Mb L: 824/239306 MS: 1 EraseBytes-
#12799	NEW    cov: 1385 ft: 2613 corp: 203/9876Kb lim: 239306 exec/s: 1279 rss: 472Mb L: 766/239306 MS: 4 ChangeBinInt-ChangeASCIIInt-CMP-InsertByte- DE: "\377\377\377\377"-
#12800	REDUCE cov: 1385 ft: 2613 corp: 203/9874Kb lim: 239306 exec/s: 1280 rss: 472Mb L: 54970/239306 MS: 1 EraseBytes-
#12883	REDUCE cov: 1385 ft: 2613 corp: 203/9874Kb lim: 239306 exec/s: 1288 rss: 472Mb L: 797/239306 MS: 3 ChangeByte-ChangeByte-EraseBytes-
#12903	REDUCE cov: 1385 ft: 2613 corp: 203/9847Kb lim: 239306 exec/s: 1290 rss: 472Mb L: 45478/239306 MS: 5 ChangeASCIIInt-ChangeASCIIInt-ChangeBinInt-InsertByte-EraseBytes-
#12910	REDUCE cov: 1385 ft: 2613 corp: 203/9844Kb lim: 239306 exec/s: 1291 rss: 472Mb L: 21722/239306 MS: 2 ChangeBinInt-EraseBytes-
#12931	REDUCE cov: 1385 ft: 2613 corp: 203/9844Kb lim: 239306 exec/s: 1293 rss: 472Mb L: 1192/239306 MS: 1 EraseBytes-
#12936	REDUCE cov: 1385 ft: 2613 corp: 203/9841Kb lim: 239306 exec/s: 1293 rss: 472Mb L: 15168/239306 MS: 5 ChangeByte-ShuffleBytes-ChangeASCIIInt-InsertRepeatedBytes-EraseBytes-
#12974	REDUCE cov: 1385 ft: 2613 corp: 203/9841Kb lim: 239306 exec/s: 1297 rss: 472Mb L: 2159/239306 MS: 3 ChangeByte-ChangeBit-EraseBytes-
#12997	REDUCE cov: 1385 ft: 2613 corp: 203/9839Kb lim: 239306 exec/s: 1299 rss: 472Mb L: 7619/239306 MS: 3 CopyPart-ChangeBit-CrossOver-
#13051	REDUCE cov: 1385 ft: 2613 corp: 203/9834Kb lim: 239306 exec/s: 1305 rss: 472Mb L: 40438/239306 MS: 4 ChangeBinInt-ChangeBit-ChangeByte-EraseBytes-
#13072	REDUCE cov: 1385 ft: 2613 corp: 203/9832Kb lim: 239306 exec/s: 1307 rss: 472Mb L: 5843/239306 MS: 1 EraseBytes-
#13100	REDUCE cov: 1385 ft: 2613 corp: 203/9820Kb lim: 239306 exec/s: 1310 rss: 472Mb L: 33757/239306 MS: 3 InsertRepeatedBytes-CopyPart-EraseBytes-
#13130	REDUCE cov: 1385 ft: 2613 corp: 203/9812Kb lim: 239306 exec/s: 1193 rss: 472Mb L: 36256/239306 MS: 5 InsertByte-ChangeASCIIInt-CopyPart-ChangeBit-EraseBytes-
#13147	REDUCE cov: 1385 ft: 2613 corp: 203/9812Kb lim: 239306 exec/s: 1195 rss: 472Mb L: 490/239306 MS: 2 InsertByte-EraseBytes-
#13165	REDUCE cov: 1385 ft: 2613 corp: 203/9807Kb lim: 239306 exec/s: 1196 rss: 472Mb L: 14264/239306 MS: 3 ChangeBinInt-ChangeBit-EraseBytes-
#13214	REDUCE cov: 1385 ft: 2613 corp: 203/9797Kb lim: 239306 exec/s: 1201 rss: 472Mb L: 42370/239306 MS: 4 ChangeBinInt-ChangeASCIIInt-ChangeByte-EraseBytes-
#13252	REDUCE cov: 1385 ft: 2613 corp: 203/9776Kb lim: 239306 exec/s: 1204 rss: 472Mb L: 70970/239306 MS: 3 CrossOver-ChangeASCIIInt-EraseBytes-
#13394	REDUCE cov: 1385 ft: 2613 corp: 203/9760Kb lim: 239306 exec/s: 1217 rss: 472Mb L: 73253/239306 MS: 2 ChangeASCIIInt-EraseBytes-
#13410	REDUCE cov: 1385 ft: 2613 corp: 203/9736Kb lim: 239306 exec/s: 1219 rss: 472Mb L: 40293/239306 MS: 1 EraseBytes-
#13447	REDUCE cov: 1385 ft: 2613 corp: 203/9723Kb lim: 239306 exec/s: 1222 rss: 472Mb L: 50886/239306 MS: 2 ChangeASCIIInt-EraseBytes-
#13453	REDUCE cov: 1385 ft: 2613 corp: 203/9722Kb lim: 239306 exec/s: 1223 rss: 472Mb L: 34461/239306 MS: 1 EraseBytes-
#13511	REDUCE cov: 1385 ft: 2613 corp: 203/9720Kb lim: 239306 exec/s: 1228 rss: 472Mb L: 10400/239306 MS: 3 InsertByte-ChangeByte-EraseBytes-
#13543	REDUCE cov: 1385 ft: 2613 corp: 203/9644Kb lim: 239306 exec/s: 1231 rss: 472Mb L: 129236/239306 MS: 2 ChangeByte-EraseBytes-
#13544	REDUCE cov: 1385 ft: 2613 corp: 203/9644Kb lim: 239306 exec/s: 1231 rss: 472Mb L: 1284/239306 MS: 1 EraseBytes-
#13547	REDUCE cov: 1385 ft: 2613 corp: 203/9637Kb lim: 239306 exec/s: 1231 rss: 472Mb L: 33687/239306 MS: 3 CopyPart-ChangeBit-EraseBytes-
#13561	REDUCE cov: 1387 ft: 2619 corp: 204/9638Kb lim: 239306 exec/s: 1232 rss: 472Mb L: 902/239306 MS: 4 InsertRepeatedBytes-CMP-ShuffleBytes-ChangeBinInt- DE: "\000\000\000\000\000\000\000\004"-
#13612	NEW    cov: 1388 ft: 2620 corp: 205/9640Kb lim: 239306 exec/s: 1237 rss: 472Mb L: 1693/239306 MS: 1 CMP- DE: "\361\226=#\376\213c\210"-
#13618	REDUCE cov: 1388 ft: 2620 corp: 205/9625Kb lim: 239306 exec/s: 1238 rss: 472Mb L: 48759/239306 MS: 1 EraseBytes-
#13654	REDUCE cov: 1388 ft: 2620 corp: 205/9610Kb lim: 239306 exec/s: 1241 rss: 472Mb L: 29412/239306 MS: 1 EraseBytes-
#13687	REDUCE cov: 1388 ft: 2620 corp: 205/9606Kb lim: 239306 exec/s: 1244 rss: 472Mb L: 4215/239306 MS: 3 ChangeByte-CopyPart-EraseBytes-
#13689	REDUCE cov: 1388 ft: 2621 corp: 206/9754Kb lim: 239306 exec/s: 1244 rss: 472Mb L: 150960/239306 MS: 2 ShuffleBytes-CopyPart-
#13712	REDUCE cov: 1388 ft: 2621 corp: 206/9743Kb lim: 239306 exec/s: 1246 rss: 472Mb L: 12899/239306 MS: 3 ChangeBit-InsertByte-EraseBytes-
#13798	REDUCE cov: 1388 ft: 2621 corp: 206/9730Kb lim: 239306 exec/s: 1254 rss: 472Mb L: 47899/239306 MS: 1 EraseBytes-
#13824	REDUCE cov: 1388 ft: 2621 corp: 206/9730Kb lim: 239306 exec/s: 1256 rss: 472Mb L: 1826/239306 MS: 1 EraseBytes-
#13829	REDUCE cov: 1388 ft: 2621 corp: 206/9728Kb lim: 239306 exec/s: 1257 rss: 472Mb L: 10682/239306 MS: 5 InsertRepeatedBytes-InsertByte-InsertByte-ChangeASCIIInt-EraseBytes-
#13890	REDUCE cov: 1388 ft: 2621 corp: 206/9728Kb lim: 239306 exec/s: 1262 rss: 472Mb L: 727/239306 MS: 1 EraseBytes-
#13924	REDUCE cov: 1388 ft: 2621 corp: 206/9728Kb lim: 239306 exec/s: 1265 rss: 472Mb L: 502/239306 MS: 4 CopyPart-InsertByte-InsertByte-EraseBytes-
#13930	REDUCE cov: 1388 ft: 2621 corp: 206/9726Kb lim: 239306 exec/s: 1266 rss: 472Mb L: 2771/239306 MS: 1 EraseBytes-
#13953	REDUCE cov: 1388 ft: 2621 corp: 206/9720Kb lim: 239306 exec/s: 1268 rss: 472Mb L: 37108/239306 MS: 3 InsertRepeatedBytes-ChangeBinInt-EraseBytes-
#14055	REDUCE cov: 1388 ft: 2621 corp: 206/9720Kb lim: 239306 exec/s: 1277 rss: 472Mb L: 201/239306 MS: 2 ChangeBit-EraseBytes-
#14075	REDUCE cov: 1388 ft: 2621 corp: 206/9720Kb lim: 239306 exec/s: 1279 rss: 472Mb L: 814/239306 MS: 5 CopyPart-CopyPart-ChangeByte-PersAutoDict-EraseBytes- DE: "\000\000\000\000"-
#14088	REDUCE cov: 1388 ft: 2621 corp: 206/9709Kb lim: 239306 exec/s: 1280 rss: 472Mb L: 52362/239306 MS: 3 ChangeASCIIInt-CopyPart-EraseBytes-
#14102	REDUCE cov: 1388 ft: 2621 corp: 206/9704Kb lim: 239306 exec/s: 1282 rss: 472Mb L: 16169/239306 MS: 4 PersAutoDict-PersAutoDict-ChangeByte-EraseBytes- DE: "\003\000\000\000\000\000\000\000"-"\377\377"-
#14103	REDUCE cov: 1388 ft: 2621 corp: 206/9701Kb lim: 239306 exec/s: 1282 rss: 472Mb L: 22085/239306 MS: 1 EraseBytes-
#14167	REDUCE cov: 1388 ft: 2621 corp: 206/9694Kb lim: 239306 exec/s: 1287 rss: 472Mb L: 45418/239306 MS: 4 ChangeByte-PersAutoDict-ChangeBinInt-EraseBytes- DE: "\000\000\000\000\000\000\000\004"-
#14173	REDUCE cov: 1388 ft: 2621 corp: 206/9693Kb lim: 239306 exec/s: 1288 rss: 472Mb L: 1573/239306 MS: 1 EraseBytes-
#14240	REDUCE cov: 1388 ft: 2621 corp: 206/9689Kb lim: 239306 exec/s: 1294 rss: 472Mb L: 38839/239306 MS: 2 PersAutoDict-CrossOver- DE: "\201\240j3\230{\000\000"-
#14323	REDUCE cov: 1388 ft: 2621 corp: 206/9673Kb lim: 239306 exec/s: 1302 rss: 472Mb L: 20111/239306 MS: 3 ShuffleBytes-PersAutoDict-EraseBytes- DE: "\000\000\000\000"-
#14379	REDUCE cov: 1388 ft: 2621 corp: 206/9666Kb lim: 239306 exec/s: 1307 rss: 472Mb L: 35020/239306 MS: 1 EraseBytes-
#14422	REDUCE cov: 1388 ft: 2621 corp: 206/9664Kb lim: 239306 exec/s: 1311 rss: 472Mb L: 11395/239306 MS: 3 ChangeBinInt-ChangeByte-EraseBytes-
#14429	REDUCE cov: 1388 ft: 2621 corp: 206/9664Kb lim: 239306 exec/s: 1311 rss: 472Mb L: 605/239306 MS: 2 ChangeBit-EraseBytes-
#14445	REDUCE cov: 1388 ft: 2621 corp: 206/9662Kb lim: 239306 exec/s: 1313 rss: 472Mb L: 4197/239306 MS: 1 EraseBytes-
#14460	REDUCE cov: 1388 ft: 2621 corp: 206/9662Kb lim: 239306 exec/s: 1205 rss: 472Mb L: 455/239306 MS: 5 ChangeByte-CMP-CMP-CopyPart-EraseBytes- DE: "\001\000"-"\001\000\000\000"-
#14522	REDUCE cov: 1388 ft: 2621 corp: 206/9661Kb lim: 239306 exec/s: 1210 rss: 472Mb L: 677/239306 MS: 2 ChangeByte-EraseBytes-
#14540	REDUCE cov: 1388 ft: 2621 corp: 206/9650Kb lim: 239306 exec/s: 1211 rss: 472Mb L: 27693/239306 MS: 3 InsertByte-PersAutoDict-EraseBytes- DE: "\001\000\000\000"-
#14568	REDUCE cov: 1388 ft: 2621 corp: 206/9650Kb lim: 239306 exec/s: 1214 rss: 472Mb L: 919/239306 MS: 3 InsertByte-InsertByte-EraseBytes-
#14632	REDUCE cov: 1388 ft: 2621 corp: 206/9642Kb lim: 239306 exec/s: 1219 rss: 472Mb L: 25841/239306 MS: 4 CopyPart-CrossOver-CopyPart-EraseBytes-
#14661	REDUCE cov: 1388 ft: 2621 corp: 206/9640Kb lim: 239306 exec/s: 1221 rss: 472Mb L: 11989/239306 MS: 4 CrossOver-ChangeByte-ShuffleBytes-EraseBytes-
#14663	REDUCE cov: 1388 ft: 2621 corp: 206/9623Kb lim: 239306 exec/s: 1221 rss: 472Mb L: 72819/239306 MS: 2 ChangeByte-EraseBytes-
#14666	REDUCE cov: 1388 ft: 2621 corp: 206/9622Kb lim: 239306 exec/s: 1222 rss: 472Mb L: 12678/239306 MS: 3 ChangeByte-InsertRepeatedBytes-EraseBytes-
#14685	REDUCE cov: 1388 ft: 2621 corp: 206/9622Kb lim: 239306 exec/s: 1223 rss: 472Mb L: 1531/239306 MS: 4 InsertRepeatedBytes-PersAutoDict-InsertByte-EraseBytes- DE: "\001\000\000\000\000\000\000\026"-
#14761	REDUCE cov: 1388 ft: 2621 corp: 206/9622Kb lim: 239306 exec/s: 1230 rss: 472Mb L: 140/239306 MS: 1 EraseBytes-
#14833	REDUCE cov: 1388 ft: 2621 corp: 206/9618Kb lim: 239306 exec/s: 1236 rss: 472Mb L: 6902/239306 MS: 2 ChangeBinInt-EraseBytes-
#14924	REDUCE cov: 1388 ft: 2621 corp: 206/9618Kb lim: 239306 exec/s: 1243 rss: 472Mb L: 408/239306 MS: 1 EraseBytes-
#14946	REDUCE cov: 1388 ft: 2621 corp: 206/9617Kb lim: 239306 exec/s: 1245 rss: 472Mb L: 79562/239306 MS: 2 InsertRepeatedBytes-EraseBytes-
#14955	REDUCE cov: 1388 ft: 2621 corp: 206/9617Kb lim: 239306 exec/s: 1246 rss: 472Mb L: 185/239306 MS: 4 CopyPart-PersAutoDict-PersAutoDict-EraseBytes- DE: "\377\377\377\377\377\377\377\377"-"\006UUUUUUU"-
#14995	REDUCE cov: 1388 ft: 2621 corp: 206/9617Kb lim: 239306 exec/s: 1249 rss: 472Mb L: 1077/239306 MS: 5 PersAutoDict-InsertByte-ChangeBinInt-ShuffleBytes-EraseBytes- DE: "\001\000\000\000\000\000\000\000"-
#15032	REDUCE cov: 1390 ft: 2623 corp: 207/9618Kb lim: 239306 exec/s: 1252 rss: 472Mb L: 1149/239306 MS: 2 EraseBytes-PersAutoDict- DE: "\201\240j3\230{\000\000"-
#15069	REDUCE cov: 1390 ft: 2623 corp: 207/9618Kb lim: 239306 exec/s: 1255 rss: 472Mb L: 390/239306 MS: 2 ShuffleBytes-EraseBytes-
#15075	REDUCE cov: 1390 ft: 2623 corp: 207/9613Kb lim: 239306 exec/s: 1256 rss: 472Mb L: 9923/239306 MS: 1 EraseBytes-
#15093	REDUCE cov: 1390 ft: 2623 corp: 207/9611Kb lim: 239306 exec/s: 1257 rss: 472Mb L: 4934/239306 MS: 3 CMP-ChangeByte-EraseBytes- DE: "2\300B\001\275q\277\024"-
#15141	REDUCE cov: 1390 ft: 2623 corp: 207/9584Kb lim: 239306 exec/s: 1261 rss: 472Mb L: 109393/239306 MS: 3 ChangeByte-PersAutoDict-CrossOver- DE: "\001\000\000\000\000\000\000\002"-
#15153	REDUCE cov: 1390 ft: 2623 corp: 207/9575Kb lim: 239306 exec/s: 1262 rss: 472Mb L: 33033/239306 MS: 2 ShuffleBytes-EraseBytes-
#15230	REDUCE cov: 1390 ft: 2623 corp: 207/9571Kb lim: 239306 exec/s: 1269 rss: 472Mb L: 43630/239306 MS: 2 ShuffleBytes-EraseBytes-
#15296	REDUCE cov: 1390 ft: 2623 corp: 207/9569Kb lim: 239306 exec/s: 1274 rss: 472Mb L: 25852/239306 MS: 1 EraseBytes-
#15297	REDUCE cov: 1390 ft: 2623 corp: 207/9567Kb lim: 239306 exec/s: 1274 rss: 472Mb L: 46459/239306 MS: 1 EraseBytes-
#15323	REDUCE cov: 1390 ft: 2623 corp: 207/9565Kb lim: 239306 exec/s: 1276 rss: 472Mb L: 3806/239306 MS: 1 EraseBytes-
#15341	REDUCE cov: 1390 ft: 2623 corp: 207/9563Kb lim: 239306 exec/s: 1278 rss: 472Mb L: 2758/239306 MS: 3 CopyPart-ShuffleBytes-EraseBytes-
#15352	REDUCE cov: 1390 ft: 2623 corp: 207/9563Kb lim: 239306 exec/s: 1279 rss: 472Mb L: 50768/239306 MS: 1 EraseBytes-
#15395	REDUCE cov: 1391 ft: 2624 corp: 208/9564Kb lim: 239306 exec/s: 1282 rss: 472Mb L: 645/239306 MS: 3 CopyPart-InsertRepeatedBytes-EraseBytes-
#15414	REDUCE cov: 1391 ft: 2624 corp: 208/9562Kb lim: 239306 exec/s: 1284 rss: 472Mb L: 2092/239306 MS: 4 ChangeBinInt-ChangeBit-ShuffleBytes-EraseBytes-
#15433	REDUCE cov: 1392 ft: 2625 corp: 209/9565Kb lim: 239306 exec/s: 1286 rss: 472Mb L: 2771/239306 MS: 4 CrossOver-ChangeBinInt-CopyPart-ChangeByte-
#15485	REDUCE cov: 1392 ft: 2625 corp: 209/9564Kb lim: 239306 exec/s: 1290 rss: 472Mb L: 48056/239306 MS: 2 InsertRepeatedBytes-EraseBytes-
#15557	REDUCE cov: 1392 ft: 2625 corp: 209/9564Kb lim: 239306 exec/s: 1296 rss: 472Mb L: 1420/239306 MS: 2 ChangeBinInt-EraseBytes-
#15578	REDUCE cov: 1392 ft: 2625 corp: 209/9559Kb lim: 239306 exec/s: 1298 rss: 472Mb L: 14179/239306 MS: 1 EraseBytes-
#15654	REDUCE cov: 1392 ft: 2625 corp: 209/9559Kb lim: 239306 exec/s: 1304 rss: 472Mb L: 1398/239306 MS: 1 EraseBytes-
#15655	REDUCE cov: 1393 ft: 2626 corp: 210/9603Kb lim: 239306 exec/s: 1304 rss: 472Mb L: 45407/239306 MS: 1 CMP- DE: "\377\377\377\377\377\377\377\377"-
#15661	REDUCE cov: 1393 ft: 2626 corp: 210/9581Kb lim: 239306 exec/s: 1305 rss: 472Mb L: 40753/239306 MS: 1 EraseBytes-
#15665	REDUCE cov: 1393 ft: 2626 corp: 210/9580Kb lim: 239306 exec/s: 1305 rss: 472Mb L: 1442/239306 MS: 4 ChangeByte-InsertRepeatedBytes-ChangeASCIIInt-EraseBytes-
#15697	REDUCE cov: 1393 ft: 2626 corp: 210/9580Kb lim: 239306 exec/s: 1308 rss: 472Mb L: 1459/239306 MS: 2 ChangeByte-EraseBytes-
#15703	REDUCE cov: 1393 ft: 2626 corp: 210/9580Kb lim: 239306 exec/s: 1308 rss: 472Mb L: 2571/239306 MS: 1 EraseBytes-
#15709	REDUCE cov: 1393 ft: 2626 corp: 210/9571Kb lim: 239306 exec/s: 1309 rss: 472Mb L: 18932/239306 MS: 1 EraseBytes-
#15745	REDUCE cov: 1393 ft: 2626 corp: 210/9562Kb lim: 239306 exec/s: 1312 rss: 472Mb L: 19722/239306 MS: 1 CrossOver-
#15787	REDUCE cov: 1395 ft: 2628 corp: 211/9562Kb lim: 239306 exec/s: 1214 rss: 472Mb L: 803/239306 MS: 2 InsertRepeatedBytes-InsertRepeatedBytes-
#15806	REDUCE cov: 1395 ft: 2628 corp: 211/9562Kb lim: 239306 exec/s: 1215 rss: 472Mb L: 709/239306 MS: 4 PersAutoDict-PersAutoDict-ChangeByte-EraseBytes- DE: "\007\000\000\000\000\000\000\000"-"\201\240j3\230{\000\000"-
#15818	NEW    cov: 1396 ft: 2629 corp: 212/9607Kb lim: 239306 exec/s: 1216 rss: 472Mb L: 45407/239306 MS: 2 ChangeBinInt-ChangeBit-
#15838	REDUCE cov: 1396 ft: 2629 corp: 212/9596Kb lim: 239306 exec/s: 1218 rss: 472Mb L: 12477/239306 MS: 5 ShuffleBytes-ChangeBinInt-InsertByte-ChangeBinInt-EraseBytes-
#15864	REDUCE cov: 1396 ft: 2629 corp: 212/9577Kb lim: 239306 exec/s: 1220 rss: 472Mb L: 1963/239306 MS: 1 CrossOver-
#15882	REDUCE cov: 1396 ft: 2629 corp: 212/9559Kb lim: 239306 exec/s: 1221 rss: 472Mb L: 18371/239306 MS: 3 ChangeBinInt-InsertByte-EraseBytes-
#15884	REDUCE cov: 1396 ft: 2631 corp: 213/9560Kb lim: 239306 exec/s: 1221 rss: 472Mb L: 799/239306 MS: 2 InsertByte-CMP- DE: "\004\000\000\000\000\000\000\000"-
#15896	NEW    cov: 1396 ft: 2635 corp: 214/9563Kb lim: 239306 exec/s: 1222 rss: 472Mb L: 2846/239306 MS: 2 ShuffleBytes-InsertRepeatedBytes-
#15903	REDUCE cov: 1396 ft: 2635 corp: 214/9561Kb lim: 239306 exec/s: 1223 rss: 472Mb L: 2058/239306 MS: 2 PersAutoDict-EraseBytes- DE: "\000\000{\2303i)\200"-
#15966	REDUCE cov: 1396 ft: 2635 corp: 214/9561Kb lim: 239306 exec/s: 1228 rss: 472Mb L: 1156/239306 MS: 3 ChangeByte-InsertByte-EraseBytes-
#16009	REDUCE cov: 1396 ft: 2635 corp: 214/9561Kb lim: 239306 exec/s: 1231 rss: 472Mb L: 33304/239306 MS: 3 InsertByte-EraseBytes-InsertByte-
#16111	NEW    cov: 1397 ft: 2636 corp: 215/9605Kb lim: 239306 exec/s: 1239 rss: 472Mb L: 45408/239306 MS: 2 PersAutoDict-InsertByte- DE: "\000\000"-
#16142	REDUCE cov: 1397 ft: 2636 corp: 215/9605Kb lim: 239306 exec/s: 1241 rss: 472Mb L: 947/239306 MS: 1 EraseBytes-
#16159	REDUCE cov: 1397 ft: 2636 corp: 215/9603Kb lim: 239306 exec/s: 1243 rss: 472Mb L: 8781/239306 MS: 2 ShuffleBytes-EraseBytes-
#16190	REDUCE cov: 1397 ft: 2636 corp: 215/9588Kb lim: 239306 exec/s: 1245 rss: 472Mb L: 25152/239306 MS: 1 EraseBytes-
#16208	NEW    cov: 1397 ft: 2638 corp: 216/9589Kb lim: 239306 exec/s: 1246 rss: 472Mb L: 1468/239306 MS: 3 ChangeBinInt-CrossOver-CrossOver-
#16211	REDUCE cov: 1398 ft: 2639 corp: 217/9590Kb lim: 239306 exec/s: 1247 rss: 472Mb L: 1121/239306 MS: 3 CMP-ChangeBinInt-EraseBytes- DE: "\026\000\000\000\000\000\000\000"-
#16252	NEW    cov: 1399 ft: 2640 corp: 218/9591Kb lim: 239306 exec/s: 1250 rss: 472Mb L: 799/239306 MS: 1 PersAutoDict- DE: "\377\377\377\377\377\377\377\377"-
#16306	REDUCE cov: 1399 ft: 2640 corp: 218/9591Kb lim: 239306 exec/s: 1254 rss: 472Mb L: 592/239306 MS: 4 CopyPart-ChangeByte-ChangeBit-EraseBytes-
	NEW_FUNC[1/1]: 0x55a5bb33dab0  (/home/runner/work/hc-stark/hc-stark/raw-reports/cargo-target/x86_64-unknown-linux-gnu/release/plonky3_proof_bytes_v1+0x25bab0) (BuildId: 93b0a3be9bf8948c6041fb18af8421d78e04255e)
#16311	REDUCE cov: 1402 ft: 2643 corp: 219/9615Kb lim: 239306 exec/s: 1254 rss: 472Mb L: 24986/239306 MS: 5 ChangeASCIIInt-CrossOver-EraseBytes-CMP-CrossOver- DE: "\377\377\377\377"-
#16312	REDUCE cov: 1402 ft: 2643 corp: 219/9568Kb lim: 239306 exec/s: 1254 rss: 472Mb L: 60309/239306 MS: 1 EraseBytes-
#16313	REDUCE cov: 1402 ft: 2643 corp: 219/9561Kb lim: 239306 exec/s: 1254 rss: 472Mb L: 63803/239306 MS: 1 EraseBytes-
#16384	pulse  cov: 1402 ft: 2643 corp: 219/9561Kb lim: 239306 exec/s: 1260 rss: 472Mb
#16545	REDUCE cov: 1402 ft: 2643 corp: 219/9557Kb lim: 239306 exec/s: 1272 rss: 479Mb L: 29318/239306 MS: 2 ShuffleBytes-EraseBytes-
#16601	REDUCE cov: 1402 ft: 2643 corp: 219/9557Kb lim: 239306 exec/s: 1277 rss: 479Mb L: 463/239306 MS: 1 EraseBytes-
#16620	REDUCE cov: 1402 ft: 2643 corp: 219/9557Kb lim: 239306 exec/s: 1278 rss: 479Mb L: 287/239306 MS: 4 InsertByte-ChangeBit-CMP-EraseBytes- DE: "\000\000\000\001"-
#16621	REDUCE cov: 1402 ft: 2643 corp: 219/9556Kb lim: 239306 exec/s: 1278 rss: 479Mb L: 262/239306 MS: 1 EraseBytes-
#16663	REDUCE cov: 1402 ft: 2643 corp: 219/9556Kb lim: 239306 exec/s: 1281 rss: 479Mb L: 1254/239306 MS: 2 ShuffleBytes-EraseBytes-
#16672	REDUCE cov: 1402 ft: 2643 corp: 219/9555Kb lim: 239306 exec/s: 1282 rss: 479Mb L: 1219/239306 MS: 4 ChangeByte-ChangeBinInt-ChangeASCIIInt-EraseBytes-
#16710	REDUCE cov: 1402 ft: 2643 corp: 219/9546Kb lim: 239306 exec/s: 1285 rss: 479Mb L: 34550/239306 MS: 3 CrossOver-CopyPart-EraseBytes-
#16711	REDUCE cov: 1402 ft: 2643 corp: 219/9546Kb lim: 239306 exec/s: 1285 rss: 479Mb L: 192/239306 MS: 1 EraseBytes-
#16723	REDUCE cov: 1402 ft: 2643 corp: 219/9546Kb lim: 239306 exec/s: 1286 rss: 479Mb L: 394/239306 MS: 2 ChangeByte-EraseBytes-
#16825	REDUCE cov: 1402 ft: 2643 corp: 219/9545Kb lim: 239306 exec/s: 1294 rss: 479Mb L: 774/239306 MS: 2 InsertByte-EraseBytes-
#16842	REDUCE cov: 1402 ft: 2652 corp: 220/9547Kb lim: 239306 exec/s: 1295 rss: 479Mb L: 2059/239306 MS: 2 InsertByte-ChangeBinInt-
#16845	REDUCE cov: 1402 ft: 2652 corp: 220/9545Kb lim: 239306 exec/s: 1295 rss: 479Mb L: 2683/239306 MS: 3 InsertRepeatedBytes-InsertRepeatedBytes-EraseBytes-
#17082	REDUCE cov: 1402 ft: 2652 corp: 220/9542Kb lim: 239306 exec/s: 1220 rss: 479Mb L: 7044/239306 MS: 2 InsertByte-EraseBytes-
#17110	REDUCE cov: 1402 ft: 2652 corp: 220/9542Kb lim: 239306 exec/s: 1222 rss: 479Mb L: 592/239306 MS: 3 PersAutoDict-CopyPart-EraseBytes- DE: "\3170\206yb&\000\000"-
#17116	REDUCE cov: 1402 ft: 2652 corp: 220/9542Kb lim: 239306 exec/s: 1222 rss: 479Mb L: 589/239306 MS: 1 EraseBytes-
#17187	REDUCE cov: 1402 ft: 2652 corp: 220/9542Kb lim: 239306 exec/s: 1227 rss: 479Mb L: 16965/239306 MS: 1 EraseBytes-
#17211	REDUCE cov: 1402 ft: 2652 corp: 220/9535Kb lim: 239306 exec/s: 1229 rss: 479Mb L: 15071/239306 MS: 4 ChangeBit-ChangeByte-ChangeByte-EraseBytes-
#17214	REDUCE cov: 1402 ft: 2652 corp: 220/9532Kb lim: 239306 exec/s: 1229 rss: 479Mb L: 13608/239306 MS: 3 InsertRepeatedBytes-CopyPart-EraseBytes-
#17267	NEW    cov: 1403 ft: 2653 corp: 221/9655Kb lim: 239306 exec/s: 1233 rss: 479Mb L: 125564/239306 MS: 3 ChangeBit-PersAutoDict-CrossOver- DE: "\001\000\000\000\000\000\000\000"-
#17288	REDUCE cov: 1403 ft: 2653 corp: 221/9650Kb lim: 239306 exec/s: 1234 rss: 479Mb L: 7439/239306 MS: 1 EraseBytes-
#17291	REDUCE cov: 1403 ft: 2653 corp: 221/9650Kb lim: 239306 exec/s: 1235 rss: 479Mb L: 477/239306 MS: 3 ChangeByte-ChangeBinInt-EraseBytes-
#17298	REDUCE cov: 1403 ft: 2653 corp: 221/9650Kb lim: 239306 exec/s: 1235 rss: 479Mb L: 325/239306 MS: 2 ShuffleBytes-EraseBytes-
#17304	REDUCE cov: 1403 ft: 2653 corp: 221/9650Kb lim: 239306 exec/s: 1236 rss: 479Mb L: 130/239306 MS: 1 EraseBytes-
#17354	REDUCE cov: 1403 ft: 2653 corp: 221/9649Kb lim: 239306 exec/s: 1239 rss: 479Mb L: 4302/239306 MS: 5 InsertRepeatedBytes-InsertByte-ChangeByte-ChangeBinInt-EraseBytes-
#17363	REDUCE cov: 1403 ft: 2653 corp: 221/9649Kb lim: 239306 exec/s: 1240 rss: 479Mb L: 548/239306 MS: 4 CopyPart-ChangeBit-CopyPart-EraseBytes-
#17508	REDUCE cov: 1403 ft: 2653 corp: 221/9649Kb lim: 239306 exec/s: 1250 rss: 479Mb L: 1011/239306 MS: 5 InsertByte-PersAutoDict-InsertByte-CMP-EraseBytes- DE: "\026\000\000\000\000\000\000\000"-"\000\000"-
#17544	REDUCE cov: 1403 ft: 2653 corp: 221/9648Kb lim: 239306 exec/s: 1253 rss: 479Mb L: 3096/239306 MS: 1 EraseBytes-
#17641	REDUCE cov: 1403 ft: 2653 corp: 221/9644Kb lim: 239306 exec/s: 1260 rss: 479Mb L: 64313/239306 MS: 2 CopyPart-EraseBytes-
#17650	REDUCE cov: 1403 ft: 2653 corp: 221/9639Kb lim: 239306 exec/s: 1260 rss: 479Mb L: 7057/239306 MS: 4 InsertByte-ChangeBinInt-CrossOver-EraseBytes-
#17688	REDUCE cov: 1403 ft: 2653 corp: 221/9636Kb lim: 239306 exec/s: 1263 rss: 479Mb L: 6745/239306 MS: 3 InsertRepeatedBytes-ChangeBit-EraseBytes-
#17719	REDUCE cov: 1403 ft: 2653 corp: 221/9621Kb lim: 239306 exec/s: 1265 rss: 479Mb L: 66815/239306 MS: 1 EraseBytes-
#17736	REDUCE cov: 1403 ft: 2653 corp: 221/9620Kb lim: 239306 exec/s: 1266 rss: 479Mb L: 11003/239306 MS: 2 InsertByte-EraseBytes-
#17755	REDUCE cov: 1403 ft: 2653 corp: 221/9615Kb lim: 239306 exec/s: 1268 rss: 479Mb L: 20914/239306 MS: 4 ChangeBit-InsertRepeatedBytes-ChangeBit-EraseBytes-
#17820	REDUCE cov: 1403 ft: 2653 corp: 221/9582Kb lim: 239306 exec/s: 1272 rss: 479Mb L: 64701/239306 MS: 5 ChangeBit-EraseBytes-ChangeBit-PersAutoDict-InsertRepeatedBytes- DE: "\000\000\000\001"-
#17851	REDUCE cov: 1403 ft: 2653 corp: 221/9581Kb lim: 239306 exec/s: 1275 rss: 479Mb L: 1249/239306 MS: 1 EraseBytes-
#18003	REDUCE cov: 1403 ft: 2654 corp: 222/9695Kb lim: 239306 exec/s: 1285 rss: 479Mb L: 116254/239306 MS: 2 ChangeByte-CopyPart-
#18006	REDUCE cov: 1403 ft: 2658 corp: 223/9721Kb lim: 239306 exec/s: 1286 rss: 479Mb L: 26602/239306 MS: 3 CopyPart-ShuffleBytes-CMP- DE: "\000\000\000\000"-
#18115	REDUCE cov: 1403 ft: 2658 corp: 223/9721Kb lim: 239306 exec/s: 1293 rss: 479Mb L: 4306/239306 MS: 4 CMP-ChangeASCIIInt-CopyPart-EraseBytes- DE: "\001\000\000\000"-
#18226	REDUCE cov: 1403 ft: 2658 corp: 223/9716Kb lim: 239306 exec/s: 1301 rss: 479Mb L: 8375/239306 MS: 1 EraseBytes-
#18250	REDUCE cov: 1403 ft: 2658 corp: 223/9714Kb lim: 239306 exec/s: 1303 rss: 479Mb L: 2688/239306 MS: 4 CopyPart-ChangeBinInt-ChangeBinInt-EraseBytes-
#18256	REDUCE cov: 1403 ft: 2658 corp: 223/9708Kb lim: 239306 exec/s: 1304 rss: 479Mb L: 7393/239306 MS: 1 EraseBytes-
#18264	REDUCE cov: 1403 ft: 2658 corp: 223/9708Kb lim: 239306 exec/s: 1304 rss: 479Mb L: 691/239306 MS: 3 InsertByte-ChangeBit-EraseBytes-
#18275	NEW    cov: 1403 ft: 2661 corp: 224/9710Kb lim: 239306 exec/s: 1305 rss: 479Mb L: 2060/239306 MS: 1 InsertByte-
#18327	REDUCE cov: 1403 ft: 2661 corp: 224/9690Kb lim: 239306 exec/s: 1309 rss: 479Mb L: 38838/239306 MS: 2 ShuffleBytes-EraseBytes-
#18384	REDUCE cov: 1403 ft: 2661 corp: 224/9686Kb lim: 239306 exec/s: 1313 rss: 479Mb L: 15365/239306 MS: 2 PersAutoDict-EraseBytes- DE: "\377\377"-
#18398	REDUCE cov: 1403 ft: 2661 corp: 224/9685Kb lim: 239306 exec/s: 1314 rss: 479Mb L: 5369/239306 MS: 4 ChangeBinInt-ShuffleBytes-ChangeASCIIInt-EraseBytes-
#18426	REDUCE cov: 1403 ft: 2661 corp: 224/9669Kb lim: 239306 exec/s: 1316 rss: 479Mb L: 46279/239306 MS: 3 ChangeBit-ChangeBit-EraseBytes-
#18439	REDUCE cov: 1403 ft: 2661 corp: 224/9669Kb lim: 239306 exec/s: 1229 rss: 479Mb L: 647/239306 MS: 3 CMP-InsertByte-EraseBytes- DE: "\001\000\000\000"-
#18595	NEW    cov: 1404 ft: 2662 corp: 225/9713Kb lim: 239306 exec/s: 1239 rss: 479Mb L: 45407/239306 MS: 1 CopyPart-
#18619	REDUCE cov: 1404 ft: 2662 corp: 225/9713Kb lim: 239306 exec/s: 1241 rss: 479Mb L: 1134/239306 MS: 4 ShuffleBytes-CopyPart-InsertRepeatedBytes-EraseBytes-
#18637	REDUCE cov: 1404 ft: 2662 corp: 225/9678Kb lim: 239306 exec/s: 1242 rss: 479Mb L: 65240/239306 MS: 3 ChangeASCIIInt-ShuffleBytes-EraseBytes-
#18696	REDUCE cov: 1404 ft: 2662 corp: 225/9673Kb lim: 239306 exec/s: 1246 rss: 479Mb L: 19521/239306 MS: 4 ShuffleBytes-CopyPart-InsertRepeatedBytes-EraseBytes-
#18787	REDUCE cov: 1404 ft: 2662 corp: 225/9673Kb lim: 239306 exec/s: 1252 rss: 479Mb L: 341/239306 MS: 1 EraseBytes-
#18825	REDUCE cov: 1404 ft: 2665 corp: 226/9697Kb lim: 239306 exec/s: 1255 rss: 479Mb L: 24388/239306 MS: 3 ChangeBit-ChangeByte-InsertByte-
#18848	REDUCE cov: 1404 ft: 2665 corp: 226/9690Kb lim: 239306 exec/s: 1256 rss: 479Mb L: 26670/239306 MS: 3 ChangeBinInt-ChangeBit-EraseBytes-
#19014	REDUCE cov: 1404 ft: 2665 corp: 226/9690Kb lim: 239306 exec/s: 1267 rss: 479Mb L: 4131/239306 MS: 1 EraseBytes-
#19038	REDUCE cov: 1404 ft: 2665 corp: 226/9688Kb lim: 239306 exec/s: 1269 rss: 479Mb L: 57812/239306 MS: 4 ChangeByte-CopyPart-ChangeByte-EraseBytes-
#19155	REDUCE cov: 1404 ft: 2665 corp: 226/9687Kb lim: 239306 exec/s: 1277 rss: 479Mb L: 553/239306 MS: 2 ChangeASCIIInt-EraseBytes-
#19181	REDUCE cov: 1404 ft: 2665 corp: 226/9687Kb lim: 239306 exec/s: 1278 rss: 479Mb L: 744/239306 MS: 1 EraseBytes-
#19183	REDUCE cov: 1404 ft: 2665 corp: 226/9687Kb lim: 239306 exec/s: 1278 rss: 479Mb L: 385/239306 MS: 2 PersAutoDict-EraseBytes- DE: "\361\226=#\376\213c\210"-
#19188	NEW    cov: 1405 ft: 2666 corp: 227/9736Kb lim: 239306 exec/s: 1279 rss: 479Mb L: 49944/239306 MS: 5 ChangeBit-CopyPart-ChangeBit-PersAutoDict-ChangeBinInt- DE: "\001\000\000\000\377\377\377\377"-
#19251	REDUCE cov: 1405 ft: 2666 corp: 227/9732Kb lim: 239306 exec/s: 1283 rss: 479Mb L: 4870/239306 MS: 3 ChangeByte-PersAutoDict-EraseBytes- DE: "\001\000\000\000"-
#19254	REDUCE cov: 1405 ft: 2666 corp: 227/9732Kb lim: 239306 exec/s: 1283 rss: 479Mb L: 374/239306 MS: 3 CrossOver-CopyPart-EraseBytes-
#19270	REDUCE cov: 1406 ft: 2667 corp: 228/9734Kb lim: 239306 exec/s: 1284 rss: 479Mb L: 2571/239306 MS: 1 PersAutoDict- DE: "\000\000\000\001"-
#19356	REDUCE cov: 1406 ft: 2667 corp: 228/9734Kb lim: 239306 exec/s: 1290 rss: 479Mb L: 212/239306 MS: 1 EraseBytes-
#19394	REDUCE cov: 1406 ft: 2667 corp: 228/9734Kb lim: 239306 exec/s: 1292 rss: 479Mb L: 796/239306 MS: 3 ChangeBinInt-ChangeASCIIInt-EraseBytes-
#19422	REDUCE cov: 1406 ft: 2667 corp: 228/9729Kb lim: 239306 exec/s: 1294 rss: 479Mb L: 145851/239306 MS: 3 PersAutoDict-InsertRepeatedBytes-CrossOver- DE: "\301\\\002\211\354-\012\221g\354\216e\241\215\353\276^U2\373\356\242\223\370\013\311B\356\220\206\301q"-
#19459	REDUCE cov: 1406 ft: 2667 corp: 228/9729Kb lim: 239306 exec/s: 1297 rss: 479Mb L: 139/239306 MS: 2 EraseBytes-EraseBytes-
#19555	REDUCE cov: 1406 ft: 2667 corp: 228/9728Kb lim: 239306 exec/s: 1303 rss: 479Mb L: 1625/239306 MS: 1 EraseBytes-
#19568	REDUCE cov: 1406 ft: 2667 corp: 228/9725Kb lim: 239306 exec/s: 1304 rss: 479Mb L: 8480/239306 MS: 3 InsertByte-ChangeASCIIInt-EraseBytes-
#19584	REDUCE cov: 1406 ft: 2667 corp: 228/9725Kb lim: 239306 exec/s: 1305 rss: 479Mb L: 82/239306 MS: 1 EraseBytes-
#19612	REDUCE cov: 1406 ft: 2667 corp: 228/9725Kb lim: 239306 exec/s: 1307 rss: 479Mb L: 386/239306 MS: 3 ChangeBit-InsertByte-EraseBytes-
#19628	REDUCE cov: 1406 ft: 2667 corp: 228/9718Kb lim: 239306 exec/s: 1308 rss: 479Mb L: 27575/239306 MS: 1 EraseBytes-
#19691	REDUCE cov: 1406 ft: 2667 corp: 228/9707Kb lim: 239306 exec/s: 1312 rss: 479Mb L: 21016/239306 MS: 3 InsertRepeatedBytes-CMP-EraseBytes- DE: "\001\000"-
#19785	REDUCE cov: 1406 ft: 2667 corp: 228/9704Kb lim: 239306 exec/s: 1319 rss: 479Mb L: 12369/239306 MS: 4 ChangeBit-PersAutoDict-ChangeBit-EraseBytes- DE: "\377\377\377\377\377\377\377\377"-
#19856	REDUCE cov: 1406 ft: 2667 corp: 228/9704Kb lim: 239306 exec/s: 1323 rss: 479Mb L: 392/239306 MS: 1 EraseBytes-
#19957	REDUCE cov: 1406 ft: 2667 corp: 228/9703Kb lim: 239306 exec/s: 1330 rss: 479Mb L: 1830/239306 MS: 1 EraseBytes-
#20011	REDUCE cov: 1406 ft: 2667 corp: 228/9700Kb lim: 239306 exec/s: 1334 rss: 479Mb L: 28912/239306 MS: 4 InsertRepeatedBytes-ChangeByte-ChangeByte-EraseBytes-
#20024	REDUCE cov: 1406 ft: 2667 corp: 228/9699Kb lim: 239306 exec/s: 1334 rss: 479Mb L: 1961/239306 MS: 3 InsertByte-CMP-EraseBytes- DE: "\003\000\000\000\000\000\000\000"-
#20026	REDUCE cov: 1406 ft: 2667 corp: 228/9699Kb lim: 239306 exec/s: 1335 rss: 479Mb L: 20879/239306 MS: 2 ChangeBinInt-EraseBytes-
#20125	REDUCE cov: 1406 ft: 2667 corp: 228/9690Kb lim: 239306 exec/s: 1257 rss: 479Mb L: 11531/239306 MS: 4 ChangeASCIIInt-InsertByte-ShuffleBytes-EraseBytes-
#20166	REDUCE cov: 1406 ft: 2667 corp: 228/9690Kb lim: 239306 exec/s: 1260 rss: 479Mb L: 2456/239306 MS: 1 EraseBytes-
#20207	REDUCE cov: 1406 ft: 2667 corp: 228/9689Kb lim: 239306 exec/s: 1262 rss: 479Mb L: 13170/239306 MS: 1 EraseBytes-
#20243	REDUCE cov: 1406 ft: 2667 corp: 228/9689Kb lim: 239306 exec/s: 1265 rss: 479Mb L: 319/239306 MS: 1 EraseBytes-
#20289	REDUCE cov: 1406 ft: 2667 corp: 228/9685Kb lim: 239306 exec/s: 1268 rss: 479Mb L: 24931/239306 MS: 1 EraseBytes-
#20292	REDUCE cov: 1406 ft: 2667 corp: 228/9685Kb lim: 239306 exec/s: 1268 rss: 479Mb L: 4702/239306 MS: 3 ShuffleBytes-CrossOver-EraseBytes-
#20337	REDUCE cov: 1406 ft: 2667 corp: 228/9684Kb lim: 239306 exec/s: 1271 rss: 479Mb L: 115462/239306 MS: 5 InsertByte-PersAutoDict-PersAutoDict-ChangeByte-EraseBytes- DE: "\301\\\002\211\354-\012\221g\354\216e\241\215\353\276^U2\373\356\242\223\370\013\311B\356\220\206\301q"-"\007\000\000\000\000\000\000\000"-
#20391	REDUCE cov: 1406 ft: 2667 corp: 228/9680Kb lim: 239306 exec/s: 1274 rss: 479Mb L: 10839/239306 MS: 4 CopyPart-CopyPart-ChangeASCIIInt-EraseBytes-
#20397	REDUCE cov: 1406 ft: 2667 corp: 228/9679Kb lim: 239306 exec/s: 1274 rss: 479Mb L: 181/239306 MS: 1 EraseBytes-
#20449	REDUCE cov: 1406 ft: 2667 corp: 228/9677Kb lim: 239306 exec/s: 1278 rss: 479Mb L: 10948/239306 MS: 2 PersAutoDict-CrossOver- DE: "\301\\\002\211\354-\012\221g\354\216e\241\215\353\276^U2\373\356\242\223\370\013\311B\356\220\206\301q"-
#20470	REDUCE cov: 1406 ft: 2667 corp: 228/9677Kb lim: 239306 exec/s: 1279 rss: 479Mb L: 2098/239306 MS: 1 EraseBytes-
#20571	REDUCE cov: 1406 ft: 2667 corp: 228/9664Kb lim: 239306 exec/s: 1285 rss: 479Mb L: 20080/239306 MS: 1 EraseBytes-
#20594	REDUCE cov: 1406 ft: 2667 corp: 228/9664Kb lim: 239306 exec/s: 1287 rss: 479Mb L: 2422/239306 MS: 3 PersAutoDict-InsertRepeatedBytes-EraseBytes- DE: "\377\377\377\377\377\377\377\377"-
#20768	REDUCE cov: 1406 ft: 2667 corp: 228/9662Kb lim: 239306 exec/s: 1298 rss: 479Mb L: 4439/239306 MS: 4 InsertByte-PersAutoDict-InsertRepeatedBytes-EraseBytes- DE: "\3170\206yb&\000\000"-
#20787	REDUCE cov: 1406 ft: 2667 corp: 228/9655Kb lim: 239306 exec/s: 1299 rss: 479Mb L: 17119/239306 MS: 4 CopyPart-PersAutoDict-ChangeBinInt-EraseBytes- DE: "\377\377"-
#20916	REDUCE cov: 1406 ft: 2667 corp: 228/9650Kb lim: 239306 exec/s: 1307 rss: 479Mb L: 15714/239306 MS: 4 ChangeByte-ChangeBinInt-PersAutoDict-EraseBytes- DE: "\001\000"-
#20938	REDUCE cov: 1406 ft: 2667 corp: 228/9634Kb lim: 239306 exec/s: 1308 rss: 479Mb L: 112093/239306 MS: 2 ChangeASCIIInt-CrossOver-
#20944	REDUCE cov: 1406 ft: 2667 corp: 228/9633Kb lim: 239306 exec/s: 1309 rss: 479Mb L: 9214/239306 MS: 1 EraseBytes-
#20969	REDUCE cov: 1406 ft: 2667 corp: 228/9632Kb lim: 239306 exec/s: 1310 rss: 479Mb L: 1802/239306 MS: 5 ChangeBit-InsertRepeatedBytes-InsertRepeatedBytes-ChangeBinInt-EraseBytes-
#20984	REDUCE cov: 1406 ft: 2667 corp: 228/9614Kb lim: 239306 exec/s: 1311 rss: 479Mb L: 27189/239306 MS: 5 ChangeASCIIInt-ChangeBit-PersAutoDict-InsertByte-EraseBytes- DE: "\000\000\000\000\000\000\000\000"-
#20994	REDUCE cov: 1406 ft: 2667 corp: 228/9614Kb lim: 239306 exec/s: 1312 rss: 479Mb L: 12898/239306 MS: 5 CMP-PersAutoDict-CopyPart-ChangeASCIIInt-EraseBytes- DE: "\013}\362\213\006\007Q\017"-"\000\000\000\001"-
#21033	REDUCE cov: 1406 ft: 2667 corp: 228/9585Kb lim: 239306 exec/s: 1314 rss: 479Mb L: 89722/239306 MS: 4 ChangeBit-CrossOver-ShuffleBytes-EraseBytes-
#21060	REDUCE cov: 1406 ft: 2667 corp: 228/9581Kb lim: 239306 exec/s: 1316 rss: 479Mb L: 51574/239306 MS: 2 ChangeBit-EraseBytes-
#21171	REDUCE cov: 1406 ft: 2667 corp: 228/9581Kb lim: 239306 exec/s: 1323 rss: 479Mb L: 1066/239306 MS: 1 EraseBytes-
#21191	REDUCE cov: 1406 ft: 2667 corp: 228/9580Kb lim: 239306 exec/s: 1324 rss: 479Mb L: 7662/239306 MS: 5 ChangeBit-ChangeByte-ChangeBinInt-CopyPart-EraseBytes-
#21252	REDUCE cov: 1406 ft: 2667 corp: 228/9576Kb lim: 239306 exec/s: 1328 rss: 479Mb L: 12142/239306 MS: 1 EraseBytes-
#21272	REDUCE cov: 1406 ft: 2667 corp: 228/9573Kb lim: 239306 exec/s: 1329 rss: 479Mb L: 2635/239306 MS: 5 InsertByte-ChangeASCIIInt-CrossOver-ChangeASCIIInt-EraseBytes-
#21298	REDUCE cov: 1406 ft: 2667 corp: 228/9573Kb lim: 239306 exec/s: 1331 rss: 479Mb L: 1085/239306 MS: 1 EraseBytes-
#21396	REDUCE cov: 1406 ft: 2667 corp: 228/9568Kb lim: 239306 exec/s: 1337 rss: 479Mb L: 13462/239306 MS: 3 ChangeBinInt-ShuffleBytes-EraseBytes-
#21428	NEW    cov: 1406 ft: 2668 corp: 229/9617Kb lim: 239306 exec/s: 1339 rss: 479Mb L: 50038/239306 MS: 2 ChangeBit-EraseBytes-
#21445	REDUCE cov: 1406 ft: 2668 corp: 229/9572Kb lim: 239306 exec/s: 1340 rss: 479Mb L: 79691/239306 MS: 2 CopyPart-EraseBytes-
#21496	REDUCE cov: 1407 ft: 2676 corp: 230/9572Kb lim: 239306 exec/s: 1343 rss: 479Mb L: 130/239306 MS: 1 PersAutoDict- DE: "\312\000\000\000\000\000\000\000"-
#21543	REDUCE cov: 1407 ft: 2676 corp: 230/9572Kb lim: 239306 exec/s: 1346 rss: 479Mb L: 178/239306 MS: 2 InsertRepeatedBytes-EraseBytes-
#21608	REDUCE cov: 1407 ft: 2680 corp: 231/9573Kb lim: 239306 exec/s: 1350 rss: 479Mb L: 903/239306 MS: 5 ChangeASCIIInt-PersAutoDict-PersAutoDict-ChangeBit-CopyPart- DE: "\301\\\002\211\354-\012\221g\354\216e\241\215\353\276^U2\373\356\242\223\370\013\311B\356\220\206\301q"-"\023\3726\007\025M\202\333"-
#21660	REDUCE cov: 1407 ft: 2680 corp: 231/9573Kb lim: 239306 exec/s: 1353 rss: 479Mb L: 878/239306 MS: 2 PersAutoDict-EraseBytes- DE: "\023\3726\007\025M\202\333"-
#21674	REDUCE cov: 1407 ft: 2680 corp: 231/9566Kb lim: 239306 exec/s: 1354 rss: 479Mb L: 10548/239306 MS: 4 ChangeBit-InsertByte-ShuffleBytes-EraseBytes-
#21685	NEW    cov: 1407 ft: 2681 corp: 232/9664Kb lim: 239306 exec/s: 1275 rss: 479Mb L: 99823/239306 MS: 1 CrossOver-
#21763	REDUCE cov: 1407 ft: 2681 corp: 232/9657Kb lim: 239306 exec/s: 1280 rss: 479Mb L: 33729/239306 MS: 3 ChangeASCIIInt-ChangeASCIIInt-EraseBytes-
#21773	REDUCE cov: 1407 ft: 2681 corp: 232/9656Kb lim: 239306 exec/s: 1280 rss: 479Mb L: 3005/239306 MS: 5 InsertRepeatedBytes-ChangeByte-CMP-InsertByte-EraseBytes- DE: "Q\234\212y2&\000\000"-
#21839	REDUCE cov: 1407 ft: 2681 corp: 232/9655Kb lim: 239306 exec/s: 1284 rss: 479Mb L: 1260/239306 MS: 1 EraseBytes-
#21853	REDUCE cov: 1407 ft: 2681 corp: 232/9655Kb lim: 239306 exec/s: 1285 rss: 479Mb L: 123/239306 MS: 4 ChangeBit-CrossOver-ShuffleBytes-EraseBytes-
#21864	REDUCE cov: 1407 ft: 2681 corp: 232/9655Kb lim: 239306 exec/s: 1286 rss: 479Mb L: 16886/239306 MS: 1 EraseBytes-
#22005	REDUCE cov: 1407 ft: 2681 corp: 232/9638Kb lim: 239306 exec/s: 1294 rss: 479Mb L: 31008/239306 MS: 1 EraseBytes-
#22017	REDUCE cov: 1407 ft: 2681 corp: 232/9621Kb lim: 239306 exec/s: 1295 rss: 479Mb L: 29599/239306 MS: 2 InsertByte-EraseBytes-
#22048	REDUCE cov: 1407 ft: 2681 corp: 232/9609Kb lim: 239306 exec/s: 1296 rss: 479Mb L: 15976/239306 MS: 1 EraseBytes-
#22068	REDUCE cov: 1407 ft: 2681 corp: 232/9608Kb lim: 239306 exec/s: 1298 rss: 479Mb L: 576/239306 MS: 5 ShuffleBytes-ChangeByte-ChangeBit-CrossOver-EraseBytes-
#22079	REDUCE cov: 1407 ft: 2681 corp: 232/9596Kb lim: 239306 exec/s: 1298 rss: 479Mb L: 38612/239306 MS: 1 CrossOver-
#22083	REDUCE cov: 1407 ft: 2681 corp: 232/9591Kb lim: 239306 exec/s: 1299 rss: 479Mb L: 6254/239306 MS: 4 ShuffleBytes-InsertRepeatedBytes-CrossOver-EraseBytes-
#22099	REDUCE cov: 1407 ft: 2681 corp: 232/9591Kb lim: 239306 exec/s: 1299 rss: 479Mb L: 441/239306 MS: 1 EraseBytes-
#22100	REDUCE cov: 1407 ft: 2681 corp: 232/9588Kb lim: 239306 exec/s: 1300 rss: 479Mb L: 16807/239306 MS: 1 EraseBytes-
#22101	REDUCE cov: 1407 ft: 2681 corp: 232/9560Kb lim: 239306 exec/s: 1300 rss: 479Mb L: 50462/239306 MS: 1 EraseBytes-
#22106	REDUCE cov: 1407 ft: 2681 corp: 232/9556Kb lim: 239306 exec/s: 1300 rss: 479Mb L: 21087/239306 MS: 5 ChangeBinInt-CopyPart-ChangeASCIIInt-EraseBytes-CrossOver-
#22258	REDUCE cov: 1407 ft: 2681 corp: 232/9532Kb lim: 239306 exec/s: 1309 rss: 479Mb L: 26807/239306 MS: 2 ChangeBit-EraseBytes-
#22266	REDUCE cov: 1407 ft: 2681 corp: 232/9532Kb lim: 239306 exec/s: 1309 rss: 479Mb L: 217/239306 MS: 3 PersAutoDict-InsertRepeatedBytes-EraseBytes- DE: "\312\000\000\000\000\000\000\000"-
#22288	REDUCE cov: 1407 ft: 2681 corp: 232/9532Kb lim: 239306 exec/s: 1311 rss: 479Mb L: 1111/239306 MS: 2 ChangeASCIIInt-EraseBytes-
#22323	REDUCE cov: 1407 ft: 2681 corp: 232/9532Kb lim: 239306 exec/s: 1313 rss: 479Mb L: 1573/239306 MS: 5 ChangeBinInt-ChangeASCIIInt-ChangeBinInt-ShuffleBytes-EraseBytes-
#22380	REDUCE cov: 1407 ft: 2681 corp: 232/9531Kb lim: 239306 exec/s: 1316 rss: 479Mb L: 390/239306 MS: 2 ChangeBit-EraseBytes-
#22400	REDUCE cov: 1407 ft: 2681 corp: 232/9513Kb lim: 239306 exec/s: 1317 rss: 479Mb L: 170481/239306 MS: 5 InsertByte-ChangeASCIIInt-ChangeByte-ChangeBinInt-EraseBytes-
#22408	REDUCE cov: 1407 ft: 2681 corp: 232/9513Kb lim: 239306 exec/s: 1318 rss: 479Mb L: 59564/239306 MS: 3 PersAutoDict-ChangeByte-EraseBytes- DE: "\376\377\377\377\377\377\377\017"-
#22462	REDUCE cov: 1407 ft: 2681 corp: 232/9507Kb lim: 239306 exec/s: 1321 rss: 479Mb L: 14808/239306 MS: 4 InsertByte-ChangeByte-PersAutoDict-EraseBytes- DE: "\361\226=#\376\213c\210"-
#22521	REDUCE cov: 1407 ft: 2681 corp: 232/9499Kb lim: 239306 exec/s: 1324 rss: 479Mb L: 12206/239306 MS: 4 ShuffleBytes-ChangeASCIIInt-PersAutoDict-EraseBytes- DE: "\361\226=#\376\213c\210"-
#22533	REDUCE cov: 1407 ft: 2681 corp: 232/9499Kb lim: 239306 exec/s: 1325 rss: 479Mb L: 3829/239306 MS: 2 InsertRepeatedBytes-EraseBytes-
#22574	REDUCE cov: 1410 ft: 2684 corp: 233/9500Kb lim: 239306 exec/s: 1327 rss: 479Mb L: 649/239306 MS: 1 CMP- DE: "\001\000"-
#22700	REDUCE cov: 1410 ft: 2684 corp: 233/9500Kb lim: 239306 exec/s: 1335 rss: 479Mb L: 759/239306 MS: 1 EraseBytes-
#22790	REDUCE cov: 1410 ft: 2684 corp: 233/9499Kb lim: 239306 exec/s: 1340 rss: 479Mb L: 592/239306 MS: 5 ChangeBinInt-ChangeBit-InsertByte-CrossOver-EraseBytes-
#22862	REDUCE cov: 1410 ft: 2684 corp: 233/9492Kb lim: 239306 exec/s: 1344 rss: 479Mb L: 8805/239306 MS: 2 ChangeByte-EraseBytes-
#22900	REDUCE cov: 1410 ft: 2684 corp: 233/9487Kb lim: 239306 exec/s: 1347 rss: 479Mb L: 19326/239306 MS: 3 ChangeBinInt-ChangeBit-EraseBytes-
#23000	REDUCE cov: 1410 ft: 2684 corp: 233/9478Kb lim: 239306 exec/s: 1352 rss: 479Mb L: 20068/239306 MS: 5 ShuffleBytes-PersAutoDict-CrossOver-CrossOver-EraseBytes- DE: "\001\000\000\000"-
#23061	REDUCE cov: 1410 ft: 2684 corp: 233/9468Kb lim: 239306 exec/s: 1356 rss: 479Mb L: 47611/239306 MS: 1 EraseBytes-
#23068	REDUCE cov: 1410 ft: 2684 corp: 233/9468Kb lim: 239306 exec/s: 1356 rss: 479Mb L: 301/239306 MS: 2 ShuffleBytes-EraseBytes-
#23074	REDUCE cov: 1410 ft: 2684 corp: 233/9467Kb lim: 239306 exec/s: 1357 rss: 479Mb L: 29956/239306 MS: 1 EraseBytes-
#23126	REDUCE cov: 1410 ft: 2684 corp: 233/9466Kb lim: 239306 exec/s: 1360 rss: 479Mb L: 6678/239306 MS: 2 ShuffleBytes-EraseBytes-
#23172	REDUCE cov: 1410 ft: 2684 corp: 233/9439Kb lim: 239306 exec/s: 1287 rss: 479Mb L: 47132/239306 MS: 1 EraseBytes-
#23182	REDUCE cov: 1410 ft: 2684 corp: 233/9426Kb lim: 239306 exec/s: 1287 rss: 479Mb L: 51348/239306 MS: 5 ChangeASCIIInt-ChangeASCIIInt-InsertRepeatedBytes-ChangeBit-EraseBytes-
#23302	REDUCE cov: 1410 ft: 2684 corp: 233/9424Kb lim: 239306 exec/s: 1294 rss: 479Mb L: 8577/239306 MS: 5 PersAutoDict-ChangeByte-ChangeByte-InsertRepeatedBytes-EraseBytes- DE: "\377\377\377\377\377\377\377\377"-
#23369	REDUCE cov: 1410 ft: 2684 corp: 233/9418Kb lim: 239306 exec/s: 1298 rss: 479Mb L: 45265/239306 MS: 2 PersAutoDict-EraseBytes- DE: "\000\000{\2303i)\200"-
#23448	REDUCE cov: 1410 ft: 2684 corp: 233/9416Kb lim: 239306 exec/s: 1302 rss: 479Mb L: 5135/239306 MS: 4 ShuffleBytes-ChangeByte-CopyPart-EraseBytes-
#23485	REDUCE cov: 1410 ft: 2684 corp: 233/9411Kb lim: 239306 exec/s: 1304 rss: 479Mb L: 8972/239306 MS: 2 ChangeASCIIInt-EraseBytes-
#23522	REDUCE cov: 1410 ft: 2684 corp: 233/9411Kb lim: 239306 exec/s: 1306 rss: 479Mb L: 794/239306 MS: 2 ChangeASCIIInt-EraseBytes-
#23538	REDUCE cov: 1410 ft: 2684 corp: 233/9411Kb lim: 239306 exec/s: 1307 rss: 479Mb L: 1840/239306 MS: 1 EraseBytes-
#23612	NEW    cov: 1411 ft: 2685 corp: 234/9412Kb lim: 239306 exec/s: 1311 rss: 479Mb L: 1701/239306 MS: 4 ChangeBit-ChangeASCIIInt-CMP-ChangeByte- DE: "\003\377\377\377\377\377\377\377"-
#23613	REDUCE cov: 1411 ft: 2685 corp: 234/9412Kb lim: 239306 exec/s: 1311 rss: 479Mb L: 11383/239306 MS: 1 EraseBytes-
#23620	REDUCE cov: 1411 ft: 2685 corp: 234/9411Kb lim: 239306 exec/s: 1312 rss: 479Mb L: 44054/239306 MS: 2 PersAutoDict-EraseBytes- DE: "\376\377\377\377\377\377\377\017"-
#23638	REDUCE cov: 1411 ft: 2685 corp: 234/9410Kb lim: 239306 exec/s: 1313 rss: 479Mb L: 27748/239306 MS: 3 ChangeASCIIInt-ChangeBit-EraseBytes-
#23639	REDUCE cov: 1411 ft: 2685 corp: 234/9410Kb lim: 239306 exec/s: 1313 rss: 479Mb L: 426/239306 MS: 1 EraseBytes-
#23645	REDUCE cov: 1411 ft: 2685 corp: 234/9409Kb lim: 239306 exec/s: 1313 rss: 479Mb L: 663/239306 MS: 1 EraseBytes-
#23671	REDUCE cov: 1411 ft: 2685 corp: 234/9409Kb lim: 239306 exec/s: 1315 rss: 479Mb L: 44820/239306 MS: 1 EraseBytes-
#23707	REDUCE cov: 1411 ft: 2685 corp: 234/9405Kb lim: 239306 exec/s: 1317 rss: 479Mb L: 26832/239306 MS: 1 EraseBytes-
#23723	REDUCE cov: 1411 ft: 2685 corp: 234/9404Kb lim: 239306 exec/s: 1317 rss: 479Mb L: 114/239306 MS: 1 EraseBytes-
#23739	REDUCE cov: 1411 ft: 2685 corp: 234/9404Kb lim: 239306 exec/s: 1318 rss: 479Mb L: 380/239306 MS: 1 EraseBytes-
#23795	REDUCE cov: 1411 ft: 2685 corp: 234/9404Kb lim: 239306 exec/s: 1321 rss: 479Mb L: 15178/239306 MS: 1 EraseBytes-
#24214	REDUCE cov: 1411 ft: 2685 corp: 234/9403Kb lim: 239306 exec/s: 1345 rss: 479Mb L: 2689/239306 MS: 4 InsertByte-ChangeBinInt-PersAutoDict-EraseBytes- DE: "\001\000\000\000\000\000\000\000"-
#24258	REDUCE cov: 1411 ft: 2685 corp: 234/9403Kb lim: 239306 exec/s: 1347 rss: 479Mb L: 611/239306 MS: 4 ChangeASCIIInt-CrossOver-ChangeASCIIInt-EraseBytes-
#24260	REDUCE cov: 1411 ft: 2685 corp: 234/9398Kb lim: 239306 exec/s: 1347 rss: 479Mb L: 54555/239306 MS: 2 CrossOver-EraseBytes-
#24499	REDUCE cov: 1411 ft: 2685 corp: 234/9398Kb lim: 239306 exec/s: 1361 rss: 479Mb L: 85/239306 MS: 4 ChangeBinInt-CMP-PersAutoDict-EraseBytes- DE: "\377\377\377\377\377\377\377\025"-"\001\000\000\000\000\000\000)"-
#24599	REDUCE cov: 1411 ft: 2685 corp: 234/9383Kb lim: 239306 exec/s: 1366 rss: 479Mb L: 12749/239306 MS: 5 InsertRepeatedBytes-InsertRepeatedBytes-EraseBytes-InsertByte-EraseBytes-
#24728	REDUCE cov: 1411 ft: 2685 corp: 234/9383Kb lim: 239306 exec/s: 1373 rss: 479Mb L: 368/239306 MS: 4 CopyPart-ShuffleBytes-ChangeBinInt-EraseBytes-
#24786	REDUCE cov: 1411 ft: 2685 corp: 234/9383Kb lim: 239306 exec/s: 1304 rss: 479Mb L: 1555/239306 MS: 3 CopyPart-ChangeASCIIInt-EraseBytes-
#24833	REDUCE cov: 1411 ft: 2685 corp: 234/9368Kb lim: 239306 exec/s: 1307 rss: 479Mb L: 94408/239306 MS: 2 CMP-EraseBytes- DE: "\001\010\000\000\000\000\000\000"-
#24883	REDUCE cov: 1411 ft: 2685 corp: 234/9348Kb lim: 239306 exec/s: 1309 rss: 479Mb L: 45950/239306 MS: 5 ChangeByte-InsertRepeatedBytes-ChangeBit-PersAutoDict-EraseBytes- DE: "\252\252\252\252\252\252\252\012"-
#24902	REDUCE cov: 1411 ft: 2685 corp: 234/9275Kb lim: 239306 exec/s: 1310 rss: 479Mb L: 96567/239306 MS: 4 PersAutoDict-ChangeBit-CrossOver-EraseBytes- DE: "2\300B\001\275q\277\024"-
#24907	REDUCE cov: 1411 ft: 2685 corp: 234/9272Kb lim: 239306 exec/s: 1310 rss: 479Mb L: 5806/239306 MS: 5 ChangeASCIIInt-InsertByte-InsertRepeatedBytes-ChangeASCIIInt-EraseBytes-
#24962	REDUCE cov: 1411 ft: 2685 corp: 234/9272Kb lim: 239306 exec/s: 1313 rss: 479Mb L: 2153/239306 MS: 5 CopyPart-PersAutoDict-CopyPart-PersAutoDict-EraseBytes- DE: "\007\000\000\000\000\000\000\000"-"\003\000\000\000\000\000\000\000"-
#25016	REDUCE cov: 1411 ft: 2685 corp: 234/9268Kb lim: 239306 exec/s: 1316 rss: 479Mb L: 11317/239306 MS: 4 ShuffleBytes-InsertByte-InsertByte-EraseBytes-
#25073	REDUCE cov: 1411 ft: 2685 corp: 234/9245Kb lim: 239306 exec/s: 1319 rss: 479Mb L: 193165/239306 MS: 2 PersAutoDict-EraseBytes- DE: "\001\000\000\000\000\000\000\002"-
#25090	REDUCE cov: 1411 ft: 2685 corp: 234/9245Kb lim: 239306 exec/s: 1320 rss: 479Mb L: 6887/239306 MS: 2 ChangeASCIIInt-EraseBytes-
#25109	REDUCE cov: 1411 ft: 2685 corp: 234/9244Kb lim: 239306 exec/s: 1321 rss: 479Mb L: 9726/239306 MS: 4 ChangeByte-ChangeBit-ChangeByte-EraseBytes-
#25146	REDUCE cov: 1411 ft: 2685 corp: 234/9243Kb lim: 239306 exec/s: 1323 rss: 479Mb L: 619/239306 MS: 2 ChangeBinInt-EraseBytes-
#25185	REDUCE cov: 1411 ft: 2685 corp: 234/9243Kb lim: 239306 exec/s: 1325 rss: 479Mb L: 616/239306 MS: 4 PersAutoDict-CMP-CrossOver-EraseBytes- DE: "\3170\206yb&\000\000"-"\330\002\000\000\000\000\000\000"-
#25206	REDUCE cov: 1411 ft: 2685 corp: 234/9207Kb lim: 239306 exec/s: 1326 rss: 479Mb L: 68973/239306 MS: 1 EraseBytes-
#25239	REDUCE cov: 1411 ft: 2685 corp: 234/9181Kb lim: 239306 exec/s: 1328 rss: 479Mb L: 89228/239306 MS: 3 InsertRepeatedBytes-ChangeByte-EraseBytes-
#25442	REDUCE cov: 1411 ft: 2685 corp: 234/9179Kb lim: 239306 exec/s: 1339 rss: 479Mb L: 11027/239306 MS: 3 PersAutoDict-ShuffleBytes-EraseBytes- DE: "\252\252\252\252\252\252\252\012"-
#25450	REDUCE cov: 1411 ft: 2685 corp: 234/9159Kb lim: 239306 exec/s: 1339 rss: 479Mb L: 31526/239306 MS: 3 CMP-ChangeASCIIInt-EraseBytes- DE: "\000\000\000\000\000\000\006I"-
#25454	REDUCE cov: 1411 ft: 2686 corp: 235/9160Kb lim: 239306 exec/s: 1339 rss: 479Mb L: 223/239306 MS: 4 ChangeBinInt-CopyPart-ChangeBinInt-EraseBytes-
#25488	REDUCE cov: 1411 ft: 2686 corp: 235/9159Kb lim: 239306 exec/s: 1341 rss: 479Mb L: 1548/239306 MS: 4 InsertRepeatedBytes-CrossOver-ChangeBinInt-EraseBytes-
#25545	REDUCE cov: 1411 ft: 2686 corp: 235/9159Kb lim: 239306 exec/s: 1344 rss: 479Mb L: 11292/239306 MS: 2 ShuffleBytes-EraseBytes-
#25551	REDUCE cov: 1411 ft: 2686 corp: 235/9159Kb lim: 239306 exec/s: 1344 rss: 479Mb L: 1348/239306 MS: 1 EraseBytes-
#25554	REDUCE cov: 1411 ft: 2686 corp: 235/9155Kb lim: 239306 exec/s: 1344 rss: 479Mb L: 6683/239306 MS: 3 ChangeASCIIInt-PersAutoDict-EraseBytes- DE: "\001\000\000\000"-
#25556	REDUCE cov: 1411 ft: 2686 corp: 235/9154Kb lim: 239306 exec/s: 1345 rss: 479Mb L: 1215/239306 MS: 2 PersAutoDict-EraseBytes- DE: "\267;dno\014#o"-
#25573	REDUCE cov: 1411 ft: 2686 corp: 235/9127Kb lim: 239306 exec/s: 1345 rss: 479Mb L: 67362/239306 MS: 2 ChangeBinInt-EraseBytes-
#25602	REDUCE cov: 1411 ft: 2686 corp: 235/9127Kb lim: 239306 exec/s: 1347 rss: 479Mb L: 1661/239306 MS: 4 PersAutoDict-CopyPart-ChangeBit-EraseBytes- DE: "\000\000\000\000"-
#25622	REDUCE cov: 1411 ft: 2686 corp: 235/9127Kb lim: 239306 exec/s: 1348 rss: 479Mb L: 838/239306 MS: 5 ShuffleBytes-PersAutoDict-InsertByte-InsertRepeatedBytes-EraseBytes- DE: "\003\000\000\000\000\000\000\000"-
#25686	REDUCE cov: 1411 ft: 2686 corp: 235/9104Kb lim: 239306 exec/s: 1351 rss: 479Mb L: 40475/239306 MS: 4 InsertRepeatedBytes-ShuffleBytes-PersAutoDict-EraseBytes- DE: "\001\000\000\000"-
#25693	REDUCE cov: 1411 ft: 2686 corp: 235/9101Kb lim: 239306 exec/s: 1352 rss: 479Mb L: 3900/239306 MS: 2 ChangeBit-EraseBytes-
#25710	REDUCE cov: 1411 ft: 2686 corp: 235/9101Kb lim: 239306 exec/s: 1353 rss: 479Mb L: 200/239306 MS: 2 ShuffleBytes-EraseBytes-
#25742	REDUCE cov: 1411 ft: 2686 corp: 235/9090Kb lim: 239306 exec/s: 1354 rss: 479Mb L: 27271/239306 MS: 2 ChangeBit-EraseBytes-
#25763	REDUCE cov: 1411 ft: 2687 corp: 236/9090Kb lim: 239306 exec/s: 1355 rss: 479Mb L: 61/239306 MS: 1 EraseBytes-
#25801	REDUCE cov: 1411 ft: 2687 corp: 236/9090Kb lim: 239306 exec/s: 1357 rss: 479Mb L: 283/239306 MS: 3 InsertByte-ChangeBinInt-EraseBytes-
#25862	REDUCE cov: 1411 ft: 2693 corp: 237/9090Kb lim: 239306 exec/s: 1361 rss: 479Mb L: 368/239306 MS: 1 ChangeBinInt-
#25896	REDUCE cov: 1411 ft: 2693 corp: 237/9090Kb lim: 239306 exec/s: 1362 rss: 479Mb L: 145/239306 MS: 4 InsertRepeatedBytes-ChangeByte-CopyPart-EraseBytes-
#25900	REDUCE cov: 1411 ft: 2693 corp: 237/9079Kb lim: 239306 exec/s: 1363 rss: 479Mb L: 29215/239306 MS: 4 ChangeBit-ChangeBit-ChangeBit-EraseBytes-
#25977	REDUCE cov: 1411 ft: 2693 corp: 237/9075Kb lim: 239306 exec/s: 1367 rss: 479Mb L: 23541/239306 MS: 2 ChangeASCIIInt-EraseBytes-
#26021	REDUCE cov: 1411 ft: 2693 corp: 237/9072Kb lim: 239306 exec/s: 1369 rss: 479Mb L: 10989/239306 MS: 4 ChangeBinInt-PersAutoDict-InsertRepeatedBytes-EraseBytes- DE: "\001\000\000\000"-
#26028	REDUCE cov: 1411 ft: 2693 corp: 237/9070Kb lim: 239306 exec/s: 1369 rss: 479Mb L: 6261/239306 MS: 2 InsertByte-EraseBytes-
#26029	REDUCE cov: 1411 ft: 2693 corp: 237/9070Kb lim: 239306 exec/s: 1369 rss: 479Mb L: 651/239306 MS: 1 EraseBytes-
#26060	REDUCE cov: 1411 ft: 2693 corp: 237/9062Kb lim: 239306 exec/s: 1371 rss: 479Mb L: 18634/239306 MS: 1 EraseBytes-
#26118	REDUCE cov: 1411 ft: 2693 corp: 237/9048Kb lim: 239306 exec/s: 1374 rss: 479Mb L: 515/239306 MS: 3 ShuffleBytes-PersAutoDict-CrossOver- DE: "Q\234\212y2&\000\000"-
#26134	REDUCE cov: 1411 ft: 2693 corp: 237/9048Kb lim: 239306 exec/s: 1375 rss: 479Mb L: 437/239306 MS: 1 EraseBytes-
#26136	REDUCE cov: 1411 ft: 2693 corp: 237/9022Kb lim: 239306 exec/s: 1375 rss: 479Mb L: 46837/239306 MS: 2 InsertRepeatedBytes-EraseBytes-
#26157	REDUCE cov: 1411 ft: 2693 corp: 237/9021Kb lim: 239306 exec/s: 1376 rss: 479Mb L: 3157/239306 MS: 1 EraseBytes-
#26233	REDUCE cov: 1411 ft: 2693 corp: 237/9020Kb lim: 239306 exec/s: 1380 rss: 479Mb L: 25137/239306 MS: 1 EraseBytes-
#26234	REDUCE cov: 1411 ft: 2693 corp: 237/9000Kb lim: 239306 exec/s: 1380 rss: 479Mb L: 24901/239306 MS: 1 EraseBytes-
#26257	REDUCE cov: 1412 ft: 2694 corp: 238/9000Kb lim: 239306 exec/s: 1381 rss: 479Mb L: 153/239306 MS: 3 PersAutoDict-ChangeBit-ChangeBinInt- DE: "\002\000\000\000\000\000\000\000"-
#26303	REDUCE cov: 1412 ft: 2694 corp: 238/9000Kb lim: 239306 exec/s: 1384 rss: 479Mb L: 2278/239306 MS: 1 EraseBytes-
#26321	REDUCE cov: 1412 ft: 2694 corp: 238/8975Kb lim: 239306 exec/s: 1316 rss: 479Mb L: 89963/239306 MS: 3 ChangeByte-ChangeBit-EraseBytes-
#26337	REDUCE cov: 1412 ft: 2694 corp: 238/8975Kb lim: 239306 exec/s: 1316 rss: 479Mb L: 27224/239306 MS: 1 EraseBytes-
#26375	REDUCE cov: 1412 ft: 2694 corp: 238/8973Kb lim: 239306 exec/s: 1318 rss: 479Mb L: 23089/239306 MS: 3 CopyPart-ChangeASCIIInt-EraseBytes-
#26426	REDUCE cov: 1412 ft: 2694 corp: 238/8972Kb lim: 239306 exec/s: 1321 rss: 479Mb L: 3178/239306 MS: 1 EraseBytes-
#26431	REDUCE cov: 1412 ft: 2694 corp: 238/8972Kb lim: 239306 exec/s: 1321 rss: 479Mb L: 2282/239306 MS: 5 ChangeBinInt-InsertByte-CMP-ChangeASCIIInt-EraseBytes- DE: "\377\377\377\377\377\377\377\003"-
#26442	REDUCE cov: 1412 ft: 2694 corp: 238/8962Kb lim: 239306 exec/s: 1322 rss: 479Mb L: 25303/239306 MS: 1 EraseBytes-
#26450	REDUCE cov: 1412 ft: 2694 corp: 238/8950Kb lim: 239306 exec/s: 1322 rss: 479Mb L: 20949/239306 MS: 3 ChangeByte-ChangeBinInt-EraseBytes-
#26511	REDUCE cov: 1412 ft: 2694 corp: 238/8950Kb lim: 239306 exec/s: 1325 rss: 479Mb L: 101/239306 MS: 1 EraseBytes-
#26543	REDUCE cov: 1412 ft: 2694 corp: 238/8950Kb lim: 239306 exec/s: 1327 rss: 479Mb L: 527/239306 MS: 2 InsertByte-EraseBytes-
#26545	REDUCE cov: 1412 ft: 2694 corp: 238/8948Kb lim: 239306 exec/s: 1327 rss: 479Mb L: 18436/239306 MS: 2 InsertByte-EraseBytes-
#26737	REDUCE cov: 1412 ft: 2694 corp: 238/8948Kb lim: 239306 exec/s: 1336 rss: 479Mb L: 9119/239306 MS: 2 ChangeBit-EraseBytes-
#26744	REDUCE cov: 1412 ft: 2694 corp: 238/8948Kb lim: 239306 exec/s: 1337 rss: 479Mb L: 1520/239306 MS: 2 ShuffleBytes-EraseBytes-
#26775	REDUCE cov: 1412 ft: 2694 corp: 238/8935Kb lim: 239306 exec/s: 1338 rss: 479Mb L: 18173/239306 MS: 1 EraseBytes-
#26781	REDUCE cov: 1412 ft: 2694 corp: 238/8935Kb lim: 239306 exec/s: 1339 rss: 479Mb L: 72/239306 MS: 1 EraseBytes-
#26787	REDUCE cov: 1412 ft: 2694 corp: 238/8923Kb lim: 239306 exec/s: 1339 rss: 479Mb L: 37907/239306 MS: 1 EraseBytes-
#26789	REDUCE cov: 1412 ft: 2694 corp: 238/8920Kb lim: 239306 exec/s: 1339 rss: 479Mb L: 11968/239306 MS: 2 PersAutoDict-EraseBytes- DE: "\006UUUUUUU"-
#26860	REDUCE cov: 1412 ft: 2694 corp: 238/8919Kb lim: 239306 exec/s: 1343 rss: 479Mb L: 6349/239306 MS: 1 EraseBytes-
#26871	REDUCE cov: 1412 ft: 2694 corp: 238/8919Kb lim: 239306 exec/s: 1343 rss: 479Mb L: 521/239306 MS: 1 EraseBytes-
#26990	REDUCE cov: 1412 ft: 2694 corp: 238/8919Kb lim: 239306 exec/s: 1349 rss: 479Mb L: 324/239306 MS: 4 InsertByte-InsertRepeatedBytes-CrossOver-EraseBytes-
#27007	REDUCE cov: 1412 ft: 2694 corp: 238/8919Kb lim: 239306 exec/s: 1350 rss: 479Mb L: 369/239306 MS: 2 ShuffleBytes-EraseBytes-
#27025	REDUCE cov: 1412 ft: 2694 corp: 238/8908Kb lim: 239306 exec/s: 1351 rss: 479Mb L: 11761/239306 MS: 3 PersAutoDict-InsertRepeatedBytes-EraseBytes- DE: "\377\377\377\377\377\377\377\025"-
#27052	REDUCE cov: 1412 ft: 2694 corp: 238/8907Kb lim: 239306 exec/s: 1352 rss: 479Mb L: 770/239306 MS: 2 PersAutoDict-EraseBytes- DE: "\002\377\377\377\377\377\377\377"-
#27079	REDUCE cov: 1412 ft: 2694 corp: 238/8907Kb lim: 239306 exec/s: 1353 rss: 479Mb L: 5696/239306 MS: 2 ShuffleBytes-EraseBytes-
#27100	REDUCE cov: 1412 ft: 2694 corp: 238/8906Kb lim: 239306 exec/s: 1355 rss: 479Mb L: 2277/239306 MS: 1 EraseBytes-
#27281	REDUCE cov: 1412 ft: 2694 corp: 238/8904Kb lim: 239306 exec/s: 1364 rss: 479Mb L: 47967/239306 MS: 1 EraseBytes-
#27323	REDUCE cov: 1412 ft: 2694 corp: 238/8900Kb lim: 239306 exec/s: 1366 rss: 479Mb L: 4665/239306 MS: 2 InsertRepeatedBytes-EraseBytes-
#27414	REDUCE cov: 1412 ft: 2694 corp: 238/8900Kb lim: 239306 exec/s: 1370 rss: 479Mb L: 289/239306 MS: 1 EraseBytes-
#27550	REDUCE cov: 1412 ft: 2694 corp: 238/8895Kb lim: 239306 exec/s: 1377 rss: 479Mb L: 7577/239306 MS: 1 EraseBytes-
#27556	REDUCE cov: 1412 ft: 2694 corp: 238/8894Kb lim: 239306 exec/s: 1377 rss: 479Mb L: 4384/239306 MS: 1 EraseBytes-
#27578	REDUCE cov: 1412 ft: 2694 corp: 238/8894Kb lim: 239306 exec/s: 1378 rss: 479Mb L: 497/239306 MS: 2 PersAutoDict-EraseBytes- DE: "2\300B\001\275q\277\024"-
#27597	REDUCE cov: 1412 ft: 2695 corp: 239/8894Kb lim: 239306 exec/s: 1379 rss: 479Mb L: 62/239306 MS: 4 ChangeBit-CrossOver-ChangeByte-EraseBytes-
#27633	REDUCE cov: 1412 ft: 2695 corp: 239/8894Kb lim: 239306 exec/s: 1381 rss: 479Mb L: 144/239306 MS: 1 EraseBytes-
#27771	REDUCE cov: 1412 ft: 2695 corp: 239/8892Kb lim: 239306 exec/s: 1388 rss: 479Mb L: 9221/239306 MS: 3 ChangeBit-PersAutoDict-EraseBytes- DE: "\026\000\000\000\000\000\000\000"-
#27772	REDUCE cov: 1412 ft: 2695 corp: 239/8892Kb lim: 239306 exec/s: 1388 rss: 479Mb L: 9454/239306 MS: 1 EraseBytes-
#27789	REDUCE cov: 1412 ft: 2695 corp: 239/8881Kb lim: 239306 exec/s: 1389 rss: 479Mb L: 13853/239306 MS: 2 InsertRepeatedBytes-EraseBytes-
#27792	REDUCE cov: 1412 ft: 2695 corp: 239/8879Kb lim: 239306 exec/s: 1389 rss: 479Mb L: 18497/239306 MS: 3 ShuffleBytes-ChangeBinInt-EraseBytes-
#27818	REDUCE cov: 1412 ft: 2695 corp: 239/8875Kb lim: 239306 exec/s: 1390 rss: 479Mb L: 23430/239306 MS: 1 EraseBytes-
#27915	REDUCE cov: 1412 ft: 2695 corp: 239/8875Kb lim: 239306 exec/s: 1395 rss: 479Mb L: 751/239306 MS: 2 ChangeBit-EraseBytes-
#27941	REDUCE cov: 1412 ft: 2695 corp: 239/8870Kb lim: 239306 exec/s: 1397 rss: 479Mb L: 12984/239306 MS: 1 EraseBytes-
#27942	REDUCE cov: 1412 ft: 2695 corp: 239/8869Kb lim: 239306 exec/s: 1397 rss: 479Mb L: 10683/239306 MS: 1 EraseBytes-
#28002	REDUCE cov: 1412 ft: 2695 corp: 239/8869Kb lim: 239306 exec/s: 1333 rss: 479Mb L: 825/239306 MS: 5 PersAutoDict-ShuffleBytes-ChangeByte-ChangeBit-EraseBytes- DE: "\002\377\377\377\377\377\377\377"-
#28008	REDUCE cov: 1412 ft: 2695 corp: 239/8869Kb lim: 239306 exec/s: 1333 rss: 479Mb L: 308/239306 MS: 1 EraseBytes-
#28126	REDUCE cov: 1412 ft: 2695 corp: 239/8869Kb lim: 239306 exec/s: 1339 rss: 479Mb L: 2002/239306 MS: 3 CopyPart-ShuffleBytes-EraseBytes-
#28139	REDUCE cov: 1412 ft: 2695 corp: 239/8869Kb lim: 239306 exec/s: 1339 rss: 479Mb L: 438/239306 MS: 3 InsertRepeatedBytes-PersAutoDict-EraseBytes- DE: "\312\000\000\000\000\000\000\000"-
#28181	REDUCE cov: 1412 ft: 2695 corp: 239/8827Kb lim: 239306 exec/s: 1341 rss: 479Mb L: 53618/239306 MS: 2 InsertByte-EraseBytes-
#28242	REDUCE cov: 1412 ft: 2695 corp: 239/8826Kb lim: 239306 exec/s: 1344 rss: 479Mb L: 1680/239306 MS: 1 EraseBytes-
#28303	REDUCE cov: 1412 ft: 2695 corp: 239/8826Kb lim: 239306 exec/s: 1347 rss: 479Mb L: 592/239306 MS: 1 EraseBytes-
#28356	REDUCE cov: 1412 ft: 2695 corp: 239/8826Kb lim: 239306 exec/s: 1350 rss: 479Mb L: 671/239306 MS: 3 ChangeBinInt-ChangeBinInt-EraseBytes-
#28365	REDUCE cov: 1412 ft: 2695 corp: 239/8825Kb lim: 239306 exec/s: 1350 rss: 479Mb L: 1546/239306 MS: 4 ChangeBinInt-PersAutoDict-CopyPart-EraseBytes- DE: "\001\000\000\000\000\000\000\002"-
#28418	REDUCE cov: 1412 ft: 2695 corp: 239/8822Kb lim: 239306 exec/s: 1353 rss: 479Mb L: 7556/239306 MS: 3 ChangeASCIIInt-CopyPart-EraseBytes-
#28499	REDUCE cov: 1412 ft: 2695 corp: 239/8816Kb lim: 239306 exec/s: 1357 rss: 479Mb L: 25406/239306 MS: 1 EraseBytes-
#28509	REDUCE cov: 1412 ft: 2695 corp: 239/8815Kb lim: 239306 exec/s: 1357 rss: 479Mb L: 5582/239306 MS: 5 InsertRepeatedBytes-ChangeBinInt-ChangeBinInt-InsertRepeatedBytes-EraseBytes-
#28542	REDUCE cov: 1412 ft: 2695 corp: 239/8813Kb lim: 239306 exec/s: 1359 rss: 479Mb L: 3703/239306 MS: 3 InsertRepeatedBytes-ChangeBit-EraseBytes-
#28543	REDUCE cov: 1412 ft: 2695 corp: 239/8792Kb lim: 239306 exec/s: 1359 rss: 479Mb L: 27177/239306 MS: 1 EraseBytes-
#28741	REDUCE cov: 1412 ft: 2695 corp: 239/8777Kb lim: 239306 exec/s: 1368 rss: 479Mb L: 36315/239306 MS: 3 ChangeByte-ChangeByte-EraseBytes-
#28747	REDUCE cov: 1412 ft: 2695 corp: 239/8777Kb lim: 239306 exec/s: 1368 rss: 479Mb L: 363/239306 MS: 1 EraseBytes-
#28821	REDUCE cov: 1412 ft: 2695 corp: 239/8777Kb lim: 239306 exec/s: 1372 rss: 479Mb L: 3619/239306 MS: 4 CopyPart-ChangeBit-CMP-EraseBytes- DE: "\000\000"-
#28908	REDUCE cov: 1414 ft: 2697 corp: 240/8777Kb lim: 239306 exec/s: 1376 rss: 479Mb L: 299/239306 MS: 2 EraseBytes-CopyPart-
#28920	REDUCE cov: 1414 ft: 2697 corp: 240/8774Kb lim: 239306 exec/s: 1377 rss: 479Mb L: 50196/239306 MS: 2 ChangeBit-EraseBytes-
#28956	REDUCE cov: 1414 ft: 2697 corp: 240/8773Kb lim: 239306 exec/s: 1378 rss: 479Mb L: 1712/239306 MS: 1 EraseBytes-
#28998	REDUCE cov: 1415 ft: 2698 corp: 241/8775Kb lim: 239306 exec/s: 1380 rss: 479Mb L: 2045/239306 MS: 2 ChangeByte-EraseBytes-
#29008	REDUCE cov: 1417 ft: 2700 corp: 242/8805Kb lim: 239306 exec/s: 1381 rss: 479Mb L: 31100/239306 MS: 5 CopyPart-InsertByte-ShuffleBytes-CrossOver-CMP- DE: "\001\000"-
#29017	REDUCE cov: 1417 ft: 2700 corp: 242/8800Kb lim: 239306 exec/s: 1381 rss: 479Mb L: 21855/239306 MS: 4 CrossOver-CopyPart-CrossOver-EraseBytes-
#29047	REDUCE cov: 1417 ft: 2700 corp: 242/8799Kb lim: 239306 exec/s: 1383 rss: 479Mb L: 549/239306 MS: 5 ChangeASCIIInt-InsertRepeatedBytes-InsertByte-InsertRepeatedBytes-EraseBytes-
#29087	REDUCE cov: 1417 ft: 2700 corp: 242/8798Kb lim: 239306 exec/s: 1385 rss: 479Mb L: 9844/239306 MS: 5 ChangeBinInt-ChangeASCIIInt-InsertByte-PersAutoDict-EraseBytes- DE: "\003\377\377\377\377\377\377\377"-
#29089	REDUCE cov: 1417 ft: 2700 corp: 242/8797Kb lim: 239306 exec/s: 1385 rss: 479Mb L: 1379/239306 MS: 2 ChangeBit-EraseBytes-
#29123	REDUCE cov: 1417 ft: 2700 corp: 242/8796Kb lim: 239306 exec/s: 1386 rss: 479Mb L: 2211/239306 MS: 4 ShuffleBytes-CMP-InsertRepeatedBytes-EraseBytes- DE: "\377\377"-
#29138	REDUCE cov: 1417 ft: 2700 corp: 242/8785Kb lim: 239306 exec/s: 1387 rss: 479Mb L: 16266/239306 MS: 5 PersAutoDict-ChangeASCIIInt-ChangeBit-EraseBytes-InsertRepeatedBytes- DE: "\000\000\000\000"-
#29141	REDUCE cov: 1417 ft: 2700 corp: 242/8782Kb lim: 239306 exec/s: 1387 rss: 479Mb L: 6071/239306 MS: 3 PersAutoDict-InsertByte-EraseBytes- DE: "\267;dno\014#o"-
#29148	REDUCE cov: 1417 ft: 2700 corp: 242/8780Kb lim: 239306 exec/s: 1388 rss: 479Mb L: 7722/239306 MS: 2 ChangeBit-EraseBytes-
#29149	REDUCE cov: 1417 ft: 2700 corp: 242/8780Kb lim: 239306 exec/s: 1388 rss: 479Mb L: 10841/239306 MS: 1 EraseBytes-
#29185	REDUCE cov: 1417 ft: 2700 corp: 242/8779Kb lim: 239306 exec/s: 1389 rss: 479Mb L: 5663/239306 MS: 1 EraseBytes-
#29197	REDUCE cov: 1417 ft: 2700 corp: 242/8779Kb lim: 239306 exec/s: 1390 rss: 479Mb L: 249/239306 MS: 2 ChangeByte-EraseBytes-
#29204	REDUCE cov: 1417 ft: 2700 corp: 242/8779Kb lim: 239306 exec/s: 1390 rss: 479Mb L: 193/239306 MS: 2 CopyPart-EraseBytes-
#29252	REDUCE cov: 1417 ft: 2700 corp: 242/8775Kb lim: 239306 exec/s: 1392 rss: 479Mb L: 9685/239306 MS: 3 InsertRepeatedBytes-CMP-EraseBytes- DE: "\000\000\000\000\000\000\000M"-
#29368	REDUCE cov: 1417 ft: 2700 corp: 242/8770Kb lim: 239306 exec/s: 1398 rss: 479Mb L: 5686/239306 MS: 1 EraseBytes-
#29429	REDUCE cov: 1417 ft: 2700 corp: 242/8766Kb lim: 239306 exec/s: 1401 rss: 479Mb L: 5927/239306 MS: 1 EraseBytes-
#29572	REDUCE cov: 1417 ft: 2702 corp: 243/8767Kb lim: 239306 exec/s: 1408 rss: 479Mb L: 297/239306 MS: 3 ChangeBit-InsertRepeatedBytes-ChangeByte-
#29602	REDUCE cov: 1417 ft: 2702 corp: 243/8760Kb lim: 239306 exec/s: 1409 rss: 479Mb L: 22365/239306 MS: 5 CrossOver-ChangeByte-CrossOver-ShuffleBytes-EraseBytes-
#29719	REDUCE cov: 1417 ft: 2702 corp: 243/8760Kb lim: 239306 exec/s: 1415 rss: 479Mb L: 1087/239306 MS: 2 InsertByte-EraseBytes-
#29889	REDUCE cov: 1417 ft: 2702 corp: 243/8754Kb lim: 239306 exec/s: 1358 rss: 479Mb L: 11615/239306 MS: 5 ChangeBit-InsertRepeatedBytes-ChangeASCIIInt-PersAutoDict-EraseBytes- DE: "\377\377\377\377\377\377\377\025"-
#29901	REDUCE cov: 1417 ft: 2702 corp: 243/8754Kb lim: 239306 exec/s: 1359 rss: 479Mb L: 347/239306 MS: 2 ChangeBinInt-EraseBytes-
#29935	REDUCE cov: 1417 ft: 2702 corp: 243/8747Kb lim: 239306 exec/s: 1360 rss: 479Mb L: 83095/239306 MS: 4 ChangeBit-EraseBytes-ChangeASCIIInt-InsertByte-
#29991	REDUCE cov: 1417 ft: 2703 corp: 244/8748Kb lim: 239306 exec/s: 1363 rss: 479Mb L: 751/239306 MS: 1 ChangeBit-
#30077	NEW    cov: 1417 ft: 2705 corp: 245/8748Kb lim: 239306 exec/s: 1367 rss: 479Mb L: 323/239306 MS: 1 CrossOver-
#30083	REDUCE cov: 1417 ft: 2705 corp: 245/8748Kb lim: 239306 exec/s: 1367 rss: 479Mb L: 2130/239306 MS: 1 EraseBytes-
#30129	REDUCE cov: 1417 ft: 2705 corp: 245/8747Kb lim: 239306 exec/s: 1369 rss: 479Mb L: 1332/239306 MS: 1 EraseBytes-
#30225	REDUCE cov: 1417 ft: 2705 corp: 245/8747Kb lim: 239306 exec/s: 1373 rss: 479Mb L: 18329/239306 MS: 1 EraseBytes-
#30232	REDUCE cov: 1417 ft: 2705 corp: 245/8747Kb lim: 239306 exec/s: 1374 rss: 479Mb L: 664/239306 MS: 2 ChangeBit-EraseBytes-
#30303	REDUCE cov: 1417 ft: 2705 corp: 245/8745Kb lim: 239306 exec/s: 1377 rss: 479Mb L: 3642/239306 MS: 1 EraseBytes-
#30309	REDUCE cov: 1417 ft: 2705 corp: 245/8745Kb lim: 239306 exec/s: 1377 rss: 479Mb L: 249/239306 MS: 1 EraseBytes-
#30381	REDUCE cov: 1417 ft: 2705 corp: 245/8745Kb lim: 239306 exec/s: 1380 rss: 479Mb L: 110/239306 MS: 2 ChangeBit-EraseBytes-
#30386	REDUCE cov: 1417 ft: 2705 corp: 245/8745Kb lim: 239306 exec/s: 1381 rss: 479Mb L: 266/239306 MS: 5 CopyPart-InsertByte-ChangeBit-ShuffleBytes-EraseBytes-
#30427	REDUCE cov: 1417 ft: 2705 corp: 245/8742Kb lim: 239306 exec/s: 1383 rss: 479Mb L: 18736/239306 MS: 1 EraseBytes-
#30432	REDUCE cov: 1417 ft: 2705 corp: 245/8739Kb lim: 239306 exec/s: 1383 rss: 479Mb L: 4185/239306 MS: 5 ChangeASCIIInt-ChangeBinInt-InsertByte-InsertByte-EraseBytes-
#30490	REDUCE cov: 1417 ft: 2705 corp: 245/8739Kb lim: 239306 exec/s: 1385 rss: 479Mb L: 979/239306 MS: 3 InsertRepeatedBytes-ChangeBinInt-EraseBytes-
#30532	REDUCE cov: 1417 ft: 2705 corp: 245/8734Kb lim: 239306 exec/s: 1387 rss: 479Mb L: 46415/239306 MS: 2 ShuffleBytes-EraseBytes-
#30567	REDUCE cov: 1417 ft: 2705 corp: 245/8734Kb lim: 239306 exec/s: 1389 rss: 479Mb L: 232/239306 MS: 5 ChangeByte-ChangeBinInt-PersAutoDict-InsertByte-EraseBytes- DE: "\023\3726\007\025M\202\333"-
#30615	REDUCE cov: 1417 ft: 2705 corp: 245/8733Kb lim: 239306 exec/s: 1391 rss: 479Mb L: 7096/239306 MS: 3 ChangeByte-ShuffleBytes-EraseBytes-
#30634	REDUCE cov: 1417 ft: 2705 corp: 245/8732Kb lim: 239306 exec/s: 1392 rss: 479Mb L: 2082/239306 MS: 4 ChangeBit-CopyPart-ChangeBit-EraseBytes-
#30705	REDUCE cov: 1417 ft: 2705 corp: 245/8732Kb lim: 239306 exec/s: 1395 rss: 479Mb L: 1268/239306 MS: 1 EraseBytes-
#30707	REDUCE cov: 1417 ft: 2705 corp: 245/8732Kb lim: 239306 exec/s: 1395 rss: 479Mb L: 13698/239306 MS: 2 InsertByte-EraseBytes-
#30743	REDUCE cov: 1417 ft: 2705 corp: 245/8719Kb lim: 239306 exec/s: 1397 rss: 479Mb L: 17908/239306 MS: 1 EraseBytes-
#30771	REDUCE cov: 1417 ft: 2705 corp: 245/8719Kb lim: 239306 exec/s: 1398 rss: 479Mb L: 1420/239306 MS: 3 PersAutoDict-InsertRepeatedBytes-EraseBytes- DE: "\003\377\377\377\377\377\377\377"-
#30792	REDUCE cov: 1417 ft: 2705 corp: 245/8719Kb lim: 239306 exec/s: 1399 rss: 479Mb L: 351/239306 MS: 1 EraseBytes-
#30799	REDUCE cov: 1417 ft: 2705 corp: 245/8718Kb lim: 239306 exec/s: 1399 rss: 479Mb L: 444/239306 MS: 2 ChangeByte-EraseBytes-
#30885	REDUCE cov: 1417 ft: 2705 corp: 245/8718Kb lim: 239306 exec/s: 1403 rss: 479Mb L: 1366/239306 MS: 1 EraseBytes-
#30974	REDUCE cov: 1417 ft: 2705 corp: 245/8717Kb lim: 239306 exec/s: 1407 rss: 479Mb L: 2375/239306 MS: 4 ShuffleBytes-PersAutoDict-CMP-EraseBytes- DE: "\000\000\000\000\000\000\000\031"-"z<\237\350\245\011\347V"-
#31136	NEW    cov: 1418 ft: 2706 corp: 246/8717Kb lim: 239306 exec/s: 1415 rss: 479Mb L: 331/239306 MS: 2 ShuffleBytes-InsertRepeatedBytes-
#31247	NEW    cov: 1418 ft: 2709 corp: 247/8741Kb lim: 239306 exec/s: 1420 rss: 479Mb L: 24388/239306 MS: 1 CopyPart-
#31315	REDUCE cov: 1418 ft: 2709 corp: 247/8738Kb lim: 239306 exec/s: 1423 rss: 479Mb L: 14710/239306 MS: 3 CMP-ShuffleBytes-EraseBytes- DE: "\000\000\000\000"-
#31333	REDUCE cov: 1418 ft: 2709 corp: 247/8736Kb lim: 239306 exec/s: 1424 rss: 479Mb L: 9331/239306 MS: 3 CrossOver-ShuffleBytes-EraseBytes-
#31455	REDUCE cov: 1418 ft: 2709 corp: 247/8727Kb lim: 239306 exec/s: 1429 rss: 479Mb L: 223620/239306 MS: 2 InsertByte-EraseBytes-
#31477	REDUCE cov: 1419 ft: 2710 corp: 248/8773Kb lim: 239306 exec/s: 1430 rss: 479Mb L: 47517/239306 MS: 2 InsertByte-EraseBytes-
#31494	REDUCE cov: 1419 ft: 2710 corp: 248/8716Kb lim: 239306 exec/s: 1431 rss: 479Mb L: 77566/239306 MS: 2 EraseBytes-PersAutoDict- DE: "\000\000\000\001"-
#31520	REDUCE cov: 1421 ft: 2712 corp: 249/8732Kb lim: 239306 exec/s: 1432 rss: 479Mb L: 16965/239306 MS: 1 CMP- DE: "\001\000"-
#31607	REDUCE cov: 1421 ft: 2712 corp: 249/8693Kb lim: 239306 exec/s: 1374 rss: 479Mb L: 48634/239306 MS: 2 ChangeBit-EraseBytes-
#31623	REDUCE cov: 1422 ft: 2713 corp: 250/8694Kb lim: 239306 exec/s: 1374 rss: 479Mb L: 347/239306 MS: 1 CrossOver-
#31639	REDUCE cov: 1422 ft: 2713 corp: 250/8694Kb lim: 239306 exec/s: 1375 rss: 479Mb L: 312/239306 MS: 1 EraseBytes-
#31699	REDUCE cov: 1422 ft: 2713 corp: 250/8686Kb lim: 239306 exec/s: 1378 rss: 479Mb L: 9654/239306 MS: 5 ShuffleBytes-CrossOver-ChangeByte-InsertRepeatedBytes-EraseBytes-
#31771	REDUCE cov: 1422 ft: 2713 corp: 250/8686Kb lim: 239306 exec/s: 1381 rss: 479Mb L: 167/239306 MS: 2 PersAutoDict-EraseBytes- DE: "\006UUUUUUU"-
#31798	REDUCE cov: 1422 ft: 2714 corp: 251/8687Kb lim: 239306 exec/s: 1382 rss: 479Mb L: 341/239306 MS: 2 ChangeBit-ChangeByte-
#31802	REDUCE cov: 1422 ft: 2714 corp: 251/8686Kb lim: 239306 exec/s: 1382 rss: 479Mb L: 39713/239306 MS: 4 ChangeByte-ChangeBit-CMP-EraseBytes- DE: "\000\000\000\000"-
#31805	REDUCE cov: 1422 ft: 2714 corp: 251/8685Kb lim: 239306 exec/s: 1382 rss: 479Mb L: 1227/239306 MS: 3 ChangeBit-CMP-EraseBytes- DE: "\377\377\377\377\377\377\007\243"-
#31814	REDUCE cov: 1422 ft: 2714 corp: 251/8685Kb lim: 239306 exec/s: 1383 rss: 479Mb L: 47/239306 MS: 4 ShuffleBytes-ChangeBit-ChangeByte-EraseBytes-
#31881	REDUCE cov: 1422 ft: 2714 corp: 251/8682Kb lim: 239306 exec/s: 1386 rss: 479Mb L: 4470/239306 MS: 2 ShuffleBytes-EraseBytes-
#31883	REDUCE cov: 1422 ft: 2714 corp: 251/8678Kb lim: 239306 exec/s: 1386 rss: 479Mb L: 4883/239306 MS: 2 PersAutoDict-EraseBytes- DE: "z<\237\350\245\011\347V"-
#31928	REDUCE cov: 1422 ft: 2714 corp: 251/8678Kb lim: 239306 exec/s: 1388 rss: 479Mb L: 151/239306 MS: 5 ChangeBinInt-ChangeBinInt-CopyPart-InsertRepeatedBytes-EraseBytes-
#31947	REDUCE cov: 1422 ft: 2714 corp: 251/8677Kb lim: 239306 exec/s: 1389 rss: 479Mb L: 5729/239306 MS: 4 CopyPart-PersAutoDict-CopyPart-EraseBytes- DE: "\000\000\000\001"-
#31973	REDUCE cov: 1422 ft: 2714 corp: 251/8670Kb lim: 239306 exec/s: 1390 rss: 479Mb L: 26097/239306 MS: 1 EraseBytes-
#31990	REDUCE cov: 1422 ft: 2714 corp: 251/8669Kb lim: 239306 exec/s: 1390 rss: 479Mb L: 3106/239306 MS: 2 ChangeBinInt-EraseBytes-
#32048	REDUCE cov: 1422 ft: 2714 corp: 251/8669Kb lim: 239306 exec/s: 1393 rss: 479Mb L: 1897/239306 MS: 3 PersAutoDict-ShuffleBytes-EraseBytes- DE: "\377\377\377\377"-
#32079	REDUCE cov: 1422 ft: 2717 corp: 252/8669Kb lim: 239306 exec/s: 1394 rss: 479Mb L: 151/239306 MS: 1 ChangeByte-
#32105	REDUCE cov: 1422 ft: 2717 corp: 252/8664Kb lim: 239306 exec/s: 1395 rss: 479Mb L: 8608/239306 MS: 1 EraseBytes-
#32125	REDUCE cov: 1422 ft: 2717 corp: 252/8662Kb lim: 239306 exec/s: 1396 rss: 479Mb L: 42252/239306 MS: 5 ChangeASCIIInt-CopyPart-InsertByte-InsertByte-EraseBytes-
#32179	REDUCE cov: 1422 ft: 2717 corp: 252/8662Kb lim: 239306 exec/s: 1399 rss: 479Mb L: 224/239306 MS: 4 CMP-CMP-CopyPart-EraseBytes- DE: "\012\252\252\252\252\252\252\252"-"\000\000\000\000\000\000\000\000\000\000\000\000\000\000\000\000\000\000\000\000\000\000\000\000\000\000\000\000\000\000\000\000"-
#32205	REDUCE cov: 1423 ft: 2719 corp: 253/8662Kb lim: 239306 exec/s: 1400 rss: 479Mb L: 174/239306 MS: 1 InsertRepeatedBytes-
#32211	NEW    cov: 1423 ft: 2720 corp: 254/8662Kb lim: 239306 exec/s: 1400 rss: 479Mb L: 205/239306 MS: 1 EraseBytes-
#32231	REDUCE cov: 1423 ft: 2720 corp: 254/8644Kb lim: 239306 exec/s: 1401 rss: 479Mb L: 93577/239306 MS: 5 InsertRepeatedBytes-ShuffleBytes-CMP-InsertByte-EraseBytes- DE: "\001\000\000\000"-
#32290	REDUCE cov: 1423 ft: 2720 corp: 254/8633Kb lim: 239306 exec/s: 1403 rss: 479Mb L: 15811/239306 MS: 4 ChangeBit-ShuffleBytes-InsertByte-CrossOver-
#32386	REDUCE cov: 1423 ft: 2720 corp: 254/8631Kb lim: 239306 exec/s: 1408 rss: 479Mb L: 81117/239306 MS: 1 EraseBytes-
#32471	REDUCE cov: 1423 ft: 2720 corp: 254/8629Kb lim: 239306 exec/s: 1411 rss: 479Mb L: 3216/239306 MS: 5 CMP-PersAutoDict-ChangeASCIIInt-ChangeBinInt-EraseBytes- DE: "\377\377\377\377"-"\001\000"-
#32482	REDUCE cov: 1423 ft: 2720 corp: 254/8627Kb lim: 239306 exec/s: 1412 rss: 479Mb L: 3316/239306 MS: 1 EraseBytes-
#32491	REDUCE cov: 1423 ft: 2720 corp: 254/8586Kb lim: 239306 exec/s: 1412 rss: 479Mb L: 105977/239306 MS: 4 ChangeByte-EraseBytes-InsertByte-CopyPart-
#32522	NEW    cov: 1423 ft: 2721 corp: 255/8586Kb lim: 239306 exec/s: 1414 rss: 479Mb L: 107/239306 MS: 1 EraseBytes-
#32559	REDUCE cov: 1423 ft: 2721 corp: 255/8586Kb lim: 239306 exec/s: 1415 rss: 479Mb L: 2028/239306 MS: 2 CopyPart-EraseBytes-
#32610	REDUCE cov: 1423 ft: 2721 corp: 255/8586Kb lim: 239306 exec/s: 1417 rss: 479Mb L: 1123/239306 MS: 1 EraseBytes-
#32617	REDUCE cov: 1423 ft: 2721 corp: 255/8585Kb lim: 239306 exec/s: 1418 rss: 479Mb L: 6024/239306 MS: 2 ShuffleBytes-EraseBytes-
#32649	REDUCE cov: 1423 ft: 2721 corp: 255/8584Kb lim: 239306 exec/s: 1419 rss: 479Mb L: 1076/239306 MS: 2 ShuffleBytes-EraseBytes-
#32657	REDUCE cov: 1423 ft: 2721 corp: 255/8584Kb lim: 239306 exec/s: 1419 rss: 479Mb L: 1014/239306 MS: 3 CrossOver-InsertRepeatedBytes-EraseBytes-
#32667	REDUCE cov: 1423 ft: 2723 corp: 256/8586Kb lim: 239306 exec/s: 1420 rss: 479Mb L: 2250/239306 MS: 5 InsertRepeatedBytes-ChangeBit-CrossOver-PersAutoDict-PersAutoDict- DE: "\000\000\000\000\000\000\006I"-"\000\000"-
#32673	NEW    cov: 1424 ft: 2724 corp: 257/8611Kb lim: 239306 exec/s: 1420 rss: 479Mb L: 24986/239306 MS: 1 CopyPart-
#32693	REDUCE cov: 1424 ft: 2724 corp: 257/8610Kb lim: 239306 exec/s: 1421 rss: 479Mb L: 1453/239306 MS: 5 ShuffleBytes-ChangeByte-InsertRepeatedBytes-PersAutoDict-EraseBytes- DE: "\312\000\000\000\000\000\000\000"-
#32699	REDUCE cov: 1424 ft: 2724 corp: 257/8610Kb lim: 239306 exec/s: 1421 rss: 479Mb L: 261/239306 MS: 1 EraseBytes-
#32712	REDUCE cov: 1424 ft: 2724 corp: 257/8609Kb lim: 239306 exec/s: 1422 rss: 479Mb L: 760/239306 MS: 3 ChangeByte-CopyPart-EraseBytes-
#32728	REDUCE cov: 1424 ft: 2724 corp: 257/8609Kb lim: 239306 exec/s: 1422 rss: 479Mb L: 143/239306 MS: 1 EraseBytes-
#32746	REDUCE cov: 1424 ft: 2724 corp: 257/8609Kb lim: 239306 exec/s: 1423 rss: 479Mb L: 951/239306 MS: 3 InsertByte-ChangeByte-EraseBytes-
#32763	REDUCE cov: 1424 ft: 2724 corp: 257/8596Kb lim: 239306 exec/s: 1424 rss: 479Mb L: 35456/239306 MS: 2 ChangeASCIIInt-EraseBytes-
#32768	pulse  cov: 1424 ft: 2724 corp: 257/8596Kb lim: 239306 exec/s: 1424 rss: 479Mb
#32782	REDUCE cov: 1424 ft: 2724 corp: 257/8596Kb lim: 239306 exec/s: 1425 rss: 479Mb L: 143/239306 MS: 4 PersAutoDict-ChangeByte-ChangeBinInt-EraseBytes- DE: "\377\377\377\377\377\377\377\003"-
#32882	REDUCE cov: 1424 ft: 2724 corp: 257/8596Kb lim: 239306 exec/s: 1429 rss: 479Mb L: 795/239306 MS: 5 InsertByte-InsertRepeatedBytes-ChangeASCIIInt-ChangeBit-EraseBytes-
#32899	REDUCE cov: 1426 ft: 2726 corp: 258/8605Kb lim: 239306 exec/s: 1430 rss: 479Mb L: 9214/239306 MS: 2 ShuffleBytes-CrossOver-
#32934	REDUCE cov: 1426 ft: 2726 corp: 258/8603Kb lim: 239306 exec/s: 1431 rss: 479Mb L: 11423/239306 MS: 5 ShuffleBytes-ChangeASCIIInt-PersAutoDict-ChangeByte-EraseBytes- DE: "\361\226=#\376\213c\210"-
#32945	REDUCE cov: 1426 ft: 2726 corp: 258/8603Kb lim: 239306 exec/s: 1432 rss: 479Mb L: 322/239306 MS: 1 EraseBytes-
#32961	REDUCE cov: 1426 ft: 2726 corp: 258/8600Kb lim: 239306 exec/s: 1433 rss: 479Mb L: 96837/239306 MS: 1 EraseBytes-
#32962	REDUCE cov: 1426 ft: 2726 corp: 258/8600Kb lim: 239306 exec/s: 1433 rss: 479Mb L: 797/239306 MS: 1 EraseBytes-
#33089	REDUCE cov: 1426 ft: 2726 corp: 258/8598Kb lim: 239306 exec/s: 1438 rss: 479Mb L: 24490/239306 MS: 2 ShuffleBytes-EraseBytes-
#33363	REDUCE cov: 1426 ft: 2736 corp: 259/8598Kb lim: 239306 exec/s: 1450 rss: 479Mb L: 144/239306 MS: 4 CopyPart-CrossOver-ChangeByte-PersAutoDict- DE: "\000\000\000\000\000\000\000\031"-
#33408	REDUCE cov: 1426 ft: 2736 corp: 259/8598Kb lim: 239306 exec/s: 1452 rss: 479Mb L: 1893/239306 MS: 5 ShuffleBytes-ChangeASCIIInt-ShuffleBytes-CMP-EraseBytes- DE: "\026\000\000\000\000\000\000\000"-
#33461	REDUCE cov: 1426 ft: 2736 corp: 259/8597Kb lim: 239306 exec/s: 1454 rss: 479Mb L: 4954/239306 MS: 3 CopyPart-ShuffleBytes-EraseBytes-
#33561	REDUCE cov: 1426 ft: 2736 corp: 259/8532Kb lim: 239306 exec/s: 1398 rss: 479Mb L: 49670/239306 MS: 5 ChangeBit-EraseBytes-EraseBytes-ChangeByte-PersAutoDict- DE: "\330\002\000\000\000\000\000\000"-
#33717	NEW    cov: 1427 ft: 2737 corp: 260/8546Kb lim: 239306 exec/s: 1404 rss: 479Mb L: 14568/239306 MS: 1 CrossOver-
#33831	REDUCE cov: 1427 ft: 2737 corp: 260/8543Kb lim: 239306 exec/s: 1409 rss: 479Mb L: 44118/239306 MS: 4 ChangeBinInt-ChangeASCIIInt-ChangeASCIIInt-EraseBytes-
#33872	REDUCE cov: 1427 ft: 2737 corp: 260/8536Kb lim: 239306 exec/s: 1411 rss: 479Mb L: 66156/239306 MS: 1 EraseBytes-
#33999	REDUCE cov: 1427 ft: 2739 corp: 261/8537Kb lim: 239306 exec/s: 1416 rss: 479Mb L: 660/239306 MS: 2 ShuffleBytes-EraseBytes-
#34002	REDUCE cov: 1427 ft: 2739 corp: 261/8537Kb lim: 239306 exec/s: 1416 rss: 479Mb L: 125/239306 MS: 3 ChangeBit-ChangeBinInt-EraseBytes-
#34007	REDUCE cov: 1427 ft: 2739 corp: 261/8537Kb lim: 239306 exec/s: 1416 rss: 479Mb L: 276/239306 MS: 5 ChangeASCIIInt-CMP-CMP-CopyPart-EraseBytes- DE: "\001\000\000\000\000\000\000\000"-"\377\377\377\377"-
#34040	REDUCE cov: 1427 ft: 2739 corp: 261/8535Kb lim: 239306 exec/s: 1418 rss: 479Mb L: 7340/239306 MS: 3 ChangeBit-PersAutoDict-EraseBytes- DE: "2\300B\001\275q\277\024"-
#34227	REDUCE cov: 1427 ft: 2739 corp: 261/8535Kb lim: 239306 exec/s: 1426 rss: 479Mb L: 722/239306 MS: 2 PersAutoDict-EraseBytes- DE: "\004\000\000\000\000\000\000\000"-
#34256	REDUCE cov: 1427 ft: 2739 corp: 261/8535Kb lim: 239306 exec/s: 1427 rss: 479Mb L: 593/239306 MS: 4 InsertByte-CopyPart-PersAutoDict-EraseBytes- DE: "\267;dno\014#o"-
#34277	REDUCE cov: 1427 ft: 2739 corp: 261/8535Kb lim: 239306 exec/s: 1428 rss: 479Mb L: 31/239306 MS: 1 EraseBytes-
#34343	REDUCE cov: 1427 ft: 2739 corp: 261/8530Kb lim: 239306 exec/s: 1430 rss: 479Mb L: 13056/239306 MS: 1 EraseBytes-
#34368	REDUCE cov: 1427 ft: 2739 corp: 261/8529Kb lim: 239306 exec/s: 1432 rss: 479Mb L: 418/239306 MS: 5 ChangeBinInt-ShuffleBytes-ChangeByte-ChangeASCIIInt-EraseBytes-
#34491	REDUCE cov: 1427 ft: 2739 corp: 261/8529Kb lim: 239306 exec/s: 1437 rss: 479Mb L: 17730/239306 MS: 3 ChangeBit-ChangeBit-EraseBytes-
#34507	REDUCE cov: 1427 ft: 2748 corp: 262/8551Kb lim: 239306 exec/s: 1437 rss: 479Mb L: 22322/239306 MS: 1 CrossOver-
#34539	REDUCE cov: 1427 ft: 2748 corp: 262/8540Kb lim: 239306 exec/s: 1439 rss: 479Mb L: 34635/239306 MS: 2 ChangeBit-EraseBytes-
#34569	REDUCE cov: 1427 ft: 2757 corp: 263/8541Kb lim: 239306 exec/s: 1440 rss: 479Mb L: 1243/239306 MS: 5 InsertByte-InsertRepeatedBytes-ShuffleBytes-ChangeBit-PersAutoDict- DE: "\004\000\000\000\000\000\000\000"-
#34589	REDUCE cov: 1427 ft: 2757 corp: 263/8541Kb lim: 239306 exec/s: 1441 rss: 479Mb L: 56/239306 MS: 5 EraseBytes-ShuffleBytes-EraseBytes-ChangeByte-ChangeBinInt-
#34607	NEW    cov: 1427 ft: 2758 corp: 264/8565Kb lim: 239306 exec/s: 1441 rss: 479Mb L: 24990/239306 MS: 3 ChangeBit-ChangeASCIIInt-PersAutoDict- DE: "\000\000\000\000"-
#34615	REDUCE cov: 1427 ft: 2758 corp: 264/8560Kb lim: 239306 exec/s: 1442 rss: 479Mb L: 7098/239306 MS: 3 CrossOver-ChangeBinInt-EraseBytes-
#34646	REDUCE cov: 1427 ft: 2758 corp: 264/8559Kb lim: 239306 exec/s: 1443 rss: 479Mb L: 2705/239306 MS: 1 EraseBytes-
#34708	REDUCE cov: 1427 ft: 2758 corp: 264/8538Kb lim: 239306 exec/s: 1446 rss: 479Mb L: 28773/239306 MS: 2 ChangeByte-EraseBytes-
#34809	REDUCE cov: 1427 ft: 2758 corp: 264/8538Kb lim: 239306 exec/s: 1450 rss: 479Mb L: 8729/239306 MS: 1 EraseBytes-
#34850	REDUCE cov: 1427 ft: 2758 corp: 264/8536Kb lim: 239306 exec/s: 1452 rss: 479Mb L: 1852/239306 MS: 1 EraseBytes-
#34882	REDUCE cov: 1427 ft: 2758 corp: 264/8536Kb lim: 239306 exec/s: 1453 rss: 479Mb L: 399/239306 MS: 2 ChangeByte-EraseBytes-
#34899	REDUCE cov: 1427 ft: 2758 corp: 264/8536Kb lim: 239306 exec/s: 1454 rss: 479Mb L: 375/239306 MS: 2 PersAutoDict-EraseBytes- DE: "\377\377\377\377\377\377\377\003"-
#34918	REDUCE cov: 1427 ft: 2758 corp: 264/8535Kb lim: 239306 exec/s: 1454 rss: 479Mb L: 1619/239306 MS: 4 CopyPart-ChangeASCIIInt-ChangeByte-EraseBytes-
#34934	NEW    cov: 1428 ft: 2762 corp: 265/8535Kb lim: 239306 exec/s: 1455 rss: 479Mb L: 107/239306 MS: 1 PersAutoDict- DE: "\001\000\000\000\000\000\000\000"-
#34940	REDUCE cov: 1428 ft: 2762 corp: 265/8532Kb lim: 239306 exec/s: 1455 rss: 479Mb L: 4464/239306 MS: 1 EraseBytes-
#35037	REDUCE cov: 1428 ft: 2762 corp: 265/8531Kb lim: 239306 exec/s: 1459 rss: 479Mb L: 5733/239306 MS: 2 ChangeBinInt-EraseBytes-
#35123	REDUCE cov: 1428 ft: 2762 corp: 265/8526Kb lim: 239306 exec/s: 1463 rss: 479Mb L: 13242/239306 MS: 1 EraseBytes-
#35137	REDUCE cov: 1428 ft: 2762 corp: 265/8521Kb lim: 239306 exec/s: 1464 rss: 479Mb L: 10524/239306 MS: 4 ChangeBinInt-CrossOver-ShuffleBytes-EraseBytes-
#35186	REDUCE cov: 1428 ft: 2762 corp: 265/8520Kb lim: 239306 exec/s: 1466 rss: 479Mb L: 12585/239306 MS: 4 PersAutoDict-ChangeASCIIInt-InsertByte-EraseBytes- DE: "\000\000\000\001"-
#35238	REDUCE cov: 1428 ft: 2762 corp: 265/8519Kb lim: 239306 exec/s: 1468 rss: 479Mb L: 1410/239306 MS: 2 ChangeBit-EraseBytes-
#35324	REDUCE cov: 1428 ft: 2762 corp: 265/8519Kb lim: 239306 exec/s: 1471 rss: 479Mb L: 1746/239306 MS: 1 EraseBytes-
#35372	REDUCE cov: 1428 ft: 2762 corp: 265/8518Kb lim: 239306 exec/s: 1473 rss: 479Mb L: 4855/239306 MS: 3 InsertRepeatedBytes-InsertByte-EraseBytes-
#35373	REDUCE cov: 1428 ft: 2762 corp: 265/8501Kb lim: 239306 exec/s: 1473 rss: 479Mb L: 49343/239306 MS: 1 EraseBytes-
#35482	REDUCE cov: 1428 ft: 2762 corp: 265/8480Kb lim: 239306 exec/s: 1419 rss: 479Mb L: 71195/239306 MS: 4 CrossOver-ShuffleBytes-CrossOver-EraseBytes-
#35510	REDUCE cov: 1428 ft: 2762 corp: 265/8480Kb lim: 239306 exec/s: 1420 rss: 479Mb L: 1349/239306 MS: 3 ChangeASCIIInt-InsertByte-EraseBytes-
#35523	REDUCE cov: 1428 ft: 2762 corp: 265/8479Kb lim: 239306 exec/s: 1420 rss: 479Mb L: 9216/239306 MS: 3 ChangeBit-ChangeBit-EraseBytes-
#35560	REDUCE cov: 1428 ft: 2762 corp: 265/8464Kb lim: 239306 exec/s: 1422 rss: 479Mb L: 35087/239306 MS: 2 InsertRepeatedBytes-EraseBytes-
#35566	REDUCE cov: 1428 ft: 2762 corp: 265/8464Kb lim: 239306 exec/s: 1422 rss: 479Mb L: 388/239306 MS: 1 EraseBytes-
#35592	REDUCE cov: 1428 ft: 2762 corp: 265/8464Kb lim: 239306 exec/s: 1423 rss: 479Mb L: 126/239306 MS: 1 EraseBytes-
#35623	NEW    cov: 1428 ft: 2766 corp: 266/8464Kb lim: 239306 exec/s: 1424 rss: 479Mb L: 130/239306 MS: 1 CopyPart-
#35672	NEW    cov: 1429 ft: 2767 corp: 267/8501Kb lim: 239306 exec/s: 1426 rss: 479Mb L: 37027/239306 MS: 4 EraseBytes-InsertByte-InsertByte-CrossOver-
#35719	REDUCE cov: 1429 ft: 2767 corp: 267/8500Kb lim: 239306 exec/s: 1428 rss: 479Mb L: 1604/239306 MS: 2 ShuffleBytes-EraseBytes-
#35886	NEW    cov: 1429 ft: 2773 corp: 268/8500Kb lim: 239306 exec/s: 1435 rss: 479Mb L: 215/239306 MS: 2 ShuffleBytes-InsertRepeatedBytes-
#36022	REDUCE cov: 1429 ft: 2773 corp: 268/8500Kb lim: 239306 exec/s: 1440 rss: 479Mb L: 327/239306 MS: 1 EraseBytes-
#36048	REDUCE cov: 1429 ft: 2773 corp: 268/8499Kb lim: 239306 exec/s: 1441 rss: 479Mb L: 1207/239306 MS: 1 EraseBytes-
#36116	REDUCE cov: 1429 ft: 2773 corp: 268/8453Kb lim: 239306 exec/s: 1444 rss: 479Mb L: 46814/239306 MS: 3 ChangeBit-InsertRepeatedBytes-CrossOver-
#36137	REDUCE cov: 1429 ft: 2773 corp: 268/8452Kb lim: 239306 exec/s: 1445 rss: 479Mb L: 502/239306 MS: 1 EraseBytes-
#36161	REDUCE cov: 1429 ft: 2773 corp: 268/8452Kb lim: 239306 exec/s: 1446 rss: 479Mb L: 8766/239306 MS: 4 ChangeASCIIInt-ChangeBit-CMP-EraseBytes- DE: "\001\000"-
#36202	REDUCE cov: 1429 ft: 2773 corp: 268/8448Kb lim: 239306 exec/s: 1448 rss: 479Mb L: 9577/239306 MS: 1 EraseBytes-
#36310	NEW    cov: 1429 ft: 2776 corp: 269/8448Kb lim: 239306 exec/s: 1452 rss: 479Mb L: 107/239306 MS: 3 ChangeBinInt-PersAutoDict-ShuffleBytes- DE: "\000\000{\2303i)\200"-
#36480	REDUCE cov: 1429 ft: 2776 corp: 269/8433Kb lim: 239306 exec/s: 1459 rss: 479Mb L: 29090/239306 MS: 5 ChangeByte-ChangeBit-ChangeBinInt-ChangeASCIIInt-EraseBytes-
#36485	REDUCE cov: 1429 ft: 2776 corp: 269/8433Kb lim: 239306 exec/s: 1459 rss: 479Mb L: 81/239306 MS: 5 ChangeByte-ChangeBinInt-InsertRepeatedBytes-ChangeASCIIInt-EraseBytes-
#36492	REDUCE cov: 1429 ft: 2776 corp: 269/8433Kb lim: 239306 exec/s: 1459 rss: 479Mb L: 728/239306 MS: 2 CrossOver-EraseBytes-
#36493	REDUCE cov: 1430 ft: 2777 corp: 270/8433Kb lim: 239306 exec/s: 1459 rss: 479Mb L: 133/239306 MS: 1 PersAutoDict- DE: "\001\000\000\000\000\000\000\000"-
#36524	REDUCE cov: 1430 ft: 2777 corp: 270/8432Kb lim: 239306 exec/s: 1460 rss: 479Mb L: 15351/239306 MS: 1 EraseBytes-
#36556	REDUCE cov: 1430 ft: 2777 corp: 270/8432Kb lim: 239306 exec/s: 1462 rss: 479Mb L: 397/239306 MS: 2 CopyPart-EraseBytes-
#36584	REDUCE cov: 1430 ft: 2777 corp: 270/8422Kb lim: 239306 exec/s: 1463 rss: 479Mb L: 15233/239306 MS: 3 ChangeASCIIInt-InsertRepeatedBytes-EraseBytes-
#36840	REDUCE cov: 1430 ft: 2777 corp: 270/8422Kb lim: 239306 exec/s: 1473 rss: 479Mb L: 526/239306 MS: 1 EraseBytes-
#36871	REDUCE cov: 1430 ft: 2777 corp: 270/8422Kb lim: 239306 exec/s: 1474 rss: 479Mb L: 498/239306 MS: 1 EraseBytes-
#36892	REDUCE cov: 1430 ft: 2777 corp: 270/8406Kb lim: 239306 exec/s: 1475 rss: 479Mb L: 61447/239306 MS: 1 EraseBytes-
#36903	REDUCE cov: 1430 ft: 2777 corp: 270/8403Kb lim: 239306 exec/s: 1476 rss: 479Mb L: 20162/239306 MS: 1 EraseBytes-
#36936	REDUCE cov: 1430 ft: 2777 corp: 270/8401Kb lim: 239306 exec/s: 1477 rss: 479Mb L: 4993/239306 MS: 3 InsertByte-InsertRepeatedBytes-EraseBytes-
#36952	REDUCE cov: 1430 ft: 2778 corp: 271/8401Kb lim: 239306 exec/s: 1478 rss: 479Mb L: 31/239306 MS: 1 ChangeBinInt-
#37151	REDUCE cov: 1432 ft: 2780 corp: 272/8407Kb lim: 239306 exec/s: 1486 rss: 479Mb L: 5931/239306 MS: 4 ChangeBinInt-ChangeBit-ChangeBit-CMP- DE: "\001\000\000\000"-
#37162	REDUCE cov: 1432 ft: 2780 corp: 272/8407Kb lim: 239306 exec/s: 1486 rss: 479Mb L: 224/239306 MS: 1 EraseBytes-
#37208	REDUCE cov: 1432 ft: 2780 corp: 272/8407Kb lim: 239306 exec/s: 1488 rss: 479Mb L: 487/239306 MS: 1 EraseBytes-
#37225	REDUCE cov: 1432 ft: 2780 corp: 272/8402Kb lim: 239306 exec/s: 1489 rss: 479Mb L: 13799/239306 MS: 2 ShuffleBytes-EraseBytes-
#37286	REDUCE cov: 1432 ft: 2786 corp: 273/8589Kb lim: 239306 exec/s: 1491 rss: 479Mb L: 191318/239306 MS: 1 CrossOver-
#37313	REDUCE cov: 1432 ft: 2786 corp: 273/8565Kb lim: 239306 exec/s: 1492 rss: 479Mb L: 167427/239306 MS: 2 InsertByte-CrossOver-
#37336	REDUCE cov: 1432 ft: 2786 corp: 273/8562Kb lim: 239306 exec/s: 1493 rss: 479Mb L: 5577/239306 MS: 3 ShuffleBytes-CopyPart-EraseBytes-
#37421	REDUCE cov: 1432 ft: 2786 corp: 273/8562Kb lim: 239306 exec/s: 1496 rss: 479Mb L: 887/239306 MS: 5 InsertRepeatedBytes-ChangeASCIIInt-ChangeBinInt-ShuffleBytes-EraseBytes-
#37460	REDUCE cov: 1432 ft: 2786 corp: 273/8556Kb lim: 239306 exec/s: 1498 rss: 479Mb L: 39527/239306 MS: 4 ShuffleBytes-ChangeASCIIInt-PersAutoDict-EraseBytes- DE: "\000\000\000\000\000\000\000M"-
#37499	REDUCE cov: 1432 ft: 2786 corp: 273/8556Kb lim: 239306 exec/s: 1499 rss: 479Mb L: 126/239306 MS: 4 ShuffleBytes-ChangeBinInt-CMP-EraseBytes- DE: "\003\000\000\000\000\000\000\000"-
#37594	REDUCE cov: 1432 ft: 2786 corp: 273/8556Kb lim: 239306 exec/s: 1445 rss: 479Mb L: 54/239306 MS: 5 ChangeBit-ShuffleBytes-CMP-ChangeBinInt-EraseBytes- DE: "\000\000\000\000\000\000\000\000\000\000\000\000\000\000\000\000\000\000\000\000\000\000\000\000\000\000\000\000\000\000\000\000"-
#37603	REDUCE cov: 1432 ft: 2786 corp: 273/8556Kb lim: 239306 exec/s: 1446 rss: 479Mb L: 98/239306 MS: 4 CrossOver-CopyPart-InsertByte-EraseBytes-
#37655	REDUCE cov: 1432 ft: 2786 corp: 273/8546Kb lim: 239306 exec/s: 1448 rss: 479Mb L: 10783/239306 MS: 2 CrossOver-EraseBytes-
#37680	REDUCE cov: 1432 ft: 2786 corp: 273/8546Kb lim: 239306 exec/s: 1449 rss: 479Mb L: 61/239306 MS: 5 ChangeBit-PersAutoDict-ChangeBit-ChangeBinInt-EraseBytes- DE: "\377\377\377\377\377\377\007\243"-
#37809	REDUCE cov: 1432 ft: 2786 corp: 273/8536Kb lim: 239306 exec/s: 1454 rss: 479Mb L: 157133/239306 MS: 4 ChangeBit-ChangeASCIIInt-ShuffleBytes-EraseBytes-
#37888	REDUCE cov: 1432 ft: 2786 corp: 273/8519Kb lim: 239306 exec/s: 1457 rss: 479Mb L: 139723/239306 MS: 4 CopyPart-ChangeBit-ChangeBinInt-EraseBytes-
#37978	REDUCE cov: 1432 ft: 2786 corp: 273/8519Kb lim: 239306 exec/s: 1460 rss: 479Mb L: 8926/239306 MS: 5 PersAutoDict-ChangeASCIIInt-ChangeBinInt-EraseBytes-PersAutoDict- DE: "\001\010\000\000\000\000\000\000"-"\013}\362\213\006\007Q\017"-
#38000	REDUCE cov: 1432 ft: 2786 corp: 273/8515Kb lim: 239306 exec/s: 1461 rss: 479Mb L: 9224/239306 MS: 2 ChangeByte-EraseBytes-
#38011	REDUCE cov: 1432 ft: 2786 corp: 273/8515Kb lim: 239306 exec/s: 1461 rss: 479Mb L: 131/239306 MS: 1 EraseBytes-
#38023	REDUCE cov: 1432 ft: 2786 corp: 273/8502Kb lim: 239306 exec/s: 1462 rss: 479Mb L: 31509/239306 MS: 2 ChangeASCIIInt-EraseBytes-
#38049	REDUCE cov: 1432 ft: 2786 corp: 273/8502Kb lim: 239306 exec/s: 1463 rss: 479Mb L: 111/239306 MS: 1 EraseBytes-
#38056	REDUCE cov: 1432 ft: 2786 corp: 273/8500Kb lim: 239306 exec/s: 1463 rss: 479Mb L: 191171/239306 MS: 2 ChangeASCIIInt-EraseBytes-
#38057	REDUCE cov: 1432 ft: 2786 corp: 273/8500Kb lim: 239306 exec/s: 1463 rss: 479Mb L: 331/239306 MS: 1 EraseBytes-
#38234	REDUCE cov: 1432 ft: 2786 corp: 273/8497Kb lim: 239306 exec/s: 1470 rss: 479Mb L: 2356/239306 MS: 2 InsertRepeatedBytes-EraseBytes-
#38260	REDUCE cov: 1432 ft: 2791 corp: 274/8498Kb lim: 239306 exec/s: 1471 rss: 479Mb L: 123/239306 MS: 1 EraseBytes-
#38261	REDUCE cov: 1432 ft: 2791 corp: 274/8493Kb lim: 239306 exec/s: 1471 rss: 479Mb L: 9296/239306 MS: 1 EraseBytes-
#38326	REDUCE cov: 1432 ft: 2791 corp: 274/8487Kb lim: 239306 exec/s: 1474 rss: 479Mb L: 13547/239306 MS: 5 CrossOver-ShuffleBytes-CrossOver-CrossOver-EraseBytes-
#38377	REDUCE cov: 1432 ft: 2791 corp: 274/8481Kb lim: 239306 exec/s: 1476 rss: 479Mb L: 7843/239306 MS: 1 EraseBytes-
#38406	REDUCE cov: 1432 ft: 2791 corp: 274/8481Kb lim: 239306 exec/s: 1477 rss: 479Mb L: 1019/239306 MS: 4 CrossOver-ChangeASCIIInt-InsertRepeatedBytes-EraseBytes-
#38413	REDUCE cov: 1432 ft: 2791 corp: 274/8472Kb lim: 239306 exec/s: 1477 rss: 479Mb L: 28053/239306 MS: 2 PersAutoDict-EraseBytes- DE: "\003\377\377\377\377\377\377\377"-
#38495	REDUCE cov: 1432 ft: 2791 corp: 274/8470Kb lim: 239306 exec/s: 1480 rss: 479Mb L: 4110/239306 MS: 2 PersAutoDict-EraseBytes- DE: "\312\000\000\000\000\000\000\000"-
#38524	REDUCE cov: 1432 ft: 2791 corp: 274/8461Kb lim: 239306 exec/s: 1481 rss: 479Mb L: 15227/239306 MS: 4 CopyPart-InsertRepeatedBytes-InsertByte-EraseBytes-
#38532	REDUCE cov: 1432 ft: 2793 corp: 275/8461Kb lim: 239306 exec/s: 1482 rss: 479Mb L: 144/239306 MS: 3 CopyPart-ShuffleBytes-ChangeByte-
#38543	REDUCE cov: 1432 ft: 2793 corp: 275/8460Kb lim: 239306 exec/s: 1482 rss: 479Mb L: 2300/239306 MS: 1 EraseBytes-
#38579	REDUCE cov: 1432 ft: 2793 corp: 275/8460Kb lim: 239306 exec/s: 1483 rss: 479Mb L: 10702/239306 MS: 1 EraseBytes-
#38612	REDUCE cov: 1432 ft: 2793 corp: 275/8455Kb lim: 239306 exec/s: 1485 rss: 479Mb L: 5327/239306 MS: 3 ChangeBit-InsertByte-EraseBytes-
#38620	REDUCE cov: 1432 ft: 2793 corp: 275/8453Kb lim: 239306 exec/s: 1485 rss: 479Mb L: 7419/239306 MS: 3 InsertByte-ChangeBit-EraseBytes-
#38646	REDUCE cov: 1432 ft: 2793 corp: 275/8451Kb lim: 239306 exec/s: 1486 rss: 479Mb L: 3582/239306 MS: 1 EraseBytes-
#38657	REDUCE cov: 1432 ft: 2793 corp: 275/8451Kb lim: 239306 exec/s: 1486 rss: 479Mb L: 2241/239306 MS: 1 EraseBytes-
#38674	REDUCE cov: 1432 ft: 2793 corp: 275/8451Kb lim: 239306 exec/s: 1487 rss: 479Mb L: 1260/239306 MS: 2 ShuffleBytes-EraseBytes-
#38675	REDUCE cov: 1432 ft: 2793 corp: 275/8448Kb lim: 239306 exec/s: 1487 rss: 479Mb L: 50381/239306 MS: 1 EraseBytes-
#38714	REDUCE cov: 1432 ft: 2793 corp: 275/8446Kb lim: 239306 exec/s: 1489 rss: 479Mb L: 2594/239306 MS: 4 CrossOver-ChangeBinInt-ChangeASCIIInt-EraseBytes-
#38786	REDUCE cov: 1432 ft: 2793 corp: 275/8444Kb lim: 239306 exec/s: 1491 rss: 479Mb L: 2400/239306 MS: 2 ChangeASCIIInt-EraseBytes-
#38803	REDUCE cov: 1432 ft: 2804 corp: 276/8444Kb lim: 239306 exec/s: 1492 rss: 479Mb L: 133/239306 MS: 2 PersAutoDict-ChangeBinInt- DE: "\377\377\377\377\377\377\377\003"-
#38809	REDUCE cov: 1432 ft: 2804 corp: 276/8444Kb lim: 239306 exec/s: 1492 rss: 479Mb L: 130/239306 MS: 1 EraseBytes-
#38911	REDUCE cov: 1432 ft: 2804 corp: 276/8427Kb lim: 239306 exec/s: 1496 rss: 479Mb L: 44141/239306 MS: 2 ChangeASCIIInt-EraseBytes-
#39043	REDUCE cov: 1432 ft: 2804 corp: 276/8427Kb lim: 239306 exec/s: 1501 rss: 479Mb L: 45/239306 MS: 2 InsertByte-EraseBytes-
#39145	REDUCE cov: 1432 ft: 2804 corp: 276/8424Kb lim: 239306 exec/s: 1505 rss: 479Mb L: 41397/239306 MS: 2 ChangeASCIIInt-EraseBytes-
#39165	REDUCE cov: 1432 ft: 2804 corp: 276/8424Kb lim: 239306 exec/s: 1506 rss: 479Mb L: 259/239306 MS: 5 CMP-InsertRepeatedBytes-InsertRepeatedBytes-CopyPart-EraseBytes- DE: "\377\377\377\377"-
#39219	REDUCE cov: 1432 ft: 2804 corp: 276/8424Kb lim: 239306 exec/s: 1508 rss: 479Mb L: 553/239306 MS: 4 CopyPart-CopyPart-ChangeBit-EraseBytes-
#39248	REDUCE cov: 1432 ft: 2804 corp: 276/8423Kb lim: 239306 exec/s: 1509 rss: 479Mb L: 2175/239306 MS: 4 ChangeByte-ChangeASCIIInt-ChangeBinInt-EraseBytes-
#39259	REDUCE cov: 1432 ft: 2804 corp: 276/8423Kb lim: 239306 exec/s: 1509 rss: 479Mb L: 137/239306 MS: 1 EraseBytes-
#39319	REDUCE cov: 1432 ft: 2804 corp: 276/8423Kb lim: 239306 exec/s: 1512 rss: 479Mb L: 35/239306 MS: 5 CopyPart-InsertRepeatedBytes-EraseBytes-ChangeBit-EraseBytes-
#39346	REDUCE cov: 1432 ft: 2804 corp: 276/8421Kb lim: 239306 exec/s: 1457 rss: 479Mb L: 9726/239306 MS: 2 ChangeBinInt-EraseBytes-
#39398	NEW    cov: 1432 ft: 2811 corp: 277/8422Kb lim: 239306 exec/s: 1459 rss: 479Mb L: 149/239306 MS: 2 InsertByte-InsertRepeatedBytes-
#39440	REDUCE cov: 1434 ft: 2813 corp: 278/8422Kb lim: 239306 exec/s: 1460 rss: 479Mb L: 83/239306 MS: 2 InsertByte-InsertByte-
#39445	REDUCE cov: 1434 ft: 2813 corp: 278/8418Kb lim: 239306 exec/s: 1460 rss: 479Mb L: 8529/239306 MS: 5 ChangeBit-ChangeBinInt-CopyPart-EraseBytes-CrossOver-
#39503	REDUCE cov: 1434 ft: 2813 corp: 278/8418Kb lim: 239306 exec/s: 1463 rss: 479Mb L: 1206/239306 MS: 3 ShuffleBytes-InsertRepeatedBytes-EraseBytes-
#39518	REDUCE cov: 1434 ft: 2813 corp: 278/8418Kb lim: 239306 exec/s: 1463 rss: 479Mb L: 748/239306 MS: 5 ChangeASCIIInt-ShuffleBytes-EraseBytes-InsertByte-PersAutoDict- DE: "\001\000\000\000\000\000\000)"-
#39519	REDUCE cov: 1434 ft: 2813 corp: 278/8418Kb lim: 239306 exec/s: 1463 rss: 479Mb L: 73/239306 MS: 1 EraseBytes-
#39638	REDUCE cov: 1434 ft: 2815 corp: 279/8418Kb lim: 239306 exec/s: 1468 rss: 479Mb L: 264/239306 MS: 4 ChangeBinInt-ShuffleBytes-ChangeByte-EraseBytes-
#39679	REDUCE cov: 1434 ft: 2815 corp: 279/8418Kb lim: 239306 exec/s: 1469 rss: 479Mb L: 114/239306 MS: 1 EraseBytes-
#39696	REDUCE cov: 1434 ft: 2815 corp: 279/8412Kb lim: 239306 exec/s: 1470 rss: 479Mb L: 1404/239306 MS: 2 CrossOver-CrossOver-
#39712	REDUCE cov: 1434 ft: 2815 corp: 279/8411Kb lim: 239306 exec/s: 1470 rss: 479Mb L: 1169/239306 MS: 1 EraseBytes-
#39715	REDUCE cov: 1434 ft: 2815 corp: 279/8400Kb lim: 239306 exec/s: 1470 rss: 479Mb L: 55791/239306 MS: 3 InsertByte-ChangeBit-EraseBytes-
#39746	REDUCE cov: 1434 ft: 2815 corp: 279/8400Kb lim: 239306 exec/s: 1472 rss: 479Mb L: 230/239306 MS: 1 EraseBytes-
#39750	NEW    cov: 1436 ft: 2817 corp: 280/8400Kb lim: 239306 exec/s: 1472 rss: 479Mb L: 86/239306 MS: 4 ShuffleBytes-ChangeBinInt-PersAutoDict-InsertByte- DE: "\001\000"-
#39772	REDUCE cov: 1436 ft: 2817 corp: 280/8394Kb lim: 239306 exec/s: 1473 rss: 479Mb L: 6896/239306 MS: 2 PersAutoDict-EraseBytes- DE: "\377\377"-
#39828	REDUCE cov: 1436 ft: 2817 corp: 280/8394Kb lim: 239306 exec/s: 1475 rss: 479Mb L: 673/239306 MS: 1 EraseBytes-
#39844	REDUCE cov: 1436 ft: 2817 corp: 280/8394Kb lim: 239306 exec/s: 1475 rss: 479Mb L: 1664/239306 MS: 1 EraseBytes-
#39864	REDUCE cov: 1436 ft: 2817 corp: 280/8389Kb lim: 239306 exec/s: 1476 rss: 479Mb L: 8768/239306 MS: 5 CrossOver-InsertRepeatedBytes-ShuffleBytes-ChangeBit-EraseBytes-
#39871	REDUCE cov: 1436 ft: 2817 corp: 280/8384Kb lim: 239306 exec/s: 1476 rss: 479Mb L: 44489/239306 MS: 2 ChangeASCIIInt-EraseBytes-
#39872	REDUCE cov: 1436 ft: 2817 corp: 280/8384Kb lim: 239306 exec/s: 1476 rss: 479Mb L: 72/239306 MS: 1 EraseBytes-
#39968	REDUCE cov: 1436 ft: 2817 corp: 280/8376Kb lim: 239306 exec/s: 1480 rss: 479Mb L: 46084/239306 MS: 1 EraseBytes-
#39987	REDUCE cov: 1436 ft: 2817 corp: 280/8376Kb lim: 239306 exec/s: 1481 rss: 479Mb L: 587/239306 MS: 4 ChangeByte-ShuffleBytes-CMP-EraseBytes- DE: "\377\377"-
#39992	REDUCE cov: 1436 ft: 2817 corp: 280/8373Kb lim: 239306 exec/s: 1481 rss: 479Mb L: 2720/239306 MS: 5 InsertByte-ChangeBit-InsertByte-ChangeByte-EraseBytes-
#40103	REDUCE cov: 1436 ft: 2817 corp: 280/8366Kb lim: 239306 exec/s: 1485 rss: 479Mb L: 9217/239306 MS: 1 EraseBytes-
#40180	NEW    cov: 1436 ft: 2820 corp: 281/8378Kb lim: 239306 exec/s: 1488 rss: 479Mb L: 12898/239306 MS: 2 CrossOver-CrossOver-
#40205	NEW    cov: 1437 ft: 2821 corp: 282/8378Kb lim: 239306 exec/s: 1489 rss: 479Mb L: 61/239306 MS: 5 CMP-CrossOver-ChangeBinInt-ChangeBit-ChangeBit- DE: "\001\000\000\000"-
#40224	REDUCE cov: 1437 ft: 2821 corp: 282/8378Kb lim: 239306 exec/s: 1489 rss: 479Mb L: 923/239306 MS: 4 ChangeByte-ChangeASCIIInt-ChangeASCIIInt-EraseBytes-
#40245	REDUCE cov: 1437 ft: 2821 corp: 282/8378Kb lim: 239306 exec/s: 1490 rss: 479Mb L: 72/239306 MS: 1 EraseBytes-
#40374	REDUCE cov: 1437 ft: 2821 corp: 282/8375Kb lim: 239306 exec/s: 1495 rss: 479Mb L: 8924/239306 MS: 4 ChangeBit-CrossOver-CrossOver-EraseBytes-
#40432	REDUCE cov: 1437 ft: 2821 corp: 282/8375Kb lim: 239306 exec/s: 1497 rss: 479Mb L: 381/239306 MS: 3 ShuffleBytes-CopyPart-EraseBytes-
#40467	REDUCE cov: 1437 ft: 2821 corp: 282/8373Kb lim: 239306 exec/s: 1498 rss: 479Mb L: 42053/239306 MS: 5 PersAutoDict-ChangeASCIIInt-InsertRepeatedBytes-CMP-EraseBytes- DE: "\377\377"-"\001\000\000\000\377\377\377\377"-
#40494	REDUCE cov: 1437 ft: 2821 corp: 282/8372Kb lim: 239306 exec/s: 1499 rss: 479Mb L: 725/239306 MS: 2 ChangeBit-EraseBytes-
#40495	REDUCE cov: 1437 ft: 2821 corp: 282/8368Kb lim: 239306 exec/s: 1499 rss: 479Mb L: 5139/239306 MS: 1 EraseBytes-
#40496	REDUCE cov: 1437 ft: 2821 corp: 282/8368Kb lim: 239306 exec/s: 1499 rss: 479Mb L: 221/239306 MS: 1 EraseBytes-
#40567	REDUCE cov: 1437 ft: 2821 corp: 282/8368Kb lim: 239306 exec/s: 1502 rss: 479Mb L: 1811/239306 MS: 1 EraseBytes-
#40679	REDUCE cov: 1437 ft: 2821 corp: 282/8368Kb lim: 239306 exec/s: 1506 rss: 479Mb L: 103/239306 MS: 2 ChangeBit-EraseBytes-
#40700	REDUCE cov: 1437 ft: 2821 corp: 282/8368Kb lim: 239306 exec/s: 1507 rss: 479Mb L: 652/239306 MS: 1 EraseBytes-
#40747	REDUCE cov: 1437 ft: 2821 corp: 282/8368Kb lim: 239306 exec/s: 1509 rss: 479Mb L: 172/239306 MS: 2 ChangeBit-EraseBytes-
#40766	REDUCE cov: 1437 ft: 2821 corp: 282/8367Kb lim: 239306 exec/s: 1509 rss: 479Mb L: 1222/239306 MS: 4 CopyPart-ChangeBit-ChangeByte-EraseBytes-
#40853	REDUCE cov: 1437 ft: 2821 corp: 282/8332Kb lim: 239306 exec/s: 1513 rss: 479Mb L: 45613/239306 MS: 2 ShuffleBytes-EraseBytes-
#40905	REDUCE cov: 1437 ft: 2821 corp: 282/8330Kb lim: 239306 exec/s: 1515 rss: 479Mb L: 14492/239306 MS: 2 CMP-EraseBytes- DE: "\377\377\377\377\000\000\000\001"-
#40929	REDUCE cov: 1437 ft: 2821 corp: 282/8330Kb lim: 239306 exec/s: 1515 rss: 479Mb L: 322/239306 MS: 4 ChangeByte-ChangeByte-InsertByte-EraseBytes-
#40974	REDUCE cov: 1437 ft: 2821 corp: 282/8330Kb lim: 239306 exec/s: 1517 rss: 479Mb L: 1475/239306 MS: 5 ShuffleBytes-ChangeASCIIInt-PersAutoDict-ChangeByte-EraseBytes- DE: "\001\000\000\000\000\000\000\002"-
#41031	REDUCE cov: 1437 ft: 2821 corp: 282/8330Kb lim: 239306 exec/s: 1519 rss: 479Mb L: 1391/239306 MS: 2 PersAutoDict-EraseBytes- DE: "\377\377\377\377\377\377\007\243"-
#41032	REDUCE cov: 1437 ft: 2821 corp: 282/8329Kb lim: 239306 exec/s: 1519 rss: 479Mb L: 1696/239306 MS: 1 EraseBytes-
#41051	REDUCE cov: 1437 ft: 2821 corp: 282/8326Kb lim: 239306 exec/s: 1520 rss: 479Mb L: 6153/239306 MS: 4 ShuffleBytes-ShuffleBytes-ShuffleBytes-EraseBytes-
#41249	REDUCE cov: 1437 ft: 2821 corp: 282/8325Kb lim: 239306 exec/s: 1527 rss: 479Mb L: 772/239306 MS: 3 InsertByte-ChangeByte-EraseBytes-
#41266	REDUCE cov: 1437 ft: 2821 corp: 282/8324Kb lim: 239306 exec/s: 1528 rss: 479Mb L: 9353/239306 MS: 2 ChangeBit-EraseBytes-
#41281	REDUCE cov: 1437 ft: 2821 corp: 282/8321Kb lim: 239306 exec/s: 1528 rss: 479Mb L: 20796/239306 MS: 5 CopyPart-CrossOver-ChangeBit-EraseBytes-CrossOver-
#41302	REDUCE cov: 1437 ft: 2821 corp: 282/8321Kb lim: 239306 exec/s: 1529 rss: 479Mb L: 118389/239306 MS: 1 EraseBytes-
#41343	REDUCE cov: 1437 ft: 2822 corp: 283/8321Kb lim: 239306 exec/s: 1531 rss: 479Mb L: 151/239306 MS: 1 CrossOver-
#41398	REDUCE cov: 1438 ft: 2823 corp: 284/8321Kb lim: 239306 exec/s: 1533 rss: 479Mb L: 39/239306 MS: 5 ChangeBinInt-EraseBytes-CrossOver-ChangeBit-PersAutoDict- DE: "\000\000\000\000\000\000\000\000"-
#41415	REDUCE cov: 1438 ft: 2823 corp: 284/8321Kb lim: 239306 exec/s: 1533 rss: 479Mb L: 515/239306 MS: 2 ChangeByte-EraseBytes-
#41532	REDUCE cov: 1438 ft: 2823 corp: 284/8321Kb lim: 239306 exec/s: 1538 rss: 479Mb L: 321/239306 MS: 2 PersAutoDict-EraseBytes- DE: "\000\000"-
#41600	REDUCE cov: 1438 ft: 2823 corp: 284/8319Kb lim: 239306 exec/s: 1540 rss: 479Mb L: 3649/239306 MS: 3 PersAutoDict-ShuffleBytes-EraseBytes- DE: "\330\002\000\000\000\000\000\000"-
#41603	REDUCE cov: 1438 ft: 2823 corp: 284/8319Kb lim: 239306 exec/s: 1540 rss: 479Mb L: 95/239306 MS: 3 ChangeBit-CrossOver-EraseBytes-
#41653	REDUCE cov: 1438 ft: 2823 corp: 284/8319Kb lim: 239306 exec/s: 1542 rss: 479Mb L: 55/239306 MS: 5 ChangeByte-CrossOver-ChangeBit-ChangeByte-EraseBytes-
#41663	REDUCE cov: 1438 ft: 2824 corp: 285/8319Kb lim: 239306 exec/s: 1543 rss: 479Mb L: 726/239306 MS: 5 ChangeByte-ChangeBit-ChangeASCIIInt-InsertRepeatedBytes-EraseBytes-
#41683	REDUCE cov: 1438 ft: 2824 corp: 285/8317Kb lim: 239306 exec/s: 1488 rss: 479Mb L: 3748/239306 MS: 5 ChangeASCIIInt-ChangeByte-CMP-ChangeByte-EraseBytes- DE: "\377\377"-
#41692	REDUCE cov: 1438 ft: 2824 corp: 285/8293Kb lim: 239306 exec/s: 1489 rss: 479Mb L: 19731/239306 MS: 4 InsertRepeatedBytes-ChangeBit-EraseBytes-EraseBytes-
#41715	REDUCE cov: 1438 ft: 2824 corp: 285/8293Kb lim: 239306 exec/s: 1489 rss: 479Mb L: 755/239306 MS: 3 ChangeBinInt-InsertRepeatedBytes-EraseBytes-
#41726	REDUCE cov: 1438 ft: 2824 corp: 285/8291Kb lim: 239306 exec/s: 1490 rss: 479Mb L: 15042/239306 MS: 1 EraseBytes-
#41782	REDUCE cov: 1439 ft: 2825 corp: 286/8291Kb lim: 239306 exec/s: 1492 rss: 479Mb L: 35/239306 MS: 1 CrossOver-
#41837	REDUCE cov: 1439 ft: 2825 corp: 286/8291Kb lim: 239306 exec/s: 1494 rss: 479Mb L: 247/239306 MS: 5 CopyPart-ChangeBinInt-EraseBytes-CMP-InsertRepeatedBytes- DE: "\017\000\000\000\000\000\000\000"-
#41904	REDUCE cov: 1439 ft: 2825 corp: 286/8291Kb lim: 239306 exec/s: 1496 rss: 479Mb L: 366/239306 MS: 2 InsertByte-EraseBytes-
#41967	REDUCE cov: 1439 ft: 2825 corp: 286/8287Kb lim: 239306 exec/s: 1498 rss: 479Mb L: 43631/239306 MS: 3 ChangeBit-PersAutoDict-EraseBytes- DE: "\000\000\000\000\000\000\000\031"-
#41988	REDUCE cov: 1439 ft: 2825 corp: 286/8275Kb lim: 239306 exec/s: 1499 rss: 479Mb L: 21931/239306 MS: 1 EraseBytes-
#41999	REDUCE cov: 1439 ft: 2825 corp: 286/8275Kb lim: 239306 exec/s: 1499 rss: 479Mb L: 129/239306 MS: 1 EraseBytes-
#42086	REDUCE cov: 1439 ft: 2825 corp: 286/8275Kb lim: 239306 exec/s: 1503 rss: 479Mb L: 2779/239306 MS: 2 CopyPart-EraseBytes-
#42112	REDUCE cov: 1439 ft: 2825 corp: 286/8275Kb lim: 239306 exec/s: 1504 rss: 479Mb L: 55/239306 MS: 1 EraseBytes-
#42178	REDUCE cov: 1439 ft: 2825 corp: 286/8275Kb lim: 239306 exec/s: 1506 rss: 479Mb L: 1515/239306 MS: 1 EraseBytes-
#42201	REDUCE cov: 1439 ft: 2825 corp: 286/8274Kb lim: 239306 exec/s: 1507 rss: 479Mb L: 498/239306 MS: 3 CrossOver-InsertByte-EraseBytes-
#42277	REDUCE cov: 1439 ft: 2825 corp: 286/8274Kb lim: 239306 exec/s: 1509 rss: 479Mb L: 564/239306 MS: 1 EraseBytes-
#42285	REDUCE cov: 1439 ft: 2825 corp: 286/8274Kb lim: 239306 exec/s: 1510 rss: 479Mb L: 43/239306 MS: 3 ChangeBit-ChangeBit-EraseBytes-
#42329	REDUCE cov: 1439 ft: 2825 corp: 286/8274Kb lim: 239306 exec/s: 1511 rss: 479Mb L: 4055/239306 MS: 4 InsertByte-ShuffleBytes-CrossOver-CrossOver-
#42335	REDUCE cov: 1439 ft: 2825 corp: 286/8272Kb lim: 239306 exec/s: 1511 rss: 479Mb L: 4759/239306 MS: 1 EraseBytes-
#42381	REDUCE cov: 1439 ft: 2825 corp: 286/8270Kb lim: 239306 exec/s: 1513 rss: 479Mb L: 28368/239306 MS: 1 EraseBytes-
#42462	REDUCE cov: 1439 ft: 2825 corp: 286/8270Kb lim: 239306 exec/s: 1516 rss: 479Mb L: 111/239306 MS: 1 EraseBytes-
#42491	REDUCE cov: 1439 ft: 2825 corp: 286/8270Kb lim: 239306 exec/s: 1517 rss: 479Mb L: 203/239306 MS: 4 CrossOver-ChangeASCIIInt-ShuffleBytes-EraseBytes-
#42512	REDUCE cov: 1439 ft: 2825 corp: 286/8270Kb lim: 239306 exec/s: 1518 rss: 479Mb L: 133/239306 MS: 1 EraseBytes-
#42588	REDUCE cov: 1439 ft: 2825 corp: 286/8267Kb lim: 239306 exec/s: 1521 rss: 479Mb L: 41834/239306 MS: 1 EraseBytes-
#42594	REDUCE cov: 1439 ft: 2825 corp: 286/8258Kb lim: 239306 exec/s: 1521 rss: 479Mb L: 18254/239306 MS: 1 EraseBytes-
#42701	REDUCE cov: 1439 ft: 2825 corp: 286/8258Kb lim: 239306 exec/s: 1525 rss: 479Mb L: 139/239306 MS: 2 InsertRepeatedBytes-EraseBytes-
#42731	REDUCE cov: 1439 ft: 2826 corp: 287/8262Kb lim: 239306 exec/s: 1526 rss: 479Mb L: 4055/239306 MS: 5 CopyPart-ChangeASCIIInt-ShuffleBytes-ChangeBinInt-CMP- DE: "\004\000"-
#42854	REDUCE cov: 1439 ft: 2826 corp: 287/8259Kb lim: 239306 exec/s: 1530 rss: 479Mb L: 8136/239306 MS: 3 InsertRepeatedBytes-ChangeASCIIInt-EraseBytes-
#42908	REDUCE cov: 1439 ft: 2826 corp: 287/8258Kb lim: 239306 exec/s: 1532 rss: 479Mb L: 7426/239306 MS: 4 CMP-ShuffleBytes-ChangeByte-EraseBytes- DE: "\001\000\000\000\000\000\000\030"-
#42963	REDUCE cov: 1439 ft: 2826 corp: 287/8258Kb lim: 239306 exec/s: 1534 rss: 479Mb L: 598/239306 MS: 5 InsertByte-InsertRepeatedBytes-InsertRepeatedBytes-ChangeASCIIInt-EraseBytes-
#42984	REDUCE cov: 1439 ft: 2826 corp: 287/8257Kb lim: 239306 exec/s: 1535 rss: 479Mb L: 1005/239306 MS: 1 EraseBytes-
#42995	REDUCE cov: 1439 ft: 2826 corp: 287/8257Kb lim: 239306 exec/s: 1535 rss: 479Mb L: 288/239306 MS: 1 EraseBytes-
#43150	REDUCE cov: 1439 ft: 2826 corp: 287/8250Kb lim: 239306 exec/s: 1541 rss: 479Mb L: 13720/239306 MS: 5 InsertByte-ChangeByte-ChangeByte-ChangeBit-EraseBytes-
#43151	REDUCE cov: 1439 ft: 2826 corp: 287/8250Kb lim: 239306 exec/s: 1541 rss: 479Mb L: 194/239306 MS: 1 EraseBytes-
#43368	REDUCE cov: 1439 ft: 2826 corp: 287/8239Kb lim: 239306 exec/s: 1548 rss: 481Mb L: 129164/239306 MS: 2 ChangeBit-EraseBytes-
#43379	REDUCE cov: 1439 ft: 2826 corp: 287/8239Kb lim: 239306 exec/s: 1549 rss: 481Mb L: 465/239306 MS: 1 EraseBytes-
#43431	REDUCE cov: 1439 ft: 2826 corp: 287/8239Kb lim: 239306 exec/s: 1551 rss: 482Mb L: 6598/239306 MS: 2 ChangeBit-EraseBytes-
#43501	REDUCE cov: 1439 ft: 2826 corp: 287/8238Kb lim: 239306 exec/s: 1553 rss: 484Mb L: 6318/239306 MS: 5 InsertByte-ChangeBit-PersAutoDict-ChangeASCIIInt-EraseBytes- DE: "z<\237\350\245\011\347V"-
#43559	REDUCE cov: 1439 ft: 2826 corp: 287/8238Kb lim: 239306 exec/s: 1555 rss: 486Mb L: 271/239306 MS: 3 ChangeBinInt-ShuffleBytes-EraseBytes-
#43579	REDUCE cov: 1439 ft: 2826 corp: 287/8238Kb lim: 239306 exec/s: 1556 rss: 486Mb L: 8763/239306 MS: 5 ChangeByte-ChangeByte-ChangeBit-ShuffleBytes-EraseBytes-
#43610	REDUCE cov: 1439 ft: 2826 corp: 287/8226Kb lim: 239306 exec/s: 1557 rss: 488Mb L: 33442/239306 MS: 1 EraseBytes-
#43632	REDUCE cov: 1439 ft: 2826 corp: 287/8213Kb lim: 239306 exec/s: 1558 rss: 488Mb L: 15658/239306 MS: 2 ChangeASCIIInt-EraseBytes-
#43648	REDUCE cov: 1439 ft: 2826 corp: 287/8212Kb lim: 239306 exec/s: 1505 rss: 488Mb L: 2127/239306 MS: 1 EraseBytes-
#43694	REDUCE cov: 1439 ft: 2826 corp: 287/8201Kb lim: 239306 exec/s: 1506 rss: 489Mb L: 44740/239306 MS: 1 EraseBytes-
#43786	REDUCE cov: 1439 ft: 2826 corp: 287/8201Kb lim: 239306 exec/s: 1509 rss: 489Mb L: 138/239306 MS: 2 InsertByte-EraseBytes-
#43843	REDUCE cov: 1439 ft: 2826 corp: 287/8197Kb lim: 239306 exec/s: 1511 rss: 489Mb L: 8615/239306 MS: 2 ChangeByte-EraseBytes-
#43905	REDUCE cov: 1439 ft: 2826 corp: 287/8197Kb lim: 239306 exec/s: 1513 rss: 489Mb L: 37/239306 MS: 2 ChangeByte-EraseBytes-
#43977	REDUCE cov: 1439 ft: 2826 corp: 287/8197Kb lim: 239306 exec/s: 1516 rss: 489Mb L: 710/239306 MS: 2 PersAutoDict-EraseBytes- DE: "\252\252\252\252\252\252\252\012"-
#43993	REDUCE cov: 1439 ft: 2826 corp: 287/8197Kb lim: 239306 exec/s: 1517 rss: 489Mb L: 257/239306 MS: 1 EraseBytes-
#43997	REDUCE cov: 1439 ft: 2826 corp: 287/8197Kb lim: 239306 exec/s: 1517 rss: 489Mb L: 1360/239306 MS: 4 ChangeASCIIInt-ShuffleBytes-ChangeByte-EraseBytes-
#44005	REDUCE cov: 1439 ft: 2826 corp: 287/8197Kb lim: 239306 exec/s: 1517 rss: 489Mb L: 557/239306 MS: 3 ShuffleBytes-ChangeBinInt-EraseBytes-
#44111	REDUCE cov: 1439 ft: 2826 corp: 287/8191Kb lim: 239306 exec/s: 1521 rss: 489Mb L: 140152/239306 MS: 1 EraseBytes-
#44112	REDUCE cov: 1439 ft: 2826 corp: 287/8189Kb lim: 239306 exec/s: 1521 rss: 489Mb L: 5423/239306 MS: 1 EraseBytes-
#44124	REDUCE cov: 1439 ft: 2826 corp: 287/8189Kb lim: 239306 exec/s: 1521 rss: 489Mb L: 332/239306 MS: 2 InsertByte-EraseBytes-
#44191	REDUCE cov: 1439 ft: 2826 corp: 287/8189Kb lim: 239306 exec/s: 1523 rss: 489Mb L: 22/239306 MS: 2 EraseBytes-PersAutoDict- DE: "\377\377"-
#44282	REDUCE cov: 1439 ft: 2826 corp: 287/8183Kb lim: 239306 exec/s: 1526 rss: 489Mb L: 14706/239306 MS: 1 EraseBytes-
#44360	REDUCE cov: 1439 ft: 2826 corp: 287/8183Kb lim: 239306 exec/s: 1529 rss: 489Mb L: 429/239306 MS: 3 CMP-PersAutoDict-EraseBytes- DE: "\001\000"-"\006UUUUUUU"-
#44386	REDUCE cov: 1439 ft: 2826 corp: 287/8181Kb lim: 239306 exec/s: 1530 rss: 489Mb L: 12767/239306 MS: 1 EraseBytes-
#44397	REDUCE cov: 1439 ft: 2826 corp: 287/8179Kb lim: 239306 exec/s: 1530 rss: 489Mb L: 3654/239306 MS: 1 EraseBytes-
#44398	REDUCE cov: 1439 ft: 2826 corp: 287/8178Kb lim: 239306 exec/s: 1530 rss: 489Mb L: 139163/239306 MS: 1 EraseBytes-
#44450	REDUCE cov: 1446 ft: 2858 corp: 288/8179Kb lim: 239306 exec/s: 1532 rss: 489Mb L: 568/239306 MS: 2 ChangeByte-InsertRepeatedBytes-
#44464	REDUCE cov: 1446 ft: 2858 corp: 288/8179Kb lim: 239306 exec/s: 1533 rss: 489Mb L: 899/239306 MS: 4 CopyPart-CrossOver-ChangeBinInt-EraseBytes-
#44580	REDUCE cov: 1446 ft: 2858 corp: 288/8178Kb lim: 239306 exec/s: 1537 rss: 490Mb L: 140/239306 MS: 1 EraseBytes-
#44747	REDUCE cov: 1446 ft: 2858 corp: 288/8176Kb lim: 239306 exec/s: 1543 rss: 496Mb L: 53529/239306 MS: 2 CMP-EraseBytes- DE: "\000\000\000\000\000\000\000\026"-
#44841	REDUCE cov: 1446 ft: 2858 corp: 288/8176Kb lim: 239306 exec/s: 1546 rss: 497Mb L: 295/239306 MS: 4 InsertRepeatedBytes-CopyPart-ChangeByte-EraseBytes-
#44842	REDUCE cov: 1446 ft: 2858 corp: 288/8173Kb lim: 239306 exec/s: 1546 rss: 497Mb L: 5724/239306 MS: 1 EraseBytes-
#44859	REDUCE cov: 1448 ft: 2860 corp: 289/8173Kb lim: 239306 exec/s: 1546 rss: 497Mb L: 22/239306 MS: 2 PersAutoDict-CMP- DE: "\201\240j3\230{\000\000"-"\001\000"-
#44910	REDUCE cov: 1448 ft: 2860 corp: 289/8173Kb lim: 239306 exec/s: 1548 rss: 497Mb L: 984/239306 MS: 1 EraseBytes-
#44951	REDUCE cov: 1448 ft: 2860 corp: 289/8173Kb lim: 239306 exec/s: 1550 rss: 497Mb L: 125/239306 MS: 1 EraseBytes-
#45030	REDUCE cov: 1448 ft: 2860 corp: 289/8173Kb lim: 239306 exec/s: 1552 rss: 501Mb L: 72/239306 MS: 4 ShuffleBytes-ChangeBinInt-ChangeASCIIInt-EraseBytes-
#45046	REDUCE cov: 1448 ft: 2860 corp: 289/8172Kb lim: 239306 exec/s: 1553 rss: 501Mb L: 5240/239306 MS: 1 EraseBytes-
#45083	REDUCE cov: 1448 ft: 2860 corp: 289/8172Kb lim: 239306 exec/s: 1554 rss: 501Mb L: 47/239306 MS: 2 CrossOver-EraseBytes-
#45084	REDUCE cov: 1448 ft: 2860 corp: 289/8172Kb lim: 239306 exec/s: 1554 rss: 501Mb L: 256/239306 MS: 1 EraseBytes-
#45085	REDUCE cov: 1448 ft: 2860 corp: 289/8172Kb lim: 239306 exec/s: 1554 rss: 501Mb L: 128/239306 MS: 1 EraseBytes-
#45131	REDUCE cov: 1448 ft: 2860 corp: 289/8171Kb lim: 239306 exec/s: 1556 rss: 501Mb L: 2570/239306 MS: 1 EraseBytes-
#45135	REDUCE cov: 1448 ft: 2860 corp: 289/8157Kb lim: 239306 exec/s: 1556 rss: 501Mb L: 28214/239306 MS: 4 ChangeBit-CopyPart-PersAutoDict-EraseBytes- DE: "\312\000\000\000\000\000\000\000"-
#45142	REDUCE cov: 1448 ft: 2860 corp: 289/8155Kb lim: 239306 exec/s: 1556 rss: 501Mb L: 4418/239306 MS: 2 ShuffleBytes-EraseBytes-
#45179	REDUCE cov: 1448 ft: 2860 corp: 289/8155Kb lim: 239306 exec/s: 1557 rss: 501Mb L: 396/239306 MS: 2 ShuffleBytes-EraseBytes-
#45329	REDUCE cov: 1448 ft: 2860 corp: 289/8155Kb lim: 239306 exec/s: 1563 rss: 501Mb L: 110/239306 MS: 5 ChangeBit-ChangeByte-ShuffleBytes-ShuffleBytes-EraseBytes-
#45375	REDUCE cov: 1448 ft: 2860 corp: 289/8155Kb lim: 239306 exec/s: 1564 rss: 501Mb L: 518/239306 MS: 1 EraseBytes-
#45437	REDUCE cov: 1448 ft: 2860 corp: 289/8155Kb lim: 239306 exec/s: 1566 rss: 501Mb L: 323/239306 MS: 2 InsertRepeatedBytes-EraseBytes-
#45523	REDUCE cov: 1448 ft: 2860 corp: 289/8154Kb lim: 239306 exec/s: 1569 rss: 501Mb L: 11266/239306 MS: 1 EraseBytes-
#45554	REDUCE cov: 1448 ft: 2860 corp: 289/8147Kb lim: 239306 exec/s: 1570 rss: 501Mb L: 29210/239306 MS: 1 EraseBytes-
#45562	REDUCE cov: 1448 ft: 2860 corp: 289/8147Kb lim: 239306 exec/s: 1571 rss: 501Mb L: 339/239306 MS: 3 ChangeBinInt-ChangeByte-EraseBytes-
#45563	REDUCE cov: 1448 ft: 2860 corp: 289/8147Kb lim: 239306 exec/s: 1571 rss: 501Mb L: 513/239306 MS: 1 EraseBytes-
#45625	REDUCE cov: 1448 ft: 2860 corp: 289/8135Kb lim: 239306 exec/s: 1573 rss: 501Mb L: 42731/239306 MS: 2 CrossOver-EraseBytes-
#45651	REDUCE cov: 1448 ft: 2860 corp: 289/8103Kb lim: 239306 exec/s: 1574 rss: 501Mb L: 96013/239306 MS: 1 EraseBytes-
#45807	REDUCE cov: 1448 ft: 2860 corp: 289/8102Kb lim: 239306 exec/s: 1526 rss: 501Mb L: 1102/239306 MS: 1 EraseBytes-
#45924	REDUCE cov: 1448 ft: 2860 corp: 289/8102Kb lim: 239306 exec/s: 1530 rss: 501Mb L: 253/239306 MS: 2 PersAutoDict-EraseBytes- DE: "\000\000\000\000\000\000\006I"-
#45983	REDUCE cov: 1448 ft: 2860 corp: 289/8102Kb lim: 239306 exec/s: 1532 rss: 501Mb L: 6031/239306 MS: 4 ChangeBinInt-ChangeASCIIInt-PersAutoDict-EraseBytes- DE: "\376\377\377\377\377\377\377\017"-
#46039	REDUCE cov: 1448 ft: 2860 corp: 289/8098Kb lim: 239306 exec/s: 1534 rss: 501Mb L: 79745/239306 MS: 1 EraseBytes-
#46096	REDUCE cov: 1448 ft: 2860 corp: 289/8098Kb lim: 239306 exec/s: 1536 rss: 501Mb L: 663/239306 MS: 2 CMP-EraseBytes- DE: "\000\000\000\000"-
#46108	REDUCE cov: 1448 ft: 2860 corp: 289/8098Kb lim: 239306 exec/s: 1536 rss: 501Mb L: 284/239306 MS: 2 CMP-EraseBytes- DE: "\001\000"-
#46144	REDUCE cov: 1448 ft: 2860 corp: 289/8097Kb lim: 239306 exec/s: 1538 rss: 501Mb L: 4157/239306 MS: 1 EraseBytes-
#46150	REDUCE cov: 1448 ft: 2860 corp: 289/8094Kb lim: 239306 exec/s: 1538 rss: 501Mb L: 15742/239306 MS: 1 EraseBytes-
#46212	REDUCE cov: 1448 ft: 2860 corp: 289/8093Kb lim: 239306 exec/s: 1540 rss: 501Mb L: 4236/239306 MS: 2 CopyPart-EraseBytes-
#46262	REDUCE cov: 1448 ft: 2860 corp: 289/8093Kb lim: 239306 exec/s: 1542 rss: 501Mb L: 282/239306 MS: 5 InsertByte-InsertByte-ShuffleBytes-PersAutoDict-EraseBytes- DE: "\201\240j3\230{\000\000"-
#46329	REDUCE cov: 1448 ft: 2860 corp: 289/8090Kb lim: 239306 exec/s: 1544 rss: 501Mb L: 39208/239306 MS: 2 PersAutoDict-EraseBytes- DE: "\312\000\000\000\000\000\000\000"-
#46434	REDUCE cov: 1448 ft: 2860 corp: 289/8090Kb lim: 239306 exec/s: 1547 rss: 501Mb L: 247/239306 MS: 5 ChangeBinInt-ChangeBit-InsertByte-PersAutoDict-EraseBytes- DE: "\026\000\000\000\000\000\000\000"-
#46469	REDUCE cov: 1448 ft: 2860 corp: 289/8090Kb lim: 239306 exec/s: 1548 rss: 501Mb L: 23/239306 MS: 5 InsertByte-ChangeByte-ChangeBinInt-ChangeBit-EraseBytes-
#46510	REDUCE cov: 1448 ft: 2860 corp: 289/8089Kb lim: 239306 exec/s: 1550 rss: 501Mb L: 2877/239306 MS: 1 EraseBytes-
#46653	REDUCE cov: 1448 ft: 2860 corp: 289/8089Kb lim: 239306 exec/s: 1555 rss: 501Mb L: 1052/239306 MS: 3 ChangeBit-ChangeByte-EraseBytes-
#46654	REDUCE cov: 1448 ft: 2860 corp: 289/8088Kb lim: 239306 exec/s: 1555 rss: 501Mb L: 7516/239306 MS: 1 EraseBytes-
#46665	REDUCE cov: 1448 ft: 2860 corp: 289/8087Kb lim: 239306 exec/s: 1555 rss: 501Mb L: 40929/239306 MS: 1 EraseBytes-
#46701	REDUCE cov: 1448 ft: 2860 corp: 289/8086Kb lim: 239306 exec/s: 1556 rss: 501Mb L: 137948/239306 MS: 1 EraseBytes-
#46758	REDUCE cov: 1448 ft: 2860 corp: 289/8086Kb lim: 239306 exec/s: 1558 rss: 501Mb L: 78/239306 MS: 2 CMP-EraseBytes- DE: "\000\000\000\000\000\000\000\000"-
#46780	REDUCE cov: 1448 ft: 2860 corp: 289/8076Kb lim: 239306 exec/s: 1559 rss: 501Mb L: 35511/239306 MS: 2 ChangeBinInt-EraseBytes-
#46784	REDUCE cov: 1448 ft: 2860 corp: 289/8072Kb lim: 239306 exec/s: 1559 rss: 501Mb L: 52772/239306 MS: 4 ChangeBinInt-PersAutoDict-PersAutoDict-EraseBytes- DE: "\003\000\000\000\000\000\000\000"-"\376\377\377\377\377\377\377\017"-
#46798	REDUCE cov: 1448 ft: 2860 corp: 289/8072Kb lim: 239306 exec/s: 1559 rss: 501Mb L: 134/239306 MS: 4 ChangeBinInt-ChangeByte-InsertRepeatedBytes-EraseBytes-
#46802	REDUCE cov: 1448 ft: 2860 corp: 289/8071Kb lim: 239306 exec/s: 1560 rss: 501Mb L: 4420/239306 MS: 4 InsertRepeatedBytes-ChangeBit-PersAutoDict-EraseBytes- DE: "\377\377"-
#46886	REDUCE cov: 1448 ft: 2860 corp: 289/8071Kb lim: 239306 exec/s: 1562 rss: 501Mb L: 59/239306 MS: 4 ChangeBit-InsertByte-ChangeByte-EraseBytes-
#46968	REDUCE cov: 1448 ft: 2860 corp: 289/8071Kb lim: 239306 exec/s: 1565 rss: 501Mb L: 8567/239306 MS: 2 ChangeASCIIInt-EraseBytes-
#46969	REDUCE cov: 1448 ft: 2860 corp: 289/8070Kb lim: 239306 exec/s: 1565 rss: 501Mb L: 1426/239306 MS: 1 EraseBytes-
#46971	REDUCE cov: 1448 ft: 2861 corp: 290/8074Kb lim: 239306 exec/s: 1565 rss: 501Mb L: 4135/239306 MS: 2 ChangeByte-PersAutoDict- DE: "\001\000\000\000"-
#47087	REDUCE cov: 1448 ft: 2861 corp: 290/8074Kb lim: 239306 exec/s: 1569 rss: 501Mb L: 705/239306 MS: 1 EraseBytes-
#47180	REDUCE cov: 1448 ft: 2861 corp: 290/8073Kb lim: 239306 exec/s: 1572 rss: 501Mb L: 903/239306 MS: 3 ChangeBit-ShuffleBytes-EraseBytes-
#47391	REDUCE cov: 1448 ft: 2861 corp: 290/8073Kb lim: 239306 exec/s: 1579 rss: 501Mb L: 723/239306 MS: 1 EraseBytes-
#47447	REDUCE cov: 1448 ft: 2861 corp: 290/8073Kb lim: 239306 exec/s: 1581 rss: 501Mb L: 280/239306 MS: 1 EraseBytes-
#47480	REDUCE cov: 1448 ft: 2861 corp: 290/8048Kb lim: 239306 exec/s: 1582 rss: 501Mb L: 53797/239306 MS: 3 InsertRepeatedBytes-ChangeASCIIInt-EraseBytes-
#47484	REDUCE cov: 1448 ft: 2861 corp: 290/8045Kb lim: 239306 exec/s: 1582 rss: 501Mb L: 3818/239306 MS: 4 PersAutoDict-PersAutoDict-ChangeByte-EraseBytes- DE: "\026\000\000\000\000\000\000\000"-"\000\000\000\000\000\000\000\026"-
#47561	REDUCE cov: 1448 ft: 2861 corp: 290/8045Kb lim: 239306 exec/s: 1585 rss: 501Mb L: 122/239306 MS: 2 ChangeByte-EraseBytes-
#47563	REDUCE cov: 1448 ft: 2861 corp: 290/8038Kb lim: 239306 exec/s: 1585 rss: 501Mb L: 16656/239306 MS: 2 ChangeBinInt-EraseBytes-
#47567	REDUCE cov: 1448 ft: 2861 corp: 290/8038Kb lim: 239306 exec/s: 1585 rss: 501Mb L: 247/239306 MS: 4 InsertByte-PersAutoDict-ChangeBit-EraseBytes- DE: "\000\000\000\001"-
#47641	REDUCE cov: 1448 ft: 2861 corp: 290/8038Kb lim: 239306 exec/s: 1588 rss: 501Mb L: 381/239306 MS: 4 PersAutoDict-CrossOver-ChangeByte-EraseBytes- DE: "\002\000\000\000\000\000\000\000"-
#47656	REDUCE cov: 1448 ft: 2861 corp: 290/8037Kb lim: 239306 exec/s: 1588 rss: 501Mb L: 3077/239306 MS: 5 CrossOver-ChangeBinInt-ChangeASCIIInt-ChangeByte-EraseBytes-
#47668	REDUCE cov: 1448 ft: 2861 corp: 290/8035Kb lim: 239306 exec/s: 1588 rss: 501Mb L: 95616/239306 MS: 2 ChangeBinInt-EraseBytes-
#47760	REDUCE cov: 1448 ft: 2861 corp: 290/8035Kb lim: 239306 exec/s: 1592 rss: 501Mb L: 306/239306 MS: 2 PersAutoDict-EraseBytes- DE: "z<\237\350\245\011\347V"-
#47851	REDUCE cov: 1448 ft: 2861 corp: 290/8035Kb lim: 239306 exec/s: 1595 rss: 501Mb L: 1082/239306 MS: 1 EraseBytes-
#47887	REDUCE cov: 1448 ft: 2861 corp: 290/8033Kb lim: 239306 exec/s: 1596 rss: 501Mb L: 2161/239306 MS: 1 EraseBytes-
#47913	REDUCE cov: 1448 ft: 2861 corp: 290/8032Kb lim: 239306 exec/s: 1597 rss: 501Mb L: 4171/239306 MS: 1 EraseBytes-
#47924	REDUCE cov: 1448 ft: 2861 corp: 290/8032Kb lim: 239306 exec/s: 1597 rss: 501Mb L: 128/239306 MS: 1 EraseBytes-
#48015	REDUCE cov: 1448 ft: 2861 corp: 290/8032Kb lim: 239306 exec/s: 1600 rss: 501Mb L: 24/239306 MS: 1 EraseBytes-
#48046	REDUCE cov: 1448 ft: 2861 corp: 290/8032Kb lim: 239306 exec/s: 1601 rss: 501Mb L: 3764/239306 MS: 1 EraseBytes-
#48049	REDUCE cov: 1450 ft: 2863 corp: 291/8032Kb lim: 239306 exec/s: 1601 rss: 501Mb L: 283/239306 MS: 3 CMP-CopyPart-CMP- DE: "x\032\204\263\362\357\267\010"-"\001\000"-
#48073	REDUCE cov: 1450 ft: 2863 corp: 291/8032Kb lim: 239306 exec/s: 1602 rss: 501Mb L: 127/239306 MS: 4 ChangeBinInt-InsertByte-CrossOver-EraseBytes-
#48116	REDUCE cov: 1450 ft: 2863 corp: 291/8032Kb lim: 239306 exec/s: 1603 rss: 501Mb L: 1448/239306 MS: 3 ChangeASCIIInt-ChangeASCIIInt-EraseBytes-
#48178	REDUCE cov: 1450 ft: 2863 corp: 291/8032Kb lim: 239306 exec/s: 1554 rss: 501Mb L: 786/239306 MS: 2 ChangeBinInt-EraseBytes-
#48252	REDUCE cov: 1450 ft: 2863 corp: 291/8028Kb lim: 239306 exec/s: 1556 rss: 501Mb L: 8569/239306 MS: 4 InsertByte-PersAutoDict-InsertByte-EraseBytes- DE: "\330\002\000\000\000\000\000\000"-
#48358	REDUCE cov: 1450 ft: 2863 corp: 291/8027Kb lim: 239306 exec/s: 1559 rss: 501Mb L: 13286/239306 MS: 1 EraseBytes-
#48390	REDUCE cov: 1450 ft: 2863 corp: 291/8027Kb lim: 239306 exec/s: 1560 rss: 501Mb L: 2323/239306 MS: 2 PersAutoDict-EraseBytes- DE: "\377\377\377\377\000\000\000\001"-
#48396	REDUCE cov: 1450 ft: 2863 corp: 291/8026Kb lim: 239306 exec/s: 1561 rss: 501Mb L: 1989/239306 MS: 1 EraseBytes-
#48487	REDUCE cov: 1450 ft: 2863 corp: 291/8026Kb lim: 239306 exec/s: 1564 rss: 501Mb L: 415/239306 MS: 1 EraseBytes-
#48578	REDUCE cov: 1450 ft: 2863 corp: 291/8026Kb lim: 239306 exec/s: 1567 rss: 501Mb L: 65/239306 MS: 1 EraseBytes-
#48594	REDUCE cov: 1450 ft: 2863 corp: 291/8023Kb lim: 239306 exec/s: 1567 rss: 501Mb L: 8998/239306 MS: 1 EraseBytes-
#48655	REDUCE cov: 1450 ft: 2863 corp: 291/8019Kb lim: 239306 exec/s: 1569 rss: 501Mb L: 4249/239306 MS: 1 EraseBytes-
#48671	REDUCE cov: 1450 ft: 2863 corp: 291/8019Kb lim: 239306 exec/s: 1570 rss: 501Mb L: 111/239306 MS: 1 EraseBytes-
#48703	REDUCE cov: 1450 ft: 2863 corp: 291/8016Kb lim: 239306 exec/s: 1571 rss: 501Mb L: 25828/239306 MS: 2 CopyPart-EraseBytes-
#48712	REDUCE cov: 1450 ft: 2863 corp: 291/8016Kb lim: 239306 exec/s: 1571 rss: 501Mb L: 3147/239306 MS: 4 CMP-CrossOver-ChangeBit-EraseBytes- DE: "\377\377\377\377"-
#48874	REDUCE cov: 1450 ft: 2863 corp: 291/8014Kb lim: 239306 exec/s: 1576 rss: 501Mb L: 4105/239306 MS: 2 InsertByte-EraseBytes-
#48887	REDUCE cov: 1450 ft: 2863 corp: 291/8014Kb lim: 239306 exec/s: 1577 rss: 501Mb L: 227/239306 MS: 3 ChangeByte-CrossOver-EraseBytes-
#48938	REDUCE cov: 1450 ft: 2863 corp: 291/8005Kb lim: 239306 exec/s: 1578 rss: 501Mb L: 44617/239306 MS: 1 EraseBytes-
#48989	REDUCE cov: 1450 ft: 2863 corp: 291/8005Kb lim: 239306 exec/s: 1580 rss: 501Mb L: 1230/239306 MS: 1 EraseBytes-
#49000	REDUCE cov: 1450 ft: 2863 corp: 291/8004Kb lim: 239306 exec/s: 1580 rss: 501Mb L: 8044/239306 MS: 1 EraseBytes-
#49056	REDUCE cov: 1450 ft: 2863 corp: 291/8004Kb lim: 239306 exec/s: 1582 rss: 501Mb L: 2664/239306 MS: 1 EraseBytes-
#49082	REDUCE cov: 1450 ft: 2863 corp: 291/8001Kb lim: 239306 exec/s: 1583 rss: 501Mb L: 4397/239306 MS: 1 EraseBytes-
#49128	REDUCE cov: 1450 ft: 2863 corp: 291/7986Kb lim: 239306 exec/s: 1584 rss: 501Mb L: 20225/239306 MS: 1 EraseBytes-
#49309	REDUCE cov: 1450 ft: 2863 corp: 291/7957Kb lim: 239306 exec/s: 1590 rss: 501Mb L: 66613/239306 MS: 1 EraseBytes-
#49325	REDUCE cov: 1450 ft: 2863 corp: 291/7957Kb lim: 239306 exec/s: 1591 rss: 501Mb L: 3063/239306 MS: 1 EraseBytes-
#49356	REDUCE cov: 1450 ft: 2863 corp: 291/7957Kb lim: 239306 exec/s: 1592 rss: 501Mb L: 54/239306 MS: 1 EraseBytes-
#49611	REDUCE cov: 1450 ft: 2863 corp: 291/7957Kb lim: 239306 exec/s: 1600 rss: 501Mb L: 151/239306 MS: 5 ChangeBit-ShuffleBytes-CMP-ChangeBit-EraseBytes- DE: "\000\000\000\000\000\000\000\000"-
#49629	REDUCE cov: 1450 ft: 2863 corp: 291/7957Kb lim: 239306 exec/s: 1600 rss: 501Mb L: 240/239306 MS: 3 InsertByte-ShuffleBytes-EraseBytes-
#49639	REDUCE cov: 1450 ft: 2863 corp: 291/7954Kb lim: 239306 exec/s: 1601 rss: 501Mb L: 3691/239306 MS: 5 CMP-ShuffleBytes-InsertByte-ChangeBinInt-EraseBytes- DE: "3V\017L\023xz["-
#49650	REDUCE cov: 1450 ft: 2863 corp: 291/7952Kb lim: 239306 exec/s: 1601 rss: 501Mb L: 5784/239306 MS: 1 EraseBytes-
#49703	REDUCE cov: 1450 ft: 2863 corp: 291/7950Kb lim: 239306 exec/s: 1603 rss: 501Mb L: 33083/239306 MS: 3 ChangeByte-ChangeASCIIInt-EraseBytes-
#49714	REDUCE cov: 1450 ft: 2863 corp: 291/7950Kb lim: 239306 exec/s: 1603 rss: 501Mb L: 47/239306 MS: 1 EraseBytes-
#49852	REDUCE cov: 1450 ft: 2863 corp: 291/7950Kb lim: 239306 exec/s: 1608 rss: 501Mb L: 231/239306 MS: 3 InsertRepeatedBytes-CopyPart-EraseBytes-
#49878	REDUCE cov: 1450 ft: 2864 corp: 292/8177Kb lim: 239306 exec/s: 1608 rss: 501Mb L: 232294/239306 MS: 1 CopyPart-
#49897	REDUCE cov: 1450 ft: 2864 corp: 292/8176Kb lim: 239306 exec/s: 1609 rss: 501Mb L: 3802/239306 MS: 4 PersAutoDict-CopyPart-ChangeBit-EraseBytes- DE: "3V\017L\023xz["-
#49908	REDUCE cov: 1450 ft: 2864 corp: 292/8176Kb lim: 239306 exec/s: 1609 rss: 501Mb L: 443/239306 MS: 1 EraseBytes-
#49920	REDUCE cov: 1450 ft: 2864 corp: 292/8172Kb lim: 239306 exec/s: 1610 rss: 501Mb L: 4633/239306 MS: 2 PersAutoDict-EraseBytes- DE: "\001\000\000\000\000\000\000\030"-
#49936	REDUCE cov: 1450 ft: 2865 corp: 293/8173Kb lim: 239306 exec/s: 1610 rss: 501Mb L: 700/239306 MS: 1 EraseBytes-
#49977	REDUCE cov: 1450 ft: 2865 corp: 293/8154Kb lim: 239306 exec/s: 1612 rss: 501Mb L: 75833/239306 MS: 1 EraseBytes-
#49990	REDUCE cov: 1450 ft: 2865 corp: 293/8154Kb lim: 239306 exec/s: 1612 rss: 501Mb L: 58/239306 MS: 3 ShuffleBytes-ChangeByte-EraseBytes-
#50085	REDUCE cov: 1450 ft: 2865 corp: 293/8154Kb lim: 239306 exec/s: 1615 rss: 501Mb L: 142/239306 MS: 5 PersAutoDict-ShuffleBytes-PersAutoDict-EraseBytes-CMP- DE: "\002\000\000\000\000\000\000\000"-"\001\000\000\000\000\000\000\000"-"\377\377\377\377\377\377\377\011"-
#50186	REDUCE cov: 1450 ft: 2865 corp: 293/8151Kb lim: 239306 exec/s: 1618 rss: 501Mb L: 36975/239306 MS: 1 EraseBytes-
#50216	REDUCE cov: 1450 ft: 2865 corp: 293/8151Kb lim: 239306 exec/s: 1619 rss: 501Mb L: 547/239306 MS: 5 InsertByte-ChangeByte-InsertRepeatedBytes-ShuffleBytes-EraseBytes-
#50267	REDUCE cov: 1450 ft: 2865 corp: 293/8150Kb lim: 239306 exec/s: 1621 rss: 501Mb L: 808/239306 MS: 1 EraseBytes-
#50340	REDUCE cov: 1450 ft: 2865 corp: 293/8150Kb lim: 239306 exec/s: 1623 rss: 501Mb L: 34743/239306 MS: 3 ChangeBit-InsertByte-EraseBytes-
#50361	REDUCE cov: 1450 ft: 2865 corp: 293/8150Kb lim: 239306 exec/s: 1624 rss: 501Mb L: 615/239306 MS: 1 EraseBytes-
#50484	REDUCE cov: 1450 ft: 2865 corp: 293/8149Kb lim: 239306 exec/s: 1577 rss: 501Mb L: 3103/239306 MS: 3 ChangeBinInt-InsertRepeatedBytes-EraseBytes-
#50493	REDUCE cov: 1450 ft: 2865 corp: 293/8145Kb lim: 239306 exec/s: 1577 rss: 501Mb L: 62711/239306 MS: 4 ChangeASCIIInt-PersAutoDict-PersAutoDict-EraseBytes- DE: "\001\000"-"\330\002\000\000\000\000\000\000"-
#50585	REDUCE cov: 1450 ft: 2865 corp: 293/8145Kb lim: 239306 exec/s: 1580 rss: 501Mb L: 200/239306 MS: 2 ChangeBinInt-EraseBytes-
#50604	REDUCE cov: 1450 ft: 2865 corp: 293/8143Kb lim: 239306 exec/s: 1581 rss: 501Mb L: 13680/239306 MS: 4 PersAutoDict-ShuffleBytes-ChangeBit-EraseBytes- DE: "\007\000\000\000\000\000\000\000"-
#50622	REDUCE cov: 1450 ft: 2865 corp: 293/8143Kb lim: 239306 exec/s: 1581 rss: 501Mb L: 34292/239306 MS: 3 CopyPart-ChangeBit-EraseBytes-
#50649	REDUCE cov: 1450 ft: 2865 corp: 293/8139Kb lim: 239306 exec/s: 1582 rss: 501Mb L: 35337/239306 MS: 2 ChangeByte-EraseBytes-
#50650	REDUCE cov: 1450 ft: 2865 corp: 293/8129Kb lim: 239306 exec/s: 1582 rss: 501Mb L: 24791/239306 MS: 1 EraseBytes-
#50666	REDUCE cov: 1450 ft: 2865 corp: 293/8128Kb lim: 239306 exec/s: 1583 rss: 501Mb L: 2838/239306 MS: 1 EraseBytes-
#50673	REDUCE cov: 1450 ft: 2865 corp: 293/8128Kb lim: 239306 exec/s: 1583 rss: 501Mb L: 515/239306 MS: 2 ChangeASCIIInt-EraseBytes-
#50895	REDUCE cov: 1450 ft: 2866 corp: 294/8128Kb lim: 239306 exec/s: 1590 rss: 501Mb L: 555/239306 MS: 2 PersAutoDict-ChangeBit- DE: "\012\252\252\252\252\252\252\252"-
#50896	REDUCE cov: 1450 ft: 2866 corp: 294/8128Kb lim: 239306 exec/s: 1590 rss: 501Mb L: 306/239306 MS: 1 EraseBytes-
#50899	REDUCE cov: 1450 ft: 2866 corp: 294/8127Kb lim: 239306 exec/s: 1590 rss: 501Mb L: 2436/239306 MS: 3 ChangeBit-ShuffleBytes-EraseBytes-
#50907	REDUCE cov: 1450 ft: 2866 corp: 294/8121Kb lim: 239306 exec/s: 1590 rss: 501Mb L: 7566/239306 MS: 3 InsertRepeatedBytes-ChangeBinInt-EraseBytes-
#50941	REDUCE cov: 1451 ft: 2867 corp: 295/8121Kb lim: 239306 exec/s: 1591 rss: 501Mb L: 13/239306 MS: 4 ChangeBit-ChangeBit-InsertByte-EraseBytes-
#50977	REDUCE cov: 1451 ft: 2867 corp: 295/8118Kb lim: 239306 exec/s: 1593 rss: 501Mb L: 5918/239306 MS: 1 EraseBytes-
#51014	REDUCE cov: 1451 ft: 2867 corp: 295/8118Kb lim: 239306 exec/s: 1594 rss: 501Mb L: 511/239306 MS: 2 ChangeASCIIInt-EraseBytes-
#51016	REDUCE cov: 1451 ft: 2867 corp: 295/8118Kb lim: 239306 exec/s: 1594 rss: 501Mb L: 390/239306 MS: 2 ChangeBit-EraseBytes-
#51123	REDUCE cov: 1451 ft: 2867 corp: 295/8118Kb lim: 239306 exec/s: 1597 rss: 501Mb L: 81/239306 MS: 2 ChangeBit-EraseBytes-
#51126	REDUCE cov: 1451 ft: 2867 corp: 295/8117Kb lim: 239306 exec/s: 1597 rss: 501Mb L: 6943/239306 MS: 3 CopyPart-InsertRepeatedBytes-EraseBytes-
#51132	REDUCE cov: 1451 ft: 2867 corp: 295/8116Kb lim: 239306 exec/s: 1597 rss: 501Mb L: 281/239306 MS: 1 EraseBytes-
#51194	REDUCE cov: 1451 ft: 2867 corp: 295/8116Kb lim: 239306 exec/s: 1599 rss: 501Mb L: 4088/239306 MS: 2 InsertByte-EraseBytes-
#51205	REDUCE cov: 1451 ft: 2867 corp: 295/8116Kb lim: 239306 exec/s: 1600 rss: 501Mb L: 1441/239306 MS: 1 EraseBytes-
#51233	REDUCE cov: 1451 ft: 2867 corp: 295/8116Kb lim: 239306 exec/s: 1601 rss: 501Mb L: 3662/239306 MS: 3 InsertRepeatedBytes-ChangeASCIIInt-EraseBytes-
#51258	REDUCE cov: 1451 ft: 2867 corp: 295/8116Kb lim: 239306 exec/s: 1601 rss: 501Mb L: 469/239306 MS: 5 ChangeASCIIInt-ChangeBinInt-ChangeASCIIInt-ChangeBit-EraseBytes-
#51283	REDUCE cov: 1451 ft: 2867 corp: 295/8114Kb lim: 239306 exec/s: 1602 rss: 501Mb L: 26171/239306 MS: 5 ChangeByte-CopyPart-CopyPart-InsertRepeatedBytes-EraseBytes-
#51387	REDUCE cov: 1451 ft: 2867 corp: 295/8113Kb lim: 239306 exec/s: 1605 rss: 501Mb L: 952/239306 MS: 4 ChangeBinInt-ShuffleBytes-CrossOver-EraseBytes-
#51389	REDUCE cov: 1451 ft: 2867 corp: 295/8113Kb lim: 239306 exec/s: 1605 rss: 501Mb L: 449/239306 MS: 2 ChangeBinInt-EraseBytes-
#51442	REDUCE cov: 1451 ft: 2867 corp: 295/8113Kb lim: 239306 exec/s: 1607 rss: 501Mb L: 2478/239306 MS: 3 CMP-ChangeBinInt-EraseBytes- DE: "\000\000\000\000\000\000\006\006"-
#51734	REDUCE cov: 1451 ft: 2867 corp: 295/8113Kb lim: 239306 exec/s: 1616 rss: 501Mb L: 36/239306 MS: 2 ChangeBit-EraseBytes-
#51875	REDUCE cov: 1451 ft: 2867 corp: 295/8113Kb lim: 239306 exec/s: 1621 rss: 501Mb L: 1384/239306 MS: 1 EraseBytes-
#51921	NEW    cov: 1454 ft: 2870 corp: 296/8113Kb lim: 239306 exec/s: 1622 rss: 501Mb L: 20/239306 MS: 1 CopyPart-
#51953	REDUCE cov: 1454 ft: 2870 corp: 296/8113Kb lim: 239306 exec/s: 1623 rss: 501Mb L: 20/239306 MS: 2 ShuffleBytes-EraseBytes-
#51984	REDUCE cov: 1454 ft: 2870 corp: 296/8113Kb lim: 239306 exec/s: 1624 rss: 501Mb L: 500/239306 MS: 1 EraseBytes-
#52080	REDUCE cov: 1454 ft: 2870 corp: 296/8113Kb lim: 239306 exec/s: 1627 rss: 501Mb L: 235/239306 MS: 1 EraseBytes-
#52104	REDUCE cov: 1454 ft: 2870 corp: 296/8112Kb lim: 239306 exec/s: 1628 rss: 501Mb L: 25960/239306 MS: 4 ChangeBit-ChangeBit-InsertRepeatedBytes-EraseBytes-
#52202	REDUCE cov: 1454 ft: 2870 corp: 296/8108Kb lim: 239306 exec/s: 1631 rss: 501Mb L: 10974/239306 MS: 3 ChangeByte-ChangeByte-EraseBytes-
#52233	REDUCE cov: 1454 ft: 2870 corp: 296/8108Kb lim: 239306 exec/s: 1632 rss: 501Mb L: 310/239306 MS: 1 EraseBytes-
#52250	REDUCE cov: 1454 ft: 2870 corp: 296/8107Kb lim: 239306 exec/s: 1632 rss: 501Mb L: 750/239306 MS: 2 ChangeASCIIInt-EraseBytes-
#52291	REDUCE cov: 1454 ft: 2870 corp: 296/8104Kb lim: 239306 exec/s: 1634 rss: 501Mb L: 31532/239306 MS: 1 EraseBytes-
#52331	REDUCE cov: 1454 ft: 2870 corp: 296/8104Kb lim: 239306 exec/s: 1635 rss: 501Mb L: 8664/239306 MS: 5 ChangeByte-ChangeBit-PersAutoDict-ShuffleBytes-EraseBytes- DE: "\001\000\000\000\000\000\000\002"-
#52337	REDUCE cov: 1454 ft: 2870 corp: 296/8101Kb lim: 239306 exec/s: 1635 rss: 501Mb L: 68284/239306 MS: 1 EraseBytes-
#52348	REDUCE cov: 1454 ft: 2870 corp: 296/8101Kb lim: 239306 exec/s: 1635 rss: 501Mb L: 860/239306 MS: 1 EraseBytes-
#52352	REDUCE cov: 1454 ft: 2870 corp: 296/8100Kb lim: 239306 exec/s: 1636 rss: 501Mb L: 3812/239306 MS: 4 InsertByte-PersAutoDict-InsertRepeatedBytes-EraseBytes- DE: "\301\\\002\211\354-\012\221g\354\216e\241\215\353\276^U2\373\356\242\223\370\013\311B\356\220\206\301q"-
#52374	REDUCE cov: 1454 ft: 2870 corp: 296/8100Kb lim: 239306 exec/s: 1636 rss: 501Mb L: 970/239306 MS: 2 ChangeByte-EraseBytes-
#52648	REDUCE cov: 1454 ft: 2870 corp: 296/8100Kb lim: 239306 exec/s: 1595 rss: 501Mb L: 286/239306 MS: 4 ShuffleBytes-ChangeBinInt-ChangeBinInt-EraseBytes-
#52724	REDUCE cov: 1454 ft: 2870 corp: 296/8100Kb lim: 239306 exec/s: 1597 rss: 501Mb L: 96/239306 MS: 1 EraseBytes-
#52793	REDUCE cov: 1454 ft: 2870 corp: 296/8099Kb lim: 239306 exec/s: 1599 rss: 501Mb L: 2763/239306 MS: 4 InsertRepeatedBytes-CrossOver-CopyPart-EraseBytes-
#52825	REDUCE cov: 1454 ft: 2870 corp: 296/8099Kb lim: 239306 exec/s: 1600 rss: 501Mb L: 626/239306 MS: 2 ChangeByte-EraseBytes-
#52874	REDUCE cov: 1454 ft: 2870 corp: 296/8098Kb lim: 239306 exec/s: 1602 rss: 501Mb L: 3395/239306 MS: 4 ChangeBit-ChangeASCIIInt-PersAutoDict-EraseBytes- DE: "\000\000\000\000\000\000\000\026"-
#52965	REDUCE cov: 1454 ft: 2870 corp: 296/8098Kb lim: 239306 exec/s: 1605 rss: 501Mb L: 163/239306 MS: 1 EraseBytes-
#52996	REDUCE cov: 1454 ft: 2870 corp: 296/8092Kb lim: 239306 exec/s: 1605 rss: 501Mb L: 38102/239306 MS: 1 EraseBytes-
#53147	REDUCE cov: 1454 ft: 2870 corp: 296/8092Kb lim: 239306 exec/s: 1610 rss: 501Mb L: 39/239306 MS: 1 EraseBytes-
#53175	REDUCE cov: 1454 ft: 2870 corp: 296/8090Kb lim: 239306 exec/s: 1611 rss: 501Mb L: 65356/239306 MS: 3 ChangeByte-ChangeBit-EraseBytes-
#53223	REDUCE cov: 1454 ft: 2870 corp: 296/8089Kb lim: 239306 exec/s: 1612 rss: 501Mb L: 3762/239306 MS: 3 PersAutoDict-ChangeBinInt-EraseBytes- DE: "\007\000\000\000\000\000\000\000"-
#53286	REDUCE cov: 1454 ft: 2870 corp: 296/8088Kb lim: 239306 exec/s: 1614 rss: 501Mb L: 25087/239306 MS: 3 PersAutoDict-PersAutoDict-EraseBytes- DE: "\001\000\000\000\000\000\000\026"-"\000\000\000\000\000\000\000M"-
#53317	REDUCE cov: 1454 ft: 2870 corp: 296/8084Kb lim: 239306 exec/s: 1615 rss: 501Mb L: 39899/239306 MS: 1 EraseBytes-
#53365	REDUCE cov: 1454 ft: 2870 corp: 296/8077Kb lim: 239306 exec/s: 1617 rss: 501Mb L: 26522/239306 MS: 3 ChangeByte-ChangeByte-EraseBytes-
#53376	REDUCE cov: 1454 ft: 2870 corp: 296/8074Kb lim: 239306 exec/s: 1617 rss: 501Mb L: 47107/239306 MS: 1 EraseBytes-
#53553	REDUCE cov: 1454 ft: 2870 corp: 296/8073Kb lim: 239306 exec/s: 1622 rss: 501Mb L: 646/239306 MS: 2 InsertRepeatedBytes-EraseBytes-
#53591	REDUCE cov: 1454 ft: 2870 corp: 296/8061Kb lim: 239306 exec/s: 1623 rss: 501Mb L: 16809/239306 MS: 3 ChangeByte-CopyPart-EraseBytes-
#53594	REDUCE cov: 1454 ft: 2870 corp: 296/8061Kb lim: 239306 exec/s: 1624 rss: 501Mb L: 84/239306 MS: 3 PersAutoDict-ChangeBit-EraseBytes- DE: "\377\377"-
#53703	REDUCE cov: 1454 ft: 2870 corp: 296/8052Kb lim: 239306 exec/s: 1627 rss: 501Mb L: 43003/239306 MS: 4 ChangeBit-InsertRepeatedBytes-ChangeBinInt-CrossOver-
#53834	REDUCE cov: 1454 ft: 2870 corp: 296/8045Kb lim: 239306 exec/s: 1631 rss: 501Mb L: 6816/239306 MS: 1 EraseBytes-
#54060	REDUCE cov: 1454 ft: 2870 corp: 296/8043Kb lim: 239306 exec/s: 1638 rss: 501Mb L: 44735/239306 MS: 1 EraseBytes-
#54265	REDUCE cov: 1454 ft: 2870 corp: 296/8029Kb lim: 239306 exec/s: 1644 rss: 501Mb L: 48900/239306 MS: 5 CopyPart-InsertByte-ChangeBinInt-CrossOver-EraseBytes-
#54372	REDUCE cov: 1454 ft: 2870 corp: 296/8028Kb lim: 239306 exec/s: 1599 rss: 501Mb L: 1696/239306 MS: 2 ChangeBit-EraseBytes-
#54433	REDUCE cov: 1454 ft: 2870 corp: 296/8028Kb lim: 239306 exec/s: 1600 rss: 501Mb L: 4365/239306 MS: 1 EraseBytes-
#54525	REDUCE cov: 1454 ft: 2870 corp: 296/8026Kb lim: 239306 exec/s: 1603 rss: 501Mb L: 3746/239306 MS: 2 ChangeByte-EraseBytes-
#54539	REDUCE cov: 1454 ft: 2870 corp: 296/8026Kb lim: 239306 exec/s: 1604 rss: 501Mb L: 3529/239306 MS: 4 InsertByte-InsertByte-InsertRepeatedBytes-EraseBytes-
#54563	REDUCE cov: 1454 ft: 2870 corp: 296/8024Kb lim: 239306 exec/s: 1604 rss: 501Mb L: 2075/239306 MS: 4 InsertByte-ChangeBinInt-CrossOver-EraseBytes-
#54619	REDUCE cov: 1454 ft: 2870 corp: 296/8024Kb lim: 239306 exec/s: 1606 rss: 501Mb L: 1627/239306 MS: 1 EraseBytes-
#54635	REDUCE cov: 1454 ft: 2871 corp: 297/8024Kb lim: 239306 exec/s: 1606 rss: 501Mb L: 136/239306 MS: 1 PersAutoDict- DE: "\330\002\000\000\000\000\000\000"-
#54647	REDUCE cov: 1454 ft: 2871 corp: 297/8024Kb lim: 239306 exec/s: 1607 rss: 501Mb L: 313/239306 MS: 2 CMP-EraseBytes- DE: "\001\000"-
#54700	REDUCE cov: 1454 ft: 2871 corp: 297/8023Kb lim: 239306 exec/s: 1608 rss: 501Mb L: 332/239306 MS: 3 ShuffleBytes-InsertByte-EraseBytes-
#54779	REDUCE cov: 1454 ft: 2871 corp: 297/8023Kb lim: 239306 exec/s: 1611 rss: 501Mb L: 156/239306 MS: 4 InsertByte-ChangeByte-ChangeByte-EraseBytes-
#54790	REDUCE cov: 1454 ft: 2871 corp: 297/8023Kb lim: 239306 exec/s: 1611 rss: 501Mb L: 111/239306 MS: 1 EraseBytes-
#54869	REDUCE cov: 1454 ft: 2871 corp: 297/8023Kb lim: 239306 exec/s: 1613 rss: 501Mb L: 31/239306 MS: 4 ChangeByte-EraseBytes-ShuffleBytes-InsertRepeatedBytes-
#54895	REDUCE cov: 1454 ft: 2871 corp: 297/8023Kb lim: 239306 exec/s: 1614 rss: 501Mb L: 11/239306 MS: 1 EraseBytes-
#55092	REDUCE cov: 1454 ft: 2871 corp: 297/8023Kb lim: 239306 exec/s: 1620 rss: 501Mb L: 6479/239306 MS: 2 CrossOver-EraseBytes-
#55157	REDUCE cov: 1454 ft: 2871 corp: 297/8023Kb lim: 239306 exec/s: 1622 rss: 501Mb L: 312/239306 MS: 5 ChangeBit-ChangeByte-EraseBytes-ChangeBinInt-InsertRepeatedBytes-
#55165	REDUCE cov: 1454 ft: 2871 corp: 297/8023Kb lim: 239306 exec/s: 1622 rss: 501Mb L: 418/239306 MS: 3 CrossOver-ChangeBinInt-EraseBytes-
#55240	REDUCE cov: 1454 ft: 2871 corp: 297/8022Kb lim: 239306 exec/s: 1624 rss: 501Mb L: 957/239306 MS: 5 InsertRepeatedBytes-ChangeBinInt-CopyPart-ShuffleBytes-EraseBytes-
#55247	REDUCE cov: 1454 ft: 2871 corp: 297/8022Kb lim: 239306 exec/s: 1624 rss: 501Mb L: 106/239306 MS: 2 ChangeByte-EraseBytes-
#55329	REDUCE cov: 1454 ft: 2871 corp: 297/8022Kb lim: 239306 exec/s: 1627 rss: 501Mb L: 2971/239306 MS: 2 ChangeBinInt-EraseBytes-
#55425	REDUCE cov: 1454 ft: 2871 corp: 297/8020Kb lim: 239306 exec/s: 1630 rss: 501Mb L: 6839/239306 MS: 1 EraseBytes-
#55467	REDUCE cov: 1454 ft: 2871 corp: 297/8020Kb lim: 239306 exec/s: 1631 rss: 501Mb L: 92/239306 MS: 2 ChangeByte-EraseBytes-
#55519	REDUCE cov: 1454 ft: 2871 corp: 297/8019Kb lim: 239306 exec/s: 1632 rss: 501Mb L: 3515/239306 MS: 2 InsertRepeatedBytes-EraseBytes-
#55606	REDUCE cov: 1454 ft: 2871 corp: 297/8019Kb lim: 239306 exec/s: 1635 rss: 501Mb L: 192/239306 MS: 2 CrossOver-EraseBytes-
#55637	REDUCE cov: 1454 ft: 2871 corp: 297/8019Kb lim: 239306 exec/s: 1636 rss: 501Mb L: 143/239306 MS: 1 EraseBytes-
#55715	REDUCE cov: 1454 ft: 2871 corp: 297/8007Kb lim: 239306 exec/s: 1638 rss: 501Mb L: 15617/239306 MS: 3 ChangeByte-InsertByte-EraseBytes-
#55769	REDUCE cov: 1454 ft: 2871 corp: 297/8006Kb lim: 239306 exec/s: 1640 rss: 501Mb L: 82975/239306 MS: 4 CrossOver-ChangeBinInt-InsertRepeatedBytes-EraseBytes-
#55775	REDUCE cov: 1454 ft: 2871 corp: 297/8006Kb lim: 239306 exec/s: 1640 rss: 501Mb L: 1649/239306 MS: 1 EraseBytes-
#55823	REDUCE cov: 1454 ft: 2871 corp: 297/8006Kb lim: 239306 exec/s: 1641 rss: 501Mb L: 3546/239306 MS: 3 ShuffleBytes-CopyPart-EraseBytes-
#55849	REDUCE cov: 1454 ft: 2871 corp: 297/8006Kb lim: 239306 exec/s: 1642 rss: 501Mb L: 25/239306 MS: 1 EraseBytes-
#55891	REDUCE cov: 1454 ft: 2871 corp: 297/8006Kb lim: 239306 exec/s: 1643 rss: 501Mb L: 1525/239306 MS: 2 ChangeBit-EraseBytes-
#55980	REDUCE cov: 1454 ft: 2871 corp: 297/7999Kb lim: 239306 exec/s: 1646 rss: 501Mb L: 72551/239306 MS: 4 ShuffleBytes-InsertRepeatedBytes-CopyPart-EraseBytes-
#56145	REDUCE cov: 1455 ft: 2872 corp: 298/7999Kb lim: 239306 exec/s: 1651 rss: 501Mb L: 20/239306 MS: 5 ChangeBit-ChangeBit-CopyPart-InsertByte-EraseBytes-
#56149	REDUCE cov: 1455 ft: 2872 corp: 298/7997Kb lim: 239306 exec/s: 1651 rss: 501Mb L: 3562/239306 MS: 4 ShuffleBytes-CopyPart-PersAutoDict-EraseBytes- DE: "\000\000\000\000\000\000\000\004"-
#56350	REDUCE cov: 1455 ft: 2872 corp: 298/7997Kb lim: 239306 exec/s: 1657 rss: 501Mb L: 648/239306 MS: 1 EraseBytes-
#56387	REDUCE cov: 1455 ft: 2872 corp: 298/7995Kb lim: 239306 exec/s: 1658 rss: 501Mb L: 17865/239306 MS: 2 ChangeByte-EraseBytes-
#56458	REDUCE cov: 1455 ft: 2872 corp: 298/7995Kb lim: 239306 exec/s: 1660 rss: 501Mb L: 47/239306 MS: 1 EraseBytes-
#56543	REDUCE cov: 1455 ft: 2872 corp: 298/7993Kb lim: 239306 exec/s: 1663 rss: 501Mb L: 1873/239306 MS: 5 ShuffleBytes-CMP-InsertRepeatedBytes-CMP-EraseBytes- DE: "\000\000\000\000\001\000\000\001"-"\000\377\377\377\377\377\377\377"-
#56661	REDUCE cov: 1455 ft: 2872 corp: 298/7987Kb lim: 239306 exec/s: 1618 rss: 501Mb L: 8796/239306 MS: 3 ChangeByte-EraseBytes-PersAutoDict- DE: "\000\000\000\000\000\000\006\006"-
#56890	REDUCE cov: 1455 ft: 2872 corp: 298/7987Kb lim: 239306 exec/s: 1625 rss: 501Mb L: 1069/239306 MS: 4 CopyPart-CrossOver-ChangeASCIIInt-EraseBytes-
#56932	REDUCE cov: 1455 ft: 2872 corp: 298/7986Kb lim: 239306 exec/s: 1626 rss: 501Mb L: 2224/239306 MS: 2 CrossOver-EraseBytes-
#56944	REDUCE cov: 1455 ft: 2872 corp: 298/7986Kb lim: 239306 exec/s: 1626 rss: 501Mb L: 38/239306 MS: 2 ChangeByte-EraseBytes-
#57078	REDUCE cov: 1455 ft: 2872 corp: 298/7986Kb lim: 239306 exec/s: 1630 rss: 501Mb L: 152/239306 MS: 4 ChangeASCIIInt-InsertByte-ShuffleBytes-EraseBytes-
#57279	REDUCE cov: 1455 ft: 2872 corp: 298/7985Kb lim: 239306 exec/s: 1636 rss: 501Mb L: 997/239306 MS: 1 EraseBytes-
#57350	REDUCE cov: 1455 ft: 2872 corp: 298/7985Kb lim: 239306 exec/s: 1638 rss: 501Mb L: 36/239306 MS: 1 EraseBytes-
#57391	REDUCE cov: 1455 ft: 2872 corp: 298/7985Kb lim: 239306 exec/s: 1639 rss: 501Mb L: 1470/239306 MS: 1 EraseBytes-
#57402	REDUCE cov: 1455 ft: 2872 corp: 298/7984Kb lim: 239306 exec/s: 1640 rss: 501Mb L: 3207/239306 MS: 1 EraseBytes-
#57513	REDUCE cov: 1455 ft: 2872 corp: 298/7984Kb lim: 239306 exec/s: 1643 rss: 501Mb L: 94/239306 MS: 1 EraseBytes-
#57514	REDUCE cov: 1455 ft: 2872 corp: 298/7980Kb lim: 239306 exec/s: 1643 rss: 501Mb L: 11038/239306 MS: 1 EraseBytes-
#57531	REDUCE cov: 1455 ft: 2872 corp: 298/7980Kb lim: 239306 exec/s: 1643 rss: 501Mb L: 611/239306 MS: 2 ChangeByte-EraseBytes-
#57577	REDUCE cov: 1455 ft: 2872 corp: 298/7980Kb lim: 239306 exec/s: 1645 rss: 501Mb L: 17/239306 MS: 1 EraseBytes-
#57582	REDUCE cov: 1455 ft: 2872 corp: 298/7980Kb lim: 239306 exec/s: 1645 rss: 501Mb L: 777/239306 MS: 5 CopyPart-InsertByte-InsertByte-InsertRepeatedBytes-EraseBytes-
#57718	REDUCE cov: 1455 ft: 2872 corp: 298/7980Kb lim: 239306 exec/s: 1649 rss: 501Mb L: 1917/239306 MS: 1 EraseBytes-
#57731	REDUCE cov: 1455 ft: 2873 corp: 299/7980Kb lim: 239306 exec/s: 1649 rss: 501Mb L: 103/239306 MS: 3 ChangeByte-PersAutoDict-InsertByte- DE: "\252\252\252\252\252\252\252\012"-
#57738	REDUCE cov: 1455 ft: 2873 corp: 299/7980Kb lim: 239306 exec/s: 1649 rss: 501Mb L: 180/239306 MS: 2 ChangeBit-EraseBytes-
#57745	REDUCE cov: 1455 ft: 2873 corp: 299/7975Kb lim: 239306 exec/s: 1649 rss: 501Mb L: 44353/239306 MS: 2 CrossOver-EraseBytes-
#57747	REDUCE cov: 1455 ft: 2873 corp: 299/7973Kb lim: 239306 exec/s: 1649 rss: 501Mb L: 4029/239306 MS: 2 CMP-EraseBytes- DE: "L\000\000\000\000\000\000\000"-
#57834	REDUCE cov: 1455 ft: 2873 corp: 299/7972Kb lim: 239306 exec/s: 1652 rss: 501Mb L: 3266/239306 MS: 2 CopyPart-EraseBytes-
#57865	REDUCE cov: 1455 ft: 2873 corp: 299/7972Kb lim: 239306 exec/s: 1653 rss: 501Mb L: 395/239306 MS: 1 EraseBytes-
#57908	REDUCE cov: 1455 ft: 2873 corp: 299/7972Kb lim: 239306 exec/s: 1654 rss: 501Mb L: 4312/239306 MS: 3 ChangeASCIIInt-ShuffleBytes-EraseBytes-
#58183	REDUCE cov: 1455 ft: 2873 corp: 299/7972Kb lim: 239306 exec/s: 1662 rss: 501Mb L: 1286/239306 MS: 5 CMP-CopyPart-ChangeByte-EraseBytes-CMP- DE: "\000\000\000\000\000\000\000\200"-"\000\000\000\000\000\000\000\000"-
#58533	REDUCE cov: 1455 ft: 2873 corp: 299/7972Kb lim: 239306 exec/s: 1672 rss: 501Mb L: 198/239306 MS: 5 InsertByte-ChangeBit-ChangeBit-ChangeBit-EraseBytes-
#58550	NEW    cov: 1456 ft: 2874 corp: 300/7972Kb lim: 239306 exec/s: 1672 rss: 501Mb L: 20/239306 MS: 2 ChangeBinInt-ChangeBit-
#58672	REDUCE cov: 1456 ft: 2874 corp: 300/7971Kb lim: 239306 exec/s: 1676 rss: 501Mb L: 1609/239306 MS: 2 CMP-EraseBytes- DE: "\001\000\000\000"-
#58730	REDUCE cov: 1456 ft: 2874 corp: 300/7971Kb lim: 239306 exec/s: 1678 rss: 501Mb L: 449/239306 MS: 3 InsertByte-InsertByte-EraseBytes-
#58960	REDUCE cov: 1456 ft: 2874 corp: 300/7971Kb lim: 239306 exec/s: 1684 rss: 501Mb L: 37/239306 MS: 5 InsertRepeatedBytes-ShuffleBytes-EraseBytes-PersAutoDict-InsertByte- DE: "\377\377\377\377\000\000\000\001"-
#58987	REDUCE cov: 1456 ft: 2874 corp: 300/7971Kb lim: 239306 exec/s: 1685 rss: 501Mb L: 118/239306 MS: 2 ChangeByte-EraseBytes-
#59064	REDUCE cov: 1456 ft: 2874 corp: 300/7971Kb lim: 239306 exec/s: 1687 rss: 501Mb L: 179/239306 MS: 2 CopyPart-EraseBytes-
#59066	REDUCE cov: 1456 ft: 2874 corp: 300/7970Kb lim: 239306 exec/s: 1687 rss: 501Mb L: 1308/239306 MS: 2 ChangeBit-EraseBytes-
#59142	REDUCE cov: 1456 ft: 2874 corp: 300/7970Kb lim: 239306 exec/s: 1689 rss: 501Mb L: 351/239306 MS: 1 EraseBytes-
#59267	REDUCE cov: 1456 ft: 2874 corp: 300/7965Kb lim: 239306 exec/s: 1646 rss: 501Mb L: 15230/239306 MS: 5 ChangeBinInt-ChangeByte-InsertByte-InsertByte-EraseBytes-
#59361	REDUCE cov: 1456 ft: 2874 corp: 300/7965Kb lim: 239306 exec/s: 1648 rss: 501Mb L: 1406/239306 MS: 4 ChangeByte-ChangeByte-ChangeByte-EraseBytes-
#59467	REDUCE cov: 1456 ft: 2874 corp: 300/7965Kb lim: 239306 exec/s: 1651 rss: 501Mb L: 36/239306 MS: 1 EraseBytes-
#59495	REDUCE cov: 1456 ft: 2874 corp: 300/7965Kb lim: 239306 exec/s: 1652 rss: 501Mb L: 1511/239306 MS: 3 CrossOver-CopyPart-EraseBytes-
#59525	REDUCE cov: 1456 ft: 2874 corp: 300/7954Kb lim: 239306 exec/s: 1653 rss: 501Mb L: 33332/239306 MS: 5 ChangeASCIIInt-ChangeByte-InsertByte-ChangeByte-EraseBytes-
#59541	REDUCE cov: 1456 ft: 2874 corp: 300/7936Kb lim: 239306 exec/s: 1653 rss: 501Mb L: 50859/239306 MS: 1 EraseBytes-
#59548	REDUCE cov: 1456 ft: 2874 corp: 300/7936Kb lim: 239306 exec/s: 1654 rss: 501Mb L: 22/239306 MS: 2 ChangeByte-EraseBytes-
#59560	REDUCE cov: 1457 ft: 2875 corp: 301/7936Kb lim: 239306 exec/s: 1654 rss: 501Mb L: 183/239306 MS: 2 ChangeBit-InsertRepeatedBytes-
#59629	REDUCE cov: 1457 ft: 2875 corp: 301/7936Kb lim: 239306 exec/s: 1656 rss: 501Mb L: 354/239306 MS: 4 PersAutoDict-ShuffleBytes-InsertRepeatedBytes-EraseBytes- DE: "\001\000\000\000\000\000\000\000"-
#59635	REDUCE cov: 1458 ft: 2876 corp: 302/7936Kb lim: 239306 exec/s: 1656 rss: 501Mb L: 75/239306 MS: 1 EraseBytes-
#59719	REDUCE cov: 1458 ft: 2876 corp: 302/7936Kb lim: 239306 exec/s: 1658 rss: 501Mb L: 967/239306 MS: 4 ShuffleBytes-CrossOver-ChangeASCIIInt-EraseBytes-
#59843	REDUCE cov: 1458 ft: 2876 corp: 302/7936Kb lim: 239306 exec/s: 1662 rss: 501Mb L: 79/239306 MS: 4 ChangeByte-PersAutoDict-CMP-EraseBytes- DE: "\3170\206yb&\000\000"-"\001\000\000\000"-
#59864	REDUCE cov: 1458 ft: 2876 corp: 302/7936Kb lim: 239306 exec/s: 1662 rss: 501Mb L: 192/239306 MS: 1 EraseBytes-
#59890	REDUCE cov: 1458 ft: 2876 corp: 302/7936Kb lim: 239306 exec/s: 1663 rss: 501Mb L: 70/239306 MS: 1 EraseBytes-
#59962	REDUCE cov: 1458 ft: 2876 corp: 302/7936Kb lim: 239306 exec/s: 1665 rss: 501Mb L: 62/239306 MS: 2 PersAutoDict-EraseBytes- DE: "\000\000\000\000\000\000\006I"-
#60062	REDUCE cov: 1458 ft: 2876 corp: 302/7936Kb lim: 239306 exec/s: 1668 rss: 501Mb L: 54/239306 MS: 5 InsertByte-InsertByte-ShuffleBytes-InsertByte-EraseBytes-
#60091	REDUCE cov: 1458 ft: 2876 corp: 302/7936Kb lim: 239306 exec/s: 1669 rss: 501Mb L: 128/239306 MS: 4 CrossOver-ChangeBinInt-ChangeByte-EraseBytes-
#60132	REDUCE cov: 1458 ft: 2876 corp: 302/7936Kb lim: 239306 exec/s: 1670 rss: 501Mb L: 2419/239306 MS: 1 EraseBytes-
#60150	REDUCE cov: 1458 ft: 2876 corp: 302/7936Kb lim: 239306 exec/s: 1670 rss: 501Mb L: 33/239306 MS: 3 ChangeByte-ChangeByte-EraseBytes-
#60178	REDUCE cov: 1458 ft: 2876 corp: 302/7928Kb lim: 239306 exec/s: 1671 rss: 501Mb L: 12182/239306 MS: 3 CopyPart-ChangeBit-EraseBytes-
#60217	REDUCE cov: 1462 ft: 2880 corp: 303/7929Kb lim: 239306 exec/s: 1672 rss: 501Mb L: 548/239306 MS: 4 ShuffleBytes-InsertByte-ChangeBit-CopyPart-
#60278	REDUCE cov: 1462 ft: 2880 corp: 303/7921Kb lim: 239306 exec/s: 1674 rss: 501Mb L: 8841/239306 MS: 1 EraseBytes-
#60279	REDUCE cov: 1462 ft: 2880 corp: 303/7921Kb lim: 239306 exec/s: 1674 rss: 501Mb L: 974/239306 MS: 1 EraseBytes-
#60312	REDUCE cov: 1462 ft: 2880 corp: 303/7904Kb lim: 239306 exec/s: 1675 rss: 501Mb L: 51118/239306 MS: 3 ChangeASCIIInt-ChangeBinInt-EraseBytes-
#60334	REDUCE cov: 1462 ft: 2880 corp: 303/7904Kb lim: 239306 exec/s: 1675 rss: 501Mb L: 22/239306 MS: 2 ChangeBinInt-EraseBytes-
#60418	REDUCE cov: 1462 ft: 2880 corp: 303/7904Kb lim: 239306 exec/s: 1678 rss: 501Mb L: 70/239306 MS: 4 ShuffleBytes-ShuffleBytes-ChangeBit-EraseBytes-
#60559	REDUCE cov: 1462 ft: 2880 corp: 303/7904Kb lim: 239306 exec/s: 1682 rss: 501Mb L: 188/239306 MS: 1 EraseBytes-
#60640	REDUCE cov: 1462 ft: 2880 corp: 303/7904Kb lim: 239306 exec/s: 1684 rss: 501Mb L: 3365/239306 MS: 1 EraseBytes-
#60659	REDUCE cov: 1462 ft: 2880 corp: 303/7904Kb lim: 239306 exec/s: 1684 rss: 501Mb L: 43/239306 MS: 4 ChangeBinInt-InsertByte-PersAutoDict-EraseBytes- DE: "\000\000"-
#60677	REDUCE cov: 1462 ft: 2880 corp: 303/7894Kb lim: 239306 exec/s: 1685 rss: 501Mb L: 14572/239306 MS: 3 CopyPart-CopyPart-EraseBytes-
#60684	REDUCE cov: 1462 ft: 2880 corp: 303/7893Kb lim: 239306 exec/s: 1685 rss: 501Mb L: 891/239306 MS: 2 ChangeBit-EraseBytes-
#60711	REDUCE cov: 1462 ft: 2880 corp: 303/7893Kb lim: 239306 exec/s: 1686 rss: 501Mb L: 501/239306 MS: 2 ChangeASCIIInt-EraseBytes-
#60727	REDUCE cov: 1462 ft: 2880 corp: 303/7892Kb lim: 239306 exec/s: 1686 rss: 501Mb L: 6244/239306 MS: 1 EraseBytes-
#60809	REDUCE cov: 1462 ft: 2880 corp: 303/7891Kb lim: 239306 exec/s: 1689 rss: 501Mb L: 2620/239306 MS: 2 ChangeBit-EraseBytes-
#60869	REDUCE cov: 1462 ft: 2880 corp: 303/7890Kb lim: 239306 exec/s: 1690 rss: 501Mb L: 3210/239306 MS: 5 ChangeBinInt-CrossOver-ShuffleBytes-CMP-EraseBytes- DE: "\377\377\377\377"-
#60950	REDUCE cov: 1462 ft: 2880 corp: 303/7890Kb lim: 239306 exec/s: 1693 rss: 501Mb L: 2226/239306 MS: 1 EraseBytes-
#60962	REDUCE cov: 1462 ft: 2880 corp: 303/7890Kb lim: 239306 exec/s: 1693 rss: 501Mb L: 32/239306 MS: 2 PersAutoDict-EraseBytes- DE: "\023\3726\007\025M\202\333"-
#61068	REDUCE cov: 1462 ft: 2880 corp: 303/7889Kb lim: 239306 exec/s: 1696 rss: 501Mb L: 2738/239306 MS: 1 EraseBytes-
#61147	REDUCE cov: 1462 ft: 2880 corp: 303/7889Kb lim: 239306 exec/s: 1698 rss: 501Mb L: 224/239306 MS: 4 ChangeBinInt-CMP-InsertByte-EraseBytes- DE: "\001\000\000\000\000\000\000\003"-
#61250	REDUCE cov: 1462 ft: 2880 corp: 303/7886Kb lim: 239306 exec/s: 1701 rss: 501Mb L: 3248/239306 MS: 3 CrossOver-InsertRepeatedBytes-EraseBytes-
#61448	REDUCE cov: 1462 ft: 2880 corp: 303/7886Kb lim: 239306 exec/s: 1660 rss: 501Mb L: 771/239306 MS: 3 PersAutoDict-CMP-EraseBytes- DE: "\330\002\000\000\000\000\000\000"-"\001\000"-
#61504	REDUCE cov: 1462 ft: 2880 corp: 303/7885Kb lim: 239306 exec/s: 1662 rss: 501Mb L: 12199/239306 MS: 1 EraseBytes-
#61591	REDUCE cov: 1462 ft: 2880 corp: 303/7880Kb lim: 239306 exec/s: 1664 rss: 501Mb L: 41809/239306 MS: 2 ShuffleBytes-EraseBytes-
#61612	REDUCE cov: 1462 ft: 2880 corp: 303/7879Kb lim: 239306 exec/s: 1665 rss: 501Mb L: 1756/239306 MS: 1 EraseBytes-
#61639	REDUCE cov: 1462 ft: 2880 corp: 303/7879Kb lim: 239306 exec/s: 1665 rss: 501Mb L: 480/239306 MS: 2 PersAutoDict-EraseBytes- DE: "\003\000\000\000\000\000\000\000"-
#61695	REDUCE cov: 1462 ft: 2880 corp: 303/7879Kb lim: 239306 exec/s: 1667 rss: 501Mb L: 35/239306 MS: 1 EraseBytes-
#61721	REDUCE cov: 1462 ft: 2880 corp: 303/7879Kb lim: 239306 exec/s: 1668 rss: 501Mb L: 995/239306 MS: 1 EraseBytes-
#61733	REDUCE cov: 1462 ft: 2880 corp: 303/7876Kb lim: 239306 exec/s: 1668 rss: 501Mb L: 4456/239306 MS: 2 EraseBytes-InsertByte-
#61785	REDUCE cov: 1462 ft: 2880 corp: 303/7876Kb lim: 239306 exec/s: 1669 rss: 501Mb L: 5007/239306 MS: 2 ChangeASCIIInt-CrossOver-
#61788	REDUCE cov: 1462 ft: 2880 corp: 303/7875Kb lim: 239306 exec/s: 1669 rss: 501Mb L: 1069/239306 MS: 3 InsertRepeatedBytes-PersAutoDict-EraseBytes- DE: "\001\000\000\000\377\377\377\377"-
#61831	REDUCE cov: 1462 ft: 2880 corp: 303/7872Kb lim: 239306 exec/s: 1671 rss: 501Mb L: 30593/239306 MS: 3 CrossOver-ChangeBit-EraseBytes-
#61902	REDUCE cov: 1462 ft: 2880 corp: 303/7872Kb lim: 239306 exec/s: 1673 rss: 501Mb L: 337/239306 MS: 1 EraseBytes-
#61923	REDUCE cov: 1462 ft: 2880 corp: 303/7872Kb lim: 239306 exec/s: 1673 rss: 501Mb L: 225/239306 MS: 1 EraseBytes-
#62022	REDUCE cov: 1462 ft: 2880 corp: 303/7872Kb lim: 239306 exec/s: 1676 rss: 501Mb L: 440/239306 MS: 4 InsertByte-ChangeBit-ChangeBinInt-EraseBytes-
#62068	REDUCE cov: 1462 ft: 2880 corp: 303/7872Kb lim: 239306 exec/s: 1677 rss: 501Mb L: 390/239306 MS: 1 EraseBytes-
#62098	REDUCE cov: 1462 ft: 2880 corp: 303/7872Kb lim: 239306 exec/s: 1678 rss: 501Mb L: 13/239306 MS: 5 CrossOver-ChangeByte-PersAutoDict-ShuffleBytes-EraseBytes- DE: "\000\000\000\001"-
#62113	REDUCE cov: 1462 ft: 2880 corp: 303/7872Kb lim: 239306 exec/s: 1678 rss: 501Mb L: 297/239306 MS: 5 InsertRepeatedBytes-CMP-InsertByte-EraseBytes-InsertRepeatedBytes- DE: "\030\000\000\000\000\000\000\000"-
#62244	REDUCE cov: 1462 ft: 2882 corp: 304/7872Kb lim: 239306 exec/s: 1682 rss: 501Mb L: 240/239306 MS: 1 CopyPart-
#62421	REDUCE cov: 1462 ft: 2882 corp: 304/7872Kb lim: 239306 exec/s: 1687 rss: 501Mb L: 49/239306 MS: 2 ChangeByte-EraseBytes-
#62422	REDUCE cov: 1462 ft: 2882 corp: 304/7865Kb lim: 239306 exec/s: 1687 rss: 501Mb L: 7467/239306 MS: 1 EraseBytes-
#62643	REDUCE cov: 1462 ft: 2882 corp: 304/7865Kb lim: 239306 exec/s: 1693 rss: 501Mb L: 2092/239306 MS: 1 EraseBytes-
#62889	REDUCE cov: 1462 ft: 2882 corp: 304/7864Kb lim: 239306 exec/s: 1699 rss: 501Mb L: 21266/239306 MS: 1 EraseBytes-
#63016	REDUCE cov: 1462 ft: 2882 corp: 304/7863Kb lim: 239306 exec/s: 1703 rss: 501Mb L: 563/239306 MS: 2 InsertByte-EraseBytes-
#63127	REDUCE cov: 1462 ft: 2882 corp: 304/7862Kb lim: 239306 exec/s: 1706 rss: 501Mb L: 2449/239306 MS: 1 EraseBytes-
#63153	REDUCE cov: 1462 ft: 2882 corp: 304/7852Kb lim: 239306 exec/s: 1706 rss: 501Mb L: 39937/239306 MS: 1 EraseBytes-
#63170	REDUCE cov: 1462 ft: 2882 corp: 304/7852Kb lim: 239306 exec/s: 1707 rss: 501Mb L: 186/239306 MS: 2 ChangeByte-EraseBytes-
#63198	REDUCE cov: 1462 ft: 2882 corp: 304/7823Kb lim: 239306 exec/s: 1708 rss: 501Mb L: 34966/239306 MS: 3 ChangeASCIIInt-EraseBytes-InsertRepeatedBytes-
#63275	REDUCE cov: 1462 ft: 2882 corp: 304/7823Kb lim: 239306 exec/s: 1710 rss: 501Mb L: 94/239306 MS: 2 CrossOver-EraseBytes-
#63341	REDUCE cov: 1462 ft: 2882 corp: 304/7823Kb lim: 239306 exec/s: 1711 rss: 501Mb L: 1160/239306 MS: 1 EraseBytes-
#63413	REDUCE cov: 1462 ft: 2882 corp: 304/7822Kb lim: 239306 exec/s: 1713 rss: 501Mb L: 2142/239306 MS: 2 CopyPart-EraseBytes-
#63419	REDUCE cov: 1462 ft: 2882 corp: 304/7822Kb lim: 239306 exec/s: 1714 rss: 501Mb L: 662/239306 MS: 1 EraseBytes-
#63491	REDUCE cov: 1462 ft: 2882 corp: 304/7819Kb lim: 239306 exec/s: 1715 rss: 501Mb L: 16838/239306 MS: 2 ChangeBit-EraseBytes-
#63492	REDUCE cov: 1462 ft: 2882 corp: 304/7816Kb lim: 239306 exec/s: 1716 rss: 501Mb L: 26762/239306 MS: 1 EraseBytes-
#63559	REDUCE cov: 1462 ft: 2882 corp: 304/7816Kb lim: 239306 exec/s: 1717 rss: 501Mb L: 174/239306 MS: 2 ShuffleBytes-EraseBytes-
#63583	REDUCE cov: 1462 ft: 2882 corp: 304/7805Kb lim: 239306 exec/s: 1718 rss: 501Mb L: 20518/239306 MS: 4 PersAutoDict-ChangeASCIIInt-ChangeByte-EraseBytes- DE: "\000\000\000\001"-
#63609	REDUCE cov: 1462 ft: 2882 corp: 304/7805Kb lim: 239306 exec/s: 1719 rss: 501Mb L: 455/239306 MS: 1 EraseBytes-
#63652	REDUCE cov: 1462 ft: 2882 corp: 304/7802Kb lim: 239306 exec/s: 1720 rss: 501Mb L: 11380/239306 MS: 3 CrossOver-CrossOver-EraseBytes-
#63768	REDUCE cov: 1462 ft: 2882 corp: 304/7801Kb lim: 239306 exec/s: 1678 rss: 501Mb L: 2069/239306 MS: 1 EraseBytes-
#63783	REDUCE cov: 1462 ft: 2882 corp: 304/7791Kb lim: 239306 exec/s: 1678 rss: 501Mb L: 14097/239306 MS: 5 PersAutoDict-CrossOver-ShuffleBytes-InsertRepeatedBytes-EraseBytes- DE: "\000\000\000\000\000\000\000\026"-
#63860	REDUCE cov: 1462 ft: 2882 corp: 304/7791Kb lim: 239306 exec/s: 1680 rss: 501Mb L: 101/239306 MS: 2 CrossOver-EraseBytes-
#63931	REDUCE cov: 1462 ft: 2882 corp: 304/7790Kb lim: 239306 exec/s: 1682 rss: 501Mb L: 36787/239306 MS: 1 EraseBytes-
#64048	REDUCE cov: 1462 ft: 2882 corp: 304/7789Kb lim: 239306 exec/s: 1685 rss: 501Mb L: 1213/239306 MS: 2 InsertRepeatedBytes-EraseBytes-
#64057	REDUCE cov: 1462 ft: 2882 corp: 304/7789Kb lim: 239306 exec/s: 1685 rss: 501Mb L: 3950/239306 MS: 4 ChangeBit-ChangeBit-InsertRepeatedBytes-EraseBytes-
#64127	REDUCE cov: 1462 ft: 2882 corp: 304/7788Kb lim: 239306 exec/s: 1687 rss: 501Mb L: 6467/239306 MS: 5 ChangeBinInt-ChangeBinInt-ChangeASCIIInt-PersAutoDict-EraseBytes- DE: "\026\000\000\000\000\000\000\000"-
#64163	REDUCE cov: 1462 ft: 2882 corp: 304/7787Kb lim: 239306 exec/s: 1688 rss: 501Mb L: 1618/239306 MS: 1 EraseBytes-
#64182	REDUCE cov: 1462 ft: 2882 corp: 304/7761Kb lim: 239306 exec/s: 1689 rss: 501Mb L: 62856/239306 MS: 4 ChangeBit-ShuffleBytes-ChangeBinInt-EraseBytes-
#64194	REDUCE cov: 1462 ft: 2882 corp: 304/7761Kb lim: 239306 exec/s: 1689 rss: 501Mb L: 302/239306 MS: 2 CopyPart-EraseBytes-
#64230	REDUCE cov: 1462 ft: 2882 corp: 304/7761Kb lim: 239306 exec/s: 1690 rss: 501Mb L: 14/239306 MS: 1 EraseBytes-
#64299	REDUCE cov: 1462 ft: 2882 corp: 304/7761Kb lim: 239306 exec/s: 1692 rss: 501Mb L: 503/239306 MS: 4 ChangeBit-InsertByte-ChangeBit-EraseBytes-
#64315	REDUCE cov: 1462 ft: 2882 corp: 304/7760Kb lim: 239306 exec/s: 1692 rss: 501Mb L: 1291/239306 MS: 1 EraseBytes-
#64329	REDUCE cov: 1462 ft: 2882 corp: 304/7757Kb lim: 239306 exec/s: 1692 rss: 501Mb L: 7211/239306 MS: 4 PersAutoDict-CrossOver-PersAutoDict-EraseBytes- DE: "\000\000\000\000\001\000\000\001"-"\007\000\000\000\000\000\000\000"-
#64355	REDUCE cov: 1462 ft: 2882 corp: 304/7754Kb lim: 239306 exec/s: 1693 rss: 501Mb L: 62358/239306 MS: 1 EraseBytes-
#64356	REDUCE cov: 1462 ft: 2882 corp: 304/7754Kb lim: 239306 exec/s: 1693 rss: 501Mb L: 65/239306 MS: 1 EraseBytes-
#64382	REDUCE cov: 1462 ft: 2882 corp: 304/7754Kb lim: 239306 exec/s: 1694 rss: 501Mb L: 1337/239306 MS: 1 EraseBytes-
#64404	REDUCE cov: 1462 ft: 2882 corp: 304/7754Kb lim: 239306 exec/s: 1694 rss: 501Mb L: 16/239306 MS: 2 CopyPart-EraseBytes-
#64416	REDUCE cov: 1462 ft: 2882 corp: 304/7749Kb lim: 239306 exec/s: 1695 rss: 501Mb L: 26132/239306 MS: 2 ChangeBinInt-EraseBytes-
#64483	REDUCE cov: 1462 ft: 2882 corp: 304/7749Kb lim: 239306 exec/s: 1696 rss: 501Mb L: 5337/239306 MS: 2 ChangeASCIIInt-EraseBytes-
#64544	REDUCE cov: 1462 ft: 2882 corp: 304/7749Kb lim: 239306 exec/s: 1698 rss: 501Mb L: 287/239306 MS: 1 EraseBytes-
#64597	REDUCE cov: 1462 ft: 2882 corp: 304/7738Kb lim: 239306 exec/s: 1699 rss: 501Mb L: 15501/239306 MS: 3 ChangeBit-ShuffleBytes-EraseBytes-
#64633	REDUCE cov: 1462 ft: 2882 corp: 304/7738Kb lim: 239306 exec/s: 1700 rss: 501Mb L: 336/239306 MS: 1 EraseBytes-
#64759	REDUCE cov: 1462 ft: 2882 corp: 304/7737Kb lim: 239306 exec/s: 1704 rss: 501Mb L: 1876/239306 MS: 1 EraseBytes-
#64790	REDUCE cov: 1462 ft: 2882 corp: 304/7737Kb lim: 239306 exec/s: 1705 rss: 501Mb L: 138/239306 MS: 1 EraseBytes-
#64811	REDUCE cov: 1462 ft: 2882 corp: 304/7737Kb lim: 239306 exec/s: 1705 rss: 501Mb L: 24/239306 MS: 1 EraseBytes-
#64878	REDUCE cov: 1462 ft: 2882 corp: 304/7737Kb lim: 239306 exec/s: 1707 rss: 501Mb L: 84/239306 MS: 2 ChangeBit-EraseBytes-
#64903	REDUCE cov: 1462 ft: 2882 corp: 304/7737Kb lim: 239306 exec/s: 1707 rss: 501Mb L: 253/239306 MS: 5 InsertByte-InsertRepeatedBytes-ChangeBinInt-CMP-EraseBytes- DE: "\002\000\000\000\377\377\377\377"-
#64936	REDUCE cov: 1462 ft: 2882 corp: 304/7734Kb lim: 239306 exec/s: 1708 rss: 501Mb L: 43687/239306 MS: 3 ChangeASCIIInt-InsertByte-EraseBytes-
#65021	REDUCE cov: 1462 ft: 2882 corp: 304/7734Kb lim: 239306 exec/s: 1711 rss: 501Mb L: 110/239306 MS: 5 ChangeBit-InsertByte-InsertByte-PersAutoDict-EraseBytes- DE: "\003\000\000\000\000\000\000\000"-
#65043	REDUCE cov: 1462 ft: 2882 corp: 304/7734Kb lim: 239306 exec/s: 1711 rss: 501Mb L: 332/239306 MS: 2 PersAutoDict-EraseBytes- DE: "\003\377\377\377\377\377\377\377"-
#65355	REDUCE cov: 1462 ft: 2882 corp: 304/7732Kb lim: 239306 exec/s: 1719 rss: 501Mb L: 16710/239306 MS: 2 ChangeByte-EraseBytes-
#65376	REDUCE cov: 1462 ft: 2882 corp: 304/7732Kb lim: 239306 exec/s: 1720 rss: 501Mb L: 214/239306 MS: 1 EraseBytes-
#65377	REDUCE cov: 1462 ft: 2882 corp: 304/7731Kb lim: 239306 exec/s: 1720 rss: 501Mb L: 5162/239306 MS: 1 EraseBytes-
#65418	REDUCE cov: 1462 ft: 2882 corp: 304/7731Kb lim: 239306 exec/s: 1721 rss: 501Mb L: 44/239306 MS: 1 EraseBytes-
#65419	REDUCE cov: 1462 ft: 2882 corp: 304/7730Kb lim: 239306 exec/s: 1721 rss: 501Mb L: 1446/239306 MS: 1 EraseBytes-
#65462	REDUCE cov: 1462 ft: 2882 corp: 304/7729Kb lim: 239306 exec/s: 1722 rss: 501Mb L: 710/239306 MS: 3 ChangeBit-ChangeBit-EraseBytes-
#65513	REDUCE cov: 1462 ft: 2882 corp: 304/7729Kb lim: 239306 exec/s: 1724 rss: 501Mb L: 497/239306 MS: 1 EraseBytes-
#65536	pulse  cov: 1462 ft: 2882 corp: 304/7729Kb lim: 239306 exec/s: 1724 rss: 501Mb
#65584	REDUCE cov: 1462 ft: 2882 corp: 304/7729Kb lim: 239306 exec/s: 1725 rss: 501Mb L: 1098/239306 MS: 1 EraseBytes-
#65796	REDUCE cov: 1462 ft: 2882 corp: 304/7729Kb lim: 239306 exec/s: 1731 rss: 501Mb L: 2024/239306 MS: 2 CopyPart-EraseBytes-
#65813	REDUCE cov: 1462 ft: 2882 corp: 304/7729Kb lim: 239306 exec/s: 1731 rss: 501Mb L: 106/239306 MS: 2 ChangeByte-EraseBytes-
#65865	REDUCE cov: 1462 ft: 2882 corp: 304/7729Kb lim: 239306 exec/s: 1733 rss: 501Mb L: 56/239306 MS: 2 ChangeBinInt-EraseBytes-
#65983	REDUCE cov: 1462 ft: 2882 corp: 304/7729Kb lim: 239306 exec/s: 1736 rss: 501Mb L: 6511/239306 MS: 3 ChangeBinInt-ChangeBinInt-EraseBytes-
#66014	REDUCE cov: 1462 ft: 2882 corp: 304/7728Kb lim: 239306 exec/s: 1737 rss: 501Mb L: 983/239306 MS: 1 EraseBytes-
#66036	REDUCE cov: 1462 ft: 2882 corp: 304/7722Kb lim: 239306 exec/s: 1737 rss: 501Mb L: 17537/239306 MS: 2 InsertByte-EraseBytes-
#66213	REDUCE cov: 1462 ft: 2882 corp: 304/7718Kb lim: 239306 exec/s: 1697 rss: 501Mb L: 3782/239306 MS: 2 ShuffleBytes-EraseBytes-
#66597	REDUCE cov: 1462 ft: 2882 corp: 304/7718Kb lim: 239306 exec/s: 1707 rss: 501Mb L: 383/239306 MS: 4 CMP-ChangeBit-InsertRepeatedBytes-EraseBytes- DE: "\004\000\000\000\000\000\000\000"-
#66600	REDUCE cov: 1462 ft: 2883 corp: 305/7719Kb lim: 239306 exec/s: 1707 rss: 501Mb L: 876/239306 MS: 3 PersAutoDict-ChangeASCIIInt-PersAutoDict- DE: "\001\010\000\000\000\000\000\000"-"\001\000\000\000\000\000\000\030"-
#66613	REDUCE cov: 1462 ft: 2883 corp: 305/7718Kb lim: 239306 exec/s: 1708 rss: 501Mb L: 711/239306 MS: 3 ChangeASCIIInt-ShuffleBytes-EraseBytes-
#66674	REDUCE cov: 1462 ft: 2883 corp: 305/7718Kb lim: 239306 exec/s: 1709 rss: 501Mb L: 10377/239306 MS: 1 EraseBytes-
#66676	REDUCE cov: 1462 ft: 2883 corp: 305/7711Kb lim: 239306 exec/s: 1709 rss: 501Mb L: 83034/239306 MS: 2 ChangeBinInt-EraseBytes-
#66722	REDUCE cov: 1462 ft: 2883 corp: 305/7711Kb lim: 239306 exec/s: 1710 rss: 501Mb L: 872/239306 MS: 1 EraseBytes-
#66878	REDUCE cov: 1462 ft: 2883 corp: 305/7691Kb lim: 239306 exec/s: 1714 rss: 501Mb L: 21554/239306 MS: 1 EraseBytes-
#66966	REDUCE cov: 1462 ft: 2883 corp: 305/7691Kb lim: 239306 exec/s: 1717 rss: 501Mb L: 10/239306 MS: 3 ChangeByte-ChangeByte-EraseBytes-
#67104	REDUCE cov: 1462 ft: 2883 corp: 305/7690Kb lim: 239306 exec/s: 1720 rss: 501Mb L: 991/239306 MS: 3 ChangeBinInt-ChangeBit-EraseBytes-
#67128	REDUCE cov: 1462 ft: 2883 corp: 305/7690Kb lim: 239306 exec/s: 1721 rss: 501Mb L: 648/239306 MS: 4 ChangeByte-InsertByte-ChangeBinInt-EraseBytes-
#67139	REDUCE cov: 1462 ft: 2883 corp: 305/7690Kb lim: 239306 exec/s: 1721 rss: 501Mb L: 74/239306 MS: 1 EraseBytes-
#67373	REDUCE cov: 1462 ft: 2883 corp: 305/7690Kb lim: 239306 exec/s: 1727 rss: 501Mb L: 10325/239306 MS: 4 ChangeASCIIInt-ChangeByte-ShuffleBytes-EraseBytes-
#67414	REDUCE cov: 1462 ft: 2883 corp: 305/7690Kb lim: 239306 exec/s: 1728 rss: 501Mb L: 48/239306 MS: 1 EraseBytes-
#67489	REDUCE cov: 1462 ft: 2883 corp: 305/7685Kb lim: 239306 exec/s: 1730 rss: 501Mb L: 10631/239306 MS: 5 ChangeByte-InsertRepeatedBytes-ChangeBit-ChangeBinInt-EraseBytes-
#67491	REDUCE cov: 1462 ft: 2883 corp: 305/7685Kb lim: 239306 exec/s: 1730 rss: 501Mb L: 8673/239306 MS: 2 InsertByte-EraseBytes-
#67503	REDUCE cov: 1462 ft: 2883 corp: 305/7685Kb lim: 239306 exec/s: 1730 rss: 501Mb L: 286/239306 MS: 2 CMP-EraseBytes- DE: "\377\377\377\377\377\377\377\027"-
#67506	NEW    cov: 1462 ft: 2885 corp: 306/7685Kb lim: 239306 exec/s: 1730 rss: 501Mb L: 376/239306 MS: 3 PersAutoDict-CMP-CopyPart- DE: "\361\226=#\376\213c\210"-"\004\000\000\000\000\000\000\000"-
#67587	REDUCE cov: 1462 ft: 2889 corp: 307/7686Kb lim: 239306 exec/s: 1733 rss: 501Mb L: 501/239306 MS: 1 ShuffleBytes-
#67588	REDUCE cov: 1462 ft: 2889 corp: 307/7686Kb lim: 239306 exec/s: 1733 rss: 501Mb L: 115/239306 MS: 1 EraseBytes-
#67845	REDUCE cov: 1462 ft: 2889 corp: 307/7671Kb lim: 239306 exec/s: 1739 rss: 501Mb L: 73689/239306 MS: 2 CopyPart-EraseBytes-
#67883	REDUCE cov: 1462 ft: 2889 corp: 307/7671Kb lim: 239306 exec/s: 1740 rss: 501Mb L: 37/239306 MS: 3 EraseBytes-ShuffleBytes-EraseBytes-
#67897	REDUCE cov: 1462 ft: 2889 corp: 307/7662Kb lim: 239306 exec/s: 1740 rss: 501Mb L: 214187/239306 MS: 4 ChangeASCIIInt-CopyPart-ChangeBit-EraseBytes-
#68020	REDUCE cov: 1462 ft: 2889 corp: 307/7662Kb lim: 239306 exec/s: 1744 rss: 501Mb L: 85/239306 MS: 3 ChangeByte-ChangeBit-EraseBytes-
#68040	REDUCE cov: 1462 ft: 2889 corp: 307/7662Kb lim: 239306 exec/s: 1744 rss: 501Mb L: 967/239306 MS: 5 InsertByte-InsertRepeatedBytes-InsertRepeatedBytes-ChangeBinInt-EraseBytes-
#68076	REDUCE cov: 1462 ft: 2889 corp: 307/7662Kb lim: 239306 exec/s: 1745 rss: 501Mb L: 304/239306 MS: 1 EraseBytes-
#68177	REDUCE cov: 1462 ft: 2889 corp: 307/7598Kb lim: 239306 exec/s: 1748 rss: 501Mb L: 68220/239306 MS: 1 EraseBytes-
#68179	REDUCE cov: 1462 ft: 2889 corp: 307/7596Kb lim: 239306 exec/s: 1748 rss: 501Mb L: 2037/239306 MS: 2 CrossOver-EraseBytes-
#68306	REDUCE cov: 1462 ft: 2889 corp: 307/7596Kb lim: 239306 exec/s: 1751 rss: 501Mb L: 243/239306 MS: 2 InsertByte-EraseBytes-
#68472	REDUCE cov: 1462 ft: 2889 corp: 307/7596Kb lim: 239306 exec/s: 1755 rss: 501Mb L: 239/239306 MS: 1 EraseBytes-
#68653	REDUCE cov: 1462 ft: 2889 corp: 307/7596Kb lim: 239306 exec/s: 1760 rss: 501Mb L: 216/239306 MS: 1 EraseBytes-
#68755	REDUCE cov: 1462 ft: 2889 corp: 307/7596Kb lim: 239306 exec/s: 1762 rss: 501Mb L: 149/239306 MS: 2 PersAutoDict-EraseBytes- DE: "\377\377\377\377\377\377\377\003"-
#68825	REDUCE cov: 1462 ft: 2889 corp: 307/7596Kb lim: 239306 exec/s: 1720 rss: 501Mb L: 230/239306 MS: 5 InsertByte-CopyPart-InsertRepeatedBytes-ShuffleBytes-EraseBytes-
#68887	REDUCE cov: 1462 ft: 2889 corp: 307/7595Kb lim: 239306 exec/s: 1722 rss: 501Mb L: 1601/239306 MS: 2 InsertByte-EraseBytes-
#68963	REDUCE cov: 1462 ft: 2889 corp: 307/7595Kb lim: 239306 exec/s: 1724 rss: 501Mb L: 1179/239306 MS: 1 EraseBytes-
#69041	REDUCE cov: 1462 ft: 2889 corp: 307/7590Kb lim: 239306 exec/s: 1726 rss: 501Mb L: 20942/239306 MS: 3 InsertByte-InsertByte-EraseBytes-
#69187	REDUCE cov: 1462 ft: 2890 corp: 308/7590Kb lim: 239306 exec/s: 1729 rss: 501Mb L: 102/239306 MS: 1 InsertRepeatedBytes-
#69597	REDUCE cov: 1462 ft: 2890 corp: 308/7590Kb lim: 239306 exec/s: 1739 rss: 501Mb L: 511/239306 MS: 5 ChangeBit-ChangeByte-PersAutoDict-InsertByte-EraseBytes- DE: "\000\000\000\000\000\000\006\006"-
#69644	REDUCE cov: 1462 ft: 2890 corp: 308/7590Kb lim: 239306 exec/s: 1741 rss: 501Mb L: 172/239306 MS: 2 CopyPart-EraseBytes-
#69667	REDUCE cov: 1462 ft: 2890 corp: 308/7590Kb lim: 239306 exec/s: 1741 rss: 501Mb L: 68/239306 MS: 3 CopyPart-EraseBytes-ChangeBinInt-
#69703	REDUCE cov: 1462 ft: 2890 corp: 308/7590Kb lim: 239306 exec/s: 1742 rss: 501Mb L: 136/239306 MS: 1 EraseBytes-
#69760	REDUCE cov: 1462 ft: 2890 corp: 308/7579Kb lim: 239306 exec/s: 1744 rss: 501Mb L: 62139/239306 MS: 2 ShuffleBytes-EraseBytes-
#69783	REDUCE cov: 1462 ft: 2890 corp: 308/7578Kb lim: 239306 exec/s: 1744 rss: 501Mb L: 1365/239306 MS: 3 ChangeBit-CrossOver-EraseBytes-
#69789	REDUCE cov: 1462 ft: 2890 corp: 308/7578Kb lim: 239306 exec/s: 1744 rss: 501Mb L: 1480/239306 MS: 1 EraseBytes-
#70112	REDUCE cov: 1462 ft: 2890 corp: 308/7568Kb lim: 239306 exec/s: 1752 rss: 501Mb L: 10683/239306 MS: 3 ChangeBit-EraseBytes-EraseBytes-
#70203	REDUCE cov: 1462 ft: 2890 corp: 308/7568Kb lim: 239306 exec/s: 1755 rss: 501Mb L: 1361/239306 MS: 1 EraseBytes-
#70355	REDUCE cov: 1462 ft: 2890 corp: 308/7568Kb lim: 239306 exec/s: 1758 rss: 501Mb L: 314/239306 MS: 2 InsertByte-EraseBytes-
#70491	REDUCE cov: 1462 ft: 2890 corp: 308/7568Kb lim: 239306 exec/s: 1762 rss: 501Mb L: 137/239306 MS: 1 EraseBytes-
#70737	REDUCE cov: 1462 ft: 2890 corp: 308/7567Kb lim: 239306 exec/s: 1768 rss: 501Mb L: 891/239306 MS: 1 EraseBytes-
#70743	REDUCE cov: 1462 ft: 2890 corp: 308/7567Kb lim: 239306 exec/s: 1768 rss: 501Mb L: 212/239306 MS: 1 EraseBytes-
#70889	REDUCE cov: 1462 ft: 2890 corp: 308/7564Kb lim: 239306 exec/s: 1772 rss: 501Mb L: 39124/239306 MS: 1 EraseBytes-
#70935	REDUCE cov: 1462 ft: 2890 corp: 308/7564Kb lim: 239306 exec/s: 1773 rss: 501Mb L: 2298/239306 MS: 1 EraseBytes-
#70951	REDUCE cov: 1462 ft: 2890 corp: 308/7564Kb lim: 239306 exec/s: 1773 rss: 501Mb L: 21/239306 MS: 1 EraseBytes-
#71062	REDUCE cov: 1462 ft: 2894 corp: 309/7564Kb lim: 239306 exec/s: 1733 rss: 501Mb L: 287/239306 MS: 1 ShuffleBytes-
#71095	REDUCE cov: 1462 ft: 2894 corp: 309/7564Kb lim: 239306 exec/s: 1734 rss: 501Mb L: 1881/239306 MS: 3 ChangeByte-ChangeBinInt-EraseBytes-
#71161	REDUCE cov: 1462 ft: 2894 corp: 309/7564Kb lim: 239306 exec/s: 1735 rss: 501Mb L: 132/239306 MS: 1 EraseBytes-
#71249	REDUCE cov: 1462 ft: 2894 corp: 309/7562Kb lim: 239306 exec/s: 1737 rss: 501Mb L: 11694/239306 MS: 3 ChangeBinInt-ChangeBinInt-EraseBytes-
#71455	REDUCE cov: 1462 ft: 2894 corp: 309/7556Kb lim: 239306 exec/s: 1742 rss: 501Mb L: 31823/239306 MS: 1 EraseBytes-
#71497	REDUCE cov: 1462 ft: 2894 corp: 309/7556Kb lim: 239306 exec/s: 1743 rss: 501Mb L: 102/239306 MS: 2 InsertRepeatedBytes-EraseBytes-
#71574	REDUCE cov: 1462 ft: 2894 corp: 309/7556Kb lim: 239306 exec/s: 1745 rss: 501Mb L: 86/239306 MS: 2 PersAutoDict-EraseBytes- DE: "\000\000\000\000\000\000\000\000"-
#71620	REDUCE cov: 1462 ft: 2894 corp: 309/7556Kb lim: 239306 exec/s: 1746 rss: 501Mb L: 168/239306 MS: 1 EraseBytes-
#71626	REDUCE cov: 1462 ft: 2894 corp: 309/7556Kb lim: 239306 exec/s: 1746 rss: 501Mb L: 10/239306 MS: 1 EraseBytes-
#71629	REDUCE cov: 1462 ft: 2894 corp: 309/7552Kb lim: 239306 exec/s: 1747 rss: 501Mb L: 27864/239306 MS: 3 ChangeASCIIInt-InsertRepeatedBytes-EraseBytes-
#71660	REDUCE cov: 1462 ft: 2894 corp: 309/7548Kb lim: 239306 exec/s: 1747 rss: 501Mb L: 133305/239306 MS: 1 EraseBytes-
#71734	REDUCE cov: 1462 ft: 2894 corp: 309/7547Kb lim: 239306 exec/s: 1749 rss: 501Mb L: 688/239306 MS: 4 PersAutoDict-ChangeBinInt-InsertRepeatedBytes-EraseBytes- DE: "\001\000\000\000\000\000\000\026"-
#71787	REDUCE cov: 1462 ft: 2894 corp: 309/7547Kb lim: 239306 exec/s: 1750 rss: 501Mb L: 544/239306 MS: 3 ChangeBinInt-ShuffleBytes-EraseBytes-
#71817	REDUCE cov: 1462 ft: 2894 corp: 309/7547Kb lim: 239306 exec/s: 1751 rss: 501Mb L: 11303/239306 MS: 5 InsertByte-EraseBytes-ChangeBit-InsertByte-CrossOver-
#71833	REDUCE cov: 1462 ft: 2894 corp: 309/7541Kb lim: 239306 exec/s: 1752 rss: 501Mb L: 70275/239306 MS: 1 EraseBytes-
#71933	REDUCE cov: 1462 ft: 2894 corp: 309/7541Kb lim: 239306 exec/s: 1754 rss: 501Mb L: 62/239306 MS: 5 InsertByte-ChangeBit-InsertByte-CopyPart-EraseBytes-
#71957	REDUCE cov: 1462 ft: 2894 corp: 309/7541Kb lim: 239306 exec/s: 1755 rss: 501Mb L: 1113/239306 MS: 4 InsertRepeatedBytes-ChangeASCIIInt-CopyPart-EraseBytes-
#71968	REDUCE cov: 1462 ft: 2894 corp: 309/7541Kb lim: 239306 exec/s: 1755 rss: 501Mb L: 112/239306 MS: 1 EraseBytes-
#71979	REDUCE cov: 1462 ft: 2894 corp: 309/7541Kb lim: 239306 exec/s: 1755 rss: 501Mb L: 3249/239306 MS: 1 EraseBytes-
#72041	REDUCE cov: 1462 ft: 2896 corp: 310/7541Kb lim: 239306 exec/s: 1757 rss: 501Mb L: 216/239306 MS: 2 ChangeBit-PersAutoDict- DE: "\000\000\000\000\000\000\000\200"-
#72080	REDUCE cov: 1462 ft: 2896 corp: 310/7540Kb lim: 239306 exec/s: 1758 rss: 501Mb L: 38888/239306 MS: 4 ChangeByte-ChangeASCIIInt-InsertRepeatedBytes-EraseBytes-
#72101	REDUCE cov: 1462 ft: 2896 corp: 310/7536Kb lim: 239306 exec/s: 1758 rss: 501Mb L: 12629/239306 MS: 1 EraseBytes-
#72144	REDUCE cov: 1462 ft: 2896 corp: 310/7513Kb lim: 239306 exec/s: 1759 rss: 501Mb L: 109465/239306 MS: 3 InsertRepeatedBytes-ChangeByte-EraseBytes-
#72237	REDUCE cov: 1462 ft: 2896 corp: 310/7513Kb lim: 239306 exec/s: 1761 rss: 501Mb L: 109/239306 MS: 3 ChangeASCIIInt-ChangeASCIIInt-EraseBytes-
#72238	REDUCE cov: 1462 ft: 2896 corp: 310/7513Kb lim: 239306 exec/s: 1761 rss: 501Mb L: 74/239306 MS: 1 EraseBytes-
#72289	REDUCE cov: 1462 ft: 2896 corp: 310/7513Kb lim: 239306 exec/s: 1763 rss: 501Mb L: 1288/239306 MS: 1 EraseBytes-
#72335	REDUCE cov: 1462 ft: 2896 corp: 310/7513Kb lim: 239306 exec/s: 1764 rss: 501Mb L: 22/239306 MS: 1 EraseBytes-
#72731	REDUCE cov: 1462 ft: 2896 corp: 310/7512Kb lim: 239306 exec/s: 1773 rss: 501Mb L: 924/239306 MS: 1 EraseBytes-
#72897	REDUCE cov: 1462 ft: 2896 corp: 310/7512Kb lim: 239306 exec/s: 1777 rss: 501Mb L: 295/239306 MS: 1 EraseBytes-
#72905	REDUCE cov: 1462 ft: 2896 corp: 310/7512Kb lim: 239306 exec/s: 1778 rss: 501Mb L: 3360/239306 MS: 3 ChangeBinInt-ChangeASCIIInt-EraseBytes-
#73127	REDUCE cov: 1462 ft: 2896 corp: 310/7510Kb lim: 239306 exec/s: 1783 rss: 501Mb L: 3238/239306 MS: 2 InsertRepeatedBytes-EraseBytes-
#73262	REDUCE cov: 1462 ft: 2896 corp: 310/7510Kb lim: 239306 exec/s: 1786 rss: 501Mb L: 853/239306 MS: 5 ChangeBinInt-ChangeByte-CopyPart-PersAutoDict-EraseBytes- DE: "\252\252\252\252\252\252\252\012"-
#73313	REDUCE cov: 1462 ft: 2896 corp: 310/7510Kb lim: 239306 exec/s: 1788 rss: 501Mb L: 450/239306 MS: 1 EraseBytes-
#73330	REDUCE cov: 1462 ft: 2896 corp: 310/7510Kb lim: 239306 exec/s: 1788 rss: 501Mb L: 12/239306 MS: 2 ShuffleBytes-EraseBytes-
#73405	REDUCE cov: 1462 ft: 2896 corp: 310/7507Kb lim: 239306 exec/s: 1790 rss: 501Mb L: 7024/239306 MS: 5 CrossOver-ChangeBit-PersAutoDict-ChangeASCIIInt-EraseBytes- DE: "\002\377\377\377\377\377\377\377"-
#73552	REDUCE cov: 1462 ft: 2896 corp: 310/7502Kb lim: 239306 exec/s: 1793 rss: 501Mb L: 19238/239306 MS: 2 PersAutoDict-EraseBytes- DE: "\003\000\000\000\000\000\000\000"-
#73565	REDUCE cov: 1462 ft: 2896 corp: 310/7501Kb lim: 239306 exec/s: 1794 rss: 501Mb L: 4385/239306 MS: 3 EraseBytes-CopyPart-InsertByte-
#73691	REDUCE cov: 1462 ft: 2896 corp: 310/7501Kb lim: 239306 exec/s: 1754 rss: 501Mb L: 14/239306 MS: 1 EraseBytes-
#73692	REDUCE cov: 1462 ft: 2896 corp: 310/7501Kb lim: 239306 exec/s: 1754 rss: 501Mb L: 138/239306 MS: 1 EraseBytes-
#73716	REDUCE cov: 1462 ft: 2896 corp: 310/7501Kb lim: 239306 exec/s: 1755 rss: 501Mb L: 2688/239306 MS: 4 ChangeBit-EraseBytes-ChangeASCIIInt-ShuffleBytes-
#73831	REDUCE cov: 1462 ft: 2896 corp: 310/7500Kb lim: 239306 exec/s: 1757 rss: 501Mb L: 174/239306 MS: 5 CMP-ShuffleBytes-ChangeASCIIInt-ChangeByte-EraseBytes- DE: "\000\000\000\000\000\000\000\026"-
#73832	REDUCE cov: 1462 ft: 2896 corp: 310/7500Kb lim: 239306 exec/s: 1757 rss: 501Mb L: 143/239306 MS: 1 EraseBytes-
#73863	REDUCE cov: 1462 ft: 2896 corp: 310/7476Kb lim: 239306 exec/s: 1758 rss: 501Mb L: 63846/239306 MS: 1 EraseBytes-
#73963	REDUCE cov: 1462 ft: 2896 corp: 310/7475Kb lim: 239306 exec/s: 1761 rss: 501Mb L: 1111/239306 MS: 5 InsertRepeatedBytes-ChangeBit-InsertByte-PersAutoDict-EraseBytes- DE: "\001\000\000\000\000\000\000\002"-
#73987	REDUCE cov: 1462 ft: 2896 corp: 310/7475Kb lim: 239306 exec/s: 1761 rss: 501Mb L: 532/239306 MS: 4 ChangeASCIIInt-ChangeBinInt-PersAutoDict-EraseBytes- DE: "\007\000\000\000\000\000\000\000"-
#74128	REDUCE cov: 1462 ft: 2896 corp: 310/7474Kb lim: 239306 exec/s: 1764 rss: 501Mb L: 7349/239306 MS: 1 EraseBytes-
#74347	REDUCE cov: 1462 ft: 2896 corp: 310/7472Kb lim: 239306 exec/s: 1770 rss: 501Mb L: 2326/239306 MS: 4 ShuffleBytes-ShuffleBytes-CrossOver-EraseBytes-
#74374	REDUCE cov: 1462 ft: 2896 corp: 310/7472Kb lim: 239306 exec/s: 1770 rss: 501Mb L: 543/239306 MS: 2 InsertRepeatedBytes-EraseBytes-
#74396	REDUCE cov: 1462 ft: 2896 corp: 310/7472Kb lim: 239306 exec/s: 1771 rss: 501Mb L: 109/239306 MS: 2 InsertByte-EraseBytes-
#74408	REDUCE cov: 1462 ft: 2896 corp: 310/7472Kb lim: 239306 exec/s: 1771 rss: 501Mb L: 43/239306 MS: 2 InsertRepeatedBytes-EraseBytes-
#74458	REDUCE cov: 1462 ft: 2896 corp: 310/7471Kb lim: 239306 exec/s: 1772 rss: 501Mb L: 2137/239306 MS: 5 CrossOver-ChangeBit-CopyPart-InsertByte-EraseBytes-
#74605	REDUCE cov: 1462 ft: 2896 corp: 310/7466Kb lim: 239306 exec/s: 1776 rss: 501Mb L: 57328/239306 MS: 2 ChangeASCIIInt-EraseBytes-
#74656	REDUCE cov: 1462 ft: 2896 corp: 310/7466Kb lim: 239306 exec/s: 1777 rss: 501Mb L: 203/239306 MS: 1 EraseBytes-
#74703	REDUCE cov: 1462 ft: 2896 corp: 310/7465Kb lim: 239306 exec/s: 1778 rss: 501Mb L: 6772/239306 MS: 2 ChangeASCIIInt-EraseBytes-
#74755	REDUCE cov: 1462 ft: 2896 corp: 310/7464Kb lim: 239306 exec/s: 1779 rss: 501Mb L: 4932/239306 MS: 2 PersAutoDict-EraseBytes- DE: "\001\000\000\000\000\000\000\002"-
#74772	REDUCE cov: 1462 ft: 2896 corp: 310/7455Kb lim: 239306 exec/s: 1780 rss: 501Mb L: 16557/239306 MS: 2 ChangeASCIIInt-EraseBytes-
#74880	REDUCE cov: 1462 ft: 2896 corp: 310/7455Kb lim: 239306 exec/s: 1782 rss: 501Mb L: 98/239306 MS: 3 CopyPart-ChangeBinInt-EraseBytes-
#74896	REDUCE cov: 1462 ft: 2896 corp: 310/7453Kb lim: 239306 exec/s: 1783 rss: 501Mb L: 2477/239306 MS: 1 EraseBytes-
#74980	REDUCE cov: 1462 ft: 2896 corp: 310/7453Kb lim: 239306 exec/s: 1785 rss: 501Mb L: 2128/239306 MS: 4 CMP-CopyPart-CrossOver-EraseBytes- DE: "\001\000\000\000\000\000\000\003"-
#74991	REDUCE cov: 1462 ft: 2896 corp: 310/7453Kb lim: 239306 exec/s: 1785 rss: 501Mb L: 503/239306 MS: 1 EraseBytes-
#75057	REDUCE cov: 1462 ft: 2896 corp: 310/7453Kb lim: 239306 exec/s: 1787 rss: 501Mb L: 132/239306 MS: 1 EraseBytes-
#75136	REDUCE cov: 1462 ft: 2896 corp: 310/7449Kb lim: 239306 exec/s: 1788 rss: 501Mb L: 58200/239306 MS: 4 CMP-ShuffleBytes-ChangeBinInt-EraseBytes- DE: "\001\000\000\000\000\000\000\004"-
#75150	REDUCE cov: 1462 ft: 2896 corp: 310/7448Kb lim: 239306 exec/s: 1789 rss: 501Mb L: 20727/239306 MS: 4 InsertByte-InsertRepeatedBytes-InsertByte-EraseBytes-
#75318	REDUCE cov: 1462 ft: 2896 corp: 310/7448Kb lim: 239306 exec/s: 1793 rss: 501Mb L: 392/239306 MS: 3 PersAutoDict-InsertByte-EraseBytes- DE: "\030\000\000\000\000\000\000\000"-
#75330	REDUCE cov: 1462 ft: 2896 corp: 310/7448Kb lim: 239306 exec/s: 1793 rss: 501Mb L: 12/239306 MS: 2 ChangeBit-EraseBytes-
#75577	REDUCE cov: 1462 ft: 2896 corp: 310/7448Kb lim: 239306 exec/s: 1799 rss: 501Mb L: 472/239306 MS: 2 ChangeASCIIInt-EraseBytes-
#75601	REDUCE cov: 1462 ft: 2896 corp: 310/7447Kb lim: 239306 exec/s: 1800 rss: 501Mb L: 1241/239306 MS: 4 ChangeBinInt-PersAutoDict-ChangeASCIIInt-EraseBytes- DE: "\004\000"-
#75692	REDUCE cov: 1462 ft: 2896 corp: 310/7447Kb lim: 239306 exec/s: 1802 rss: 501Mb L: 30/239306 MS: 1 EraseBytes-
#75743	REDUCE cov: 1462 ft: 2896 corp: 310/7447Kb lim: 239306 exec/s: 1803 rss: 501Mb L: 429/239306 MS: 1 EraseBytes-
#75764	REDUCE cov: 1462 ft: 2896 corp: 310/7447Kb lim: 239306 exec/s: 1803 rss: 501Mb L: 25646/239306 MS: 1 EraseBytes-
#75780	REDUCE cov: 1462 ft: 2896 corp: 310/7447Kb lim: 239306 exec/s: 1804 rss: 501Mb L: 372/239306 MS: 1 EraseBytes-
#75801	REDUCE cov: 1462 ft: 2896 corp: 310/7445Kb lim: 239306 exec/s: 1804 rss: 501Mb L: 19945/239306 MS: 1 EraseBytes-
#75948	REDUCE cov: 1462 ft: 2896 corp: 310/7445Kb lim: 239306 exec/s: 1808 rss: 501Mb L: 96/239306 MS: 2 InsertRepeatedBytes-EraseBytes-
#75956	REDUCE cov: 1462 ft: 2896 corp: 310/7445Kb lim: 239306 exec/s: 1808 rss: 501Mb L: 312/239306 MS: 3 ChangeBinInt-ChangeASCIIInt-EraseBytes-
#75962	REDUCE cov: 1462 ft: 2896 corp: 310/7445Kb lim: 239306 exec/s: 1808 rss: 501Mb L: 673/239306 MS: 1 EraseBytes-
#76053	REDUCE cov: 1463 ft: 2897 corp: 311/7445Kb lim: 239306 exec/s: 1810 rss: 501Mb L: 49/239306 MS: 1 PersAutoDict- DE: "\001\010\000\000\000\000\000\000"-
#76304	REDUCE cov: 1463 ft: 2897 corp: 311/7445Kb lim: 239306 exec/s: 1774 rss: 501Mb L: 201/239306 MS: 1 EraseBytes-
#76352	REDUCE cov: 1463 ft: 2897 corp: 311/7445Kb lim: 239306 exec/s: 1775 rss: 501Mb L: 123/239306 MS: 3 CrossOver-PersAutoDict-EraseBytes- DE: "\377\377\377\377"-
#76514	REDUCE cov: 1463 ft: 2897 corp: 311/7444Kb lim: 239306 exec/s: 1779 rss: 501Mb L: 1449/239306 MS: 2 PersAutoDict-EraseBytes- DE: "\361\226=#\376\213c\210"-
#76665	REDUCE cov: 1463 ft: 2897 corp: 311/7444Kb lim: 239306 exec/s: 1782 rss: 501Mb L: 838/239306 MS: 1 EraseBytes-
#76697	REDUCE cov: 1463 ft: 2897 corp: 311/7442Kb lim: 239306 exec/s: 1783 rss: 501Mb L: 34806/239306 MS: 2 PersAutoDict-EraseBytes- DE: "\312\000\000\000\000\000\000\000"-
#76730	REDUCE cov: 1463 ft: 2897 corp: 311/7440Kb lim: 239306 exec/s: 1784 rss: 501Mb L: 32911/239306 MS: 3 PersAutoDict-ChangeASCIIInt-EraseBytes- DE: "\377\377\377\377\377\377\377\027"-
#76805	REDUCE cov: 1463 ft: 2897 corp: 311/7439Kb lim: 239306 exec/s: 1786 rss: 501Mb L: 1603/239306 MS: 5 PersAutoDict-InsertRepeatedBytes-EraseBytes-CrossOver-ChangeBinInt- DE: "\001\000"-
#76859	REDUCE cov: 1463 ft: 2897 corp: 311/7438Kb lim: 239306 exec/s: 1787 rss: 501Mb L: 10100/239306 MS: 4 InsertByte-ChangeBit-ChangeBit-EraseBytes-
#76890	REDUCE cov: 1463 ft: 2897 corp: 311/7438Kb lim: 239306 exec/s: 1788 rss: 501Mb L: 56/239306 MS: 1 EraseBytes-
#77010	REDUCE cov: 1463 ft: 2897 corp: 311/7437Kb lim: 239306 exec/s: 1790 rss: 501Mb L: 494/239306 MS: 5 CopyPart-PersAutoDict-CMP-CMP-EraseBytes- DE: "\003\000\000\000\000\000\000\000"-"\000\000\000\000"-"\004\377\377\377\377\377\377\377"-
#77031	REDUCE cov: 1463 ft: 2897 corp: 311/7437Kb lim: 239306 exec/s: 1791 rss: 501Mb L: 309/239306 MS: 1 EraseBytes-
#77143	REDUCE cov: 1463 ft: 2897 corp: 311/7437Kb lim: 239306 exec/s: 1794 rss: 501Mb L: 286/239306 MS: 2 ChangeBinInt-EraseBytes-
#77172	REDUCE cov: 1463 ft: 2897 corp: 311/7420Kb lim: 239306 exec/s: 1794 rss: 501Mb L: 92411/239306 MS: 4 CopyPart-ShuffleBytes-InsertRepeatedBytes-CrossOver-
#77218	REDUCE cov: 1463 ft: 2897 corp: 311/7420Kb lim: 239306 exec/s: 1795 rss: 501Mb L: 5874/239306 MS: 1 EraseBytes-
#77339	REDUCE cov: 1463 ft: 2897 corp: 311/7420Kb lim: 239306 exec/s: 1798 rss: 501Mb L: 74/239306 MS: 1 EraseBytes-
#77340	REDUCE cov: 1463 ft: 2897 corp: 311/7420Kb lim: 239306 exec/s: 1798 rss: 501Mb L: 11/239306 MS: 1 EraseBytes-
#77546	REDUCE cov: 1463 ft: 2897 corp: 311/7419Kb lim: 239306 exec/s: 1803 rss: 501Mb L: 3439/239306 MS: 1 EraseBytes-
#77551	REDUCE cov: 1463 ft: 2897 corp: 311/7419Kb lim: 239306 exec/s: 1803 rss: 501Mb L: 18/239306 MS: 5 PersAutoDict-ChangeByte-CopyPart-ChangeASCIIInt-EraseBytes- DE: "\3170\206yb&\000\000"-
#77578	REDUCE cov: 1463 ft: 2897 corp: 311/7419Kb lim: 239306 exec/s: 1804 rss: 501Mb L: 9698/239306 MS: 2 CopyPart-EraseBytes-
#77758	REDUCE cov: 1463 ft: 2897 corp: 311/7419Kb lim: 239306 exec/s: 1808 rss: 501Mb L: 598/239306 MS: 5 CMP-ChangeBinInt-ChangeByte-ChangeASCIIInt-EraseBytes- DE: "\377\377\377\377\377\377\377|"-
#77780	REDUCE cov: 1463 ft: 2897 corp: 311/7419Kb lim: 239306 exec/s: 1808 rss: 501Mb L: 800/239306 MS: 2 ChangeByte-EraseBytes-
#77812	REDUCE cov: 1463 ft: 2897 corp: 311/7419Kb lim: 239306 exec/s: 1809 rss: 501Mb L: 501/239306 MS: 2 PersAutoDict-EraseBytes- DE: "\002\000\000\000\000\000\000\000"-
#77853	REDUCE cov: 1463 ft: 2897 corp: 311/7418Kb lim: 239306 exec/s: 1810 rss: 501Mb L: 5756/239306 MS: 1 EraseBytes-
#77867	REDUCE cov: 1463 ft: 2897 corp: 311/7418Kb lim: 239306 exec/s: 1810 rss: 501Mb L: 1216/239306 MS: 4 ShuffleBytes-PersAutoDict-PersAutoDict-EraseBytes- DE: "\023\3726\007\025M\202\333"-"\007\000\000\000\000\000\000\000"-
#77884	REDUCE cov: 1463 ft: 2897 corp: 311/7418Kb lim: 239306 exec/s: 1811 rss: 501Mb L: 741/239306 MS: 2 CopyPart-EraseBytes-
#77890	REDUCE cov: 1463 ft: 2897 corp: 311/7414Kb lim: 239306 exec/s: 1811 rss: 501Mb L: 5406/239306 MS: 1 EraseBytes-
#77922	REDUCE cov: 1463 ft: 2897 corp: 311/7414Kb lim: 239306 exec/s: 1812 rss: 501Mb L: 917/239306 MS: 2 CMP-EraseBytes- DE: "\377\377\377\377\377\377\377\015"-
#77949	REDUCE cov: 1463 ft: 2897 corp: 311/7414Kb lim: 239306 exec/s: 1812 rss: 501Mb L: 817/239306 MS: 2 ShuffleBytes-EraseBytes-
#78097	REDUCE cov: 1463 ft: 2897 corp: 311/7414Kb lim: 239306 exec/s: 1816 rss: 501Mb L: 17/239306 MS: 3 ChangeBinInt-PersAutoDict-EraseBytes- DE: "\000\000\000\000\000\000\000\000"-
#78100	REDUCE cov: 1463 ft: 2897 corp: 311/7413Kb lim: 239306 exec/s: 1816 rss: 501Mb L: 769/239306 MS: 3 ChangeByte-ChangeBit-EraseBytes-
#78116	REDUCE cov: 1463 ft: 2897 corp: 311/7413Kb lim: 239306 exec/s: 1816 rss: 501Mb L: 13/239306 MS: 1 EraseBytes-
#78225	REDUCE cov: 1463 ft: 2897 corp: 311/7413Kb lim: 239306 exec/s: 1819 rss: 501Mb L: 97/239306 MS: 4 ChangeBinInt-PersAutoDict-ChangeBit-EraseBytes- DE: "\000\000\000\001"-
#78361	REDUCE cov: 1463 ft: 2897 corp: 311/7413Kb lim: 239306 exec/s: 1822 rss: 501Mb L: 16/239306 MS: 1 EraseBytes-
#78425	REDUCE cov: 1463 ft: 2897 corp: 311/7413Kb lim: 239306 exec/s: 1823 rss: 501Mb L: 7/239306 MS: 4 InsertByte-ChangeByte-CopyPart-EraseBytes-
#78427	REDUCE cov: 1463 ft: 2897 corp: 311/7408Kb lim: 239306 exec/s: 1823 rss: 501Mb L: 33161/239306 MS: 2 ChangeASCIIInt-EraseBytes-
#78429	REDUCE cov: 1463 ft: 2911 corp: 312/7408Kb lim: 239306 exec/s: 1823 rss: 501Mb L: 443/239306 MS: 2 EraseBytes-PersAutoDict- DE: "\001\000\000\000\000\000\000\003"-
#78575	REDUCE cov: 1463 ft: 2911 corp: 312/7403Kb lim: 239306 exec/s: 1785 rss: 501Mb L: 30085/239306 MS: 1 EraseBytes-
#78850	REDUCE cov: 1463 ft: 2911 corp: 312/7383Kb lim: 239306 exec/s: 1792 rss: 501Mb L: 37467/239306 MS: 5 InsertByte-ChangeBinInt-EraseBytes-ChangeByte-PersAutoDict- DE: "z<\237\350\245\011\347V"-
#78953	REDUCE cov: 1463 ft: 2911 corp: 312/7383Kb lim: 239306 exec/s: 1794 rss: 501Mb L: 73/239306 MS: 3 ChangeBinInt-ChangeBinInt-EraseBytes-
#79074	REDUCE cov: 1463 ft: 2911 corp: 312/7383Kb lim: 239306 exec/s: 1797 rss: 501Mb L: 302/239306 MS: 1 EraseBytes-
#79081	REDUCE cov: 1463 ft: 2911 corp: 312/7383Kb lim: 239306 exec/s: 1797 rss: 501Mb L: 336/239306 MS: 2 ChangeBit-EraseBytes-
#79150	REDUCE cov: 1463 ft: 2911 corp: 312/7383Kb lim: 239306 exec/s: 1798 rss: 501Mb L: 793/239306 MS: 4 ShuffleBytes-ShuffleBytes-ChangeByte-EraseBytes-
#79209	REDUCE cov: 1463 ft: 2911 corp: 312/7378Kb lim: 239306 exec/s: 1800 rss: 501Mb L: 14054/239306 MS: 4 CopyPart-InsertRepeatedBytes-ChangeBit-EraseBytes-
#79228	REDUCE cov: 1463 ft: 2911 corp: 312/7370Kb lim: 239306 exec/s: 1800 rss: 501Mb L: 16535/239306 MS: 4 ChangeASCIIInt-ChangeBit-InsertRepeatedBytes-EraseBytes-
#79234	REDUCE cov: 1463 ft: 2911 corp: 312/7370Kb lim: 239306 exec/s: 1800 rss: 501Mb L: 52/239306 MS: 1 EraseBytes-
#79338	NEW    cov: 1464 ft: 2912 corp: 313/7370Kb lim: 239306 exec/s: 1803 rss: 501Mb L: 50/239306 MS: 4 CopyPart-ChangeBinInt-ShuffleBytes-InsertByte-
#79340	REDUCE cov: 1464 ft: 2912 corp: 313/7370Kb lim: 239306 exec/s: 1803 rss: 501Mb L: 208/239306 MS: 2 InsertByte-EraseBytes-
#79447	REDUCE cov: 1464 ft: 2912 corp: 313/7370Kb lim: 239306 exec/s: 1805 rss: 501Mb L: 723/239306 MS: 2 InsertRepeatedBytes-EraseBytes-
#79493	REDUCE cov: 1464 ft: 2912 corp: 313/7370Kb lim: 239306 exec/s: 1806 rss: 501Mb L: 708/239306 MS: 1 EraseBytes-
#79544	REDUCE cov: 1464 ft: 2912 corp: 313/7365Kb lim: 239306 exec/s: 1807 rss: 501Mb L: 9633/239306 MS: 1 EraseBytes-
#79667	REDUCE cov: 1464 ft: 2912 corp: 313/7363Kb lim: 239306 exec/s: 1810 rss: 501Mb L: 23695/239306 MS: 3 CMP-ChangeBinInt-EraseBytes- DE: "?\000\000\000\000\000\000\000"-
#79703	REDUCE cov: 1464 ft: 2925 corp: 314/7364Kb lim: 239306 exec/s: 1811 rss: 501Mb L: 713/239306 MS: 1 CrossOver-
#79774	REDUCE cov: 1464 ft: 2925 corp: 314/7364Kb lim: 239306 exec/s: 1813 rss: 501Mb L: 8/239306 MS: 1 EraseBytes-
#79786	REDUCE cov: 1464 ft: 2925 corp: 314/7364Kb lim: 239306 exec/s: 1813 rss: 501Mb L: 29/239306 MS: 2 PersAutoDict-EraseBytes- DE: "\000\000\000\000\000\000\006I"-
#79883	REDUCE cov: 1464 ft: 2925 corp: 314/7364Kb lim: 239306 exec/s: 1815 rss: 501Mb L: 433/239306 MS: 2 CopyPart-EraseBytes-
#79944	REDUCE cov: 1464 ft: 2925 corp: 314/7364Kb lim: 239306 exec/s: 1816 rss: 501Mb L: 687/239306 MS: 1 EraseBytes-
#80049	REDUCE cov: 1464 ft: 2925 corp: 314/7357Kb lim: 239306 exec/s: 1819 rss: 501Mb L: 2526/239306 MS: 5 EraseBytes-ChangeASCIIInt-EraseBytes-ChangeBit-EraseBytes-
#80195	REDUCE cov: 1464 ft: 2925 corp: 314/7357Kb lim: 239306 exec/s: 1822 rss: 501Mb L: 14/239306 MS: 1 EraseBytes-
#80202	REDUCE cov: 1464 ft: 2925 corp: 314/7357Kb lim: 239306 exec/s: 1822 rss: 501Mb L: 154/239306 MS: 2 PersAutoDict-EraseBytes- DE: "\001\010\000\000\000\000\000\000"-
#80321	REDUCE cov: 1464 ft: 2925 corp: 314/7357Kb lim: 239306 exec/s: 1825 rss: 501Mb L: 648/239306 MS: 4 ChangeBit-ChangeASCIIInt-ShuffleBytes-EraseBytes-
#80360	REDUCE cov: 1464 ft: 2925 corp: 314/7329Kb lim: 239306 exec/s: 1826 rss: 501Mb L: 202712/239306 MS: 4 ShuffleBytes-ChangeBit-ChangeBinInt-CrossOver-
#80458	REDUCE cov: 1464 ft: 2925 corp: 314/7329Kb lim: 239306 exec/s: 1828 rss: 501Mb L: 15/239306 MS: 3 ChangeASCIIInt-ChangeBit-EraseBytes-
#80464	REDUCE cov: 1464 ft: 2925 corp: 314/7329Kb lim: 239306 exec/s: 1828 rss: 501Mb L: 12/239306 MS: 1 EraseBytes-
#80576	REDUCE cov: 1464 ft: 2925 corp: 314/7325Kb lim: 239306 exec/s: 1831 rss: 501Mb L: 11905/239306 MS: 2 ShuffleBytes-EraseBytes-
#80581	REDUCE cov: 1464 ft: 2925 corp: 314/7325Kb lim: 239306 exec/s: 1831 rss: 501Mb L: 178/239306 MS: 5 CrossOver-CopyPart-CopyPart-EraseBytes-EraseBytes-
#80767	REDUCE cov: 1464 ft: 2925 corp: 314/7325Kb lim: 239306 exec/s: 1835 rss: 501Mb L: 180/239306 MS: 1 EraseBytes-
#80793	REDUCE cov: 1464 ft: 2925 corp: 314/7325Kb lim: 239306 exec/s: 1836 rss: 501Mb L: 13/239306 MS: 1 EraseBytes-
#80869	REDUCE cov: 1464 ft: 2925 corp: 314/7321Kb lim: 239306 exec/s: 1837 rss: 501Mb L: 53929/239306 MS: 1 EraseBytes-
#81063	REDUCE cov: 1464 ft: 2925 corp: 314/7305Kb lim: 239306 exec/s: 1842 rss: 501Mb L: 54338/239306 MS: 4 ChangeByte-ChangeByte-InsertByte-EraseBytes-
#81075	REDUCE cov: 1464 ft: 2925 corp: 314/7298Kb lim: 239306 exec/s: 1842 rss: 501Mb L: 13692/239306 MS: 2 PersAutoDict-EraseBytes- DE: "\201\240j3\230{\000\000"-
#81153	REDUCE cov: 1464 ft: 2925 corp: 314/7298Kb lim: 239306 exec/s: 1844 rss: 501Mb L: 1969/239306 MS: 3 ChangeBinInt-CopyPart-EraseBytes-
#81199	REDUCE cov: 1464 ft: 2925 corp: 314/7298Kb lim: 239306 exec/s: 1845 rss: 501Mb L: 1118/239306 MS: 1 EraseBytes-
#81212	REDUCE cov: 1464 ft: 2925 corp: 314/7298Kb lim: 239306 exec/s: 1845 rss: 501Mb L: 281/239306 MS: 3 PersAutoDict-ShuffleBytes-EraseBytes- DE: "\000\000\000\000\000\000\006I"-
#81248	REDUCE cov: 1464 ft: 2925 corp: 314/7297Kb lim: 239306 exec/s: 1846 rss: 501Mb L: 329/239306 MS: 1 EraseBytes-
#81342	REDUCE cov: 1464 ft: 2925 corp: 314/7297Kb lim: 239306 exec/s: 1807 rss: 501Mb L: 39872/239306 MS: 4 InsertByte-InsertRepeatedBytes-InsertByte-EraseBytes-
#81448	REDUCE cov: 1464 ft: 2925 corp: 314/7297Kb lim: 239306 exec/s: 1809 rss: 501Mb L: 303/239306 MS: 1 EraseBytes-
#81565	REDUCE cov: 1466 ft: 2927 corp: 315/7297Kb lim: 239306 exec/s: 1812 rss: 501Mb L: 168/239306 MS: 2 CrossOver-PersAutoDict- DE: "\330\002\000\000\000\000\000\000"-
#81579	REDUCE cov: 1466 ft: 2927 corp: 315/7297Kb lim: 239306 exec/s: 1812 rss: 501Mb L: 769/239306 MS: 4 ChangeASCIIInt-PersAutoDict-ChangeBit-EraseBytes- DE: "\007\000\000\000\000\000\000\000"-
#81585	REDUCE cov: 1466 ft: 2927 corp: 315/7297Kb lim: 239306 exec/s: 1813 rss: 501Mb L: 89/239306 MS: 1 EraseBytes-
#81647	REDUCE cov: 1466 ft: 2927 corp: 315/7297Kb lim: 239306 exec/s: 1814 rss: 501Mb L: 63/239306 MS: 2 InsertByte-EraseBytes-
#81703	REDUCE cov: 1466 ft: 2927 corp: 315/7297Kb lim: 239306 exec/s: 1815 rss: 501Mb L: 408/239306 MS: 1 EraseBytes-
#81806	REDUCE cov: 1466 ft: 2927 corp: 315/7297Kb lim: 239306 exec/s: 1817 rss: 501Mb L: 2490/239306 MS: 3 InsertByte-CrossOver-EraseBytes-
#81908	REDUCE cov: 1466 ft: 2927 corp: 315/7294Kb lim: 239306 exec/s: 1820 rss: 501Mb L: 14077/239306 MS: 2 ShuffleBytes-EraseBytes-
#81969	REDUCE cov: 1466 ft: 2927 corp: 315/7291Kb lim: 239306 exec/s: 1821 rss: 501Mb L: 16875/239306 MS: 1 EraseBytes-
#82071	REDUCE cov: 1466 ft: 2927 corp: 315/7291Kb lim: 239306 exec/s: 1823 rss: 501Mb L: 72/239306 MS: 2 ChangeByte-EraseBytes-
#82138	REDUCE cov: 1466 ft: 2927 corp: 315/7291Kb lim: 239306 exec/s: 1825 rss: 501Mb L: 1974/239306 MS: 2 InsertRepeatedBytes-EraseBytes-
#82254	REDUCE cov: 1466 ft: 2927 corp: 315/7290Kb lim: 239306 exec/s: 1827 rss: 501Mb L: 494/239306 MS: 1 EraseBytes-
#82449	REDUCE cov: 1466 ft: 2927 corp: 315/7281Kb lim: 239306 exec/s: 1832 rss: 501Mb L: 41570/239306 MS: 5 ChangeBit-ChangeASCIIInt-ChangeBit-ChangeASCIIInt-EraseBytes-
#82480	REDUCE cov: 1466 ft: 2927 corp: 315/7281Kb lim: 239306 exec/s: 1832 rss: 501Mb L: 886/239306 MS: 1 EraseBytes-
#82544	REDUCE cov: 1466 ft: 2927 corp: 315/7281Kb lim: 239306 exec/s: 1834 rss: 501Mb L: 468/239306 MS: 4 CMP-ChangeBit-ChangeBit-EraseBytes- DE: "\377\377\377\377"-
#82614	REDUCE cov: 1466 ft: 2927 corp: 315/7281Kb lim: 239306 exec/s: 1835 rss: 501Mb L: 630/239306 MS: 5 CrossOver-ShuffleBytes-ChangeASCIIInt-PersAutoDict-EraseBytes- DE: "z<\237\350\245\011\347V"-
#82636	REDUCE cov: 1466 ft: 2927 corp: 315/7280Kb lim: 239306 exec/s: 1836 rss: 501Mb L: 2024/239306 MS: 2 ChangeBit-EraseBytes-
#83004	REDUCE cov: 1466 ft: 2927 corp: 315/7279Kb lim: 239306 exec/s: 1844 rss: 501Mb L: 5149/239306 MS: 3 ShuffleBytes-PersAutoDict-EraseBytes- DE: "\001\000"-
#83033	REDUCE cov: 1466 ft: 2927 corp: 315/7278Kb lim: 239306 exec/s: 1845 rss: 501Mb L: 1880/239306 MS: 4 ChangeBinInt-ChangeByte-InsertByte-EraseBytes-
#83079	REDUCE cov: 1466 ft: 2927 corp: 315/7278Kb lim: 239306 exec/s: 1846 rss: 501Mb L: 217/239306 MS: 1 EraseBytes-
#83195	REDUCE cov: 1466 ft: 2927 corp: 315/7270Kb lim: 239306 exec/s: 1848 rss: 501Mb L: 60986/239306 MS: 1 EraseBytes-
#83228	REDUCE cov: 1466 ft: 2927 corp: 315/7270Kb lim: 239306 exec/s: 1849 rss: 501Mb L: 641/239306 MS: 3 CrossOver-ChangeBinInt-EraseBytes-
#83414	REDUCE cov: 1466 ft: 2927 corp: 315/7270Kb lim: 239306 exec/s: 1853 rss: 501Mb L: 99/239306 MS: 1 EraseBytes-
#83485	REDUCE cov: 1466 ft: 2927 corp: 315/7270Kb lim: 239306 exec/s: 1855 rss: 501Mb L: 158/239306 MS: 1 EraseBytes-
#83518	REDUCE cov: 1466 ft: 2927 corp: 315/7270Kb lim: 239306 exec/s: 1855 rss: 501Mb L: 29/239306 MS: 3 ChangeBit-PersAutoDict-EraseBytes- DE: "2\300B\001\275q\277\024"-
#83540	REDUCE cov: 1466 ft: 2927 corp: 315/7269Kb lim: 239306 exec/s: 1856 rss: 501Mb L: 8256/239306 MS: 2 ChangeBinInt-EraseBytes-
#83572	REDUCE cov: 1466 ft: 2927 corp: 315/7266Kb lim: 239306 exec/s: 1857 rss: 501Mb L: 28625/239306 MS: 2 ShuffleBytes-EraseBytes-
#83578	REDUCE cov: 1466 ft: 2927 corp: 315/7266Kb lim: 239306 exec/s: 1857 rss: 501Mb L: 528/239306 MS: 1 EraseBytes-
#84009	REDUCE cov: 1466 ft: 2927 corp: 315/7266Kb lim: 239306 exec/s: 1826 rss: 501Mb L: 790/239306 MS: 1 EraseBytes-
#84014	REDUCE cov: 1466 ft: 2927 corp: 315/7266Kb lim: 239306 exec/s: 1826 rss: 501Mb L: 245/239306 MS: 5 ChangeByte-PersAutoDict-EraseBytes-ChangeBit-CMP- DE: "\000\000\000\000\000\000\006I"-"\377\377\377\377"-
#84060	REDUCE cov: 1466 ft: 2927 corp: 315/7266Kb lim: 239306 exec/s: 1827 rss: 501Mb L: 243/239306 MS: 1 EraseBytes-
#84146	REDUCE cov: 1466 ft: 2927 corp: 315/7262Kb lim: 239306 exec/s: 1829 rss: 501Mb L: 5723/239306 MS: 1 EraseBytes-
#84394	REDUCE cov: 1466 ft: 2927 corp: 315/7258Kb lim: 239306 exec/s: 1834 rss: 501Mb L: 9134/239306 MS: 3 ChangeBit-ChangeByte-EraseBytes-
#84552	REDUCE cov: 1466 ft: 2927 corp: 315/7258Kb lim: 239306 exec/s: 1838 rss: 501Mb L: 7164/239306 MS: 3 ChangeASCIIInt-EraseBytes-PersAutoDict- DE: "\001\000\000\000\000\000\000)"-
#84598	REDUCE cov: 1466 ft: 2927 corp: 315/7258Kb lim: 239306 exec/s: 1839 rss: 501Mb L: 767/239306 MS: 1 EraseBytes-
#84645	REDUCE cov: 1466 ft: 2927 corp: 315/7258Kb lim: 239306 exec/s: 1840 rss: 501Mb L: 29/239306 MS: 2 InsertByte-EraseBytes-
#84657	REDUCE cov: 1466 ft: 2927 corp: 315/7257Kb lim: 239306 exec/s: 1840 rss: 501Mb L: 512/239306 MS: 2 InsertRepeatedBytes-EraseBytes-
#84793	REDUCE cov: 1466 ft: 2927 corp: 315/7257Kb lim: 239306 exec/s: 1843 rss: 501Mb L: 502/239306 MS: 1 EraseBytes-
#84866	REDUCE cov: 1466 ft: 2927 corp: 315/7257Kb lim: 239306 exec/s: 1844 rss: 501Mb L: 550/239306 MS: 3 ChangeBinInt-ShuffleBytes-EraseBytes-
#84997	REDUCE cov: 1466 ft: 2927 corp: 315/7257Kb lim: 239306 exec/s: 1847 rss: 501Mb L: 6/239306 MS: 1 EraseBytes-
#85098	REDUCE cov: 1466 ft: 2927 corp: 315/7240Kb lim: 239306 exec/s: 1849 rss: 501Mb L: 31387/239306 MS: 1 EraseBytes-
#85339	REDUCE cov: 1466 ft: 2927 corp: 315/7240Kb lim: 239306 exec/s: 1855 rss: 501Mb L: 288/239306 MS: 1 EraseBytes-
#85346	REDUCE cov: 1466 ft: 2927 corp: 315/7240Kb lim: 239306 exec/s: 1855 rss: 501Mb L: 1290/239306 MS: 2 PersAutoDict-EraseBytes- DE: "\030\000\000\000\000\000\000\000"-
#85365	REDUCE cov: 1466 ft: 2927 corp: 315/7238Kb lim: 239306 exec/s: 1855 rss: 501Mb L: 21759/239306 MS: 4 ChangeBit-ChangeBinInt-ChangeByte-EraseBytes-
#85481	REDUCE cov: 1466 ft: 2927 corp: 315/7238Kb lim: 239306 exec/s: 1858 rss: 501Mb L: 220/239306 MS: 1 EraseBytes-
#85573	REDUCE cov: 1466 ft: 2927 corp: 315/7234Kb lim: 239306 exec/s: 1860 rss: 501Mb L: 6420/239306 MS: 2 ShuffleBytes-EraseBytes-
#85767	REDUCE cov: 1466 ft: 2927 corp: 315/7234Kb lim: 239306 exec/s: 1864 rss: 501Mb L: 756/239306 MS: 4 ChangeBit-ChangeByte-ChangeASCIIInt-EraseBytes-
#85898	REDUCE cov: 1466 ft: 2927 corp: 315/7233Kb lim: 239306 exec/s: 1867 rss: 501Mb L: 1306/239306 MS: 1 EraseBytes-
#85932	REDUCE cov: 1466 ft: 2927 corp: 315/7233Kb lim: 239306 exec/s: 1868 rss: 501Mb L: 167/239306 MS: 4 CopyPart-PersAutoDict-ChangeBinInt-EraseBytes- DE: "\001\000\000\000"-
#85944	REDUCE cov: 1466 ft: 2927 corp: 315/7233Kb lim: 239306 exec/s: 1868 rss: 501Mb L: 1096/239306 MS: 2 CrossOver-EraseBytes-
#86018	REDUCE cov: 1466 ft: 2927 corp: 315/7227Kb lim: 239306 exec/s: 1869 rss: 501Mb L: 33263/239306 MS: 4 ChangeASCIIInt-InsertByte-ChangeASCIIInt-EraseBytes-
#86030	REDUCE cov: 1466 ft: 2927 corp: 315/7225Kb lim: 239306 exec/s: 1870 rss: 501Mb L: 4085/239306 MS: 2 InsertRepeatedBytes-EraseBytes-
#86342	REDUCE cov: 1466 ft: 2927 corp: 315/7224Kb lim: 239306 exec/s: 1877 rss: 501Mb L: 23387/239306 MS: 2 ChangeASCIIInt-EraseBytes-
#86354	REDUCE cov: 1466 ft: 2927 corp: 315/7213Kb lim: 239306 exec/s: 1877 rss: 501Mb L: 72335/239306 MS: 2 EraseBytes-InsertByte-
#86370	REDUCE cov: 1466 ft: 2927 corp: 315/7213Kb lim: 239306 exec/s: 1877 rss: 501Mb L: 9010/239306 MS: 1 EraseBytes-
#86557	REDUCE cov: 1466 ft: 2927 corp: 315/7213Kb lim: 239306 exec/s: 1841 rss: 501Mb L: 2473/239306 MS: 2 InsertRepeatedBytes-EraseBytes-
#86663	REDUCE cov: 1466 ft: 2927 corp: 315/7213Kb lim: 239306 exec/s: 1843 rss: 501Mb L: 346/239306 MS: 1 EraseBytes-
#86744	REDUCE cov: 1466 ft: 2927 corp: 315/7211Kb lim: 239306 exec/s: 1845 rss: 501Mb L: 3147/239306 MS: 1 EraseBytes-
#86806	REDUCE cov: 1466 ft: 2927 corp: 315/7210Kb lim: 239306 exec/s: 1846 rss: 501Mb L: 1024/239306 MS: 2 ChangeBinInt-EraseBytes-
#86813	REDUCE cov: 1466 ft: 2927 corp: 315/7210Kb lim: 239306 exec/s: 1847 rss: 501Mb L: 31/239306 MS: 2 ShuffleBytes-EraseBytes-
#86946	REDUCE cov: 1466 ft: 2927 corp: 315/7210Kb lim: 239306 exec/s: 1849 rss: 501Mb L: 27647/239306 MS: 3 CopyPart-InsertRepeatedBytes-EraseBytes-
#87417	REDUCE cov: 1466 ft: 2927 corp: 315/7210Kb lim: 239306 exec/s: 1859 rss: 501Mb L: 53/239306 MS: 1 EraseBytes-
#87528	REDUCE cov: 1466 ft: 2927 corp: 315/7210Kb lim: 239306 exec/s: 1862 rss: 501Mb L: 206/239306 MS: 1 EraseBytes-
#87845	REDUCE cov: 1466 ft: 2927 corp: 315/7210Kb lim: 239306 exec/s: 1869 rss: 501Mb L: 366/239306 MS: 2 ChangeBit-EraseBytes-
#88214	REDUCE cov: 1466 ft: 2927 corp: 315/7210Kb lim: 239306 exec/s: 1876 rss: 501Mb L: 2390/239306 MS: 4 ChangeBit-EraseBytes-ChangeBit-CrossOver-
#88295	REDUCE cov: 1466 ft: 2927 corp: 315/7210Kb lim: 239306 exec/s: 1878 rss: 501Mb L: 1083/239306 MS: 1 EraseBytes-
#88392	REDUCE cov: 1466 ft: 2927 corp: 315/7207Kb lim: 239306 exec/s: 1880 rss: 501Mb L: 40425/239306 MS: 2 PersAutoDict-EraseBytes- DE: "\001\000\000\000"-
#88550	REDUCE cov: 1466 ft: 2927 corp: 315/7207Kb lim: 239306 exec/s: 1884 rss: 501Mb L: 2391/239306 MS: 3 PersAutoDict-InsertRepeatedBytes-EraseBytes- DE: "x\032\204\263\362\357\267\010"-
#88562	REDUCE cov: 1466 ft: 2927 corp: 315/7205Kb lim: 239306 exec/s: 1884 rss: 501Mb L: 16308/239306 MS: 2 ChangeASCIIInt-EraseBytes-
#88720	REDUCE cov: 1466 ft: 2927 corp: 315/7200Kb lim: 239306 exec/s: 1887 rss: 501Mb L: 22957/239306 MS: 3 PersAutoDict-CrossOver-EraseBytes- DE: "\003\377\377\377\377\377\377\377"-
#88931	REDUCE cov: 1466 ft: 2927 corp: 315/7200Kb lim: 239306 exec/s: 1892 rss: 501Mb L: 382/239306 MS: 1 EraseBytes-
#89114	REDUCE cov: 1466 ft: 2927 corp: 315/7200Kb lim: 239306 exec/s: 1896 rss: 501Mb L: 1829/239306 MS: 3 ShuffleBytes-InsertRepeatedBytes-EraseBytes-
#89121	REDUCE cov: 1466 ft: 2927 corp: 315/7200Kb lim: 239306 exec/s: 1896 rss: 501Mb L: 51/239306 MS: 2 CopyPart-EraseBytes-
#89142	REDUCE cov: 1466 ft: 2927 corp: 315/7200Kb lim: 239306 exec/s: 1896 rss: 501Mb L: 968/239306 MS: 1 EraseBytes-
#89212	REDUCE cov: 1466 ft: 2927 corp: 315/7089Kb lim: 239306 exec/s: 1858 rss: 501Mb L: 5457/239306 MS: 5 CrossOver-CrossOver-ChangeBit-InsertRepeatedBytes-CrossOver-
#89218	REDUCE cov: 1466 ft: 2927 corp: 315/7089Kb lim: 239306 exec/s: 1858 rss: 501Mb L: 647/239306 MS: 1 EraseBytes-
#89220	REDUCE cov: 1466 ft: 2927 corp: 315/7088Kb lim: 239306 exec/s: 1858 rss: 501Mb L: 16476/239306 MS: 2 PersAutoDict-EraseBytes- DE: "\377\377\377\377\377\377\377\003"-
#89334	REDUCE cov: 1466 ft: 2927 corp: 315/7087Kb lim: 239306 exec/s: 1861 rss: 501Mb L: 2976/239306 MS: 4 ShuffleBytes-PersAutoDict-ShuffleBytes-EraseBytes- DE: "L\000\000\000\000\000\000\000"-
#89437	REDUCE cov: 1466 ft: 2927 corp: 315/7083Kb lim: 239306 exec/s: 1863 rss: 501Mb L: 50330/239306 MS: 3 CopyPart-PersAutoDict-EraseBytes- DE: "2\300B\001\275q\277\024"-
#89501	REDUCE cov: 1466 ft: 2927 corp: 315/7083Kb lim: 239306 exec/s: 1864 rss: 501Mb L: 8459/239306 MS: 4 InsertRepeatedBytes-CMP-EraseBytes-PersAutoDict- DE: "\000\000\000\000"-"\002\377\377\377\377\377\377\377"-
#89527	REDUCE cov: 1466 ft: 2927 corp: 315/7082Kb lim: 239306 exec/s: 1865 rss: 501Mb L: 2911/239306 MS: 1 EraseBytes-
#89635	REDUCE cov: 1466 ft: 2927 corp: 315/7074Kb lim: 239306 exec/s: 1867 rss: 501Mb L: 21492/239306 MS: 3 PersAutoDict-InsertByte-EraseBytes- DE: "\301\\\002\211\354-\012\221g\354\216e\241\215\353\276^U2\373\356\242\223\370\013\311B\356\220\206\301q"-
#89731	REDUCE cov: 1466 ft: 2927 corp: 315/7074Kb lim: 239306 exec/s: 1869 rss: 501Mb L: 411/239306 MS: 1 EraseBytes-
#89732	REDUCE cov: 1466 ft: 2927 corp: 315/7074Kb lim: 239306 exec/s: 1869 rss: 501Mb L: 12/239306 MS: 1 EraseBytes-
#89766	REDUCE cov: 1466 ft: 2927 corp: 315/7074Kb lim: 239306 exec/s: 1870 rss: 501Mb L: 1830/239306 MS: 4 ChangeBinInt-ChangeBinInt-CMP-EraseBytes- DE: "\377\377\377\377\377\377\377\001"-
#89990	REDUCE cov: 1466 ft: 2927 corp: 315/7073Kb lim: 239306 exec/s: 1874 rss: 501Mb L: 703/239306 MS: 4 ChangeByte-ChangeBinInt-ChangeBit-EraseBytes-
#90159	REDUCE cov: 1466 ft: 2927 corp: 315/7065Kb lim: 239306 exec/s: 1878 rss: 501Mb L: 106722/239306 MS: 4 PersAutoDict-CrossOver-ChangeByte-InsertRepeatedBytes- DE: "\000\000\000\000\000\000\006\006"-
#90217	REDUCE cov: 1466 ft: 2927 corp: 315/7065Kb lim: 239306 exec/s: 1879 rss: 501Mb L: 12/239306 MS: 3 InsertByte-InsertByte-EraseBytes-
#90284	REDUCE cov: 1466 ft: 2927 corp: 315/7065Kb lim: 239306 exec/s: 1880 rss: 501Mb L: 1760/239306 MS: 2 ChangeByte-EraseBytes-
#90342	REDUCE cov: 1466 ft: 2927 corp: 315/7065Kb lim: 239306 exec/s: 1882 rss: 501Mb L: 781/239306 MS: 3 CopyPart-ShuffleBytes-EraseBytes-
#90441	REDUCE cov: 1466 ft: 2927 corp: 315/7065Kb lim: 239306 exec/s: 1884 rss: 501Mb L: 409/239306 MS: 4 ShuffleBytes-PersAutoDict-ChangeBit-EraseBytes- DE: "\001\000\000\000\000\000\000)"-
#90503	REDUCE cov: 1466 ft: 2927 corp: 315/7065Kb lim: 239306 exec/s: 1885 rss: 501Mb L: 482/239306 MS: 2 InsertRepeatedBytes-EraseBytes-
#90527	REDUCE cov: 1466 ft: 2927 corp: 315/7065Kb lim: 239306 exec/s: 1885 rss: 501Mb L: 895/239306 MS: 4 InsertRepeatedBytes-ChangeBit-ChangeASCIIInt-EraseBytes-
#90751	REDUCE cov: 1466 ft: 2927 corp: 315/7065Kb lim: 239306 exec/s: 1890 rss: 501Mb L: 6/239306 MS: 4 EraseBytes-ChangeBit-PersAutoDict-ShuffleBytes- DE: "\000\000"-
#90847	REDUCE cov: 1466 ft: 2927 corp: 315/7065Kb lim: 239306 exec/s: 1892 rss: 501Mb L: 127/239306 MS: 1 EraseBytes-
#90873	REDUCE cov: 1466 ft: 2927 corp: 315/7064Kb lim: 239306 exec/s: 1893 rss: 501Mb L: 693/239306 MS: 1 EraseBytes-
#91241	REDUCE cov: 1466 ft: 2927 corp: 315/7064Kb lim: 239306 exec/s: 1900 rss: 501Mb L: 268/239306 MS: 3 PersAutoDict-ChangeBit-EraseBytes- DE: "\000\000\000\001"-
#91463	REDUCE cov: 1466 ft: 2927 corp: 315/7064Kb lim: 239306 exec/s: 1905 rss: 501Mb L: 16547/239306 MS: 2 ChangeASCIIInt-EraseBytes-
#91518	REDUCE cov: 1466 ft: 2927 corp: 315/7062Kb lim: 239306 exec/s: 1906 rss: 501Mb L: 3905/239306 MS: 5 ChangeBit-PersAutoDict-ShuffleBytes-ChangeByte-EraseBytes- DE: "\3170\206yb&\000\000"-
#91570	REDUCE cov: 1466 ft: 2927 corp: 315/7060Kb lim: 239306 exec/s: 1907 rss: 501Mb L: 6442/239306 MS: 2 ChangeASCIIInt-EraseBytes-
#91638	REDUCE cov: 1466 ft: 2927 corp: 315/7059Kb lim: 239306 exec/s: 1909 rss: 501Mb L: 265/239306 MS: 3 ChangeBit-CopyPart-EraseBytes-
#91676	REDUCE cov: 1466 ft: 2927 corp: 315/7059Kb lim: 239306 exec/s: 1909 rss: 501Mb L: 650/239306 MS: 3 PersAutoDict-ChangeASCIIInt-EraseBytes- DE: "\004\000\000\000\000\000\000\000"-
#91677	REDUCE cov: 1466 ft: 2927 corp: 315/7059Kb lim: 239306 exec/s: 1909 rss: 501Mb L: 400/239306 MS: 1 EraseBytes-
#91686	REDUCE cov: 1466 ft: 2927 corp: 315/7045Kb lim: 239306 exec/s: 1910 rss: 501Mb L: 29792/239306 MS: 4 PersAutoDict-InsertByte-ChangeByte-EraseBytes- DE: "\001\000\000\000\000\000\000\030"-
#91723	REDUCE cov: 1466 ft: 2927 corp: 315/7045Kb lim: 239306 exec/s: 1910 rss: 501Mb L: 9/239306 MS: 2 ChangeBinInt-EraseBytes-
#91759	REDUCE cov: 1466 ft: 2927 corp: 315/7045Kb lim: 239306 exec/s: 1911 rss: 501Mb L: 2052/239306 MS: 1 EraseBytes-
#91816	REDUCE cov: 1466 ft: 2927 corp: 315/7045Kb lim: 239306 exec/s: 1912 rss: 501Mb L: 39/239306 MS: 2 ChangeBit-EraseBytes-
#91824	REDUCE cov: 1466 ft: 2927 corp: 315/7043Kb lim: 239306 exec/s: 1913 rss: 501Mb L: 39626/239306 MS: 3 ChangeASCIIInt-ChangeByte-EraseBytes-
#91945	REDUCE cov: 1466 ft: 2927 corp: 315/7043Kb lim: 239306 exec/s: 1876 rss: 501Mb L: 285/239306 MS: 1 EraseBytes-
#92017	REDUCE cov: 1466 ft: 2927 corp: 315/7042Kb lim: 239306 exec/s: 1877 rss: 501Mb L: 509/239306 MS: 2 ChangeBinInt-EraseBytes-
#92098	REDUCE cov: 1466 ft: 2927 corp: 315/7042Kb lim: 239306 exec/s: 1879 rss: 501Mb L: 3023/239306 MS: 1 EraseBytes-
#92129	REDUCE cov: 1466 ft: 2927 corp: 315/7042Kb lim: 239306 exec/s: 1880 rss: 501Mb L: 266/239306 MS: 1 EraseBytes-
#92186	REDUCE cov: 1466 ft: 2927 corp: 315/7041Kb lim: 239306 exec/s: 1881 rss: 501Mb L: 5503/239306 MS: 2 InsertByte-EraseBytes-
#92484	REDUCE cov: 1466 ft: 2927 corp: 315/7040Kb lim: 239306 exec/s: 1887 rss: 501Mb L: 1818/239306 MS: 3 ShuffleBytes-ChangeASCIIInt-EraseBytes-
#92617	REDUCE cov: 1466 ft: 2927 corp: 315/7040Kb lim: 239306 exec/s: 1890 rss: 501Mb L: 11/239306 MS: 3 CopyPart-ShuffleBytes-EraseBytes-
#92839	REDUCE cov: 1466 ft: 2927 corp: 315/7031Kb lim: 239306 exec/s: 1894 rss: 501Mb L: 11469/239306 MS: 2 ChangeBinInt-EraseBytes-
#92925	REDUCE cov: 1466 ft: 2927 corp: 315/7031Kb lim: 239306 exec/s: 1896 rss: 501Mb L: 71/239306 MS: 1 EraseBytes-
#93166	REDUCE cov: 1466 ft: 2927 corp: 315/7030Kb lim: 239306 exec/s: 1901 rss: 501Mb L: 2724/239306 MS: 1 EraseBytes-
#93268	REDUCE cov: 1466 ft: 2927 corp: 315/7030Kb lim: 239306 exec/s: 1903 rss: 501Mb L: 15/239306 MS: 2 ChangeBinInt-EraseBytes-
#93288	REDUCE cov: 1466 ft: 2927 corp: 315/7009Kb lim: 239306 exec/s: 1903 rss: 501Mb L: 25487/239306 MS: 5 ChangeASCIIInt-ChangeASCIIInt-ChangeBit-ChangeASCIIInt-EraseBytes-
#93355	REDUCE cov: 1466 ft: 2927 corp: 315/7009Kb lim: 239306 exec/s: 1905 rss: 501Mb L: 10804/239306 MS: 2 CopyPart-EraseBytes-
#93410	REDUCE cov: 1466 ft: 2927 corp: 315/7007Kb lim: 239306 exec/s: 1906 rss: 501Mb L: 3792/239306 MS: 5 PersAutoDict-ChangeBit-ChangeBit-PersAutoDict-EraseBytes- DE: "\000\000\000\000\000\000\000\200"-"\012\252\252\252\252\252\252\252"-
#93462	REDUCE cov: 1466 ft: 2927 corp: 315/7007Kb lim: 239306 exec/s: 1907 rss: 501Mb L: 216/239306 MS: 2 ChangeBinInt-EraseBytes-
#93704	REDUCE cov: 1466 ft: 2927 corp: 315/7007Kb lim: 239306 exec/s: 1912 rss: 501Mb L: 542/239306 MS: 2 CrossOver-EraseBytes-
#93745	REDUCE cov: 1466 ft: 2927 corp: 315/7006Kb lim: 239306 exec/s: 1913 rss: 501Mb L: 438/239306 MS: 1 EraseBytes-
#93766	REDUCE cov: 1466 ft: 2927 corp: 315/7006Kb lim: 239306 exec/s: 1913 rss: 501Mb L: 493/239306 MS: 1 EraseBytes-
#93875	REDUCE cov: 1466 ft: 2927 corp: 315/7006Kb lim: 239306 exec/s: 1915 rss: 501Mb L: 16/239306 MS: 4 ShuffleBytes-ChangeBinInt-CopyPart-EraseBytes-
#94199	REDUCE cov: 1466 ft: 2927 corp: 315/7006Kb lim: 239306 exec/s: 1922 rss: 501Mb L: 1109/239306 MS: 4 ChangeByte-ShuffleBytes-InsertByte-EraseBytes-
#94394	REDUCE cov: 1466 ft: 2927 corp: 315/7006Kb lim: 239306 exec/s: 1926 rss: 501Mb L: 332/239306 MS: 5 ShuffleBytes-ChangeASCIIInt-InsertByte-EraseBytes-PersAutoDict- DE: "\000\000\000\000\001\000\000\001"-
#94445	REDUCE cov: 1466 ft: 2927 corp: 315/7000Kb lim: 239306 exec/s: 1927 rss: 501Mb L: 9157/239306 MS: 1 EraseBytes-
#94498	REDUCE cov: 1466 ft: 2927 corp: 315/7000Kb lim: 239306 exec/s: 1928 rss: 501Mb L: 740/239306 MS: 3 ChangeASCIIInt-ChangeASCIIInt-EraseBytes-
#94889	REDUCE cov: 1466 ft: 2927 corp: 315/6988Kb lim: 239306 exec/s: 1897 rss: 501Mb L: 12929/239306 MS: 1 EraseBytes-
#94905	REDUCE cov: 1466 ft: 2927 corp: 315/6984Kb lim: 239306 exec/s: 1898 rss: 501Mb L: 39989/239306 MS: 1 EraseBytes-
#94947	REDUCE cov: 1466 ft: 2927 corp: 315/6984Kb lim: 239306 exec/s: 1898 rss: 501Mb L: 249/239306 MS: 2 PersAutoDict-EraseBytes- DE: "\001\000\000\000\000\000\000\004"-
#95114	REDUCE cov: 1467 ft: 2928 corp: 316/6984Kb lim: 239306 exec/s: 1902 rss: 501Mb L: 59/239306 MS: 2 InsertRepeatedBytes-CopyPart-
#95154	REDUCE cov: 1467 ft: 2928 corp: 316/6984Kb lim: 239306 exec/s: 1903 rss: 501Mb L: 191/239306 MS: 5 CopyPart-ShuffleBytes-ChangeBit-InsertByte-EraseBytes-
#95156	REDUCE cov: 1467 ft: 2928 corp: 316/6984Kb lim: 239306 exec/s: 1903 rss: 501Mb L: 11285/239306 MS: 2 CMP-EraseBytes- DE: "\377\377"-
#95233	REDUCE cov: 1467 ft: 2928 corp: 316/6977Kb lim: 239306 exec/s: 1904 rss: 501Mb L: 17637/239306 MS: 2 ShuffleBytes-EraseBytes-
#95461	REDUCE cov: 1467 ft: 2928 corp: 316/6977Kb lim: 239306 exec/s: 1909 rss: 501Mb L: 1040/239306 MS: 3 InsertRepeatedBytes-ChangeBinInt-EraseBytes-
#95535	REDUCE cov: 1467 ft: 2928 corp: 316/6977Kb lim: 239306 exec/s: 1910 rss: 501Mb L: 43/239306 MS: 4 ChangeByte-PersAutoDict-ShuffleBytes-EraseBytes- DE: "\000\000\000\000\000\000\000M"-
#95546	REDUCE cov: 1467 ft: 2928 corp: 316/6977Kb lim: 239306 exec/s: 1910 rss: 501Mb L: 167/239306 MS: 1 EraseBytes-
#95572	REDUCE cov: 1467 ft: 2928 corp: 316/6977Kb lim: 239306 exec/s: 1911 rss: 501Mb L: 692/239306 MS: 1 EraseBytes-
#95834	REDUCE cov: 1467 ft: 2928 corp: 316/6976Kb lim: 239306 exec/s: 1916 rss: 501Mb L: 355/239306 MS: 2 InsertByte-EraseBytes-
#96291	REDUCE cov: 1467 ft: 2928 corp: 316/6976Kb lim: 239306 exec/s: 1925 rss: 501Mb L: 251/239306 MS: 2 ChangeBinInt-EraseBytes-
#96508	REDUCE cov: 1467 ft: 2928 corp: 316/6971Kb lim: 239306 exec/s: 1930 rss: 501Mb L: 7491/239306 MS: 2 InsertByte-EraseBytes-
#96514	REDUCE cov: 1467 ft: 2928 corp: 316/6971Kb lim: 239306 exec/s: 1930 rss: 501Mb L: 217/239306 MS: 1 EraseBytes-
#96806	REDUCE cov: 1467 ft: 2928 corp: 316/6970Kb lim: 239306 exec/s: 1936 rss: 501Mb L: 1739/239306 MS: 2 InsertRepeatedBytes-EraseBytes-
#96818	REDUCE cov: 1467 ft: 2928 corp: 316/6969Kb lim: 239306 exec/s: 1936 rss: 501Mb L: 477/239306 MS: 2 ChangeBinInt-EraseBytes-
#96901	REDUCE cov: 1467 ft: 2928 corp: 316/6969Kb lim: 239306 exec/s: 1938 rss: 501Mb L: 8711/239306 MS: 3 ChangeASCIIInt-ChangeBinInt-EraseBytes-
#96942	REDUCE cov: 1467 ft: 2928 corp: 316/6963Kb lim: 239306 exec/s: 1938 rss: 501Mb L: 22198/239306 MS: 1 EraseBytes-
#97028	REDUCE cov: 1467 ft: 2928 corp: 316/6963Kb lim: 239306 exec/s: 1940 rss: 501Mb L: 436/239306 MS: 1 EraseBytes-
#97098	REDUCE cov: 1467 ft: 2929 corp: 317/6977Kb lim: 239306 exec/s: 1903 rss: 501Mb L: 14573/239306 MS: 5 ShuffleBytes-ShuffleBytes-InsertByte-CopyPart-CopyPart-
#97271	REDUCE cov: 1467 ft: 2929 corp: 317/6976Kb lim: 239306 exec/s: 1907 rss: 501Mb L: 1587/239306 MS: 3 InsertByte-ChangeByte-EraseBytes-
#97341	REDUCE cov: 1467 ft: 2929 corp: 317/6976Kb lim: 239306 exec/s: 1908 rss: 501Mb L: 844/239306 MS: 5 ChangeASCIIInt-ChangeByte-PersAutoDict-PersAutoDict-EraseBytes- DE: "2\300B\001\275q\277\024"-"\377\377\377\377\377\377\377\015"-
#97519	REDUCE cov: 1467 ft: 2929 corp: 317/6973Kb lim: 239306 exec/s: 1912 rss: 501Mb L: 19421/239306 MS: 3 InsertRepeatedBytes-InsertByte-EraseBytes-
#97525	REDUCE cov: 1467 ft: 2929 corp: 317/6973Kb lim: 239306 exec/s: 1912 rss: 501Mb L: 242/239306 MS: 1 EraseBytes-
#97530	REDUCE cov: 1467 ft: 2929 corp: 317/6969Kb lim: 239306 exec/s: 1912 rss: 501Mb L: 17203/239306 MS: 5 InsertByte-ShuffleBytes-ChangeASCIIInt-ChangeBinInt-EraseBytes-
#97572	REDUCE cov: 1467 ft: 2929 corp: 317/6969Kb lim: 239306 exec/s: 1913 rss: 501Mb L: 28/239306 MS: 2 InsertRepeatedBytes-EraseBytes-
#97636	REDUCE cov: 1467 ft: 2929 corp: 317/6968Kb lim: 239306 exec/s: 1914 rss: 501Mb L: 543/239306 MS: 4 ChangeBinInt-PersAutoDict-ChangeASCIIInt-EraseBytes- DE: "2\300B\001\275q\277\024"-
#97669	REDUCE cov: 1467 ft: 2929 corp: 317/6968Kb lim: 239306 exec/s: 1915 rss: 501Mb L: 919/239306 MS: 3 ChangeBit-EraseBytes-ChangeByte-
#97714	REDUCE cov: 1467 ft: 2929 corp: 317/6967Kb lim: 239306 exec/s: 1915 rss: 501Mb L: 309/239306 MS: 5 InsertByte-ChangeASCIIInt-EraseBytes-ChangeByte-CopyPart-
#97835	REDUCE cov: 1467 ft: 2929 corp: 317/6967Kb lim: 239306 exec/s: 1918 rss: 501Mb L: 135/239306 MS: 1 EraseBytes-
#97901	REDUCE cov: 1467 ft: 2929 corp: 317/6967Kb lim: 239306 exec/s: 1919 rss: 501Mb L: 198/239306 MS: 1 EraseBytes-
#98157	REDUCE cov: 1467 ft: 2929 corp: 317/6967Kb lim: 239306 exec/s: 1924 rss: 501Mb L: 72/239306 MS: 1 EraseBytes-
#98220	REDUCE cov: 1467 ft: 2929 corp: 317/6966Kb lim: 239306 exec/s: 1925 rss: 501Mb L: 13214/239306 MS: 3 ChangeASCIIInt-PersAutoDict-EraseBytes- DE: "\000\000\000\000\000\000\000M"-
#98251	REDUCE cov: 1467 ft: 2929 corp: 317/6963Kb lim: 239306 exec/s: 1926 rss: 501Mb L: 3639/239306 MS: 1 EraseBytes-
#98362	REDUCE cov: 1467 ft: 2929 corp: 317/6963Kb lim: 239306 exec/s: 1928 rss: 501Mb L: 102/239306 MS: 1 EraseBytes-
#98384	REDUCE cov: 1467 ft: 2929 corp: 317/6959Kb lim: 239306 exec/s: 1929 rss: 501Mb L: 33485/239306 MS: 2 PersAutoDict-EraseBytes- DE: "\004\000\000\000\000\000\000\000"-
#98709	REDUCE cov: 1467 ft: 2929 corp: 317/6959Kb lim: 239306 exec/s: 1935 rss: 501Mb L: 441/239306 MS: 5 ShuffleBytes-InsertRepeatedBytes-InsertByte-PersAutoDict-EraseBytes- DE: "2\300B\001\275q\277\024"-
#99295	REDUCE cov: 1467 ft: 2929 corp: 317/6959Kb lim: 239306 exec/s: 1946 rss: 501Mb L: 689/239306 MS: 1 EraseBytes-
#99433	REDUCE cov: 1467 ft: 2929 corp: 317/6959Kb lim: 239306 exec/s: 1949 rss: 501Mb L: 152/239306 MS: 3 CMP-ChangeBinInt-EraseBytes- DE: "\017\000\000\000\000\000\000\000"-
#99467	REDUCE cov: 1467 ft: 2929 corp: 317/6956Kb lim: 239306 exec/s: 1950 rss: 501Mb L: 3743/239306 MS: 4 PersAutoDict-ChangeBinInt-EraseBytes-CrossOver- DE: "\377\377\377\377\377\377\007\243"-
#99831	REDUCE cov: 1468 ft: 2931 corp: 318/6956Kb lim: 239306 exec/s: 1919 rss: 501Mb L: 587/239306 MS: 4 CrossOver-PersAutoDict-PersAutoDict-PersAutoDict- DE: "\026\000\000\000\000\000\000\000"-"\001\000"-"\000\000\000\000\001\000\000\001"-
#99863	REDUCE cov: 1468 ft: 2931 corp: 318/6956Kb lim: 239306 exec/s: 1920 rss: 501Mb L: 32/239306 MS: 2 ChangeBit-EraseBytes-
#99910	REDUCE cov: 1468 ft: 2931 corp: 318/6956Kb lim: 239306 exec/s: 1921 rss: 501Mb L: 14/239306 MS: 2 ChangeByte-EraseBytes-
#100271	REDUCE cov: 1468 ft: 2931 corp: 318/6956Kb lim: 239306 exec/s: 1928 rss: 501Mb L: 60/239306 MS: 1 EraseBytes-
#100537	REDUCE cov: 1468 ft: 2931 corp: 318/6950Kb lim: 239306 exec/s: 1933 rss: 501Mb L: 26278/239306 MS: 1 CrossOver-
#100613	REDUCE cov: 1468 ft: 2931 corp: 318/6949Kb lim: 239306 exec/s: 1934 rss: 501Mb L: 5745/239306 MS: 1 EraseBytes-
#100640	REDUCE cov: 1468 ft: 2931 corp: 318/6949Kb lim: 239306 exec/s: 1935 rss: 501Mb L: 303/239306 MS: 2 PersAutoDict-EraseBytes- DE: "\201\240j3\230{\000\000"-
#100870	REDUCE cov: 1468 ft: 2931 corp: 318/6949Kb lim: 239306 exec/s: 1939 rss: 501Mb L: 201/239306 MS: 5 ChangeByte-PersAutoDict-EraseBytes-InsertByte-EraseBytes- DE: "\001\000"-
#100987	REDUCE cov: 1468 ft: 2931 corp: 318/6949Kb lim: 239306 exec/s: 1942 rss: 501Mb L: 451/239306 MS: 2 ShuffleBytes-EraseBytes-
#101043	REDUCE cov: 1468 ft: 2931 corp: 318/6946Kb lim: 239306 exec/s: 1943 rss: 501Mb L: 36099/239306 MS: 1 EraseBytes-
#101047	REDUCE cov: 1468 ft: 2931 corp: 318/6946Kb lim: 239306 exec/s: 1943 rss: 501Mb L: 74/239306 MS: 4 CopyPart-ChangeBit-ChangeBinInt-EraseBytes-
#101088	REDUCE cov: 1468 ft: 2931 corp: 318/6946Kb lim: 239306 exec/s: 1944 rss: 501Mb L: 402/239306 MS: 1 EraseBytes-
#101224	REDUCE cov: 1468 ft: 2931 corp: 318/6943Kb lim: 239306 exec/s: 1946 rss: 501Mb L: 14140/239306 MS: 1 EraseBytes-
#101438	REDUCE cov: 1468 ft: 2931 corp: 318/6937Kb lim: 239306 exec/s: 1950 rss: 501Mb L: 28715/239306 MS: 4 ChangeBinInt-ChangeBinInt-ChangeBit-EraseBytes-
#101545	REDUCE cov: 1468 ft: 2931 corp: 318/6937Kb lim: 239306 exec/s: 1952 rss: 501Mb L: 948/239306 MS: 2 ChangeByte-EraseBytes-
#101604	REDUCE cov: 1468 ft: 2931 corp: 318/6934Kb lim: 239306 exec/s: 1953 rss: 501Mb L: 9492/239306 MS: 4 ChangeBinInt-ChangeByte-ChangeBit-EraseBytes-
#101608	REDUCE cov: 1468 ft: 2931 corp: 318/6934Kb lim: 239306 exec/s: 1954 rss: 501Mb L: 196/239306 MS: 4 PersAutoDict-ChangeBinInt-CopyPart-EraseBytes- DE: "\001\000\000\000"-
#101617	REDUCE cov: 1468 ft: 2931 corp: 318/6931Kb lim: 239306 exec/s: 1954 rss: 501Mb L: 4905/239306 MS: 4 CopyPart-ChangeASCIIInt-InsertRepeatedBytes-EraseBytes-
#101660	REDUCE cov: 1468 ft: 2931 corp: 318/6931Kb lim: 239306 exec/s: 1955 rss: 501Mb L: 227/239306 MS: 3 CrossOver-CrossOver-EraseBytes-
#101983	REDUCE cov: 1468 ft: 2931 corp: 318/6931Kb lim: 239306 exec/s: 1961 rss: 501Mb L: 219/239306 MS: 3 ChangeBit-ChangeASCIIInt-EraseBytes-
#102004	REDUCE cov: 1468 ft: 2931 corp: 318/6930Kb lim: 239306 exec/s: 1961 rss: 501Mb L: 15843/239306 MS: 1 EraseBytes-
#102096	REDUCE cov: 1468 ft: 2931 corp: 318/6930Kb lim: 239306 exec/s: 1963 rss: 501Mb L: 1499/239306 MS: 2 ChangeByte-EraseBytes-
#102242	REDUCE cov: 1468 ft: 2931 corp: 318/6930Kb lim: 239306 exec/s: 1966 rss: 501Mb L: 679/239306 MS: 1 EraseBytes-
#102323	REDUCE cov: 1468 ft: 2931 corp: 318/6930Kb lim: 239306 exec/s: 1967 rss: 501Mb L: 150/239306 MS: 1 EraseBytes-
#102439	REDUCE cov: 1468 ft: 2931 corp: 318/6923Kb lim: 239306 exec/s: 1969 rss: 501Mb L: 19819/239306 MS: 1 CrossOver-
#102510	REDUCE cov: 1468 ft: 2931 corp: 318/6923Kb lim: 239306 exec/s: 1971 rss: 501Mb L: 446/239306 MS: 1 EraseBytes-
#102651	REDUCE cov: 1468 ft: 2931 corp: 318/6923Kb lim: 239306 exec/s: 1936 rss: 501Mb L: 15/239306 MS: 1 EraseBytes-
#102703	REDUCE cov: 1468 ft: 2931 corp: 318/6923Kb lim: 239306 exec/s: 1937 rss: 501Mb L: 5/239306 MS: 2 PersAutoDict-EraseBytes- DE: "\376\377\377\377\377\377\377\017"-
#102705	REDUCE cov: 1468 ft: 2931 corp: 318/6923Kb lim: 239306 exec/s: 1937 rss: 501Mb L: 9/239306 MS: 2 ChangeBinInt-EraseBytes-
#102707	REDUCE cov: 1468 ft: 2931 corp: 318/6923Kb lim: 239306 exec/s: 1937 rss: 501Mb L: 6677/239306 MS: 2 CrossOver-EraseBytes-
#102891	REDUCE cov: 1468 ft: 2931 corp: 318/6922Kb lim: 239306 exec/s: 1941 rss: 501Mb L: 503/239306 MS: 4 PersAutoDict-ChangeASCIIInt-ChangeByte-EraseBytes- DE: "\376\377\377\377\377\377\377\017"-
#103085	REDUCE cov: 1468 ft: 2931 corp: 318/6922Kb lim: 239306 exec/s: 1945 rss: 501Mb L: 3/239306 MS: 4 ChangeByte-CopyPart-EraseBytes-CrossOver-
#103132	REDUCE cov: 1468 ft: 2931 corp: 318/6922Kb lim: 239306 exec/s: 1945 rss: 501Mb L: 39/239306 MS: 2 ChangeByte-EraseBytes-
#103185	REDUCE cov: 1468 ft: 2931 corp: 318/6922Kb lim: 239306 exec/s: 1946 rss: 501Mb L: 16479/239306 MS: 3 EraseBytes-ChangeBit-CMP- DE: "\377\377"-
#103235	REDUCE cov: 1468 ft: 2931 corp: 318/6922Kb lim: 239306 exec/s: 1947 rss: 501Mb L: 30/239306 MS: 5 EraseBytes-ChangeBinInt-ChangeBinInt-ShuffleBytes-PersAutoDict- DE: "\330\002\000\000\000\000\000\000"-
#103416	REDUCE cov: 1468 ft: 2931 corp: 318/6922Kb lim: 239306 exec/s: 1951 rss: 501Mb L: 44/239306 MS: 1 EraseBytes-
#103638	REDUCE cov: 1468 ft: 2931 corp: 318/6922Kb lim: 239306 exec/s: 1955 rss: 501Mb L: 488/239306 MS: 2 ShuffleBytes-EraseBytes-
#103867	REDUCE cov: 1468 ft: 2931 corp: 318/6922Kb lim: 239306 exec/s: 1959 rss: 501Mb L: 140/239306 MS: 4 ShuffleBytes-ChangeBinInt-InsertByte-EraseBytes-
#104074	REDUCE cov: 1468 ft: 2931 corp: 318/6921Kb lim: 239306 exec/s: 1963 rss: 501Mb L: 834/239306 MS: 2 ChangeBinInt-EraseBytes-
#104221	REDUCE cov: 1468 ft: 2931 corp: 318/6921Kb lim: 239306 exec/s: 1966 rss: 501Mb L: 1673/239306 MS: 2 ChangeBit-EraseBytes-
#104319	REDUCE cov: 1468 ft: 2931 corp: 318/6921Kb lim: 239306 exec/s: 1968 rss: 501Mb L: 29761/239306 MS: 3 PersAutoDict-InsertByte-EraseBytes- DE: "x\032\204\263\362\357\267\010"-
#104485	REDUCE cov: 1468 ft: 2931 corp: 318/6920Kb lim: 239306 exec/s: 1971 rss: 501Mb L: 2222/239306 MS: 1 EraseBytes-
#104672	REDUCE cov: 1468 ft: 2931 corp: 318/6920Kb lim: 239306 exec/s: 1974 rss: 501Mb L: 178/239306 MS: 2 ChangeBit-EraseBytes-
#104818	REDUCE cov: 1468 ft: 2931 corp: 318/6920Kb lim: 239306 exec/s: 1977 rss: 501Mb L: 254/239306 MS: 1 EraseBytes-
#104985	REDUCE cov: 1468 ft: 2931 corp: 318/6919Kb lim: 239306 exec/s: 1980 rss: 501Mb L: 11541/239306 MS: 2 ChangeBinInt-EraseBytes-
#105118	REDUCE cov: 1468 ft: 2931 corp: 318/6919Kb lim: 239306 exec/s: 1983 rss: 501Mb L: 641/239306 MS: 3 CMP-CMP-EraseBytes- DE: "\377\377\377\377"-"\000\000\000\000"-
#105124	REDUCE cov: 1468 ft: 2931 corp: 318/6919Kb lim: 239306 exec/s: 1983 rss: 501Mb L: 7086/239306 MS: 1 EraseBytes-
#105357	REDUCE cov: 1468 ft: 2931 corp: 318/6919Kb lim: 239306 exec/s: 1987 rss: 501Mb L: 313/239306 MS: 3 ChangeByte-InsertRepeatedBytes-EraseBytes-
#105562	REDUCE cov: 1468 ft: 2931 corp: 318/6903Kb lim: 239306 exec/s: 1954 rss: 501Mb L: 10498/239306 MS: 5 ChangeBit-ChangeBit-ChangeBinInt-EraseBytes-EraseBytes-
#105723	REDUCE cov: 1468 ft: 2931 corp: 318/6903Kb lim: 239306 exec/s: 1957 rss: 501Mb L: 259/239306 MS: 1 EraseBytes-
#105784	REDUCE cov: 1468 ft: 2931 corp: 318/6902Kb lim: 239306 exec/s: 1958 rss: 501Mb L: 3001/239306 MS: 1 EraseBytes-
#105870	REDUCE cov: 1468 ft: 2931 corp: 318/6902Kb lim: 239306 exec/s: 1960 rss: 501Mb L: 15290/239306 MS: 1 EraseBytes-
#105936	REDUCE cov: 1468 ft: 2931 corp: 318/6901Kb lim: 239306 exec/s: 1961 rss: 501Mb L: 1103/239306 MS: 1 EraseBytes-
#106154	REDUCE cov: 1468 ft: 2931 corp: 318/6901Kb lim: 239306 exec/s: 1965 rss: 501Mb L: 149/239306 MS: 3 CopyPart-PersAutoDict-EraseBytes- DE: "\001\000\000\000\000\000\000\026"-
#106206	REDUCE cov: 1468 ft: 2931 corp: 318/6887Kb lim: 239306 exec/s: 1966 rss: 501Mb L: 25313/239306 MS: 2 ChangeBit-CrossOver-
#106263	REDUCE cov: 1468 ft: 2932 corp: 319/6887Kb lim: 239306 exec/s: 1967 rss: 501Mb L: 15/239306 MS: 2 ChangeByte-ShuffleBytes-
#106269	REDUCE cov: 1468 ft: 2932 corp: 319/6887Kb lim: 239306 exec/s: 1967 rss: 501Mb L: 1638/239306 MS: 1 EraseBytes-
#106490	REDUCE cov: 1468 ft: 2932 corp: 319/6877Kb lim: 239306 exec/s: 1972 rss: 501Mb L: 181030/239306 MS: 1 CrossOver-
#107002	REDUCE cov: 1468 ft: 2932 corp: 319/6871Kb lim: 239306 exec/s: 1981 rss: 501Mb L: 12895/239306 MS: 2 CrossOver-EraseBytes-
#107143	REDUCE cov: 1468 ft: 2932 corp: 319/6870Kb lim: 239306 exec/s: 1984 rss: 501Mb L: 785/239306 MS: 1 EraseBytes-
#107190	REDUCE cov: 1468 ft: 2932 corp: 319/6870Kb lim: 239306 exec/s: 1985 rss: 501Mb L: 590/239306 MS: 2 ChangeBinInt-EraseBytes-
#107241	REDUCE cov: 1468 ft: 2932 corp: 319/6869Kb lim: 239306 exec/s: 1985 rss: 501Mb L: 2511/239306 MS: 1 EraseBytes-
#107388	REDUCE cov: 1468 ft: 2932 corp: 319/6869Kb lim: 239306 exec/s: 1988 rss: 501Mb L: 151/239306 MS: 2 CopyPart-EraseBytes-
#107419	REDUCE cov: 1468 ft: 2932 corp: 319/6869Kb lim: 239306 exec/s: 1989 rss: 501Mb L: 203/239306 MS: 1 EraseBytes-
#107586	REDUCE cov: 1468 ft: 2932 corp: 319/6869Kb lim: 239306 exec/s: 1992 rss: 501Mb L: 60/239306 MS: 2 ShuffleBytes-EraseBytes-
#107632	REDUCE cov: 1468 ft: 2932 corp: 319/6869Kb lim: 239306 exec/s: 1993 rss: 501Mb L: 284/239306 MS: 1 EraseBytes-
#107727	REDUCE cov: 1468 ft: 2932 corp: 319/6869Kb lim: 239306 exec/s: 1994 rss: 501Mb L: 89/239306 MS: 5 ChangeByte-PersAutoDict-ChangeBinInt-InsertByte-EraseBytes- DE: "\001\000\000\000\000\000\000\030"-
#107791	REDUCE cov: 1468 ft: 2932 corp: 319/6863Kb lim: 239306 exec/s: 1996 rss: 501Mb L: 48305/239306 MS: 4 ChangeBit-ShuffleBytes-ChangeASCIIInt-EraseBytes-
#107842	REDUCE cov: 1468 ft: 2932 corp: 319/6863Kb lim: 239306 exec/s: 1997 rss: 501Mb L: 268/239306 MS: 1 EraseBytes-
#107853	REDUCE cov: 1468 ft: 2932 corp: 319/6863Kb lim: 239306 exec/s: 1997 rss: 501Mb L: 24/239306 MS: 1 EraseBytes-
#108319	REDUCE cov: 1468 ft: 2932 corp: 319/6851Kb lim: 239306 exec/s: 1969 rss: 501Mb L: 28924/239306 MS: 1 EraseBytes-
#108330	REDUCE cov: 1468 ft: 2932 corp: 319/6851Kb lim: 239306 exec/s: 1969 rss: 501Mb L: 6877/239306 MS: 1 EraseBytes-
#108734	REDUCE cov: 1468 ft: 2932 corp: 319/6849Kb lim: 239306 exec/s: 1976 rss: 501Mb L: 18013/239306 MS: 4 CopyPart-ShuffleBytes-CrossOver-EraseBytes-
#108771	REDUCE cov: 1468 ft: 2932 corp: 319/6849Kb lim: 239306 exec/s: 1977 rss: 501Mb L: 14/239306 MS: 2 ChangeByte-EraseBytes-
#109153	REDUCE cov: 1468 ft: 2932 corp: 319/6849Kb lim: 239306 exec/s: 1984 rss: 501Mb L: 116/239306 MS: 2 CopyPart-EraseBytes-
#109344	REDUCE cov: 1468 ft: 2932 corp: 319/6849Kb lim: 239306 exec/s: 1988 rss: 501Mb L: 231/239306 MS: 1 EraseBytes-
#109451	REDUCE cov: 1468 ft: 2932 corp: 319/6847Kb lim: 239306 exec/s: 1990 rss: 501Mb L: 16130/239306 MS: 2 CopyPart-EraseBytes-
#109504	REDUCE cov: 1468 ft: 2932 corp: 319/6847Kb lim: 239306 exec/s: 1990 rss: 501Mb L: 1827/239306 MS: 3 ChangeASCIIInt-ChangeByte-EraseBytes-
#109515	REDUCE cov: 1468 ft: 2932 corp: 319/6847Kb lim: 239306 exec/s: 1991 rss: 501Mb L: 8/239306 MS: 1 EraseBytes-
#109704	REDUCE cov: 1468 ft: 2932 corp: 319/6820Kb lim: 239306 exec/s: 1994 rss: 501Mb L: 201150/239306 MS: 4 EraseBytes-ChangeBit-ShuffleBytes-CopyPart-
#109778	REDUCE cov: 1468 ft: 2932 corp: 319/6808Kb lim: 239306 exec/s: 1995 rss: 501Mb L: 16508/239306 MS: 4 ChangeByte-CMP-EraseBytes-EraseBytes- DE: "\001\004\000\000\000\000\000\000"-
#109840	REDUCE cov: 1468 ft: 2932 corp: 319/6808Kb lim: 239306 exec/s: 1997 rss: 501Mb L: 107/239306 MS: 2 ChangeByte-EraseBytes-
#109856	REDUCE cov: 1468 ft: 2932 corp: 319/6808Kb lim: 239306 exec/s: 1997 rss: 501Mb L: 130/239306 MS: 1 EraseBytes-
#109858	REDUCE cov: 1468 ft: 2932 corp: 319/6808Kb lim: 239306 exec/s: 1997 rss: 501Mb L: 1308/239306 MS: 2 ChangeASCIIInt-EraseBytes-
#109937	REDUCE cov: 1468 ft: 2932 corp: 319/6808Kb lim: 239306 exec/s: 1998 rss: 501Mb L: 149/239306 MS: 4 InsertRepeatedBytes-ChangeBinInt-ChangeBit-EraseBytes-
#109940	REDUCE cov: 1468 ft: 2932 corp: 319/6808Kb lim: 239306 exec/s: 1998 rss: 501Mb L: 16602/239306 MS: 3 ChangeASCIIInt-ChangeASCIIInt-EraseBytes-
#110158	REDUCE cov: 1468 ft: 2932 corp: 319/6807Kb lim: 239306 exec/s: 2002 rss: 501Mb L: 75/239306 MS: 3 ChangeByte-ChangeByte-EraseBytes-
#110205	REDUCE cov: 1468 ft: 2932 corp: 319/6807Kb lim: 239306 exec/s: 2003 rss: 501Mb L: 108/239306 MS: 2 ShuffleBytes-EraseBytes-
#110241	REDUCE cov: 1468 ft: 2932 corp: 319/6805Kb lim: 239306 exec/s: 2004 rss: 501Mb L: 40146/239306 MS: 1 EraseBytes-
#110252	REDUCE cov: 1468 ft: 2932 corp: 319/6791Kb lim: 239306 exec/s: 2004 rss: 501Mb L: 34795/239306 MS: 1 EraseBytes-
#110384	REDUCE cov: 1468 ft: 2932 corp: 319/6791Kb lim: 239306 exec/s: 2006 rss: 501Mb L: 406/239306 MS: 2 InsertRepeatedBytes-EraseBytes-
#110537	REDUCE cov: 1468 ft: 2932 corp: 319/6786Kb lim: 239306 exec/s: 2009 rss: 501Mb L: 10870/239306 MS: 3 EraseBytes-ChangeBit-CMP- DE: "\001\000\000\000"-
#110545	REDUCE cov: 1468 ft: 2932 corp: 319/6786Kb lim: 239306 exec/s: 2009 rss: 501Mb L: 591/239306 MS: 3 ChangeBinInt-ChangeBit-EraseBytes-
#110552	REDUCE cov: 1468 ft: 2932 corp: 319/6786Kb lim: 239306 exec/s: 2010 rss: 501Mb L: 21/239306 MS: 2 InsertByte-EraseBytes-
#110560	REDUCE cov: 1468 ft: 2932 corp: 319/6779Kb lim: 239306 exec/s: 2010 rss: 501Mb L: 27346/239306 MS: 3 ChangeASCIIInt-InsertByte-EraseBytes-
#110635	REDUCE cov: 1468 ft: 2932 corp: 319/6779Kb lim: 239306 exec/s: 2011 rss: 501Mb L: 303/239306 MS: 5 PersAutoDict-ChangeBit-CMP-ChangeBinInt-EraseBytes- DE: "\023\3726\007\025M\202\333"-"\377\377\377\377"-
#110667	REDUCE cov: 1468 ft: 2932 corp: 319/6778Kb lim: 239306 exec/s: 2012 rss: 501Mb L: 399/239306 MS: 2 PersAutoDict-EraseBytes- DE: "\002\377\377\377\377\377\377\377"-
#110974	REDUCE cov: 1468 ft: 2932 corp: 319/6778Kb lim: 239306 exec/s: 2017 rss: 501Mb L: 7/239306 MS: 2 ChangeByte-EraseBytes-
#111190	REDUCE cov: 1468 ft: 2932 corp: 319/6778Kb lim: 239306 exec/s: 1985 rss: 501Mb L: 239/239306 MS: 1 EraseBytes-
#111277	REDUCE cov: 1468 ft: 2932 corp: 319/6778Kb lim: 239306 exec/s: 1987 rss: 501Mb L: 112/239306 MS: 2 ChangeByte-EraseBytes-
#111689	REDUCE cov: 1468 ft: 2932 corp: 319/6778Kb lim: 239306 exec/s: 1994 rss: 501Mb L: 236/239306 MS: 2 ChangeBinInt-EraseBytes-
#111728	REDUCE cov: 1468 ft: 2932 corp: 319/6775Kb lim: 239306 exec/s: 1995 rss: 501Mb L: 26179/239306 MS: 4 ChangeBinInt-CMP-ChangeASCIIInt-EraseBytes- DE: "\001\000"-
#112001	REDUCE cov: 1468 ft: 2932 corp: 319/6775Kb lim: 239306 exec/s: 2000 rss: 501Mb L: 88/239306 MS: 3 ShuffleBytes-InsertRepeatedBytes-EraseBytes-
#112027	REDUCE cov: 1468 ft: 2932 corp: 319/6775Kb lim: 239306 exec/s: 2000 rss: 501Mb L: 78/239306 MS: 1 EraseBytes-
#112209	REDUCE cov: 1468 ft: 2932 corp: 319/6760Kb lim: 239306 exec/s: 2003 rss: 501Mb L: 56261/239306 MS: 2 ShuffleBytes-EraseBytes-
#112245	REDUCE cov: 1468 ft: 2932 corp: 319/6760Kb lim: 239306 exec/s: 2004 rss: 501Mb L: 4/239306 MS: 1 EraseBytes-
#112352	REDUCE cov: 1468 ft: 2932 corp: 319/6750Kb lim: 239306 exec/s: 2006 rss: 501Mb L: 64171/239306 MS: 2 InsertRepeatedBytes-EraseBytes-
#112403	REDUCE cov: 1468 ft: 2932 corp: 319/6748Kb lim: 239306 exec/s: 2007 rss: 501Mb L: 14779/239306 MS: 1 EraseBytes-
#113154	REDUCE cov: 1468 ft: 2932 corp: 319/6748Kb lim: 239306 exec/s: 2020 rss: 501Mb L: 622/239306 MS: 1 EraseBytes-
#113290	REDUCE cov: 1468 ft: 2932 corp: 319/6747Kb lim: 239306 exec/s: 2023 rss: 501Mb L: 1178/239306 MS: 1 EraseBytes-
#113344	REDUCE cov: 1468 ft: 2932 corp: 319/6747Kb lim: 239306 exec/s: 2024 rss: 501Mb L: 411/239306 MS: 4 ChangeBinInt-ChangeBit-ShuffleBytes-EraseBytes-
#113355	REDUCE cov: 1468 ft: 2932 corp: 319/6747Kb lim: 239306 exec/s: 2024 rss: 501Mb L: 340/239306 MS: 1 EraseBytes-
#113366	REDUCE cov: 1468 ft: 2932 corp: 319/6747Kb lim: 239306 exec/s: 2024 rss: 501Mb L: 250/239306 MS: 1 EraseBytes-
#113437	REDUCE cov: 1468 ft: 2932 corp: 319/6747Kb lim: 239306 exec/s: 2025 rss: 501Mb L: 345/239306 MS: 1 EraseBytes-
#113658	REDUCE cov: 1468 ft: 2932 corp: 319/6747Kb lim: 239306 exec/s: 2029 rss: 501Mb L: 12/239306 MS: 1 EraseBytes-
#113745	REDUCE cov: 1468 ft: 2932 corp: 319/6747Kb lim: 239306 exec/s: 2031 rss: 501Mb L: 450/239306 MS: 2 InsertRepeatedBytes-EraseBytes-
#113747	REDUCE cov: 1468 ft: 2932 corp: 319/6744Kb lim: 239306 exec/s: 2031 rss: 501Mb L: 26121/239306 MS: 2 InsertByte-EraseBytes-
#113863	REDUCE cov: 1468 ft: 2932 corp: 319/6738Kb lim: 239306 exec/s: 1997 rss: 501Mb L: 28072/239306 MS: 1 EraseBytes-
#114074	REDUCE cov: 1468 ft: 2932 corp: 319/6738Kb lim: 239306 exec/s: 2001 rss: 501Mb L: 1813/239306 MS: 1 EraseBytes-
#114088	REDUCE cov: 1468 ft: 2932 corp: 319/6737Kb lim: 239306 exec/s: 2001 rss: 501Mb L: 427/239306 MS: 4 CMP-ShuffleBytes-ChangeBit-EraseBytes- DE: "\017\000\000\000\000\000\000\000"-
#114104	REDUCE cov: 1468 ft: 2932 corp: 319/6728Kb lim: 239306 exec/s: 2001 rss: 501Mb L: 16392/239306 MS: 1 EraseBytes-
#114158	REDUCE cov: 1468 ft: 2932 corp: 319/6724Kb lim: 239306 exec/s: 2002 rss: 501Mb L: 6942/239306 MS: 4 PersAutoDict-ChangeASCIIInt-PersAutoDict-EraseBytes- DE: "\000\000\000\000\000\000\000\000"-"\001\004\000\000\000\000\000\000"-
#114199	REDUCE cov: 1468 ft: 2932 corp: 319/6724Kb lim: 239306 exec/s: 2003 rss: 501Mb L: 486/239306 MS: 1 EraseBytes-
#114205	REDUCE cov: 1468 ft: 2932 corp: 319/6724Kb lim: 239306 exec/s: 2003 rss: 501Mb L: 103/239306 MS: 1 EraseBytes-
#114337	REDUCE cov: 1468 ft: 2932 corp: 319/6724Kb lim: 239306 exec/s: 2005 rss: 501Mb L: 14561/239306 MS: 2 ChangeASCIIInt-EraseBytes-
#114376	REDUCE cov: 1468 ft: 2932 corp: 319/6724Kb lim: 239306 exec/s: 2006 rss: 501Mb L: 198/239306 MS: 4 ShuffleBytes-PersAutoDict-CopyPart-EraseBytes- DE: "\002\000\000\000\000\000\000\000"-
#114387	REDUCE cov: 1468 ft: 2932 corp: 319/6724Kb lim: 239306 exec/s: 2006 rss: 501Mb L: 59/239306 MS: 1 EraseBytes-
#114459	REDUCE cov: 1468 ft: 2932 corp: 319/6721Kb lim: 239306 exec/s: 2008 rss: 501Mb L: 90549/239306 MS: 2 ChangeBit-EraseBytes-
#114535	REDUCE cov: 1468 ft: 2932 corp: 319/6715Kb lim: 239306 exec/s: 2009 rss: 501Mb L: 9895/239306 MS: 1 EraseBytes-
#114576	REDUCE cov: 1468 ft: 2932 corp: 319/6715Kb lim: 239306 exec/s: 2010 rss: 501Mb L: 345/239306 MS: 1 EraseBytes-
#114742	REDUCE cov: 1468 ft: 2932 corp: 319/6715Kb lim: 239306 exec/s: 2013 rss: 501Mb L: 32/239306 MS: 1 EraseBytes-
#114765	REDUCE cov: 1468 ft: 2932 corp: 319/6715Kb lim: 239306 exec/s: 2013 rss: 501Mb L: 308/239306 MS: 3 ChangeBit-ChangeASCIIInt-EraseBytes-
#114863	REDUCE cov: 1468 ft: 2932 corp: 319/6712Kb lim: 239306 exec/s: 2015 rss: 501Mb L: 4443/239306 MS: 3 ChangeByte-ChangeBinInt-EraseBytes-
#114914	REDUCE cov: 1468 ft: 2932 corp: 319/6712Kb lim: 239306 exec/s: 2016 rss: 501Mb L: 31/239306 MS: 1 EraseBytes-
#114920	REDUCE cov: 1468 ft: 2932 corp: 319/6712Kb lim: 239306 exec/s: 2016 rss: 501Mb L: 96/239306 MS: 1 EraseBytes-
#114933	REDUCE cov: 1468 ft: 2932 corp: 319/6712Kb lim: 239306 exec/s: 2016 rss: 501Mb L: 359/239306 MS: 3 CrossOver-CopyPart-EraseBytes-
#115164	REDUCE cov: 1468 ft: 2932 corp: 319/6710Kb lim: 239306 exec/s: 2020 rss: 501Mb L: 31282/239306 MS: 1 EraseBytes-
#115285	REDUCE cov: 1468 ft: 2932 corp: 319/6710Kb lim: 239306 exec/s: 2022 rss: 501Mb L: 6534/239306 MS: 1 EraseBytes-
#115401	REDUCE cov: 1468 ft: 2932 corp: 319/6709Kb lim: 239306 exec/s: 2024 rss: 501Mb L: 25068/239306 MS: 1 EraseBytes-
#115557	REDUCE cov: 1468 ft: 2932 corp: 319/6708Kb lim: 239306 exec/s: 2027 rss: 501Mb L: 1004/239306 MS: 1 EraseBytes-
#115663	REDUCE cov: 1468 ft: 2932 corp: 319/6708Kb lim: 239306 exec/s: 2029 rss: 501Mb L: 279/239306 MS: 1 EraseBytes-
#115970	REDUCE cov: 1468 ft: 2932 corp: 319/6708Kb lim: 239306 exec/s: 2034 rss: 501Mb L: 2426/239306 MS: 2 ChangeASCIIInt-EraseBytes-
#116136	REDUCE cov: 1468 ft: 2932 corp: 319/6705Kb lim: 239306 exec/s: 2037 rss: 501Mb L: 4767/239306 MS: 1 EraseBytes-
#116219	REDUCE cov: 1468 ft: 2932 corp: 319/6705Kb lim: 239306 exec/s: 2038 rss: 501Mb L: 425/239306 MS: 3 ChangeBinInt-ChangeBinInt-EraseBytes-
#116432	REDUCE cov: 1468 ft: 2932 corp: 319/6705Kb lim: 239306 exec/s: 2042 rss: 501Mb L: 3087/239306 MS: 3 CMP-CrossOver-EraseBytes- DE: "\000\000"-
#116520	REDUCE cov: 1468 ft: 2932 corp: 319/6704Kb lim: 239306 exec/s: 2044 rss: 501Mb L: 296/239306 MS: 3 InsertByte-PersAutoDict-EraseBytes- DE: "\377\377\377\377"-
#116552	REDUCE cov: 1468 ft: 2932 corp: 319/6694Kb lim: 239306 exec/s: 2044 rss: 501Mb L: 70181/239306 MS: 2 ChangeASCIIInt-EraseBytes-
#116591	REDUCE cov: 1468 ft: 2932 corp: 319/6686Kb lim: 239306 exec/s: 2045 rss: 501Mb L: 13684/239306 MS: 4 ChangeBinInt-InsertRepeatedBytes-InsertByte-EraseBytes-
#116733	REDUCE cov: 1468 ft: 2932 corp: 319/6684Kb lim: 239306 exec/s: 2047 rss: 501Mb L: 12247/239306 MS: 2 ShuffleBytes-EraseBytes-
#116818	REDUCE cov: 1468 ft: 2932 corp: 319/6683Kb lim: 239306 exec/s: 2014 rss: 501Mb L: 3157/239306 MS: 5 InsertRepeatedBytes-CrossOver-InsertRepeatedBytes-CMP-EraseBytes- DE: "\000\000"-
#116978	REDUCE cov: 1468 ft: 2932 corp: 319/6655Kb lim: 239306 exec/s: 2016 rss: 501Mb L: 44074/239306 MS: 5 CMP-InsertRepeatedBytes-CrossOver-InsertByte-EraseBytes- DE: "\377\002"-
#117024	REDUCE cov: 1468 ft: 2932 corp: 319/6655Kb lim: 239306 exec/s: 2017 rss: 501Mb L: 75/239306 MS: 1 EraseBytes-
#117212	REDUCE cov: 1468 ft: 2932 corp: 319/6655Kb lim: 239306 exec/s: 2020 rss: 501Mb L: 216/239306 MS: 3 ChangeBit-EraseBytes-PersAutoDict- DE: "\004\000\000\000\000\000\000\000"-
#117234	REDUCE cov: 1468 ft: 2932 corp: 319/6655Kb lim: 239306 exec/s: 2021 rss: 501Mb L: 6/239306 MS: 2 EraseBytes-EraseBytes-
#117248	REDUCE cov: 1468 ft: 2932 corp: 319/6650Kb lim: 239306 exec/s: 2021 rss: 501Mb L: 20023/239306 MS: 4 InsertRepeatedBytes-PersAutoDict-ChangeBit-EraseBytes- DE: "\000\000\000\000\000\000\000\004"-
#117344	REDUCE cov: 1468 ft: 2932 corp: 319/6649Kb lim: 239306 exec/s: 2023 rss: 501Mb L: 2772/239306 MS: 1 EraseBytes-
#117370	REDUCE cov: 1468 ft: 2932 corp: 319/6649Kb lim: 239306 exec/s: 2023 rss: 501Mb L: 130/239306 MS: 1 EraseBytes-
#117504	REDUCE cov: 1468 ft: 2932 corp: 319/6647Kb lim: 239306 exec/s: 2025 rss: 501Mb L: 8946/239306 MS: 4 InsertByte-CMP-ChangeByte-EraseBytes- DE: "\377\377"-
#117540	REDUCE cov: 1468 ft: 2932 corp: 319/6647Kb lim: 239306 exec/s: 2026 rss: 501Mb L: 68039/239306 MS: 1 EraseBytes-
#117587	REDUCE cov: 1468 ft: 2932 corp: 319/6628Kb lim: 239306 exec/s: 2027 rss: 501Mb L: 51407/239306 MS: 2 ChangeBit-EraseBytes-
#117643	REDUCE cov: 1468 ft: 2932 corp: 319/6628Kb lim: 239306 exec/s: 2028 rss: 501Mb L: 307/239306 MS: 1 EraseBytes-
#117986	REDUCE cov: 1468 ft: 2932 corp: 319/6627Kb lim: 239306 exec/s: 2034 rss: 501Mb L: 1354/239306 MS: 3 InsertByte-ChangeASCIIInt-EraseBytes-
#118009	REDUCE cov: 1468 ft: 2932 corp: 319/6610Kb lim: 239306 exec/s: 2034 rss: 501Mb L: 21855/239306 MS: 3 PersAutoDict-CrossOver-ChangeByte- DE: "\001\000\000\000\000\000\000)"-
#118090	REDUCE cov: 1468 ft: 2932 corp: 319/6609Kb lim: 239306 exec/s: 2036 rss: 501Mb L: 10250/239306 MS: 1 EraseBytes-
#118127	REDUCE cov: 1468 ft: 2932 corp: 319/6609Kb lim: 239306 exec/s: 2036 rss: 501Mb L: 180/239306 MS: 2 ChangeByte-EraseBytes-
#118233	REDUCE cov: 1468 ft: 2932 corp: 319/6609Kb lim: 239306 exec/s: 2038 rss: 501Mb L: 2128/239306 MS: 1 EraseBytes-
#118279	REDUCE cov: 1468 ft: 2932 corp: 319/6609Kb lim: 239306 exec/s: 2039 rss: 501Mb L: 54/239306 MS: 1 EraseBytes-
#118373	REDUCE cov: 1468 ft: 2932 corp: 319/6609Kb lim: 239306 exec/s: 2040 rss: 501Mb L: 15/239306 MS: 4 ChangeByte-CopyPart-ChangeBit-EraseBytes-
#118554	REDUCE cov: 1468 ft: 2932 corp: 319/6599Kb lim: 239306 exec/s: 2044 rss: 501Mb L: 29687/239306 MS: 1 EraseBytes-
#118677	REDUCE cov: 1468 ft: 2932 corp: 319/6592Kb lim: 239306 exec/s: 2046 rss: 501Mb L: 21195/239306 MS: 3 EraseBytes-ChangeASCIIInt-ChangeByte-
#119582	REDUCE cov: 1468 ft: 2932 corp: 319/6589Kb lim: 239306 exec/s: 2061 rss: 501Mb L: 9632/239306 MS: 5 InsertRepeatedBytes-PersAutoDict-InsertRepeatedBytes-InsertByte-EraseBytes- DE: "\201\240j3\230{\000\000"-
#119667	REDUCE cov: 1468 ft: 2932 corp: 319/6588Kb lim: 239306 exec/s: 2063 rss: 501Mb L: 1517/239306 MS: 5 ChangeASCIIInt-ChangeBinInt-InsertRepeatedBytes-EraseBytes-CopyPart-
#120123	REDUCE cov: 1468 ft: 2932 corp: 319/6588Kb lim: 239306 exec/s: 2035 rss: 501Mb L: 3/239306 MS: 1 EraseBytes-
#120125	REDUCE cov: 1468 ft: 2932 corp: 319/6588Kb lim: 239306 exec/s: 2036 rss: 501Mb L: 22/239306 MS: 2 CMP-EraseBytes- DE: "\377\377\377\377"-
#120196	REDUCE cov: 1468 ft: 2932 corp: 319/6588Kb lim: 239306 exec/s: 2037 rss: 501Mb L: 497/239306 MS: 1 EraseBytes-
#120205	REDUCE cov: 1468 ft: 2932 corp: 319/6583Kb lim: 239306 exec/s: 2037 rss: 501Mb L: 77327/239306 MS: 4 ShuffleBytes-ChangeASCIIInt-CMP-EraseBytes- DE: "\000\001"-
#120273	REDUCE cov: 1468 ft: 2932 corp: 319/6582Kb lim: 239306 exec/s: 2038 rss: 501Mb L: 4551/239306 MS: 3 InsertRepeatedBytes-ChangeByte-EraseBytes-
#120286	REDUCE cov: 1468 ft: 2932 corp: 319/6581Kb lim: 239306 exec/s: 2038 rss: 501Mb L: 21088/239306 MS: 3 ChangeBit-ShuffleBytes-EraseBytes-
#120367	REDUCE cov: 1468 ft: 2932 corp: 319/6581Kb lim: 239306 exec/s: 2040 rss: 501Mb L: 213/239306 MS: 1 EraseBytes-
#120445	REDUCE cov: 1468 ft: 2932 corp: 319/6581Kb lim: 239306 exec/s: 2041 rss: 501Mb L: 25/239306 MS: 3 ChangeByte-PersAutoDict-EraseBytes- DE: "\012\252\252\252\252\252\252\252"-
#120536	REDUCE cov: 1468 ft: 2932 corp: 319/6571Kb lim: 239306 exec/s: 2042 rss: 501Mb L: 10757/239306 MS: 1 EraseBytes-
#120585	REDUCE cov: 1468 ft: 2932 corp: 319/6571Kb lim: 239306 exec/s: 2043 rss: 501Mb L: 10745/239306 MS: 4 CrossOver-CrossOver-ShuffleBytes-EraseBytes-
#121071	REDUCE cov: 1468 ft: 2932 corp: 319/6571Kb lim: 239306 exec/s: 2052 rss: 501Mb L: 14/239306 MS: 1 EraseBytes-
#121156	REDUCE cov: 1468 ft: 2932 corp: 319/6569Kb lim: 239306 exec/s: 2053 rss: 501Mb L: 4527/239306 MS: 5 ShuffleBytes-ChangeBit-PersAutoDict-ShuffleBytes-EraseBytes- DE: "\000\377\377\377\377\377\377\377"-
#121162	REDUCE cov: 1468 ft: 2932 corp: 319/6569Kb lim: 239306 exec/s: 2053 rss: 501Mb L: 1147/239306 MS: 1 EraseBytes-
#121267	REDUCE cov: 1468 ft: 2932 corp: 319/6561Kb lim: 239306 exec/s: 2055 rss: 501Mb L: 13399/239306 MS: 5 ShuffleBytes-ChangeBit-InsertRepeatedBytes-InsertRepeatedBytes-EraseBytes-
#121304	REDUCE cov: 1468 ft: 2932 corp: 319/6561Kb lim: 239306 exec/s: 2056 rss: 501Mb L: 12/239306 MS: 2 ShuffleBytes-EraseBytes-
#121440	REDUCE cov: 1468 ft: 2932 corp: 319/6557Kb lim: 239306 exec/s: 2058 rss: 501Mb L: 6196/239306 MS: 1 EraseBytes-
#121627	REDUCE cov: 1468 ft: 2932 corp: 319/6549Kb lim: 239306 exec/s: 2061 rss: 501Mb L: 23103/239306 MS: 2 ShuffleBytes-EraseBytes-
#121753	REDUCE cov: 1468 ft: 2932 corp: 319/6545Kb lim: 239306 exec/s: 2063 rss: 501Mb L: 6714/239306 MS: 1 EraseBytes-
#121894	REDUCE cov: 1468 ft: 2932 corp: 319/6545Kb lim: 239306 exec/s: 2066 rss: 501Mb L: 61/239306 MS: 1 EraseBytes-
#121930	REDUCE cov: 1468 ft: 2932 corp: 319/6543Kb lim: 239306 exec/s: 2066 rss: 501Mb L: 8441/239306 MS: 1 EraseBytes-
#122112	REDUCE cov: 1468 ft: 2932 corp: 319/6543Kb lim: 239306 exec/s: 2069 rss: 501Mb L: 213/239306 MS: 2 ChangeBinInt-EraseBytes-
#122168	REDUCE cov: 1468 ft: 2932 corp: 319/6543Kb lim: 239306 exec/s: 2070 rss: 501Mb L: 1119/239306 MS: 1 EraseBytes-
#122203	REDUCE cov: 1468 ft: 2932 corp: 319/6541Kb lim: 239306 exec/s: 2071 rss: 501Mb L: 14458/239306 MS: 5 PersAutoDict-InsertRepeatedBytes-InsertByte-EraseBytes-ChangeBinInt- DE: "\000\000\000\000\000\000\000\031"-
#122230	REDUCE cov: 1468 ft: 2932 corp: 319/6541Kb lim: 239306 exec/s: 2071 rss: 501Mb L: 2/239306 MS: 2 CopyPart-EraseBytes-
#122386	REDUCE cov: 1468 ft: 2932 corp: 319/6541Kb lim: 239306 exec/s: 2074 rss: 501Mb L: 228/239306 MS: 1 EraseBytes-
#122598	REDUCE cov: 1468 ft: 2932 corp: 319/6536Kb lim: 239306 exec/s: 2077 rss: 501Mb L: 11044/239306 MS: 2 ChangeByte-EraseBytes-
#122710	REDUCE cov: 1468 ft: 2932 corp: 319/6536Kb lim: 239306 exec/s: 2079 rss: 501Mb L: 314/239306 MS: 2 ChangeByte-EraseBytes-
#122787	REDUCE cov: 1468 ft: 2932 corp: 319/6535Kb lim: 239306 exec/s: 2081 rss: 501Mb L: 709/239306 MS: 2 InsertRepeatedBytes-EraseBytes-
#122799	REDUCE cov: 1468 ft: 2932 corp: 319/6533Kb lim: 239306 exec/s: 2081 rss: 501Mb L: 6970/239306 MS: 2 InsertByte-EraseBytes-
#123052	REDUCE cov: 1468 ft: 2932 corp: 319/6533Kb lim: 239306 exec/s: 2050 rss: 501Mb L: 180/239306 MS: 3 ShuffleBytes-InsertByte-EraseBytes-
#123250	REDUCE cov: 1468 ft: 2932 corp: 319/6533Kb lim: 239306 exec/s: 2054 rss: 501Mb L: 346/239306 MS: 3 EraseBytes-CopyPart-EraseBytes-
#123373	REDUCE cov: 1468 ft: 2932 corp: 319/6533Kb lim: 239306 exec/s: 2056 rss: 501Mb L: 125/239306 MS: 3 ChangeByte-ChangeBinInt-EraseBytes-
#123395	REDUCE cov: 1468 ft: 2932 corp: 319/6532Kb lim: 239306 exec/s: 2056 rss: 501Mb L: 7861/239306 MS: 2 ShuffleBytes-EraseBytes-
#123663	REDUCE cov: 1468 ft: 2932 corp: 319/6532Kb lim: 239306 exec/s: 2061 rss: 501Mb L: 1/239306 MS: 3 ShuffleBytes-ShuffleBytes-EraseBytes-
#123704	REDUCE cov: 1468 ft: 2932 corp: 319/6532Kb lim: 239306 exec/s: 2061 rss: 501Mb L: 828/239306 MS: 1 EraseBytes-
#123763	REDUCE cov: 1468 ft: 2932 corp: 319/6531Kb lim: 239306 exec/s: 2062 rss: 501Mb L: 3471/239306 MS: 4 ChangeBit-CopyPart-ChangeASCIIInt-EraseBytes-
#124009	REDUCE cov: 1468 ft: 2932 corp: 319/6531Kb lim: 239306 exec/s: 2066 rss: 501Mb L: 13/239306 MS: 1 EraseBytes-
#124080	REDUCE cov: 1468 ft: 2932 corp: 319/6531Kb lim: 239306 exec/s: 2068 rss: 501Mb L: 4/239306 MS: 1 EraseBytes-
#124302	REDUCE cov: 1468 ft: 2932 corp: 319/6531Kb lim: 239306 exec/s: 2071 rss: 501Mb L: 2088/239306 MS: 2 ChangeBit-EraseBytes-
#124571	REDUCE cov: 1468 ft: 2932 corp: 319/6518Kb lim: 239306 exec/s: 2076 rss: 501Mb L: 51339/239306 MS: 4 InsertRepeatedBytes-PersAutoDict-EraseBytes-EraseBytes- DE: "\012\252\252\252\252\252\252\252"-
#124578	REDUCE cov: 1468 ft: 2932 corp: 319/6518Kb lim: 239306 exec/s: 2076 rss: 501Mb L: 199/239306 MS: 2 ChangeBit-EraseBytes-
#124759	REDUCE cov: 1468 ft: 2932 corp: 319/6512Kb lim: 239306 exec/s: 2079 rss: 501Mb L: 13938/239306 MS: 1 EraseBytes-
#125085	REDUCE cov: 1468 ft: 2932 corp: 319/6512Kb lim: 239306 exec/s: 2084 rss: 501Mb L: 37/239306 MS: 1 EraseBytes-
#125291	REDUCE cov: 1468 ft: 2932 corp: 319/6512Kb lim: 239306 exec/s: 2088 rss: 501Mb L: 4109/239306 MS: 1 EraseBytes-
#125306	REDUCE cov: 1468 ft: 2932 corp: 319/6512Kb lim: 239306 exec/s: 2088 rss: 501Mb L: 117/239306 MS: 5 CMP-InsertByte-ShuffleBytes-ChangeByte-EraseBytes- DE: "\001\000\000\000"-
#125453	REDUCE cov: 1468 ft: 2932 corp: 319/6512Kb lim: 239306 exec/s: 2090 rss: 501Mb L: 240/239306 MS: 2 ChangeASCIIInt-EraseBytes-
#125519	REDUCE cov: 1468 ft: 2932 corp: 319/6512Kb lim: 239306 exec/s: 2091 rss: 501Mb L: 6/239306 MS: 1 EraseBytes-
#125591	REDUCE cov: 1468 ft: 2932 corp: 319/6512Kb lim: 239306 exec/s: 2093 rss: 501Mb L: 20/239306 MS: 2 CopyPart-EraseBytes-
#125977	REDUCE cov: 1468 ft: 2932 corp: 319/6511Kb lim: 239306 exec/s: 2099 rss: 501Mb L: 15206/239306 MS: 1 EraseBytes-
#126123	REDUCE cov: 1468 ft: 2932 corp: 319/6511Kb lim: 239306 exec/s: 2102 rss: 501Mb L: 5/239306 MS: 1 EraseBytes-
#126161	REDUCE cov: 1468 ft: 2932 corp: 319/6508Kb lim: 239306 exec/s: 2102 rss: 501Mb L: 20792/239306 MS: 3 CopyPart-EraseBytes-InsertRepeatedBytes-
#126201	DONE   cov: 1468 ft: 2932 corp: 319/6508Kb lim: 239306 exec/s: 2068 rss: 501Mb
###### Recommended dictionary. ######
"\001\000\000\000" # Uses: 265
"\002\000\000\000\000\000\000\000" # Uses: 208
"\000\000" # Uses: 250
"\001\000\000\000\000\000\000\002" # Uses: 247
"\201\240j3\230{\000\000" # Uses: 217
"\001\000\000\000\000\000\000\026" # Uses: 224
"\001\000\000\000\000\000\000)" # Uses: 236
"\001\000\000\000\000\000\000\000" # Uses: 242
"\252\252\252\252\252\252\252\012" # Uses: 221
"\001\000" # Uses: 230
"\377\377\377\377" # Uses: 245
"\312\000\000\000\000\000\000\000" # Uses: 228
"\000\000\000\000\000\000\000\031" # Uses: 240
"\301\\\002\211\354-\012\221g\354\216e\241\215\353\276^U2\373\356\242\223\370\013\311B\356\220\206\301q" # Uses: 236
"\376\377\377\377\377\377\377\017" # Uses: 236
"\023\3726\007\025M\202\333" # Uses: 256
"\006UUUUUUU" # Uses: 196
"\377\377" # Uses: 220
"\003\000\000\000\000\000\000\000" # Uses: 231
"\267;dno\014#o" # Uses: 233
"\001\000\000\000\377\377\377\377" # Uses: 175
"\000\000{\2303i)\200" # Uses: 198
"\000\000\000\000" # Uses: 217
"\000\000\000\000\000\000\000\000" # Uses: 192
"\002\377\377\377\377\377\377\377" # Uses: 197
"\3170\206yb&\000\000" # Uses: 183
"\007\000\000\000\000\000\000\000" # Uses: 173
"\377\377\377\377\377\377\377\377" # Uses: 197
"\000\000\000\000\000\000\000\004" # Uses: 174
"\361\226=#\376\213c\210" # Uses: 178
"2\300B\001\275q\277\024" # Uses: 171
"\004\000\000\000\000\000\000\000" # Uses: 171
"\026\000\000\000\000\000\000\000" # Uses: 145
"\000\000\000\001" # Uses: 164
"\013}\362\213\006\007Q\017" # Uses: 173
"Q\234\212y2&\000\000" # Uses: 155
"\003\377\377\377\377\377\377\377" # Uses: 157
"\377\377\377\377\377\377\377\025" # Uses: 155
"\001\010\000\000\000\000\000\000" # Uses: 152
"\330\002\000\000\000\000\000\000" # Uses: 143
"\000\000\000\000\000\000\006I" # Uses: 146
"\377\377\377\377\377\377\377\003" # Uses: 157
"\000\000\000\000\000\000\000M" # Uses: 159
"z<\237\350\245\011\347V" # Uses: 127
"\377\377\377\377\377\377\007\243" # Uses: 132
"\012\252\252\252\252\252\252\252" # Uses: 132
"\000\000\000\000\000\000\000\000\000\000\000\000\000\000\000\000\000\000\000\000\000\000\000\000\000\000\000\000\000\000\000\000" # Uses: 110
"\377\377\377\377\000\000\000\001" # Uses: 118
"\017\000\000\000\000\000\000\000" # Uses: 107
"\004\000" # Uses: 126
"\001\000\000\000\000\000\000\030" # Uses: 116
"\000\000\000\000\000\000\000\026" # Uses: 115
"x\032\204\263\362\357\267\010" # Uses: 115
"3V\017L\023xz[" # Uses: 106
"\377\377\377\377\377\377\377\011" # Uses: 110
"\000\000\000\000\000\000\006\006" # Uses: 92
"\000\000\000\000\001\000\000\001" # Uses: 93
"\000\377\377\377\377\377\377\377" # Uses: 89
"L\000\000\000\000\000\000\000" # Uses: 82
"\000\000\000\000\000\000\000\200" # Uses: 90
"\001\000\000\000\000\000\000\003" # Uses: 76
"\030\000\000\000\000\000\000\000" # Uses: 84
"\002\000\000\000\377\377\377\377" # Uses: 78
"\377\377\377\377\377\377\377\027" # Uses: 91
"\001\000\000\000\000\000\000\004" # Uses: 67
"\004\377\377\377\377\377\377\377" # Uses: 61
"\377\377\377\377\377\377\377|" # Uses: 65
"\377\377\377\377\377\377\377\015" # Uses: 65
"?\000\000\000\000\000\000\000" # Uses: 52
"\377\377\377\377\377\377\377\001" # Uses: 42
"\001\004\000\000\000\000\000\000" # Uses: 25
"\377\002" # Uses: 15
"\000\001" # Uses: 4
###### End of recommended dictionary. ######
Done 126201 runs in 61 second(s)
stat::number_of_executed_units: 126201
stat::average_exec_per_sec:     2068
stat::new_units_added:          2302
stat::slowest_unit_time_sec:    0
stat::peak_rss_mb:              501
