tinyzkp-fuzz-target-v1 target=plonky3_proof_bytes_v1 corpus_sha256=fc1d33984ab9ff9c0a44480359ed28f2974d2422ac8d787180691d6f7e4a3356 toolchain=nightly-2026-04-15
   Compiling hc-fuzz v0.0.0 (/home/runner/work/hc-stark/hc-stark/raw-reports/immutable-source/fuzz)
    Finished `release` profile [optimized + debuginfo] target(s) in 0.37s
INFO: Running with entropic power schedule (0xFF, 100).
INFO: Seed: 928785462
INFO: Loaded 1 modules   (14602 inline 8-bit counters): 14602 [0x55757c1791d0, 0x55757c17cada), 
INFO: Loaded 1 PC tables (14602 PCs): 14602 [0x55757c17cae0,0x55757c1b5b80), 
INFO:        0 files found in /home/runner/work/hc-stark/hc-stark/raw-reports/fuzz-logs/execution-corpus/plonky3_proof_bytes_v1
INFO:        2 files found in /home/runner/work/hc-stark/hc-stark/raw-reports/fuzz-logs/smoke-corpus/plonky3_proof_bytes_v1
INFO: -max_len is not provided; libFuzzer will not generate inputs larger than 239306 bytes
INFO: seed corpus: files: 2 min: 89737b max: 239306b total: 329043b rss: 46Mb
#3	INITED cov: 1143 ft: 1237 corp: 2/321Kb exec/s: 0 rss: 53Mb
	NEW_FUNC[1/3]: 0x55757c0f73c0  (/home/runner/work/hc-stark/hc-stark/raw-reports/cargo-target/x86_64-unknown-linux-gnu/release/plonky3_proof_bytes_v1+0x28b3c0) (BuildId: 93b0a3be9bf8948c6041fb18af8421d78e04255e)
	NEW_FUNC[2/3]: 0x55757c100630  (/home/runner/work/hc-stark/hc-stark/raw-reports/cargo-target/x86_64-unknown-linux-gnu/release/plonky3_proof_bytes_v1+0x294630) (BuildId: 93b0a3be9bf8948c6041fb18af8421d78e04255e)
#4	NEW    cov: 1186 ft: 1331 corp: 3/390Kb lim: 239306 exec/s: 0 rss: 54Mb L: 71010/239306 MS: 1 EraseBytes-
#6	NEW    cov: 1195 ft: 1423 corp: 4/624Kb lim: 239306 exec/s: 0 rss: 57Mb L: 239306/239306 MS: 2 ChangeASCIIInt-CopyPart-
	NEW_FUNC[1/1]: 0x55757c0c7790  (/home/runner/work/hc-stark/hc-stark/raw-reports/cargo-target/x86_64-unknown-linux-gnu/release/plonky3_proof_bytes_v1+0x25b790) (BuildId: 93b0a3be9bf8948c6041fb18af8421d78e04255e)
#9	NEW    cov: 1199 ft: 1467 corp: 5/693Kb lim: 239306 exec/s: 0 rss: 58Mb L: 71011/239306 MS: 3 ChangeASCIIInt-ChangeBit-InsertByte-
#10	NEW    cov: 1204 ft: 1532 corp: 6/763Kb lim: 239306 exec/s: 0 rss: 58Mb L: 71010/239306 MS: 1 ShuffleBytes-
#11	NEW    cov: 1205 ft: 1541 corp: 7/832Kb lim: 239306 exec/s: 0 rss: 59Mb L: 71012/239306 MS: 1 InsertByte-
#12	NEW    cov: 1206 ft: 1550 corp: 8/911Kb lim: 239306 exec/s: 0 rss: 60Mb L: 80987/239306 MS: 1 CrossOver-
#14	NEW    cov: 1206 ft: 1557 corp: 9/1145Kb lim: 239306 exec/s: 0 rss: 62Mb L: 239306/239306 MS: 2 ChangeBinInt-CopyPart-
#15	NEW    cov: 1207 ft: 1563 corp: 10/1378Kb lim: 239306 exec/s: 0 rss: 64Mb L: 239306/239306 MS: 1 ChangeByte-
#16	NEW    cov: 1208 ft: 1569 corp: 11/1580Kb lim: 239306 exec/s: 0 rss: 65Mb L: 206283/239306 MS: 1 EraseBytes-
#17	NEW    cov: 1208 ft: 1574 corp: 12/1649Kb lim: 239306 exec/s: 0 rss: 66Mb L: 71012/239306 MS: 1 InsertByte-
	NEW_FUNC[1/1]: 0x55757c0c7600  (/home/runner/work/hc-stark/hc-stark/raw-reports/cargo-target/x86_64-unknown-linux-gnu/release/plonky3_proof_bytes_v1+0x25b600) (BuildId: 93b0a3be9bf8948c6041fb18af8421d78e04255e)
#18	NEW    cov: 1221 ft: 1611 corp: 13/1879Kb lim: 239306 exec/s: 0 rss: 68Mb L: 235736/239306 MS: 1 EraseBytes-
#22	NEW    cov: 1232 ft: 1653 corp: 14/2081Kb lim: 239306 exec/s: 0 rss: 71Mb L: 206352/239306 MS: 4 ChangeByte-CMP-InsertByte-InsertRepeatedBytes- DE: "\001\000"-
#25	NEW    cov: 1235 ft: 1656 corp: 15/2165Kb lim: 239306 exec/s: 0 rss: 72Mb L: 85802/239306 MS: 3 ChangeByte-InsertRepeatedBytes-CopyPart-
#28	NEW    cov: 1237 ft: 1701 corp: 16/2198Kb lim: 239306 exec/s: 0 rss: 74Mb L: 34153/239306 MS: 3 PersAutoDict-ChangeASCIIInt-CrossOver- DE: "\001\000"-
#31	NEW    cov: 1238 ft: 1702 corp: 17/2432Kb lim: 239306 exec/s: 0 rss: 77Mb L: 239306/239306 MS: 3 ShuffleBytes-ChangeBit-ChangeByte-
#32	NEW    cov: 1239 ft: 1706 corp: 18/2519Kb lim: 239306 exec/s: 0 rss: 78Mb L: 89738/239306 MS: 1 InsertByte-
#36	NEW    cov: 1240 ft: 1709 corp: 19/2752Kb lim: 239306 exec/s: 0 rss: 82Mb L: 237734/239306 MS: 4 ChangeASCIIInt-CrossOver-ChangeBinInt-CrossOver-
#37	NEW    cov: 1241 ft: 1710 corp: 20/2982Kb lim: 239306 exec/s: 0 rss: 84Mb L: 235736/239306 MS: 1 ChangeBit-
#38	NEW    cov: 1241 ft: 1750 corp: 21/3015Kb lim: 239306 exec/s: 0 rss: 85Mb L: 34217/239306 MS: 1 InsertRepeatedBytes-
#39	REDUCE cov: 1241 ft: 1750 corp: 21/3015Kb lim: 239306 exec/s: 0 rss: 85Mb L: 85746/239306 MS: 1 EraseBytes-
#44	NEW    cov: 1241 ft: 1754 corp: 22/3249Kb lim: 239306 exec/s: 0 rss: 90Mb L: 239306/239306 MS: 5 ChangeASCIIInt-ShuffleBytes-ChangeASCIIInt-ShuffleBytes-ShuffleBytes-
#49	NEW    cov: 1242 ft: 1756 corp: 23/3472Kb lim: 239306 exec/s: 0 rss: 95Mb L: 228386/239306 MS: 5 ChangeByte-ChangeByte-CopyPart-ChangeBinInt-EraseBytes-
#50	NEW    cov: 1242 ft: 1757 corp: 24/3593Kb lim: 239306 exec/s: 0 rss: 95Mb L: 123955/239306 MS: 1 CrossOver-
#53	NEW    cov: 1243 ft: 1759 corp: 25/3731Kb lim: 239306 exec/s: 0 rss: 97Mb L: 141388/239306 MS: 3 ShuffleBytes-ChangeBinInt-CopyPart-
#54	NEW    cov: 1243 ft: 1761 corp: 26/3869Kb lim: 239306 exec/s: 0 rss: 98Mb L: 141388/239306 MS: 1 PersAutoDict- DE: "\001\000"-
#59	NEW    cov: 1243 ft: 1810 corp: 27/3903Kb lim: 239306 exec/s: 0 rss: 99Mb L: 34248/239306 MS: 5 ChangeASCIIInt-InsertByte-InsertRepeatedBytes-ChangeBit-CMP- DE: "\002\377\377\377\377\377\377\377"-
#61	NEW    cov: 1243 ft: 1811 corp: 28/3972Kb lim: 239306 exec/s: 0 rss: 100Mb L: 71012/239306 MS: 2 ShuffleBytes-CopyPart-
#64	NEW    cov: 1244 ft: 1813 corp: 29/4183Kb lim: 239306 exec/s: 0 rss: 104Mb L: 215807/239306 MS: 3 PersAutoDict-CopyPart-EraseBytes- DE: "\001\000"-
#65	NEW    cov: 1246 ft: 1816 corp: 30/4302Kb lim: 239306 exec/s: 0 rss: 105Mb L: 121901/239306 MS: 1 EraseBytes-
#72	NEW    cov: 1246 ft: 1826 corp: 31/4327Kb lim: 239306 exec/s: 0 rss: 107Mb L: 26411/239306 MS: 2 ChangeBit-CrossOver-
#73	NEW    cov: 1246 ft: 1827 corp: 32/4415Kb lim: 239306 exec/s: 0 rss: 107Mb L: 89738/239306 MS: 1 PersAutoDict- DE: "\002\377\377\377\377\377\377\377"-
#75	NEW    cov: 1247 ft: 1829 corp: 33/4621Kb lim: 239306 exec/s: 0 rss: 110Mb L: 210426/239306 MS: 2 ChangeByte-CrossOver-
#77	NEW    cov: 1247 ft: 1835 corp: 34/4854Kb lim: 239306 exec/s: 0 rss: 112Mb L: 239306/239306 MS: 2 ChangeASCIIInt-CrossOver-
#84	NEW    cov: 1247 ft: 1836 corp: 35/5056Kb lim: 239306 exec/s: 0 rss: 116Mb L: 206353/239306 MS: 2 ChangeASCIIInt-InsertByte-
#89	NEW    cov: 1247 ft: 1840 corp: 36/5289Kb lim: 239306 exec/s: 0 rss: 122Mb L: 239306/239306 MS: 5 ChangeBit-CrossOver-ChangeBit-ChangeBinInt-ChangeBinInt-
#95	NEW    cov: 1248 ft: 1845 corp: 37/5310Kb lim: 239306 exec/s: 0 rss: 122Mb L: 21287/239306 MS: 1 EraseBytes-
#98	NEW    cov: 1248 ft: 1850 corp: 38/5544Kb lim: 239306 exec/s: 0 rss: 126Mb L: 239306/239306 MS: 3 CopyPart-ChangeASCIIInt-CrossOver-
#99	NEW    cov: 1248 ft: 1852 corp: 39/5577Kb lim: 239306 exec/s: 0 rss: 126Mb L: 34153/239306 MS: 1 CrossOver-
#106	NEW    cov: 1249 ft: 1854 corp: 40/5802Kb lim: 239306 exec/s: 0 rss: 131Mb L: 230115/239306 MS: 2 ChangeByte-CrossOver-
#110	NEW    cov: 1249 ft: 1855 corp: 41/6036Kb lim: 239306 exec/s: 0 rss: 136Mb L: 239306/239306 MS: 4 ChangeBit-PersAutoDict-ChangeByte-ChangeByte- DE: "\001\000"-
#111	NEW    cov: 1249 ft: 1859 corp: 42/6070Kb lim: 239306 exec/s: 0 rss: 136Mb L: 34629/239306 MS: 1 CopyPart-
#113	NEW    cov: 1249 ft: 1862 corp: 43/6106Kb lim: 239306 exec/s: 0 rss: 137Mb L: 36813/239306 MS: 2 ChangeASCIIInt-CrossOver-
#118	NEW    cov: 1249 ft: 1864 corp: 44/6336Kb lim: 239306 exec/s: 0 rss: 141Mb L: 236089/239306 MS: 5 ShuffleBytes-ChangeASCIIInt-CrossOver-InsertRepeatedBytes-CopyPart-
#123	NEW    cov: 1254 ft: 1888 corp: 45/6356Kb lim: 239306 exec/s: 0 rss: 142Mb L: 20031/239306 MS: 5 ChangeBit-ChangeBit-ChangeBinInt-EraseBytes-InsertByte-
#125	NEW    cov: 1255 ft: 1896 corp: 46/6496Kb lim: 239306 exec/s: 0 rss: 143Mb L: 143774/239306 MS: 2 ChangeASCIIInt-CrossOver-
#134	NEW    cov: 1259 ft: 1908 corp: 47/6652Kb lim: 239306 exec/s: 0 rss: 149Mb L: 159638/239306 MS: 4 InsertByte-ChangeByte-ChangeASCIIInt-EraseBytes-
#138	NEW    cov: 1259 ft: 1911 corp: 48/6881Kb lim: 239306 exec/s: 0 rss: 152Mb L: 234157/239306 MS: 4 PersAutoDict-InsertRepeatedBytes-ShuffleBytes-CopyPart- DE: "\002\377\377\377\377\377\377\377"-
#143	NEW    cov: 1259 ft: 1913 corp: 49/7017Kb lim: 239306 exec/s: 0 rss: 156Mb L: 139782/239306 MS: 5 InsertRepeatedBytes-InsertByte-InsertByte-CopyPart-EraseBytes-
#144	REDUCE cov: 1259 ft: 1913 corp: 49/6975Kb lim: 239306 exec/s: 0 rss: 157Mb L: 192539/239306 MS: 1 EraseBytes-
#146	NEW    cov: 1259 ft: 1914 corp: 50/7113Kb lim: 239306 exec/s: 0 rss: 158Mb L: 141388/239306 MS: 2 ChangeBit-PersAutoDict- DE: "\001\000"-
#149	REDUCE cov: 1259 ft: 1914 corp: 50/7032Kb lim: 239306 exec/s: 0 rss: 160Mb L: 123314/239306 MS: 3 CopyPart-PersAutoDict-CrossOver- DE: "\001\000"-
#174	NEW    cov: 1262 ft: 1926 corp: 51/7101Kb lim: 239306 exec/s: 0 rss: 176Mb L: 71012/239306 MS: 5 ChangeBit-PersAutoDict-ChangeBit-CMP-CMP- DE: "\001\000"-"\000\000"-"\377\377"-
#181	NEW    cov: 1263 ft: 1954 corp: 52/7236Kb lim: 239306 exec/s: 0 rss: 181Mb L: 138265/239306 MS: 2 CrossOver-EraseBytes-
#184	REDUCE cov: 1263 ft: 1954 corp: 52/7200Kb lim: 239306 exec/s: 0 rss: 183Mb L: 104390/239306 MS: 3 PersAutoDict-ShuffleBytes-CrossOver- DE: "\001\000"-
#186	NEW    cov: 1264 ft: 1955 corp: 53/7335Kb lim: 239306 exec/s: 0 rss: 184Mb L: 138265/239306 MS: 2 ChangeASCIIInt-CrossOver-
#193	NEW    cov: 1264 ft: 1968 corp: 54/7368Kb lim: 239306 exec/s: 0 rss: 185Mb L: 34153/239306 MS: 2 ShuffleBytes-ChangeBinInt-
#195	NEW    cov: 1264 ft: 1969 corp: 55/7505Kb lim: 239306 exec/s: 0 rss: 186Mb L: 139785/239306 MS: 2 InsertByte-PersAutoDict- DE: "\377\377"-
#201	NEW    cov: 1264 ft: 1970 corp: 56/7531Kb lim: 239306 exec/s: 0 rss: 187Mb L: 26412/239306 MS: 1 InsertByte-
#204	REDUCE cov: 1264 ft: 1970 corp: 56/7477Kb lim: 239306 exec/s: 0 rss: 188Mb L: 84566/239306 MS: 3 InsertRepeatedBytes-ChangeBinInt-CrossOver-
#209	NEW    cov: 1265 ft: 1971 corp: 57/7602Kb lim: 239306 exec/s: 0 rss: 193Mb L: 128158/239306 MS: 5 ChangeByte-ShuffleBytes-ChangeASCIIInt-ChangeASCIIInt-EraseBytes-
#210	REDUCE cov: 1265 ft: 1971 corp: 57/7560Kb lim: 239306 exec/s: 0 rss: 193Mb L: 95329/239306 MS: 1 EraseBytes-
#213	NEW    cov: 1265 ft: 1972 corp: 58/7657Kb lim: 239306 exec/s: 0 rss: 195Mb L: 99573/239306 MS: 3 ChangeBinInt-ChangeByte-CopyPart-
#222	REDUCE cov: 1265 ft: 1972 corp: 58/7642Kb lim: 239306 exec/s: 0 rss: 200Mb L: 74213/239306 MS: 4 ChangeBinInt-CrossOver-InsertByte-EraseBytes-
#223	NEW    cov: 1265 ft: 1973 corp: 59/7761Kb lim: 239306 exec/s: 0 rss: 201Mb L: 121901/239306 MS: 1 ChangeBinInt-
#224	NEW    cov: 1266 ft: 1974 corp: 60/7808Kb lim: 239306 exec/s: 0 rss: 201Mb L: 48090/239306 MS: 1 CopyPart-
#239	NEW    cov: 1266 ft: 1975 corp: 61/7897Kb lim: 239306 exec/s: 0 rss: 210Mb L: 90910/239306 MS: 5 InsertByte-ChangeBit-ShuffleBytes-CopyPart-CrossOver-
#275	NEW    cov: 1266 ft: 1978 corp: 62/8128Kb lim: 239306 exec/s: 0 rss: 228Mb L: 236426/239306 MS: 1 CopyPart-
#286	NEW    cov: 1266 ft: 1979 corp: 63/8295Kb lim: 239306 exec/s: 0 rss: 235Mb L: 171394/239306 MS: 1 CopyPart-
#313	REDUCE cov: 1266 ft: 1979 corp: 63/8190Kb lim: 239306 exec/s: 0 rss: 244Mb L: 99175/239306 MS: 2 CopyPart-CrossOver-
#326	NEW    cov: 1266 ft: 1980 corp: 64/8224Kb lim: 239306 exec/s: 0 rss: 248Mb L: 34645/239306 MS: 3 PersAutoDict-ChangeByte-PersAutoDict- DE: "\002\377\377\377\377\377\377\377"-"\002\377\377\377\377\377\377\377"-
#338	NEW    cov: 1266 ft: 1981 corp: 65/8379Kb lim: 239306 exec/s: 0 rss: 253Mb L: 158108/239306 MS: 2 ShuffleBytes-CrossOver-
#343	NEW    cov: 1266 ft: 1991 corp: 66/8393Kb lim: 239306 exec/s: 0 rss: 254Mb L: 14691/239306 MS: 5 CMP-EraseBytes-InsertByte-CopyPart-EraseBytes- DE: "\256(\011\213\253\342\256\247"-
#350	REDUCE cov: 1266 ft: 2008 corp: 67/8495Kb lim: 239306 exec/s: 0 rss: 256Mb L: 104390/239306 MS: 2 ChangeBinInt-ChangeBinInt-
#392	NEW    cov: 1266 ft: 2018 corp: 68/8516Kb lim: 239306 exec/s: 0 rss: 272Mb L: 21303/239306 MS: 2 ChangeBinInt-InsertRepeatedBytes-
#413	REDUCE cov: 1266 ft: 2019 corp: 69/8636Kb lim: 239306 exec/s: 0 rss: 280Mb L: 123314/239306 MS: 1 ChangeByte-
#414	NEW    cov: 1266 ft: 2023 corp: 70/8864Kb lim: 239306 exec/s: 0 rss: 281Mb L: 233728/239306 MS: 1 EraseBytes-
#415	NEW    cov: 1266 ft: 2024 corp: 71/9009Kb lim: 239306 exec/s: 0 rss: 283Mb L: 148577/239306 MS: 1 EraseBytes-
#416	NEW    cov: 1266 ft: 2025 corp: 72/9079Kb lim: 239306 exec/s: 0 rss: 283Mb L: 71013/239306 MS: 1 InsertByte-
#442	REDUCE cov: 1266 ft: 2025 corp: 72/9056Kb lim: 239306 exec/s: 0 rss: 291Mb L: 51018/239306 MS: 1 EraseBytes-
#453	NEW    cov: 1267 ft: 2026 corp: 73/9284Kb lim: 239306 exec/s: 0 rss: 296Mb L: 233743/239306 MS: 1 InsertRepeatedBytes-
#455	NEW    cov: 1267 ft: 2029 corp: 74/9517Kb lim: 239306 exec/s: 0 rss: 299Mb L: 237734/239306 MS: 2 CMP-CopyPart- DE: "UUUUUUU\005"-
#459	REDUCE cov: 1267 ft: 2029 corp: 74/9511Kb lim: 239306 exec/s: 0 rss: 301Mb L: 98437/239306 MS: 4 InsertRepeatedBytes-ChangeBinInt-ShuffleBytes-EraseBytes-
#482	NEW    cov: 1267 ft: 2030 corp: 75/9580Kb lim: 239306 exec/s: 0 rss: 312Mb L: 71050/239306 MS: 3 CrossOver-ChangeByte-InsertRepeatedBytes-
#493	NEW    cov: 1267 ft: 2031 corp: 76/9808Kb lim: 239306 exec/s: 0 rss: 322Mb L: 233728/239306 MS: 1 ChangeByte-
#497	NEW    cov: 1273 ft: 2041 corp: 77/10014Kb lim: 239306 exec/s: 0 rss: 325Mb L: 210500/239306 MS: 4 InsertRepeatedBytes-ChangeASCIIInt-InsertByte-ChangeByte-
#506	REDUCE cov: 1273 ft: 2041 corp: 77/9949Kb lim: 239306 exec/s: 0 rss: 329Mb L: 71652/239306 MS: 4 PersAutoDict-CMP-ChangeByte-EraseBytes- DE: "\001\000"-"\001\000\000\000"-
#518	NEW    cov: 1273 ft: 2044 corp: 78/10106Kb lim: 239306 exec/s: 0 rss: 340Mb L: 160823/239306 MS: 2 CopyPart-CopyPart-
#530	NEW    cov: 1273 ft: 2056 corp: 79/10307Kb lim: 239306 exec/s: 0 rss: 349Mb L: 206352/239306 MS: 2 ChangeBinInt-ChangeByte-
#590	NEW    cov: 1273 ft: 2058 corp: 80/10338Kb lim: 239306 exec/s: 0 rss: 370Mb L: 31273/239306 MS: 5 ChangeBinInt-CopyPart-CrossOver-ChangeByte-EraseBytes-
#591	REDUCE cov: 1273 ft: 2058 corp: 80/10324Kb lim: 239306 exec/s: 0 rss: 370Mb L: 83837/239306 MS: 1 EraseBytes-
#617	REDUCE cov: 1273 ft: 2058 corp: 80/10257Kb lim: 239306 exec/s: 0 rss: 370Mb L: 55965/239306 MS: 1 CrossOver-
#628	NEW    cov: 1273 ft: 2059 corp: 81/10291Kb lim: 239306 exec/s: 0 rss: 370Mb L: 34629/239306 MS: 1 ChangeBinInt-
#629	NEW    cov: 1273 ft: 2077 corp: 82/10322Kb lim: 239306 exec/s: 0 rss: 370Mb L: 31273/239306 MS: 1 ChangeBinInt-
#636	NEW    cov: 1280 ft: 2091 corp: 83/10447Kb lim: 239306 exec/s: 0 rss: 372Mb L: 128160/239306 MS: 2 CopyPart-PersAutoDict- DE: "\001\000"-
#642	NEW    cov: 1280 ft: 2095 corp: 84/10583Kb lim: 239306 exec/s: 0 rss: 375Mb L: 139095/239306 MS: 1 EraseBytes-
#652	NEW    cov: 1280 ft: 2096 corp: 85/10721Kb lim: 239306 exec/s: 0 rss: 375Mb L: 141282/239306 MS: 5 CrossOver-InsertByte-InsertByte-ChangeByte-ChangeBinInt-
#655	REDUCE cov: 1280 ft: 2096 corp: 85/10718Kb lim: 239306 exec/s: 0 rss: 375Mb L: 11909/239306 MS: 3 ShuffleBytes-PersAutoDict-EraseBytes- DE: "\377\377"-
#664	NEW    cov: 1280 ft: 2097 corp: 86/10930Kb lim: 239306 exec/s: 0 rss: 375Mb L: 217393/239306 MS: 4 EraseBytes-ChangeASCIIInt-InsertByte-PersAutoDict- DE: "\001\000\000\000"-
#667	NEW    cov: 1281 ft: 2098 corp: 87/10931Kb lim: 239306 exec/s: 0 rss: 375Mb L: 567/239306 MS: 3 InsertByte-ChangeByte-CrossOver-
#674	NEW    cov: 1281 ft: 2101 corp: 88/11018Kb lim: 239306 exec/s: 0 rss: 375Mb L: 89737/239306 MS: 2 ChangeBit-ChangeByte-
#681	NEW    cov: 1281 ft: 2102 corp: 89/11252Kb lim: 239306 exec/s: 681 rss: 378Mb L: 239306/239306 MS: 2 ShuffleBytes-ShuffleBytes-
#701	NEW    cov: 1281 ft: 2103 corp: 90/11419Kb lim: 239306 exec/s: 701 rss: 381Mb L: 170708/239306 MS: 5 ChangeBinInt-CopyPart-ChangeBinInt-CrossOver-CrossOver-
#703	REDUCE cov: 1281 ft: 2103 corp: 90/11380Kb lim: 239306 exec/s: 703 rss: 381Mb L: 199537/239306 MS: 2 ChangeASCIIInt-EraseBytes-
#706	REDUCE cov: 1281 ft: 2103 corp: 90/11353Kb lim: 239306 exec/s: 706 rss: 381Mb L: 67693/239306 MS: 3 ChangeByte-ChangeBit-EraseBytes-
#707	REDUCE cov: 1281 ft: 2103 corp: 90/11329Kb lim: 239306 exec/s: 707 rss: 381Mb L: 59525/239306 MS: 1 EraseBytes-
#720	REDUCE cov: 1281 ft: 2103 corp: 90/11325Kb lim: 239306 exec/s: 720 rss: 381Mb L: 85660/239306 MS: 3 ChangeASCIIInt-InsertByte-EraseBytes-
	NEW_FUNC[1/1]: 0x55757c0c7ab0  (/home/runner/work/hc-stark/hc-stark/raw-reports/cargo-target/x86_64-unknown-linux-gnu/release/plonky3_proof_bytes_v1+0x25bab0) (BuildId: 93b0a3be9bf8948c6041fb18af8421d78e04255e)
#741	NEW    cov: 1286 ft: 2111 corp: 91/11430Kb lim: 239306 exec/s: 741 rss: 381Mb L: 106755/239306 MS: 1 CrossOver-
#765	NEW    cov: 1286 ft: 2112 corp: 92/11662Kb lim: 239306 exec/s: 765 rss: 381Mb L: 238009/239306 MS: 4 CopyPart-InsertByte-CMP-ChangeBinInt- DE: "\377\377\377\377"-
#770	NEW    cov: 1286 ft: 2116 corp: 93/11755Kb lim: 239306 exec/s: 770 rss: 382Mb L: 94831/239306 MS: 5 CopyPart-ShuffleBytes-CMP-EraseBytes-CopyPart- DE: "\003I$\222I$\222I"-
#780	REDUCE cov: 1286 ft: 2116 corp: 93/11735Kb lim: 239306 exec/s: 780 rss: 382Mb L: 14446/239306 MS: 5 ChangeByte-CMP-ChangeByte-InsertRepeatedBytes-CrossOver- DE: "\001\000"-
#791	REDUCE cov: 1286 ft: 2116 corp: 93/11734Kb lim: 239306 exec/s: 791 rss: 382Mb L: 33985/239306 MS: 1 EraseBytes-
	NEW_FUNC[1/2]: 0x55757c0eff70  (/home/runner/work/hc-stark/hc-stark/raw-reports/cargo-target/x86_64-unknown-linux-gnu/release/plonky3_proof_bytes_v1+0x283f70) (BuildId: 93b0a3be9bf8948c6041fb18af8421d78e04255e)
	NEW_FUNC[2/2]: 0x55757c0f7650  (/home/runner/work/hc-stark/hc-stark/raw-reports/cargo-target/x86_64-unknown-linux-gnu/release/plonky3_proof_bytes_v1+0x28b650) (BuildId: 93b0a3be9bf8948c6041fb18af8421d78e04255e)
#794	REDUCE cov: 1299 ft: 2241 corp: 94/11836Kb lim: 239306 exec/s: 794 rss: 382Mb L: 104393/239306 MS: 3 InsertByte-ChangeBit-PersAutoDict- DE: "\000\000"-
#824	REDUCE cov: 1299 ft: 2241 corp: 94/11758Kb lim: 239306 exec/s: 824 rss: 388Mb L: 131001/239306 MS: 5 ChangeBinInt-ShuffleBytes-ShuffleBytes-CMP-EraseBytes- DE: "\377\377\377\377"-
#830	NEW    cov: 1299 ft: 2243 corp: 95/11992Kb lim: 239306 exec/s: 830 rss: 388Mb L: 239306/239306 MS: 1 CopyPart-
#848	NEW    cov: 1299 ft: 2254 corp: 96/12012Kb lim: 239306 exec/s: 848 rss: 388Mb L: 19907/239306 MS: 3 CMP-ShuffleBytes-EraseBytes- DE: "\377\377"-
#853	REDUCE cov: 1299 ft: 2254 corp: 96/11962Kb lim: 239306 exec/s: 853 rss: 388Mb L: 90436/239306 MS: 5 ChangeByte-PersAutoDict-PersAutoDict-CopyPart-EraseBytes- DE: "UUUUUUU\005"-"\002\377\377\377\377\377\377\377"-
#860	REDUCE cov: 1299 ft: 2254 corp: 96/11949Kb lim: 239306 exec/s: 860 rss: 388Mb L: 58253/239306 MS: 2 ChangeBinInt-EraseBytes-
#871	REDUCE cov: 1299 ft: 2254 corp: 96/11937Kb lim: 239306 exec/s: 871 rss: 388Mb L: 73566/239306 MS: 1 EraseBytes-
#915	REDUCE cov: 1299 ft: 2254 corp: 96/11902Kb lim: 239306 exec/s: 915 rss: 388Mb L: 62892/239306 MS: 4 ChangeASCIIInt-ChangeBit-ShuffleBytes-EraseBytes-
#932	REDUCE cov: 1299 ft: 2254 corp: 96/11895Kb lim: 239306 exec/s: 932 rss: 388Mb L: 77982/239306 MS: 2 InsertByte-EraseBytes-
#941	NEW    cov: 1299 ft: 2257 corp: 97/11965Kb lim: 239306 exec/s: 941 rss: 388Mb L: 71013/239306 MS: 4 ChangeASCIIInt-InsertByte-ChangeBit-CMP- DE: "\377\377\377\377"-
#960	NEW    cov: 1299 ft: 2258 corp: 98/12193Kb lim: 239306 exec/s: 960 rss: 389Mb L: 234159/239306 MS: 4 PersAutoDict-ChangeASCIIInt-ChangeByte-ChangeBinInt- DE: "\377\377"-
#1027	NEW    cov: 1299 ft: 2261 corp: 99/12222Kb lim: 239306 exec/s: 1027 rss: 392Mb L: 29817/239306 MS: 2 ChangeBinInt-CopyPart-
#1043	NEW    cov: 1299 ft: 2262 corp: 100/12363Kb lim: 239306 exec/s: 1043 rss: 392Mb L: 144017/239306 MS: 1 EraseBytes-
#1091	NEW    cov: 1299 ft: 2263 corp: 101/12597Kb lim: 239306 exec/s: 1091 rss: 392Mb L: 239306/239306 MS: 3 ChangeBinInt-CMP-CrossOver- DE: "\301\\\002\211\354-\012\221g\354\216e\241\215\353\276^U2\373\356\242\223\370\013\311B\356\220\206\301q"-
#1122	REDUCE cov: 1312 ft: 2276 corp: 102/12608Kb lim: 239306 exec/s: 1122 rss: 392Mb L: 12028/239306 MS: 1 InsertRepeatedBytes-
#1123	REDUCE cov: 1312 ft: 2276 corp: 102/12576Kb lim: 239306 exec/s: 1123 rss: 392Mb L: 38174/239306 MS: 1 EraseBytes-
#1124	REDUCE cov: 1312 ft: 2276 corp: 102/12568Kb lim: 239306 exec/s: 1124 rss: 392Mb L: 133310/239306 MS: 1 EraseBytes-
#1126	REDUCE cov: 1312 ft: 2277 corp: 103/12670Kb lim: 239306 exec/s: 1126 rss: 392Mb L: 104390/239306 MS: 2 ChangeASCIIInt-ShuffleBytes-
#1136	REDUCE cov: 1312 ft: 2277 corp: 103/12590Kb lim: 239306 exec/s: 1136 rss: 392Mb L: 157304/239306 MS: 5 ChangeBinInt-ChangeASCIIInt-CopyPart-ChangeBinInt-EraseBytes-
#1140	REDUCE cov: 1312 ft: 2277 corp: 103/12577Kb lim: 239306 exec/s: 1140 rss: 392Mb L: 119548/239306 MS: 4 PersAutoDict-CMP-PersAutoDict-EraseBytes- DE: "\256(\011\213\253\342\256\247"-"\377\377"-"\001\000\000\000"-
#1151	REDUCE cov: 1312 ft: 2277 corp: 103/12544Kb lim: 239306 exec/s: 1151 rss: 392Mb L: 200872/239306 MS: 1 CrossOver-
#1195	NEW    cov: 1312 ft: 2288 corp: 104/12622Kb lim: 239306 exec/s: 1195 rss: 393Mb L: 79179/239306 MS: 4 ChangeByte-ChangeBinInt-ChangeByte-CrossOver-
#1196	REDUCE cov: 1312 ft: 2288 corp: 104/12602Kb lim: 239306 exec/s: 1196 rss: 393Mb L: 57634/239306 MS: 1 EraseBytes-
#1220	REDUCE cov: 1312 ft: 2288 corp: 104/12549Kb lim: 239306 exec/s: 1220 rss: 393Mb L: 104489/239306 MS: 4 ShuffleBytes-PersAutoDict-ChangeASCIIInt-EraseBytes- DE: "\001\000\000\000"-
#1224	REDUCE cov: 1312 ft: 2288 corp: 104/12542Kb lim: 239306 exec/s: 1224 rss: 393Mb L: 22411/239306 MS: 4 ShuffleBytes-ChangeByte-ChangeBit-EraseBytes-
#1226	REDUCE cov: 1312 ft: 2288 corp: 104/12503Kb lim: 239306 exec/s: 1226 rss: 393Mb L: 82180/239306 MS: 2 PersAutoDict-EraseBytes- DE: "\001\000"-
#1279	REDUCE cov: 1312 ft: 2288 corp: 104/12485Kb lim: 239306 exec/s: 1279 rss: 394Mb L: 219928/239306 MS: 3 ShuffleBytes-ChangeASCIIInt-EraseBytes-
#1333	REDUCE cov: 1312 ft: 2288 corp: 104/12441Kb lim: 239306 exec/s: 1333 rss: 394Mb L: 50184/239306 MS: 4 PersAutoDict-InsertRepeatedBytes-InsertByte-EraseBytes- DE: "\377\377"-
#1348	NEW    cov: 1312 ft: 2290 corp: 105/12540Kb lim: 239306 exec/s: 1348 rss: 394Mb L: 101043/239306 MS: 5 CrossOver-InsertByte-ChangeBit-ChangeBit-CMP- DE: "\000\000\000\000\000\000\025\023"-
#1380	REDUCE cov: 1312 ft: 2290 corp: 105/12528Kb lim: 239306 exec/s: 1380 rss: 394Mb L: 127498/239306 MS: 2 CrossOver-EraseBytes-
#1397	NEW    cov: 1312 ft: 2291 corp: 106/12529Kb lim: 239306 exec/s: 1397 rss: 394Mb L: 386/239306 MS: 2 InsertByte-EraseBytes-
#1401	REDUCE cov: 1312 ft: 2291 corp: 106/12527Kb lim: 239306 exec/s: 1401 rss: 394Mb L: 137576/239306 MS: 4 ChangeBinInt-ChangeASCIIInt-CopyPart-CrossOver-
#1439	REDUCE cov: 1313 ft: 2297 corp: 107/12560Kb lim: 239306 exec/s: 1439 rss: 394Mb L: 33989/239306 MS: 3 ShuffleBytes-PersAutoDict-ShuffleBytes- DE: "\001\000\000\000"-
#1460	REDUCE cov: 1313 ft: 2297 corp: 107/12499Kb lim: 239306 exec/s: 1460 rss: 394Mb L: 136971/239306 MS: 1 EraseBytes-
#1464	REDUCE cov: 1316 ft: 2300 corp: 108/12553Kb lim: 239306 exec/s: 1464 rss: 394Mb L: 56043/239306 MS: 4 ShuffleBytes-InsertRepeatedBytes-ChangeByte-PersAutoDict- DE: "\301\\\002\211\354-\012\221g\354\216e\241\215\353\276^U2\373\356\242\223\370\013\311B\356\220\206\301q"-
#1483	REDUCE cov: 1316 ft: 2300 corp: 108/12489Kb lim: 239306 exec/s: 1483 rss: 394Mb L: 172030/239306 MS: 4 CMP-ChangeBit-PersAutoDict-EraseBytes- DE: "\001\000\000\000"-"\377\377"-
#1487	REDUCE cov: 1316 ft: 2300 corp: 108/12489Kb lim: 239306 exec/s: 1487 rss: 394Mb L: 419/239306 MS: 4 PersAutoDict-ChangeByte-InsertByte-EraseBytes- DE: "\377\377\377\377"-
#1546	REDUCE cov: 1316 ft: 2300 corp: 108/12464Kb lim: 239306 exec/s: 1546 rss: 396Mb L: 106073/239306 MS: 4 ChangeASCIIInt-CrossOver-ShuffleBytes-CrossOver-
#1548	NEW    cov: 1316 ft: 2310 corp: 109/12695Kb lim: 239306 exec/s: 1548 rss: 396Mb L: 236527/239306 MS: 2 ChangeByte-InsertRepeatedBytes-
#1550	NEW    cov: 1316 ft: 2311 corp: 110/12793Kb lim: 239306 exec/s: 1550 rss: 396Mb L: 99573/239306 MS: 2 ChangeASCIIInt-ChangeBinInt-
#1574	NEW    cov: 1317 ft: 2312 corp: 111/12890Kb lim: 239306 exec/s: 1574 rss: 396Mb L: 99598/239306 MS: 4 InsertByte-ChangeByte-ChangeBinInt-InsertRepeatedBytes-
#1601	NEW    cov: 1317 ft: 2313 corp: 112/13009Kb lim: 239306 exec/s: 1601 rss: 400Mb L: 121989/239306 MS: 2 ShuffleBytes-InsertRepeatedBytes-
#1602	NEW    cov: 1319 ft: 2318 corp: 113/13239Kb lim: 239306 exec/s: 1602 rss: 402Mb L: 235744/239306 MS: 1 CMP- DE: "\001\000\000\000\000\000\000\000"-
#1605	REDUCE cov: 1319 ft: 2318 corp: 113/13204Kb lim: 239306 exec/s: 802 rss: 403Mb L: 200570/239306 MS: 3 ChangeBit-ChangeBinInt-EraseBytes-
#1617	REDUCE cov: 1319 ft: 2318 corp: 113/13200Kb lim: 239306 exec/s: 808 rss: 403Mb L: 66947/239306 MS: 2 PersAutoDict-EraseBytes- DE: "\003I$\222I$\222I"-
#1659	REDUCE cov: 1319 ft: 2320 corp: 114/13204Kb lim: 239306 exec/s: 829 rss: 404Mb L: 4237/239306 MS: 2 ChangeBit-CrossOver-
#1661	REDUCE cov: 1319 ft: 2320 corp: 114/13169Kb lim: 239306 exec/s: 830 rss: 404Mb L: 43093/239306 MS: 2 ChangeBit-EraseBytes-
#1699	NEW    cov: 1319 ft: 2321 corp: 115/13403Kb lim: 239306 exec/s: 849 rss: 405Mb L: 239306/239306 MS: 3 PersAutoDict-ChangeByte-CrossOver- DE: "\301\\\002\211\354-\012\221g\354\216e\241\215\353\276^U2\373\356\242\223\370\013\311B\356\220\206\301q"-
#1705	NEW    cov: 1319 ft: 2322 corp: 116/13507Kb lim: 239306 exec/s: 852 rss: 405Mb L: 107189/239306 MS: 1 CopyPart-
#1711	NEW    cov: 1319 ft: 2323 corp: 117/13648Kb lim: 239306 exec/s: 855 rss: 405Mb L: 143818/239306 MS: 1 InsertRepeatedBytes-
#1713	NEW    cov: 1319 ft: 2324 corp: 118/13731Kb lim: 239306 exec/s: 856 rss: 405Mb L: 84837/239306 MS: 2 CrossOver-PersAutoDict- DE: "\301\\\002\211\354-\012\221g\354\216e\241\215\353\276^U2\373\356\242\223\370\013\311B\356\220\206\301q"-
#1716	REDUCE cov: 1319 ft: 2324 corp: 118/13709Kb lim: 239306 exec/s: 858 rss: 405Mb L: 48268/239306 MS: 3 ChangeByte-InsertRepeatedBytes-CrossOver-
#1738	REDUCE cov: 1321 ft: 2327 corp: 119/13709Kb lim: 239306 exec/s: 869 rss: 405Mb L: 420/239306 MS: 2 ShuffleBytes-InsertByte-
#1776	REDUCE cov: 1321 ft: 2327 corp: 119/13703Kb lim: 239306 exec/s: 888 rss: 405Mb L: 25206/239306 MS: 3 InsertRepeatedBytes-CrossOver-EraseBytes-
#1818	REDUCE cov: 1321 ft: 2327 corp: 119/13680Kb lim: 239306 exec/s: 909 rss: 405Mb L: 66903/239306 MS: 2 ShuffleBytes-EraseBytes-
#1832	REDUCE cov: 1321 ft: 2327 corp: 119/13673Kb lim: 239306 exec/s: 916 rss: 405Mb L: 27029/239306 MS: 4 CMP-ShuffleBytes-CMP-EraseBytes- DE: "\000\000\000\000\000\000\000M"-"\001\000"-
#1846	REDUCE cov: 1321 ft: 2327 corp: 119/13627Kb lim: 239306 exec/s: 923 rss: 405Mb L: 122993/239306 MS: 4 ChangeBit-PersAutoDict-InsertByte-EraseBytes- DE: "\003I$\222I$\222I"-
#1853	REDUCE cov: 1321 ft: 2328 corp: 120/13743Kb lim: 239306 exec/s: 926 rss: 405Mb L: 119548/239306 MS: 2 CrossOver-PersAutoDict- DE: "\256(\011\213\253\342\256\247"-
#1870	NEW    cov: 1321 ft: 2329 corp: 121/13977Kb lim: 239306 exec/s: 935 rss: 405Mb L: 239306/239306 MS: 2 ChangeByte-ChangeBit-
#1877	REDUCE cov: 1321 ft: 2329 corp: 121/13969Kb lim: 239306 exec/s: 938 rss: 405Mb L: 135457/239306 MS: 2 InsertRepeatedBytes-EraseBytes-
#1878	NEW    cov: 1321 ft: 2332 corp: 122/13969Kb lim: 239306 exec/s: 939 rss: 405Mb L: 386/239306 MS: 1 ChangeBit-
#1929	NEW    cov: 1327 ft: 2354 corp: 123/13990Kb lim: 239306 exec/s: 964 rss: 405Mb L: 21291/239306 MS: 1 CMP- DE: "\000\000\000\000"-
#1941	REDUCE cov: 1327 ft: 2354 corp: 123/13946Kb lim: 239306 exec/s: 970 rss: 405Mb L: 161006/239306 MS: 2 ChangeBit-EraseBytes-
#1960	REDUCE cov: 1327 ft: 2354 corp: 123/13918Kb lim: 239306 exec/s: 980 rss: 406Mb L: 132044/239306 MS: 4 CrossOver-ChangeByte-ChangeBinInt-EraseBytes-
#2016	REDUCE cov: 1327 ft: 2359 corp: 124/14071Kb lim: 239306 exec/s: 1008 rss: 409Mb L: 157305/239306 MS: 1 InsertByte-
#2025	REDUCE cov: 1327 ft: 2360 corp: 125/14126Kb lim: 239306 exec/s: 1012 rss: 411Mb L: 56085/239306 MS: 4 PersAutoDict-ShuffleBytes-ChangeBit-InsertRepeatedBytes- DE: "\377\377\377\377"-
#2035	REDUCE cov: 1327 ft: 2360 corp: 125/14106Kb lim: 239306 exec/s: 1017 rss: 411Mb L: 83616/239306 MS: 5 CopyPart-PersAutoDict-InsertByte-CrossOver-EraseBytes- DE: "\256(\011\213\253\342\256\247"-
#2048	pulse  cov: 1327 ft: 2361 corp: 125/14106Kb lim: 239306 exec/s: 1024 rss: 411Mb
#2048	NEW    cov: 1327 ft: 2361 corp: 126/14334Kb lim: 239306 exec/s: 1024 rss: 411Mb L: 234287/239306 MS: 3 ChangeByte-PersAutoDict-CopyPart- DE: "\001\000\000\000"-
#2064	REDUCE cov: 1327 ft: 2361 corp: 126/14321Kb lim: 239306 exec/s: 1032 rss: 411Mb L: 114279/239306 MS: 1 EraseBytes-
#2065	REDUCE cov: 1327 ft: 2361 corp: 126/14278Kb lim: 239306 exec/s: 1032 rss: 411Mb L: 79063/239306 MS: 1 EraseBytes-
#2067	NEW    cov: 1327 ft: 2364 corp: 127/14311Kb lim: 239306 exec/s: 1033 rss: 411Mb L: 34154/239306 MS: 2 InsertByte-CMP- DE: "\377\377\377\377\377\377\377\263"-
#2068	REDUCE cov: 1327 ft: 2364 corp: 127/14303Kb lim: 239306 exec/s: 1034 rss: 411Mb L: 75212/239306 MS: 1 EraseBytes-
#2114	REDUCE cov: 1327 ft: 2364 corp: 127/14260Kb lim: 239306 exec/s: 1057 rss: 414Mb L: 75616/239306 MS: 1 CrossOver-
#2159	REDUCE cov: 1327 ft: 2375 corp: 128/14285Kb lim: 239306 exec/s: 1079 rss: 414Mb L: 25286/239306 MS: 5 ChangeByte-ChangeASCIIInt-PersAutoDict-InsertRepeatedBytes-ChangeByte- DE: "\301\\\002\211\354-\012\221g\354\216e\241\215\353\276^U2\373\356\242\223\370\013\311B\356\220\206\301q"-
#2170	REDUCE cov: 1327 ft: 2386 corp: 129/14309Kb lim: 239306 exec/s: 1085 rss: 414Mb L: 25207/239306 MS: 1 InsertByte-
#2188	REDUCE cov: 1327 ft: 2386 corp: 129/14300Kb lim: 239306 exec/s: 1094 rss: 414Mb L: 24748/239306 MS: 3 ChangeBinInt-ChangeBit-EraseBytes-
#2209	REDUCE cov: 1327 ft: 2386 corp: 129/14287Kb lim: 239306 exec/s: 1104 rss: 414Mb L: 45163/239306 MS: 1 EraseBytes-
#2228	REDUCE cov: 1327 ft: 2386 corp: 129/14285Kb lim: 239306 exec/s: 1114 rss: 414Mb L: 22375/239306 MS: 4 ChangeBinInt-PersAutoDict-ChangeBinInt-CrossOver- DE: "\001\000"-
#2259	REDUCE cov: 1327 ft: 2386 corp: 129/14284Kb lim: 239306 exec/s: 1129 rss: 414Mb L: 21408/239306 MS: 1 EraseBytes-
#2288	REDUCE cov: 1327 ft: 2386 corp: 129/14209Kb lim: 239306 exec/s: 1144 rss: 414Mb L: 29006/239306 MS: 4 ChangeASCIIInt-CrossOver-CrossOver-CrossOver-
#2294	NEW    cov: 1327 ft: 2390 corp: 130/14441Kb lim: 239306 exec/s: 1147 rss: 414Mb L: 237826/239306 MS: 1 InsertRepeatedBytes-
#2300	NEW    cov: 1327 ft: 2394 corp: 131/14669Kb lim: 239306 exec/s: 1150 rss: 414Mb L: 233728/239306 MS: 1 CopyPart-
#2304	NEW    cov: 1327 ft: 2399 corp: 132/14673Kb lim: 239306 exec/s: 1152 rss: 414Mb L: 3775/239306 MS: 4 ChangeBit-CrossOver-InsertByte-EraseBytes-
#2316	NEW    cov: 1327 ft: 2404 corp: 133/14760Kb lim: 239306 exec/s: 1158 rss: 414Mb L: 89039/239306 MS: 2 CrossOver-PersAutoDict- DE: "\001\000\000\000\000\000\000\000"-
#2343	REDUCE cov: 1327 ft: 2404 corp: 133/14751Kb lim: 239306 exec/s: 1171 rss: 414Mb L: 95649/239306 MS: 2 InsertRepeatedBytes-EraseBytes-
#2387	REDUCE cov: 1327 ft: 2404 corp: 133/14726Kb lim: 239306 exec/s: 1193 rss: 414Mb L: 88562/239306 MS: 4 PersAutoDict-ChangeByte-InsertRepeatedBytes-EraseBytes- DE: "\301\\\002\211\354-\012\221g\354\216e\241\215\353\276^U2\373\356\242\223\370\013\311B\356\220\206\301q"-
#2413	REDUCE cov: 1327 ft: 2404 corp: 133/14692Kb lim: 239306 exec/s: 1206 rss: 414Mb L: 69390/239306 MS: 1 EraseBytes-
#2417	NEW    cov: 1328 ft: 2413 corp: 134/14692Kb lim: 239306 exec/s: 1208 rss: 414Mb L: 420/239306 MS: 4 ChangeByte-ChangeByte-CMP-PersAutoDict- DE: "\001\000"-"\377\377\377\377\377\377\377\263"-
#2421	REDUCE cov: 1328 ft: 2413 corp: 134/14640Kb lim: 239306 exec/s: 1210 rss: 414Mb L: 83434/239306 MS: 4 ShuffleBytes-InsertRepeatedBytes-ShuffleBytes-EraseBytes-
#2423	REDUCE cov: 1328 ft: 2413 corp: 134/14636Kb lim: 239306 exec/s: 1211 rss: 414Mb L: 10924/239306 MS: 2 ChangeBit-EraseBytes-
#2474	REDUCE cov: 1328 ft: 2413 corp: 134/14632Kb lim: 239306 exec/s: 1237 rss: 414Mb L: 70778/239306 MS: 1 EraseBytes-
#2561	NEW    cov: 1328 ft: 2414 corp: 135/14747Kb lim: 239306 exec/s: 1280 rss: 414Mb L: 118183/239306 MS: 2 ChangeASCIIInt-EraseBytes-
#2568	REDUCE cov: 1328 ft: 2414 corp: 135/14747Kb lim: 239306 exec/s: 1284 rss: 414Mb L: 19497/239306 MS: 2 ShuffleBytes-EraseBytes-
#2588	NEW    cov: 1328 ft: 2425 corp: 136/14755Kb lim: 239306 exec/s: 1294 rss: 414Mb L: 8803/239306 MS: 5 CMP-EraseBytes-InsertRepeatedBytes-PersAutoDict-EraseBytes- DE: "\005\000\000\000\000\000\000\000"-"\000\000\000\000\000\000\025\023"-
#2619	REDUCE cov: 1328 ft: 2425 corp: 136/14754Kb lim: 239306 exec/s: 1309 rss: 414Mb L: 83745/239306 MS: 1 EraseBytes-
#2620	REDUCE cov: 1328 ft: 2425 corp: 136/14739Kb lim: 239306 exec/s: 1310 rss: 414Mb L: 40768/239306 MS: 1 EraseBytes-
#2623	REDUCE cov: 1328 ft: 2425 corp: 136/14717Kb lim: 239306 exec/s: 874 rss: 414Mb L: 210911/239306 MS: 3 InsertByte-CrossOver-EraseBytes-
#2636	NEW    cov: 1328 ft: 2427 corp: 137/14862Kb lim: 239306 exec/s: 878 rss: 415Mb L: 148581/239306 MS: 3 CopyPart-CMP-ShuffleBytes- DE: "\001\000\000\000"-
#2663	NEW    cov: 1328 ft: 2431 corp: 138/14941Kb lim: 239306 exec/s: 887 rss: 415Mb L: 81244/239306 MS: 2 InsertByte-CrossOver-
#2670	REDUCE cov: 1328 ft: 2431 corp: 138/14941Kb lim: 239306 exec/s: 890 rss: 415Mb L: 90582/239306 MS: 2 CrossOver-EraseBytes-
#2685	NEW    cov: 1328 ft: 2432 corp: 139/14941Kb lim: 239306 exec/s: 895 rss: 415Mb L: 391/239306 MS: 5 ChangeBinInt-CopyPart-ChangeBit-PersAutoDict-InsertByte- DE: "\377\377\377\377"-
#2692	REDUCE cov: 1328 ft: 2432 corp: 139/14938Kb lim: 239306 exec/s: 897 rss: 415Mb L: 55145/239306 MS: 2 InsertRepeatedBytes-EraseBytes-
#2757	REDUCE cov: 1328 ft: 2432 corp: 139/14795Kb lim: 239306 exec/s: 919 rss: 415Mb L: 92909/239306 MS: 5 CopyPart-ChangeByte-ChangeBinInt-ShuffleBytes-CrossOver-
#2766	REDUCE cov: 1328 ft: 2432 corp: 139/14774Kb lim: 239306 exec/s: 922 rss: 415Mb L: 52017/239306 MS: 4 InsertRepeatedBytes-ChangeBit-ShuffleBytes-EraseBytes-
#2770	REDUCE cov: 1328 ft: 2432 corp: 139/14702Kb lim: 239306 exec/s: 923 rss: 415Mb L: 14925/239306 MS: 4 InsertByte-InsertRepeatedBytes-ChangeBinInt-CrossOver-
#2777	REDUCE cov: 1328 ft: 2432 corp: 139/14702Kb lim: 239306 exec/s: 925 rss: 415Mb L: 3508/239306 MS: 2 CMP-EraseBytes- DE: "\375\321\275\311O\010\324\373"-
#2793	REDUCE cov: 1328 ft: 2432 corp: 139/14695Kb lim: 239306 exec/s: 931 rss: 415Mb L: 17935/239306 MS: 1 EraseBytes-
#2811	NEW    cov: 1331 ft: 2435 corp: 140/14695Kb lim: 239306 exec/s: 937 rss: 415Mb L: 229/239306 MS: 3 PersAutoDict-CopyPart-EraseBytes- DE: "\000\000\000\000\000\000\025\023"-
#2870	NEW    cov: 1331 ft: 2439 corp: 141/14765Kb lim: 239306 exec/s: 956 rss: 417Mb L: 71010/239306 MS: 4 ChangeBinInt-CrossOver-PersAutoDict-CMP- DE: "\256(\011\213\253\342\256\247"-"\000\000\000\000\000\000\000\000"-
#2871	REDUCE cov: 1331 ft: 2439 corp: 141/14742Kb lim: 239306 exec/s: 957 rss: 417Mb L: 149344/239306 MS: 1 EraseBytes-
#2881	REDUCE cov: 1331 ft: 2439 corp: 141/14735Kb lim: 239306 exec/s: 960 rss: 417Mb L: 83044/239306 MS: 5 ChangeBinInt-ChangeASCIIInt-CopyPart-InsertRepeatedBytes-EraseBytes-
#2886	NEW    cov: 1331 ft: 2440 corp: 142/14862Kb lim: 239306 exec/s: 962 rss: 417Mb L: 129832/239306 MS: 5 ShuffleBytes-ChangeASCIIInt-ChangeByte-ShuffleBytes-CrossOver-
#2895	REDUCE cov: 1331 ft: 2440 corp: 142/14854Kb lim: 239306 exec/s: 965 rss: 417Mb L: 14785/239306 MS: 4 CopyPart-ChangeBit-EraseBytes-EraseBytes-
#2917	REDUCE cov: 1331 ft: 2440 corp: 142/14836Kb lim: 239306 exec/s: 972 rss: 417Mb L: 49142/239306 MS: 2 InsertByte-EraseBytes-
#2919	REDUCE cov: 1331 ft: 2440 corp: 142/14831Kb lim: 239306 exec/s: 973 rss: 417Mb L: 16232/239306 MS: 2 CopyPart-EraseBytes-
#2975	NEW    cov: 1336 ft: 2445 corp: 143/14985Kb lim: 239306 exec/s: 991 rss: 419Mb L: 157305/239306 MS: 1 CMP- DE: "\001\000"-
#2983	REDUCE cov: 1336 ft: 2445 corp: 143/14984Kb lim: 239306 exec/s: 994 rss: 419Mb L: 15059/239306 MS: 3 ShuffleBytes-InsertByte-EraseBytes-
#2989	REDUCE cov: 1336 ft: 2445 corp: 143/14972Kb lim: 239306 exec/s: 996 rss: 419Mb L: 13259/239306 MS: 1 EraseBytes-
#3032	REDUCE cov: 1336 ft: 2445 corp: 143/14972Kb lim: 239306 exec/s: 1010 rss: 419Mb L: 419/239306 MS: 3 CopyPart-InsertRepeatedBytes-EraseBytes-
#3054	REDUCE cov: 1336 ft: 2445 corp: 143/14963Kb lim: 239306 exec/s: 1018 rss: 419Mb L: 139709/239306 MS: 2 ChangeBit-EraseBytes-
#3062	NEW    cov: 1336 ft: 2446 corp: 144/14963Kb lim: 239306 exec/s: 1020 rss: 419Mb L: 228/239306 MS: 3 EraseBytes-ChangeBinInt-InsertByte-
#3084	REDUCE cov: 1336 ft: 2446 corp: 144/14941Kb lim: 239306 exec/s: 1028 rss: 423Mb L: 77101/239306 MS: 2 CopyPart-EraseBytes-
#3088	REDUCE cov: 1336 ft: 2446 corp: 144/14941Kb lim: 239306 exec/s: 1029 rss: 423Mb L: 50825/239306 MS: 4 ChangeBit-ChangeByte-InsertByte-EraseBytes-
#3092	REDUCE cov: 1336 ft: 2446 corp: 144/14934Kb lim: 239306 exec/s: 1030 rss: 423Mb L: 33825/239306 MS: 4 ChangeASCIIInt-ChangeByte-PersAutoDict-EraseBytes- DE: "\001\000\000\000\000\000\000\000"-
#3142	REDUCE cov: 1336 ft: 2446 corp: 144/14911Kb lim: 239306 exec/s: 1047 rss: 425Mb L: 196151/239306 MS: 5 CopyPart-ShuffleBytes-ChangeBit-InsertByte-EraseBytes-
#3153	REDUCE cov: 1336 ft: 2451 corp: 145/14928Kb lim: 239306 exec/s: 1051 rss: 426Mb L: 17979/239306 MS: 1 InsertRepeatedBytes-
#3184	NEW    cov: 1336 ft: 2452 corp: 146/15160Kb lim: 239306 exec/s: 1061 rss: 426Mb L: 237826/239306 MS: 1 ChangeByte-
#3205	REDUCE cov: 1336 ft: 2452 corp: 146/15160Kb lim: 239306 exec/s: 1068 rss: 426Mb L: 116/239306 MS: 1 EraseBytes-
#3210	REDUCE cov: 1336 ft: 2452 corp: 146/15112Kb lim: 239306 exec/s: 1070 rss: 426Mb L: 109765/239306 MS: 5 EraseBytes-PersAutoDict-ChangeASCIIInt-CrossOver-EraseBytes- DE: "\001\000"-
	NEW_FUNC[1/1]: 0x55757c0f6ab0  (/home/runner/work/hc-stark/hc-stark/raw-reports/cargo-target/x86_64-unknown-linux-gnu/release/plonky3_proof_bytes_v1+0x28aab0) (BuildId: 93b0a3be9bf8948c6041fb18af8421d78e04255e)
#3278	NEW    cov: 1345 ft: 2461 corp: 147/15137Kb lim: 239306 exec/s: 1092 rss: 426Mb L: 26398/239306 MS: 3 EraseBytes-CrossOver-PersAutoDict- DE: "\000\000\000\000\000\000\000\000"-
#3324	NEW    cov: 1352 ft: 2468 corp: 148/15138Kb lim: 239306 exec/s: 1108 rss: 426Mb L: 237/239306 MS: 1 PersAutoDict- DE: "\005\000\000\000\000\000\000\000"-
#3360	REDUCE cov: 1352 ft: 2468 corp: 148/15122Kb lim: 239306 exec/s: 1120 rss: 426Mb L: 55279/239306 MS: 1 EraseBytes-
#3366	REDUCE cov: 1352 ft: 2468 corp: 148/15121Kb lim: 239306 exec/s: 1122 rss: 426Mb L: 24302/239306 MS: 1 EraseBytes-
#3372	REDUCE cov: 1352 ft: 2468 corp: 148/15121Kb lim: 239306 exec/s: 1124 rss: 426Mb L: 376/239306 MS: 1 EraseBytes-
#3390	REDUCE cov: 1352 ft: 2468 corp: 148/15083Kb lim: 239306 exec/s: 1130 rss: 426Mb L: 160761/239306 MS: 3 ChangeBit-ChangeBit-EraseBytes-
#3451	REDUCE cov: 1352 ft: 2468 corp: 148/15014Kb lim: 239306 exec/s: 1150 rss: 428Mb L: 167326/239306 MS: 1 EraseBytes-
#3460	REDUCE cov: 1352 ft: 2476 corp: 149/15028Kb lim: 239306 exec/s: 1153 rss: 428Mb L: 14927/239306 MS: 4 ShuffleBytes-ShuffleBytes-ChangeASCIIInt-CMP- DE: "\000\000"-
#3509	REDUCE cov: 1352 ft: 2476 corp: 149/15007Kb lim: 239306 exec/s: 1169 rss: 429Mb L: 33921/239306 MS: 4 ChangeByte-InsertRepeatedBytes-InsertByte-EraseBytes-
#3575	REDUCE cov: 1352 ft: 2476 corp: 149/15004Kb lim: 239306 exec/s: 1191 rss: 435Mb L: 230582/239306 MS: 1 EraseBytes-
#3592	NEW    cov: 1352 ft: 2477 corp: 150/15149Kb lim: 239306 exec/s: 1197 rss: 435Mb L: 148593/239306 MS: 2 CMP-PersAutoDict- DE: "\026\000\000\000\000\000\000\000"-"\001\000\000\000"-
#3624	REDUCE cov: 1354 ft: 2480 corp: 151/15355Kb lim: 239306 exec/s: 1208 rss: 435Mb L: 210947/239306 MS: 2 ChangeByte-InsertRepeatedBytes-
#3628	NEW    cov: 1354 ft: 2481 corp: 152/15588Kb lim: 239306 exec/s: 1209 rss: 435Mb L: 239306/239306 MS: 4 ChangeBinInt-PersAutoDict-CrossOver-CMP- DE: "\377\377\377\377"-"\000\000\000\000\000\000\005\332"-
#3640	REDUCE cov: 1354 ft: 2481 corp: 152/15499Kb lim: 239306 exec/s: 1213 rss: 435Mb L: 139068/239306 MS: 2 InsertRepeatedBytes-EraseBytes-
#3696	REDUCE cov: 1354 ft: 2481 corp: 152/15455Kb lim: 239306 exec/s: 1232 rss: 435Mb L: 111816/239306 MS: 1 EraseBytes-
#3780	REDUCE cov: 1354 ft: 2481 corp: 152/15447Kb lim: 239306 exec/s: 1260 rss: 435Mb L: 25732/239306 MS: 4 InsertByte-InsertByte-InsertByte-EraseBytes-
#3817	REDUCE cov: 1354 ft: 2481 corp: 152/15447Kb lim: 239306 exec/s: 954 rss: 435Mb L: 215/239306 MS: 2 ChangeBit-EraseBytes-
#3861	REDUCE cov: 1354 ft: 2481 corp: 152/15410Kb lim: 239306 exec/s: 965 rss: 435Mb L: 43930/239306 MS: 4 ChangeBit-PersAutoDict-CrossOver-EraseBytes- DE: "\000\000\000\000\000\000\025\023"-
#3876	REDUCE cov: 1354 ft: 2481 corp: 152/15391Kb lim: 239306 exec/s: 969 rss: 435Mb L: 51330/239306 MS: 5 ChangeBinInt-CopyPart-ChangeBit-ChangeBinInt-EraseBytes-
#3921	REDUCE cov: 1354 ft: 2481 corp: 152/15365Kb lim: 239306 exec/s: 980 rss: 435Mb L: 28274/239306 MS: 5 PersAutoDict-ShuffleBytes-InsertByte-InsertRepeatedBytes-EraseBytes- DE: "\301\\\002\211\354-\012\221g\354\216e\241\215\353\276^U2\373\356\242\223\370\013\311B\356\220\206\301q"-
#3923	REDUCE cov: 1354 ft: 2481 corp: 152/15303Kb lim: 239306 exec/s: 980 rss: 435Mb L: 85761/239306 MS: 2 ChangeBit-EraseBytes-
#3928	REDUCE cov: 1354 ft: 2481 corp: 152/15302Kb lim: 239306 exec/s: 982 rss: 435Mb L: 2055/239306 MS: 5 ChangeASCIIInt-CopyPart-ChangeBinInt-ChangeASCIIInt-EraseBytes-
#3938	REDUCE cov: 1354 ft: 2481 corp: 152/15294Kb lim: 239306 exec/s: 984 rss: 435Mb L: 48114/239306 MS: 5 CMP-ChangeASCIIInt-ShuffleBytes-CrossOver-EraseBytes- DE: "\377\377\377\377\377\377\377\025"-
#3941	REDUCE cov: 1354 ft: 2481 corp: 152/15274Kb lim: 239306 exec/s: 985 rss: 435Mb L: 28472/239306 MS: 3 ChangeASCIIInt-InsertRepeatedBytes-EraseBytes-
#3987	REDUCE cov: 1354 ft: 2481 corp: 152/15247Kb lim: 239306 exec/s: 996 rss: 435Mb L: 43746/239306 MS: 1 EraseBytes-
#4007	REDUCE cov: 1354 ft: 2481 corp: 152/15242Kb lim: 239306 exec/s: 1001 rss: 435Mb L: 28845/239306 MS: 5 ChangeByte-ChangeByte-ShuffleBytes-PersAutoDict-EraseBytes- DE: "\377\377"-
#4024	REDUCE cov: 1354 ft: 2481 corp: 152/15192Kb lim: 239306 exec/s: 1006 rss: 437Mb L: 105599/239306 MS: 2 InsertRepeatedBytes-EraseBytes-
#4035	REDUCE cov: 1354 ft: 2481 corp: 152/15185Kb lim: 239306 exec/s: 1008 rss: 437Mb L: 17653/239306 MS: 1 EraseBytes-
#4084	NEW    cov: 1354 ft: 2485 corp: 153/15284Kb lim: 239306 exec/s: 1021 rss: 437Mb L: 101051/239306 MS: 4 ChangeBit-ShuffleBytes-ChangeByte-PersAutoDict- DE: "\000\000\000\000\000\000\000\000"-
#4096	pulse  cov: 1354 ft: 2485 corp: 153/15284Kb lim: 239306 exec/s: 1024 rss: 439Mb
#4101	REDUCE cov: 1354 ft: 2485 corp: 153/15270Kb lim: 239306 exec/s: 1025 rss: 439Mb L: 55063/239306 MS: 2 InsertRepeatedBytes-EraseBytes-
#4127	REDUCE cov: 1354 ft: 2488 corp: 154/15402Kb lim: 239306 exec/s: 1031 rss: 439Mb L: 135465/239306 MS: 1 PersAutoDict- DE: "\000\000\000\000\000\000\005\332"-
#4206	REDUCE cov: 1354 ft: 2488 corp: 154/15392Kb lim: 239306 exec/s: 1051 rss: 439Mb L: 40616/239306 MS: 4 ChangeASCIIInt-PersAutoDict-ChangeBinInt-EraseBytes- DE: "\377\377\377\377\377\377\377\263"-
#4295	REDUCE cov: 1354 ft: 2488 corp: 154/15363Kb lim: 239306 exec/s: 1073 rss: 439Mb L: 46266/239306 MS: 4 InsertByte-PersAutoDict-ChangeBit-EraseBytes- DE: "\005\000\000\000\000\000\000\000"-
#4329	REDUCE cov: 1354 ft: 2488 corp: 154/15360Kb lim: 239306 exec/s: 1082 rss: 439Mb L: 8233/239306 MS: 4 InsertByte-InsertRepeatedBytes-InsertRepeatedBytes-EraseBytes-
#4351	REDUCE cov: 1354 ft: 2488 corp: 154/15217Kb lim: 239306 exec/s: 1087 rss: 439Mb L: 64794/239306 MS: 2 ChangeBinInt-CrossOver-
#4371	REDUCE cov: 1354 ft: 2488 corp: 154/15204Kb lim: 239306 exec/s: 1092 rss: 439Mb L: 32215/239306 MS: 5 InsertByte-PersAutoDict-PersAutoDict-ChangeBit-EraseBytes- DE: "\301\\\002\211\354-\012\221g\354\216e\241\215\353\276^U2\373\356\242\223\370\013\311B\356\220\206\301q"-"\026\000\000\000\000\000\000\000"-
#4376	REDUCE cov: 1354 ft: 2488 corp: 154/15190Kb lim: 239306 exec/s: 1094 rss: 439Mb L: 56250/239306 MS: 5 InsertRepeatedBytes-CopyPart-EraseBytes-ChangeASCIIInt-PersAutoDict- DE: "\377\377\377\377"-
#4381	REDUCE cov: 1354 ft: 2488 corp: 154/15182Kb lim: 239306 exec/s: 1095 rss: 439Mb L: 75711/239306 MS: 5 EraseBytes-InsertByte-ChangeASCIIInt-PersAutoDict-PersAutoDict- DE: "\005\000\000\000\000\000\000\000"-"\377\377\377\377\377\377\377\025"-
#4415	REDUCE cov: 1354 ft: 2488 corp: 154/15182Kb lim: 239306 exec/s: 1103 rss: 439Mb L: 96/239306 MS: 4 CopyPart-ShuffleBytes-PersAutoDict-EraseBytes- DE: "\002\377\377\377\377\377\377\377"-
#4444	REDUCE cov: 1354 ft: 2488 corp: 154/15168Kb lim: 239306 exec/s: 1111 rss: 439Mb L: 28941/239306 MS: 4 ChangeBit-ChangeByte-InsertByte-EraseBytes-
#4479	REDUCE cov: 1354 ft: 2488 corp: 154/15005Kb lim: 239306 exec/s: 1119 rss: 439Mb L: 44277/239306 MS: 5 CMP-ChangeASCIIInt-PersAutoDict-InsertByte-CrossOver- DE: "\000\000\000\000"-"\001\000\000\000\000\000\000\000"-
#4482	REDUCE cov: 1354 ft: 2488 corp: 154/15003Kb lim: 239306 exec/s: 1120 rss: 439Mb L: 5710/239306 MS: 3 InsertByte-ShuffleBytes-EraseBytes-
#4489	REDUCE cov: 1354 ft: 2490 corp: 155/15050Kb lim: 239306 exec/s: 1122 rss: 439Mb L: 48269/239306 MS: 2 CrossOver-InsertByte-
#4498	REDUCE cov: 1354 ft: 2490 corp: 155/15049Kb lim: 239306 exec/s: 1124 rss: 439Mb L: 17343/239306 MS: 4 CrossOver-ChangeBit-PersAutoDict-EraseBytes- DE: "\256(\011\213\253\342\256\247"-
#4514	REDUCE cov: 1354 ft: 2490 corp: 155/15046Kb lim: 239306 exec/s: 1128 rss: 442Mb L: 18770/239306 MS: 1 EraseBytes-
#4534	REDUCE cov: 1354 ft: 2490 corp: 155/15043Kb lim: 239306 exec/s: 1133 rss: 443Mb L: 25635/239306 MS: 5 InsertByte-InsertRepeatedBytes-PersAutoDict-ChangeASCIIInt-EraseBytes- DE: "\000\000\000\000\000\000\000M"-
#4567	REDUCE cov: 1354 ft: 2490 corp: 155/15022Kb lim: 239306 exec/s: 1141 rss: 443Mb L: 178829/239306 MS: 3 ChangeBinInt-InsertByte-EraseBytes-
#4568	REDUCE cov: 1354 ft: 2490 corp: 155/15018Kb lim: 239306 exec/s: 1142 rss: 443Mb L: 22314/239306 MS: 1 EraseBytes-
#4618	REDUCE cov: 1354 ft: 2490 corp: 155/14995Kb lim: 239306 exec/s: 1154 rss: 444Mb L: 78150/239306 MS: 5 ChangeBinInt-ChangeBit-CrossOver-ChangeASCIIInt-EraseBytes-
#4626	REDUCE cov: 1354 ft: 2490 corp: 155/14989Kb lim: 239306 exec/s: 1156 rss: 444Mb L: 21569/239306 MS: 3 ShuffleBytes-CrossOver-EraseBytes-
#4657	REDUCE cov: 1354 ft: 2490 corp: 155/14985Kb lim: 239306 exec/s: 1164 rss: 444Mb L: 13666/239306 MS: 1 EraseBytes-
#4685	REDUCE cov: 1354 ft: 2490 corp: 155/14958Kb lim: 239306 exec/s: 1171 rss: 444Mb L: 107343/239306 MS: 3 ChangeBinInt-ChangeBit-EraseBytes-
#4686	REDUCE cov: 1354 ft: 2493 corp: 156/14958Kb lim: 239306 exec/s: 1171 rss: 444Mb L: 210/239306 MS: 1 EraseBytes-
#4688	REDUCE cov: 1354 ft: 2493 corp: 156/14954Kb lim: 239306 exec/s: 1172 rss: 444Mb L: 79322/239306 MS: 2 ShuffleBytes-EraseBytes-
#4691	NEW    cov: 1356 ft: 2496 corp: 157/15006Kb lim: 239306 exec/s: 1172 rss: 444Mb L: 53761/239306 MS: 3 ChangeASCIIInt-EraseBytes-CopyPart-
#4692	REDUCE cov: 1356 ft: 2496 corp: 157/14996Kb lim: 239306 exec/s: 1173 rss: 444Mb L: 56165/239306 MS: 1 EraseBytes-
#4706	REDUCE cov: 1356 ft: 2496 corp: 157/14987Kb lim: 239306 exec/s: 1176 rss: 444Mb L: 13208/239306 MS: 4 ShuffleBytes-ChangeASCIIInt-ChangeASCIIInt-EraseBytes-
#4759	REDUCE cov: 1356 ft: 2496 corp: 157/14987Kb lim: 239306 exec/s: 1189 rss: 444Mb L: 47298/239306 MS: 3 ChangeASCIIInt-ChangeBinInt-EraseBytes-
#4801	REDUCE cov: 1356 ft: 2496 corp: 157/14980Kb lim: 239306 exec/s: 1200 rss: 444Mb L: 56130/239306 MS: 2 PersAutoDict-EraseBytes- DE: "\301\\\002\211\354-\012\221g\354\216e\241\215\353\276^U2\373\356\242\223\370\013\311B\356\220\206\301q"-
#4803	REDUCE cov: 1356 ft: 2496 corp: 157/14959Kb lim: 239306 exec/s: 1200 rss: 444Mb L: 24714/239306 MS: 2 InsertByte-EraseBytes-
#4814	REDUCE cov: 1356 ft: 2496 corp: 157/14926Kb lim: 239306 exec/s: 1203 rss: 444Mb L: 70144/239306 MS: 1 EraseBytes-
#4815	REDUCE cov: 1356 ft: 2496 corp: 157/14916Kb lim: 239306 exec/s: 1203 rss: 444Mb L: 46801/239306 MS: 1 EraseBytes-
#4838	REDUCE cov: 1356 ft: 2496 corp: 157/14915Kb lim: 239306 exec/s: 1209 rss: 444Mb L: 54454/239306 MS: 3 CMP-ShuffleBytes-EraseBytes- DE: "\000\000\000\000\000\000\000d"-
#4839	REDUCE cov: 1356 ft: 2497 corp: 158/14992Kb lim: 239306 exec/s: 1209 rss: 444Mb L: 79322/239306 MS: 1 CopyPart-
#4887	REDUCE cov: 1356 ft: 2497 corp: 158/14992Kb lim: 239306 exec/s: 1221 rss: 444Mb L: 387/239306 MS: 3 ShuffleBytes-ChangeBit-EraseBytes-
#4898	REDUCE cov: 1356 ft: 2497 corp: 158/14992Kb lim: 239306 exec/s: 1224 rss: 444Mb L: 350/239306 MS: 1 EraseBytes-
#4919	REDUCE cov: 1356 ft: 2497 corp: 158/14917Kb lim: 239306 exec/s: 1229 rss: 444Mb L: 158427/239306 MS: 1 EraseBytes-
#4927	REDUCE cov: 1356 ft: 2497 corp: 158/14917Kb lim: 239306 exec/s: 1231 rss: 444Mb L: 374/239306 MS: 3 InsertByte-ChangeBit-EraseBytes-
#4955	REDUCE cov: 1356 ft: 2497 corp: 158/14907Kb lim: 239306 exec/s: 1238 rss: 444Mb L: 49983/239306 MS: 3 InsertByte-CopyPart-EraseBytes-
#4986	NEW    cov: 1357 ft: 2498 corp: 159/14995Kb lim: 239306 exec/s: 997 rss: 444Mb L: 89863/239306 MS: 1 InsertRepeatedBytes-
#5029	REDUCE cov: 1357 ft: 2498 corp: 159/14960Kb lim: 239306 exec/s: 1005 rss: 444Mb L: 95745/239306 MS: 3 ChangeBinInt-ChangeByte-EraseBytes-
#5040	REDUCE cov: 1357 ft: 2498 corp: 159/14935Kb lim: 239306 exec/s: 1008 rss: 444Mb L: 114641/239306 MS: 1 EraseBytes-
#5064	REDUCE cov: 1357 ft: 2498 corp: 159/14935Kb lim: 239306 exec/s: 1012 rss: 444Mb L: 390/239306 MS: 4 ChangeBinInt-ShuffleBytes-ChangeByte-EraseBytes-
#5090	REDUCE cov: 1357 ft: 2498 corp: 159/14920Kb lim: 239306 exec/s: 1018 rss: 444Mb L: 17916/239306 MS: 1 EraseBytes-
#5134	REDUCE cov: 1357 ft: 2498 corp: 159/14914Kb lim: 239306 exec/s: 1026 rss: 444Mb L: 11563/239306 MS: 4 CMP-CMP-ShuffleBytes-EraseBytes- DE: "\377\377\377\377"-"\377\377\377\377\377\377\000\271"-
#5147	NEW    cov: 1358 ft: 2499 corp: 160/14983Kb lim: 239306 exec/s: 1029 rss: 444Mb L: 71011/239306 MS: 3 ChangeASCIIInt-CMP-PersAutoDict- DE: "\376\377\377\377\377\377\377\003"-"\002\377\377\377\377\377\377\377"-
#5166	REDUCE cov: 1358 ft: 2499 corp: 160/14981Kb lim: 239306 exec/s: 1033 rss: 444Mb L: 11329/239306 MS: 4 ChangeBit-ChangeByte-ChangeByte-EraseBytes-
#5310	NEW    cov: 1359 ft: 2500 corp: 161/14981Kb lim: 239306 exec/s: 1062 rss: 444Mb L: 231/239306 MS: 4 InsertRepeatedBytes-PersAutoDict-ChangeBit-EraseBytes- DE: "\001\000\000\000\000\000\000\000"-
#5331	REDUCE cov: 1359 ft: 2500 corp: 161/14980Kb lim: 239306 exec/s: 1066 rss: 444Mb L: 27385/239306 MS: 1 EraseBytes-
#5377	REDUCE cov: 1359 ft: 2500 corp: 161/14968Kb lim: 239306 exec/s: 1075 rss: 444Mb L: 223240/239306 MS: 1 CrossOver-
#5384	REDUCE cov: 1359 ft: 2500 corp: 161/14955Kb lim: 239306 exec/s: 1076 rss: 444Mb L: 14388/239306 MS: 2 InsertByte-EraseBytes-
#5415	REDUCE cov: 1359 ft: 2500 corp: 161/14952Kb lim: 239306 exec/s: 1083 rss: 444Mb L: 7060/239306 MS: 1 EraseBytes-
#5429	REDUCE cov: 1359 ft: 2500 corp: 161/14946Kb lim: 239306 exec/s: 1085 rss: 444Mb L: 101418/239306 MS: 4 ChangeBit-PersAutoDict-ShuffleBytes-EraseBytes- DE: "\377\377"-
#5435	REDUCE cov: 1359 ft: 2500 corp: 161/14943Kb lim: 239306 exec/s: 1087 rss: 444Mb L: 7993/239306 MS: 1 EraseBytes-
#5472	REDUCE cov: 1359 ft: 2500 corp: 161/14900Kb lim: 239306 exec/s: 1094 rss: 444Mb L: 195226/239306 MS: 2 CrossOver-EraseBytes-
#5488	REDUCE cov: 1359 ft: 2500 corp: 161/14886Kb lim: 239306 exec/s: 1097 rss: 444Mb L: 50359/239306 MS: 1 EraseBytes-
#5513	REDUCE cov: 1359 ft: 2500 corp: 161/14855Kb lim: 239306 exec/s: 1102 rss: 444Mb L: 207511/239306 MS: 5 ChangeASCIIInt-ChangeASCIIInt-ChangeByte-ChangeBinInt-CrossOver-
#5530	REDUCE cov: 1359 ft: 2500 corp: 161/14845Kb lim: 239306 exec/s: 1106 rss: 444Mb L: 9454/239306 MS: 2 ChangeASCIIInt-EraseBytes-
#5561	REDUCE cov: 1359 ft: 2500 corp: 161/14788Kb lim: 239306 exec/s: 1112 rss: 444Mb L: 133456/239306 MS: 1 EraseBytes-
#5699	REDUCE cov: 1359 ft: 2500 corp: 161/14757Kb lim: 239306 exec/s: 1139 rss: 444Mb L: 206803/239306 MS: 3 CopyPart-InsertRepeatedBytes-EraseBytes-
#5706	REDUCE cov: 1359 ft: 2508 corp: 162/14823Kb lim: 239306 exec/s: 1141 rss: 444Mb L: 66903/239306 MS: 2 ShuffleBytes-CopyPart-
#5728	REDUCE cov: 1359 ft: 2508 corp: 162/14817Kb lim: 239306 exec/s: 1145 rss: 444Mb L: 6242/239306 MS: 2 InsertByte-EraseBytes-
#5762	REDUCE cov: 1359 ft: 2508 corp: 162/14812Kb lim: 239306 exec/s: 1152 rss: 444Mb L: 8524/239306 MS: 4 ShuffleBytes-InsertByte-ChangeBit-EraseBytes-
#5772	REDUCE cov: 1359 ft: 2508 corp: 162/14809Kb lim: 239306 exec/s: 1154 rss: 444Mb L: 5672/239306 MS: 5 InsertByte-ShuffleBytes-ChangeASCIIInt-CopyPart-EraseBytes-
#5773	NEW    cov: 1361 ft: 2510 corp: 163/14810Kb lim: 239306 exec/s: 1154 rss: 444Mb L: 218/239306 MS: 1 CopyPart-
#5801	REDUCE cov: 1362 ft: 2511 corp: 164/14810Kb lim: 239306 exec/s: 1160 rss: 444Mb L: 26/239306 MS: 3 EraseBytes-EraseBytes-EraseBytes-
#5810	REDUCE cov: 1362 ft: 2519 corp: 165/14859Kb lim: 239306 exec/s: 1162 rss: 444Mb L: 50928/239306 MS: 4 ChangeBinInt-ChangeBinInt-PersAutoDict-InsertRepeatedBytes- DE: "\001\000\000\000"-
#5817	REDUCE cov: 1362 ft: 2519 corp: 165/14840Kb lim: 239306 exec/s: 1163 rss: 444Mb L: 175988/239306 MS: 2 CopyPart-EraseBytes-
#5863	REDUCE cov: 1362 ft: 2519 corp: 165/14826Kb lim: 239306 exec/s: 1172 rss: 444Mb L: 146676/239306 MS: 1 EraseBytes-
#5874	REDUCE cov: 1362 ft: 2519 corp: 165/14797Kb lim: 239306 exec/s: 1174 rss: 444Mb L: 21151/239306 MS: 1 CrossOver-
#5975	REDUCE cov: 1362 ft: 2519 corp: 165/14775Kb lim: 239306 exec/s: 1195 rss: 444Mb L: 115193/239306 MS: 1 EraseBytes-
#6063	REDUCE cov: 1362 ft: 2519 corp: 165/14695Kb lim: 239306 exec/s: 1212 rss: 444Mb L: 124095/239306 MS: 3 CopyPart-ChangeASCIIInt-EraseBytes-
#6081	REDUCE cov: 1362 ft: 2519 corp: 165/14692Kb lim: 239306 exec/s: 1216 rss: 444Mb L: 38124/239306 MS: 3 ChangeByte-ChangeByte-EraseBytes-
#6104	REDUCE cov: 1362 ft: 2519 corp: 165/14680Kb lim: 239306 exec/s: 1220 rss: 444Mb L: 25656/239306 MS: 3 InsertByte-ChangeASCIIInt-EraseBytes-
#6123	REDUCE cov: 1362 ft: 2519 corp: 165/14671Kb lim: 239306 exec/s: 1224 rss: 444Mb L: 98122/239306 MS: 4 ChangeASCIIInt-InsertRepeatedBytes-InsertByte-EraseBytes-
#6154	REDUCE cov: 1363 ft: 2520 corp: 166/14709Kb lim: 239306 exec/s: 1230 rss: 444Mb L: 38985/239306 MS: 1 EraseBytes-
#6196	REDUCE cov: 1363 ft: 2520 corp: 166/14672Kb lim: 239306 exec/s: 1239 rss: 444Mb L: 61866/239306 MS: 2 ShuffleBytes-EraseBytes-
#6201	REDUCE cov: 1363 ft: 2520 corp: 166/14662Kb lim: 239306 exec/s: 1240 rss: 444Mb L: 157216/239306 MS: 5 PersAutoDict-ChangeByte-InsertByte-CopyPart-EraseBytes- DE: "\256(\011\213\253\342\256\247"-
#6210	REDUCE cov: 1363 ft: 2520 corp: 166/14628Kb lim: 239306 exec/s: 1242 rss: 444Mb L: 36272/239306 MS: 4 PersAutoDict-CopyPart-ChangeASCIIInt-EraseBytes- DE: "UUUUUUU\005"-
#6254	REDUCE cov: 1363 ft: 2520 corp: 166/14580Kb lim: 239306 exec/s: 1250 rss: 444Mb L: 110803/239306 MS: 4 ChangeASCIIInt-ShuffleBytes-PersAutoDict-EraseBytes- DE: "\256(\011\213\253\342\256\247"-
#6285	REDUCE cov: 1363 ft: 2520 corp: 166/14569Kb lim: 239306 exec/s: 1257 rss: 444Mb L: 39034/239306 MS: 1 EraseBytes-
#6306	REDUCE cov: 1363 ft: 2520 corp: 166/14553Kb lim: 239306 exec/s: 1261 rss: 444Mb L: 27285/239306 MS: 1 EraseBytes-
#6381	REDUCE cov: 1363 ft: 2520 corp: 166/14491Kb lim: 239306 exec/s: 1063 rss: 444Mb L: 65350/239306 MS: 5 ChangeBit-ChangeBit-InsertByte-ChangeByte-EraseBytes-
#6389	REDUCE cov: 1364 ft: 2521 corp: 167/14493Kb lim: 239306 exec/s: 1064 rss: 444Mb L: 1204/239306 MS: 3 InsertByte-InsertRepeatedBytes-EraseBytes-
#6426	REDUCE cov: 1364 ft: 2521 corp: 167/14472Kb lim: 239306 exec/s: 1071 rss: 444Mb L: 218170/239306 MS: 2 CMP-EraseBytes- DE: "\000\000"-
#6433	REDUCE cov: 1364 ft: 2521 corp: 167/14467Kb lim: 239306 exec/s: 1072 rss: 444Mb L: 117680/239306 MS: 2 ChangeBinInt-EraseBytes-
#6458	REDUCE cov: 1364 ft: 2521 corp: 167/14424Kb lim: 239306 exec/s: 1076 rss: 444Mb L: 67169/239306 MS: 5 ChangeBit-PersAutoDict-CopyPart-ChangeBinInt-CrossOver- DE: "\003I$\222I$\222I"-
#6500	NEW    cov: 1366 ft: 2523 corp: 168/14493Kb lim: 239306 exec/s: 1083 rss: 444Mb L: 71030/239306 MS: 2 InsertRepeatedBytes-ChangeBinInt-
#6549	REDUCE cov: 1368 ft: 2525 corp: 169/14626Kb lim: 239306 exec/s: 1091 rss: 444Mb L: 135584/239306 MS: 4 ChangeBit-InsertByte-InsertRepeatedBytes-CMP- DE: "\004\000\000\000\000\000\000\000"-
#6558	REDUCE cov: 1368 ft: 2525 corp: 169/14626Kb lim: 239306 exec/s: 1093 rss: 444Mb L: 5461/239306 MS: 4 CopyPart-InsertByte-ChangeByte-EraseBytes-
#6561	REDUCE cov: 1368 ft: 2525 corp: 169/14626Kb lim: 239306 exec/s: 1093 rss: 444Mb L: 126/239306 MS: 3 PersAutoDict-EraseBytes-InsertByte- DE: "\000\000\000\000\000\000\005\332"-
#6592	REDUCE cov: 1368 ft: 2525 corp: 169/14607Kb lim: 239306 exec/s: 1098 rss: 444Mb L: 23640/239306 MS: 1 EraseBytes-
#6603	NEW    cov: 1370 ft: 2530 corp: 170/14774Kb lim: 239306 exec/s: 1100 rss: 444Mb L: 171482/239306 MS: 1 InsertRepeatedBytes-
#6750	NEW    cov: 1371 ft: 2531 corp: 171/14774Kb lim: 239306 exec/s: 1125 rss: 444Mb L: 28/239306 MS: 2 PersAutoDict-ChangeByte- DE: "\377\377"-
#6763	REDUCE cov: 1371 ft: 2531 corp: 171/14755Kb lim: 239306 exec/s: 1127 rss: 444Mb L: 42592/239306 MS: 3 CrossOver-ShuffleBytes-CrossOver-
#6787	REDUCE cov: 1371 ft: 2531 corp: 171/14730Kb lim: 239306 exec/s: 1131 rss: 444Mb L: 145821/239306 MS: 4 ChangeByte-PersAutoDict-ChangeBit-CrossOver- DE: "\000\000"-
#6829	REDUCE cov: 1371 ft: 2531 corp: 171/14723Kb lim: 239306 exec/s: 1138 rss: 444Mb L: 17290/239306 MS: 2 InsertRepeatedBytes-EraseBytes-
#6840	REDUCE cov: 1372 ft: 2532 corp: 172/14723Kb lim: 239306 exec/s: 1140 rss: 444Mb L: 72/239306 MS: 1 EraseBytes-
#6846	REDUCE cov: 1372 ft: 2532 corp: 172/14719Kb lim: 239306 exec/s: 1141 rss: 444Mb L: 10751/239306 MS: 1 EraseBytes-
#6943	REDUCE cov: 1372 ft: 2532 corp: 172/14719Kb lim: 239306 exec/s: 1157 rss: 444Mb L: 37481/239306 MS: 2 PersAutoDict-EraseBytes- DE: "\000\000\000\000\000\000\000M"-
#6973	REDUCE cov: 1372 ft: 2532 corp: 172/14716Kb lim: 239306 exec/s: 1162 rss: 444Mb L: 23074/239306 MS: 5 ChangeBit-PersAutoDict-ChangeASCIIInt-CopyPart-EraseBytes- DE: "\000\000\000\000\000\000\005\332"-
#6986	REDUCE cov: 1372 ft: 2532 corp: 172/14716Kb lim: 239306 exec/s: 1164 rss: 444Mb L: 336/239306 MS: 3 PersAutoDict-ShuffleBytes-EraseBytes- DE: "\005\000\000\000\000\000\000\000"-
#7002	REDUCE cov: 1372 ft: 2532 corp: 172/14710Kb lim: 239306 exec/s: 1167 rss: 444Mb L: 13448/239306 MS: 1 EraseBytes-
#7008	REDUCE cov: 1372 ft: 2532 corp: 172/14705Kb lim: 239306 exec/s: 1168 rss: 444Mb L: 22863/239306 MS: 1 EraseBytes-
#7058	REDUCE cov: 1372 ft: 2532 corp: 172/14703Kb lim: 239306 exec/s: 1176 rss: 444Mb L: 45000/239306 MS: 5 ChangeASCIIInt-InsertRepeatedBytes-ChangeASCIIInt-CrossOver-EraseBytes-
#7120	REDUCE cov: 1372 ft: 2532 corp: 172/14684Kb lim: 239306 exec/s: 1186 rss: 444Mb L: 87430/239306 MS: 2 InsertByte-EraseBytes-
#7153	REDUCE cov: 1372 ft: 2532 corp: 172/14654Kb lim: 239306 exec/s: 1192 rss: 444Mb L: 35982/239306 MS: 3 InsertRepeatedBytes-InsertRepeatedBytes-EraseBytes-
#7156	REDUCE cov: 1372 ft: 2532 corp: 172/14576Kb lim: 239306 exec/s: 1192 rss: 444Mb L: 143269/239306 MS: 3 InsertByte-CopyPart-EraseBytes-
#7157	REDUCE cov: 1372 ft: 2532 corp: 172/14576Kb lim: 239306 exec/s: 1192 rss: 444Mb L: 148/239306 MS: 1 EraseBytes-
#7158	REDUCE cov: 1372 ft: 2532 corp: 172/14561Kb lim: 239306 exec/s: 1193 rss: 444Mb L: 22418/239306 MS: 1 EraseBytes-
#7159	REDUCE cov: 1372 ft: 2532 corp: 172/14554Kb lim: 239306 exec/s: 1193 rss: 444Mb L: 15149/239306 MS: 1 EraseBytes-
#7169	REDUCE cov: 1372 ft: 2532 corp: 172/14515Kb lim: 239306 exec/s: 1194 rss: 444Mb L: 48838/239306 MS: 5 ChangeBit-ChangeBinInt-PersAutoDict-ChangeASCIIInt-EraseBytes- DE: "\004\000\000\000\000\000\000\000"-
#7171	REDUCE cov: 1372 ft: 2532 corp: 172/14511Kb lim: 239306 exec/s: 1195 rss: 444Mb L: 10387/239306 MS: 2 CrossOver-EraseBytes-
#7177	REDUCE cov: 1372 ft: 2532 corp: 172/14502Kb lim: 239306 exec/s: 1196 rss: 444Mb L: 11457/239306 MS: 1 EraseBytes-
#7179	REDUCE cov: 1372 ft: 2532 corp: 172/14502Kb lim: 239306 exec/s: 1196 rss: 444Mb L: 35448/239306 MS: 2 InsertRepeatedBytes-EraseBytes-
#7227	REDUCE cov: 1372 ft: 2532 corp: 172/14497Kb lim: 239306 exec/s: 1204 rss: 444Mb L: 29767/239306 MS: 3 ChangeBinInt-ChangeByte-EraseBytes-
#7248	REDUCE cov: 1372 ft: 2532 corp: 172/14496Kb lim: 239306 exec/s: 1208 rss: 444Mb L: 5685/239306 MS: 1 EraseBytes-
#7269	REDUCE cov: 1372 ft: 2532 corp: 172/14496Kb lim: 239306 exec/s: 1211 rss: 444Mb L: 5340/239306 MS: 1 EraseBytes-
#7312	REDUCE cov: 1373 ft: 2533 corp: 173/14496Kb lim: 239306 exec/s: 1218 rss: 444Mb L: 148/239306 MS: 3 CMP-ChangeByte-PersAutoDict- DE: "\000\000\000\000"-"\000\000\000\000\000\000\000\000"-
#7358	REDUCE cov: 1373 ft: 2533 corp: 173/14496Kb lim: 239306 exec/s: 1226 rss: 444Mb L: 26/239306 MS: 1 EraseBytes-
#7404	REDUCE cov: 1373 ft: 2533 corp: 173/14492Kb lim: 239306 exec/s: 1234 rss: 444Mb L: 19241/239306 MS: 1 EraseBytes-
#7418	REDUCE cov: 1373 ft: 2533 corp: 173/14492Kb lim: 239306 exec/s: 1236 rss: 444Mb L: 18962/239306 MS: 4 PersAutoDict-CMP-ShuffleBytes-EraseBytes- DE: "\377\377\377\377\377\377\377\263"-"\000\000\000\000\000\000\000\000"-
#7427	REDUCE cov: 1373 ft: 2533 corp: 173/14483Kb lim: 239306 exec/s: 1237 rss: 444Mb L: 148209/239306 MS: 4 ChangeASCIIInt-CopyPart-CopyPart-EraseBytes-
#7428	REDUCE cov: 1373 ft: 2533 corp: 173/14470Kb lim: 239306 exec/s: 1238 rss: 444Mb L: 38505/239306 MS: 1 EraseBytes-
#7450	REDUCE cov: 1373 ft: 2533 corp: 173/14467Kb lim: 239306 exec/s: 1241 rss: 444Mb L: 8127/239306 MS: 2 PersAutoDict-CrossOver- DE: "\377\377\377\377\377\377\377\025"-
#7469	REDUCE cov: 1373 ft: 2533 corp: 173/14467Kb lim: 239306 exec/s: 1244 rss: 444Mb L: 229640/239306 MS: 4 CrossOver-ChangeASCIIInt-InsertByte-EraseBytes-
#7530	NEW    cov: 1374 ft: 2534 corp: 174/14568Kb lim: 239306 exec/s: 1255 rss: 444Mb L: 104214/239306 MS: 1 CrossOver-
#7567	REDUCE cov: 1374 ft: 2534 corp: 174/14568Kb lim: 239306 exec/s: 1261 rss: 444Mb L: 5321/239306 MS: 2 CrossOver-EraseBytes-
#7580	REDUCE cov: 1374 ft: 2534 corp: 174/14567Kb lim: 239306 exec/s: 1263 rss: 444Mb L: 24202/239306 MS: 3 ShuffleBytes-ChangeBinInt-EraseBytes-
#7606	REDUCE cov: 1374 ft: 2534 corp: 174/14566Kb lim: 239306 exec/s: 1267 rss: 444Mb L: 5551/239306 MS: 1 EraseBytes-
#7638	REDUCE cov: 1374 ft: 2534 corp: 174/14566Kb lim: 239306 exec/s: 1273 rss: 444Mb L: 122/239306 MS: 2 InsertByte-EraseBytes-
#7648	REDUCE cov: 1374 ft: 2534 corp: 174/14537Kb lim: 239306 exec/s: 1274 rss: 444Mb L: 89932/239306 MS: 5 ChangeASCIIInt-InsertByte-ChangeByte-ChangeByte-CrossOver-
#7679	REDUCE cov: 1374 ft: 2534 corp: 174/14533Kb lim: 239306 exec/s: 1279 rss: 444Mb L: 11089/239306 MS: 1 EraseBytes-
#7698	NEW    cov: 1376 ft: 2536 corp: 175/14765Kb lim: 239306 exec/s: 1283 rss: 444Mb L: 236614/239306 MS: 4 PersAutoDict-CopyPart-ChangeByte-CMP- DE: "\004\000\000\000\000\000\000\000"-"\001\000"-
#7712	REDUCE cov: 1376 ft: 2536 corp: 175/14764Kb lim: 239306 exec/s: 1285 rss: 444Mb L: 20502/239306 MS: 4 PersAutoDict-PersAutoDict-ChangeByte-EraseBytes- DE: "\001\000\000\000\000\000\000\000"-"\002\377\377\377\377\377\377\377"-
#7713	REDUCE cov: 1376 ft: 2536 corp: 175/14759Kb lim: 239306 exec/s: 1285 rss: 444Mb L: 77630/239306 MS: 1 EraseBytes-
#7735	REDUCE cov: 1376 ft: 2536 corp: 175/14725Kb lim: 239306 exec/s: 1289 rss: 444Mb L: 60403/239306 MS: 2 CopyPart-EraseBytes-
#7795	REDUCE cov: 1376 ft: 2536 corp: 175/14716Kb lim: 239306 exec/s: 1299 rss: 444Mb L: 36276/239306 MS: 5 InsertRepeatedBytes-PersAutoDict-PersAutoDict-InsertRepeatedBytes-EraseBytes- DE: "\000\000\000\000\000\000\000M"-"\000\000\000\000\000\000\025\023"-
#7831	REDUCE cov: 1376 ft: 2536 corp: 175/14692Kb lim: 239306 exec/s: 1118 rss: 444Mb L: 29942/239306 MS: 1 EraseBytes-
#7845	REDUCE cov: 1376 ft: 2536 corp: 175/14692Kb lim: 239306 exec/s: 1120 rss: 444Mb L: 161/239306 MS: 4 CopyPart-PersAutoDict-PersAutoDict-EraseBytes- DE: "\256(\011\213\253\342\256\247"-"\377\377\377\377\377\377\377\025"-
#7917	REDUCE cov: 1376 ft: 2536 corp: 175/14692Kb lim: 239306 exec/s: 1131 rss: 444Mb L: 67/239306 MS: 2 InsertRepeatedBytes-EraseBytes-
#7921	REDUCE cov: 1376 ft: 2536 corp: 175/14684Kb lim: 239306 exec/s: 1131 rss: 444Mb L: 41194/239306 MS: 4 ChangeBit-ChangeBinInt-InsertRepeatedBytes-EraseBytes-
#7937	REDUCE cov: 1376 ft: 2536 corp: 175/14681Kb lim: 239306 exec/s: 1133 rss: 444Mb L: 52784/239306 MS: 1 EraseBytes-
#7947	REDUCE cov: 1376 ft: 2536 corp: 175/14665Kb lim: 239306 exec/s: 1135 rss: 444Mb L: 126443/239306 MS: 5 ChangeBit-ShuffleBytes-ChangeBit-PersAutoDict-EraseBytes- DE: "\000\000\000\000\000\000\000M"-
#8014	REDUCE cov: 1376 ft: 2536 corp: 175/14655Kb lim: 239306 exec/s: 1144 rss: 444Mb L: 37937/239306 MS: 2 ChangeBit-EraseBytes-
#8057	REDUCE cov: 1376 ft: 2536 corp: 175/14649Kb lim: 239306 exec/s: 1151 rss: 444Mb L: 15184/239306 MS: 3 ChangeBinInt-ChangeBit-EraseBytes-
#8064	REDUCE cov: 1376 ft: 2536 corp: 175/14649Kb lim: 239306 exec/s: 1152 rss: 444Mb L: 250/239306 MS: 2 InsertRepeatedBytes-EraseBytes-
#8080	REDUCE cov: 1376 ft: 2536 corp: 175/14603Kb lim: 239306 exec/s: 1154 rss: 444Mb L: 111187/239306 MS: 1 EraseBytes-
#8121	REDUCE cov: 1376 ft: 2536 corp: 175/14563Kb lim: 239306 exec/s: 1160 rss: 444Mb L: 59868/239306 MS: 1 EraseBytes-
#8137	REDUCE cov: 1377 ft: 2537 corp: 176/14563Kb lim: 239306 exec/s: 1162 rss: 444Mb L: 26/239306 MS: 1 PersAutoDict- DE: "UUUUUUU\005"-
#8152	REDUCE cov: 1377 ft: 2537 corp: 176/14546Kb lim: 239306 exec/s: 1164 rss: 444Mb L: 33772/239306 MS: 5 CMP-ChangeBit-ChangeBit-InsertRepeatedBytes-EraseBytes- DE: "\000\000\000\000\000\000\000\260"-
#8183	REDUCE cov: 1377 ft: 2537 corp: 176/14546Kb lim: 239306 exec/s: 1169 rss: 447Mb L: 49873/239306 MS: 1 EraseBytes-
#8192	pulse  cov: 1377 ft: 2537 corp: 176/14546Kb lim: 239306 exec/s: 1170 rss: 447Mb
#8195	REDUCE cov: 1377 ft: 2537 corp: 176/14541Kb lim: 239306 exec/s: 1170 rss: 447Mb L: 6348/239306 MS: 2 ChangeASCIIInt-EraseBytes-
#8320	REDUCE cov: 1377 ft: 2537 corp: 176/14513Kb lim: 239306 exec/s: 1188 rss: 448Mb L: 146920/239306 MS: 5 CMP-ChangeByte-CrossOver-CrossOver-EraseBytes- DE: "\001\000\000\000\000\000\000\000"-
#8343	REDUCE cov: 1377 ft: 2537 corp: 176/14511Kb lim: 239306 exec/s: 1191 rss: 448Mb L: 6519/239306 MS: 3 InsertByte-ShuffleBytes-EraseBytes-
#8370	REDUCE cov: 1377 ft: 2537 corp: 176/14500Kb lim: 239306 exec/s: 1195 rss: 448Mb L: 116314/239306 MS: 2 ShuffleBytes-EraseBytes-
#8404	REDUCE cov: 1377 ft: 2537 corp: 176/14483Kb lim: 239306 exec/s: 1200 rss: 448Mb L: 25062/239306 MS: 4 ChangeASCIIInt-PersAutoDict-ChangeASCIIInt-EraseBytes- DE: "UUUUUUU\005"-
#8411	REDUCE cov: 1378 ft: 2541 corp: 177/14502Kb lim: 239306 exec/s: 1201 rss: 448Mb L: 18962/239306 MS: 2 ChangeBinInt-ShuffleBytes-
#8416	REDUCE cov: 1378 ft: 2541 corp: 177/14502Kb lim: 239306 exec/s: 1202 rss: 448Mb L: 8801/239306 MS: 5 InsertByte-ChangeBit-ChangeBinInt-CrossOver-EraseBytes-
#8422	REDUCE cov: 1378 ft: 2541 corp: 177/14498Kb lim: 239306 exec/s: 1203 rss: 448Mb L: 31530/239306 MS: 1 EraseBytes-
#8454	REDUCE cov: 1378 ft: 2541 corp: 177/14484Kb lim: 239306 exec/s: 1207 rss: 448Mb L: 24095/239306 MS: 2 CrossOver-CrossOver-
#8465	REDUCE cov: 1378 ft: 2541 corp: 177/14484Kb lim: 239306 exec/s: 1209 rss: 448Mb L: 59/239306 MS: 1 EraseBytes-
#8481	REDUCE cov: 1378 ft: 2541 corp: 177/14478Kb lim: 239306 exec/s: 1211 rss: 448Mb L: 8713/239306 MS: 1 EraseBytes-
#8491	REDUCE cov: 1378 ft: 2541 corp: 177/14477Kb lim: 239306 exec/s: 1213 rss: 448Mb L: 4533/239306 MS: 5 ChangeByte-ChangeBinInt-ChangeASCIIInt-CMP-EraseBytes- DE: "\000\000\000\000\000\000\000\030"-
#8522	REDUCE cov: 1378 ft: 2541 corp: 177/14451Kb lim: 239306 exec/s: 1217 rss: 448Mb L: 91134/239306 MS: 1 EraseBytes-
#8534	REDUCE cov: 1378 ft: 2541 corp: 177/14451Kb lim: 239306 exec/s: 1219 rss: 448Mb L: 211/239306 MS: 2 ChangeByte-EraseBytes-
#8591	REDUCE cov: 1380 ft: 2543 corp: 178/14451Kb lim: 239306 exec/s: 1227 rss: 448Mb L: 26/239306 MS: 2 ChangeBit-PersAutoDict- DE: "\001\000\000\000"-
#8617	REDUCE cov: 1380 ft: 2543 corp: 178/14447Kb lim: 239306 exec/s: 1231 rss: 448Mb L: 27700/239306 MS: 1 EraseBytes-
#8624	REDUCE cov: 1380 ft: 2543 corp: 178/14446Kb lim: 239306 exec/s: 1232 rss: 448Mb L: 27098/239306 MS: 2 ChangeBit-EraseBytes-
#8635	REDUCE cov: 1380 ft: 2543 corp: 178/14374Kb lim: 239306 exec/s: 1233 rss: 448Mb L: 75287/239306 MS: 1 EraseBytes-
#8692	REDUCE cov: 1380 ft: 2543 corp: 178/14369Kb lim: 239306 exec/s: 1241 rss: 448Mb L: 22720/239306 MS: 2 ShuffleBytes-EraseBytes-
#8736	REDUCE cov: 1380 ft: 2543 corp: 178/14353Kb lim: 239306 exec/s: 1248 rss: 448Mb L: 37426/239306 MS: 4 ChangeASCIIInt-ChangeByte-ChangeBit-EraseBytes-
#8757	REDUCE cov: 1380 ft: 2543 corp: 178/14321Kb lim: 239306 exec/s: 1251 rss: 448Mb L: 44470/239306 MS: 1 EraseBytes-
#8781	REDUCE cov: 1380 ft: 2543 corp: 178/14309Kb lim: 239306 exec/s: 1254 rss: 448Mb L: 38908/239306 MS: 4 ShuffleBytes-PersAutoDict-CrossOver-EraseBytes- DE: "\000\000\000\000\000\000\000d"-
#8782	REDUCE cov: 1380 ft: 2543 corp: 178/14281Kb lim: 239306 exec/s: 1254 rss: 448Mb L: 85705/239306 MS: 1 EraseBytes-
#8796	REDUCE cov: 1380 ft: 2543 corp: 178/14230Kb lim: 239306 exec/s: 1256 rss: 448Mb L: 184932/239306 MS: 4 ChangeByte-InsertByte-InsertByte-EraseBytes-
#8803	NEW    cov: 1380 ft: 2544 corp: 179/14230Kb lim: 239306 exec/s: 1257 rss: 448Mb L: 23/239306 MS: 2 ChangeBit-EraseBytes-
#8857	REDUCE cov: 1380 ft: 2544 corp: 179/14230Kb lim: 239306 exec/s: 1265 rss: 448Mb L: 96/239306 MS: 4 ChangeByte-ChangeByte-ChangeASCIIInt-EraseBytes-
#8859	REDUCE cov: 1380 ft: 2544 corp: 179/14225Kb lim: 239306 exec/s: 1265 rss: 448Mb L: 9919/239306 MS: 2 CMP-EraseBytes- DE: "\000\000\000\000\000\000\000\000"-
#8911	REDUCE cov: 1380 ft: 2544 corp: 179/14195Kb lim: 239306 exec/s: 1273 rss: 448Mb L: 56692/239306 MS: 2 ChangeByte-EraseBytes-
#8923	NEW    cov: 1382 ft: 2546 corp: 180/14195Kb lim: 239306 exec/s: 1274 rss: 448Mb L: 26/239306 MS: 2 ShuffleBytes-PersAutoDict- DE: "\000\000\000\000\000\000\000M"-
#8961	REDUCE cov: 1382 ft: 2546 corp: 180/14194Kb lim: 239306 exec/s: 1280 rss: 448Mb L: 3865/239306 MS: 3 ChangeByte-ChangeBit-EraseBytes-
#8986	REDUCE cov: 1382 ft: 2546 corp: 180/14194Kb lim: 239306 exec/s: 1283 rss: 448Mb L: 19/239306 MS: 5 CrossOver-InsertByte-ChangeBit-ChangeBit-EraseBytes-
#8992	REDUCE cov: 1382 ft: 2546 corp: 180/14164Kb lim: 239306 exec/s: 1284 rss: 448Mb L: 154312/239306 MS: 1 EraseBytes-
#9029	REDUCE cov: 1382 ft: 2546 corp: 180/14161Kb lim: 239306 exec/s: 1289 rss: 448Mb L: 5432/239306 MS: 2 ChangeBinInt-EraseBytes-
#9039	REDUCE cov: 1382 ft: 2546 corp: 180/14148Kb lim: 239306 exec/s: 1291 rss: 448Mb L: 56739/239306 MS: 5 ChangeASCIIInt-ShuffleBytes-ChangeASCIIInt-CMP-EraseBytes- DE: "\377\377"-
#9079	REDUCE cov: 1382 ft: 2546 corp: 180/14147Kb lim: 239306 exec/s: 1297 rss: 448Mb L: 9810/239306 MS: 5 ShuffleBytes-ChangeByte-ChangeASCIIInt-CopyPart-EraseBytes-
#9095	REDUCE cov: 1382 ft: 2546 corp: 180/14133Kb lim: 239306 exec/s: 1299 rss: 448Mb L: 23542/239306 MS: 1 EraseBytes-
#9136	REDUCE cov: 1382 ft: 2546 corp: 180/14133Kb lim: 239306 exec/s: 1305 rss: 448Mb L: 48/239306 MS: 1 EraseBytes-
#9189	REDUCE cov: 1382 ft: 2546 corp: 180/14122Kb lim: 239306 exec/s: 1312 rss: 448Mb L: 42880/239306 MS: 3 CopyPart-CopyPart-EraseBytes-
#9243	REDUCE cov: 1382 ft: 2546 corp: 180/14115Kb lim: 239306 exec/s: 1320 rss: 448Mb L: 9541/239306 MS: 4 ChangeBinInt-EraseBytes-CopyPart-CrossOver-
#9314	REDUCE cov: 1382 ft: 2546 corp: 180/14115Kb lim: 239306 exec/s: 1330 rss: 448Mb L: 132/239306 MS: 1 EraseBytes-
#9347	REDUCE cov: 1382 ft: 2546 corp: 180/14097Kb lim: 239306 exec/s: 1335 rss: 448Mb L: 20883/239306 MS: 3 InsertByte-CopyPart-EraseBytes-
#9419	REDUCE cov: 1382 ft: 2546 corp: 180/14091Kb lim: 239306 exec/s: 1177 rss: 448Mb L: 16000/239306 MS: 2 InsertByte-EraseBytes-
#9441	REDUCE cov: 1382 ft: 2546 corp: 180/14086Kb lim: 239306 exec/s: 1180 rss: 448Mb L: 22611/239306 MS: 2 ChangeASCIIInt-EraseBytes-
#9477	REDUCE cov: 1382 ft: 2546 corp: 180/14057Kb lim: 239306 exec/s: 1184 rss: 448Mb L: 49080/239306 MS: 1 EraseBytes-
#9515	REDUCE cov: 1382 ft: 2546 corp: 180/14009Kb lim: 239306 exec/s: 1189 rss: 448Mb L: 161300/239306 MS: 3 InsertByte-ChangeBit-EraseBytes-
#9552	NEW    cov: 1383 ft: 2547 corp: 181/14009Kb lim: 239306 exec/s: 1194 rss: 448Mb L: 84/239306 MS: 2 ShuffleBytes-InsertRepeatedBytes-
#9609	REDUCE cov: 1383 ft: 2547 corp: 181/14007Kb lim: 239306 exec/s: 1201 rss: 448Mb L: 47790/239306 MS: 2 ChangeASCIIInt-EraseBytes-
#9619	REDUCE cov: 1383 ft: 2547 corp: 181/14004Kb lim: 239306 exec/s: 1202 rss: 448Mb L: 5821/239306 MS: 5 ChangeASCIIInt-ChangeByte-ChangeBit-ShuffleBytes-EraseBytes-
#9626	REDUCE cov: 1383 ft: 2547 corp: 181/13992Kb lim: 239306 exec/s: 1203 rss: 448Mb L: 35112/239306 MS: 2 ChangeASCIIInt-EraseBytes-
#9732	REDUCE cov: 1383 ft: 2547 corp: 181/13962Kb lim: 239306 exec/s: 1216 rss: 448Mb L: 117191/239306 MS: 1 EraseBytes-
#9759	REDUCE cov: 1383 ft: 2547 corp: 181/13902Kb lim: 239306 exec/s: 1219 rss: 448Mb L: 134000/239306 MS: 2 CrossOver-EraseBytes-
#9897	REDUCE cov: 1383 ft: 2547 corp: 181/13901Kb lim: 239306 exec/s: 1237 rss: 448Mb L: 35204/239306 MS: 3 ChangeBinInt-ChangeByte-EraseBytes-
#9927	REDUCE cov: 1384 ft: 2548 corp: 182/13903Kb lim: 239306 exec/s: 1240 rss: 448Mb L: 2336/239306 MS: 5 InsertByte-ShuffleBytes-ChangeASCIIInt-InsertRepeatedBytes-CrossOver-
#9977	REDUCE cov: 1384 ft: 2548 corp: 182/13897Kb lim: 239306 exec/s: 1247 rss: 448Mb L: 110999/239306 MS: 5 CopyPart-CMP-InsertByte-ShuffleBytes-EraseBytes- DE: "\000\000\000\003"-
#9988	REDUCE cov: 1384 ft: 2548 corp: 182/13896Kb lim: 239306 exec/s: 1248 rss: 448Mb L: 20747/239306 MS: 1 EraseBytes-
#10090	REDUCE cov: 1384 ft: 2548 corp: 182/13860Kb lim: 239306 exec/s: 1261 rss: 448Mb L: 141903/239306 MS: 2 ChangeASCIIInt-EraseBytes-
#10097	REDUCE cov: 1384 ft: 2548 corp: 182/13858Kb lim: 239306 exec/s: 1262 rss: 448Mb L: 16854/239306 MS: 2 ShuffleBytes-EraseBytes-
#10102	REDUCE cov: 1384 ft: 2548 corp: 182/13851Kb lim: 239306 exec/s: 1262 rss: 448Mb L: 71619/239306 MS: 5 InsertRepeatedBytes-ShuffleBytes-ChangeASCIIInt-InsertByte-EraseBytes-
#10118	REDUCE cov: 1386 ft: 2550 corp: 183/13851Kb lim: 239306 exec/s: 1264 rss: 448Mb L: 19/239306 MS: 1 PersAutoDict- DE: "\376\377\377\377\377\377\377\003"-
#10156	REDUCE cov: 1386 ft: 2550 corp: 183/13787Kb lim: 239306 exec/s: 1269 rss: 448Mb L: 81502/239306 MS: 3 CrossOver-ShuffleBytes-EraseBytes-
#10225	NEW    cov: 1386 ft: 2551 corp: 184/13787Kb lim: 239306 exec/s: 1278 rss: 448Mb L: 21/239306 MS: 4 CopyPart-ChangeBinInt-ChangeByte-EraseBytes-
#10233	REDUCE cov: 1386 ft: 2551 corp: 184/13782Kb lim: 239306 exec/s: 1279 rss: 448Mb L: 19393/239306 MS: 3 ChangeByte-ShuffleBytes-EraseBytes-
#10236	REDUCE cov: 1386 ft: 2551 corp: 184/13782Kb lim: 239306 exec/s: 1279 rss: 448Mb L: 108/239306 MS: 3 CrossOver-InsertByte-EraseBytes-
#10278	REDUCE cov: 1386 ft: 2551 corp: 184/13772Kb lim: 239306 exec/s: 1284 rss: 448Mb L: 94378/239306 MS: 2 ChangeBinInt-EraseBytes-
#10284	REDUCE cov: 1386 ft: 2551 corp: 184/13772Kb lim: 239306 exec/s: 1285 rss: 448Mb L: 13/239306 MS: 1 EraseBytes-
#10300	REDUCE cov: 1386 ft: 2551 corp: 184/13709Kb lim: 239306 exec/s: 1287 rss: 448Mb L: 142174/239306 MS: 1 EraseBytes-
#10341	REDUCE cov: 1386 ft: 2551 corp: 184/13693Kb lim: 239306 exec/s: 1292 rss: 448Mb L: 50253/239306 MS: 1 CrossOver-
#10345	REDUCE cov: 1386 ft: 2551 corp: 184/13683Kb lim: 239306 exec/s: 1293 rss: 448Mb L: 12734/239306 MS: 4 PersAutoDict-CMP-ChangeBinInt-EraseBytes- DE: "\004\000\000\000\000\000\000\000"-"\015\000\000\000\000\000\000\000"-
#10433	REDUCE cov: 1386 ft: 2551 corp: 184/13682Kb lim: 239306 exec/s: 1304 rss: 448Mb L: 4134/239306 MS: 3 EraseBytes-CMP-InsertRepeatedBytes- DE: "<\000\000\000\000\000\000\000"-
#10465	REDUCE cov: 1386 ft: 2551 corp: 184/13682Kb lim: 239306 exec/s: 1308 rss: 448Mb L: 126/239306 MS: 2 ShuffleBytes-EraseBytes-
#10583	REDUCE cov: 1386 ft: 2551 corp: 184/13682Kb lim: 239306 exec/s: 1322 rss: 448Mb L: 197/239306 MS: 3 PersAutoDict-InsertByte-EraseBytes- DE: "<\000\000\000\000\000\000\000"-
#10604	REDUCE cov: 1386 ft: 2551 corp: 184/13680Kb lim: 239306 exec/s: 1325 rss: 448Mb L: 69224/239306 MS: 1 EraseBytes-
#10610	REDUCE cov: 1386 ft: 2551 corp: 184/13669Kb lim: 239306 exec/s: 1326 rss: 448Mb L: 15806/239306 MS: 1 EraseBytes-
#10652	REDUCE cov: 1386 ft: 2551 corp: 184/13669Kb lim: 239306 exec/s: 1331 rss: 448Mb L: 26/239306 MS: 2 PersAutoDict-EraseBytes- DE: "<\000\000\000\000\000\000\000"-
#10712	REDUCE cov: 1386 ft: 2551 corp: 184/13669Kb lim: 239306 exec/s: 1339 rss: 454Mb L: 295/239306 MS: 5 InsertRepeatedBytes-InsertByte-ChangeBit-ChangeBit-EraseBytes-
#10728	REDUCE cov: 1386 ft: 2551 corp: 184/13669Kb lim: 239306 exec/s: 1341 rss: 457Mb L: 95/239306 MS: 1 EraseBytes-
#10844	REDUCE cov: 1386 ft: 2551 corp: 184/13669Kb lim: 239306 exec/s: 1355 rss: 463Mb L: 77/239306 MS: 1 EraseBytes-
#10868	NEW    cov: 1389 ft: 2554 corp: 185/13756Kb lim: 239306 exec/s: 1358 rss: 463Mb L: 89821/239306 MS: 4 ShuffleBytes-ChangeBinInt-InsertRepeatedBytes-CMP- DE: "\001\000"-
#10870	REDUCE cov: 1389 ft: 2554 corp: 185/13755Kb lim: 239306 exec/s: 1207 rss: 463Mb L: 2846/239306 MS: 2 CopyPart-EraseBytes-
#10888	REDUCE cov: 1389 ft: 2554 corp: 185/13743Kb lim: 239306 exec/s: 1209 rss: 463Mb L: 26472/239306 MS: 3 ChangeBinInt-ChangeBinInt-EraseBytes-
#10944	REDUCE cov: 1389 ft: 2554 corp: 185/13736Kb lim: 239306 exec/s: 1216 rss: 463Mb L: 28310/239306 MS: 1 EraseBytes-
#10991	REDUCE cov: 1389 ft: 2554 corp: 185/13724Kb lim: 239306 exec/s: 1221 rss: 463Mb L: 42409/239306 MS: 2 ShuffleBytes-EraseBytes-
#11113	REDUCE cov: 1389 ft: 2554 corp: 185/13710Kb lim: 239306 exec/s: 1234 rss: 463Mb L: 46583/239306 MS: 2 ChangeByte-EraseBytes-
#11120	REDUCE cov: 1389 ft: 2554 corp: 185/13710Kb lim: 239306 exec/s: 1235 rss: 463Mb L: 316/239306 MS: 2 ChangeByte-EraseBytes-
#11149	REDUCE cov: 1389 ft: 2554 corp: 185/13696Kb lim: 239306 exec/s: 1238 rss: 463Mb L: 19503/239306 MS: 4 InsertByte-ChangeBinInt-ChangeByte-EraseBytes-
#11277	REDUCE cov: 1389 ft: 2554 corp: 185/13693Kb lim: 239306 exec/s: 1253 rss: 467Mb L: 5647/239306 MS: 3 CrossOver-CopyPart-EraseBytes-
#11283	REDUCE cov: 1389 ft: 2554 corp: 185/13686Kb lim: 239306 exec/s: 1253 rss: 467Mb L: 49488/239306 MS: 1 EraseBytes-
#11444	REDUCE cov: 1389 ft: 2554 corp: 185/13678Kb lim: 239306 exec/s: 1271 rss: 468Mb L: 41335/239306 MS: 1 EraseBytes-
#11521	REDUCE cov: 1389 ft: 2554 corp: 185/13662Kb lim: 239306 exec/s: 1280 rss: 468Mb L: 54667/239306 MS: 2 ChangeByte-EraseBytes-
#11578	NEW    cov: 1390 ft: 2557 corp: 186/13662Kb lim: 239306 exec/s: 1286 rss: 468Mb L: 15/239306 MS: 2 ShuffleBytes-EraseBytes-
#11596	REDUCE cov: 1390 ft: 2557 corp: 186/13629Kb lim: 239306 exec/s: 1288 rss: 468Mb L: 205674/239306 MS: 3 ChangeBit-CopyPart-EraseBytes-
#11598	REDUCE cov: 1390 ft: 2557 corp: 186/13629Kb lim: 239306 exec/s: 1288 rss: 468Mb L: 66286/239306 MS: 2 ChangeBinInt-EraseBytes-
#11599	REDUCE cov: 1390 ft: 2557 corp: 186/13606Kb lim: 239306 exec/s: 1288 rss: 468Mb L: 122968/239306 MS: 1 EraseBytes-
#11695	REDUCE cov: 1390 ft: 2557 corp: 186/13603Kb lim: 239306 exec/s: 1299 rss: 468Mb L: 12965/239306 MS: 1 EraseBytes-
#11702	REDUCE cov: 1390 ft: 2557 corp: 186/13602Kb lim: 239306 exec/s: 1300 rss: 468Mb L: 3782/239306 MS: 2 ChangeByte-EraseBytes-
#11705	REDUCE cov: 1390 ft: 2557 corp: 186/13601Kb lim: 239306 exec/s: 1300 rss: 468Mb L: 4801/239306 MS: 3 ChangeBit-PersAutoDict-EraseBytes- DE: "\000\000\000\000\000\000\000\000"-
#11758	REDUCE cov: 1390 ft: 2557 corp: 186/13579Kb lim: 239306 exec/s: 1306 rss: 468Mb L: 111848/239306 MS: 3 PersAutoDict-ChangeASCIIInt-EraseBytes- DE: "\000\000\000\000\000\000\000M"-
#11761	NEW    cov: 1393 ft: 2560 corp: 187/13579Kb lim: 239306 exec/s: 1306 rss: 468Mb L: 29/239306 MS: 3 ShuffleBytes-InsertByte-PersAutoDict- DE: "\000\000"-
#11765	REDUCE cov: 1393 ft: 2560 corp: 187/13571Kb lim: 239306 exec/s: 1307 rss: 468Mb L: 22767/239306 MS: 4 InsertByte-ChangeBinInt-CrossOver-EraseBytes-
#11769	REDUCE cov: 1393 ft: 2560 corp: 187/13559Kb lim: 239306 exec/s: 1307 rss: 468Mb L: 19980/239306 MS: 4 CrossOver-ChangeBinInt-InsertByte-EraseBytes-
#11797	REDUCE cov: 1393 ft: 2560 corp: 187/13514Kb lim: 239306 exec/s: 1310 rss: 468Mb L: 89491/239306 MS: 3 ChangeByte-InsertByte-EraseBytes-
#11843	REDUCE cov: 1393 ft: 2560 corp: 187/13474Kb lim: 239306 exec/s: 1315 rss: 468Mb L: 57358/239306 MS: 1 EraseBytes-
#11859	REDUCE cov: 1393 ft: 2560 corp: 187/13472Kb lim: 239306 exec/s: 1317 rss: 468Mb L: 131022/239306 MS: 1 EraseBytes-
#12086	REDUCE cov: 1393 ft: 2560 corp: 187/13463Kb lim: 239306 exec/s: 1342 rss: 468Mb L: 51152/239306 MS: 2 PersAutoDict-EraseBytes- DE: "\000\000\000\000\000\000\000\000"-
#12117	REDUCE cov: 1393 ft: 2560 corp: 187/13461Kb lim: 239306 exec/s: 1346 rss: 468Mb L: 3629/239306 MS: 1 EraseBytes-
#12153	REDUCE cov: 1395 ft: 2562 corp: 188/13481Kb lim: 239306 exec/s: 1350 rss: 468Mb L: 20747/239306 MS: 1 CMP- DE: "\377\377"-
#12162	REDUCE cov: 1395 ft: 2562 corp: 188/13476Kb lim: 239306 exec/s: 1351 rss: 468Mb L: 8785/239306 MS: 4 PersAutoDict-ChangeByte-ChangeByte-EraseBytes- DE: "\015\000\000\000\000\000\000\000"-
#12218	REDUCE cov: 1395 ft: 2562 corp: 188/13455Kb lim: 239306 exec/s: 1221 rss: 468Mb L: 67322/239306 MS: 1 EraseBytes-
#12247	REDUCE cov: 1395 ft: 2562 corp: 188/13390Kb lim: 239306 exec/s: 1224 rss: 468Mb L: 172717/239306 MS: 4 ChangeASCIIInt-ChangeByte-ChangeASCIIInt-EraseBytes-
#12260	REDUCE cov: 1395 ft: 2562 corp: 188/13344Kb lim: 239306 exec/s: 1226 rss: 468Mb L: 88120/239306 MS: 3 PersAutoDict-CrossOver-EraseBytes- DE: "\001\000\000\000"-
#12275	REDUCE cov: 1395 ft: 2562 corp: 188/13342Kb lim: 239306 exec/s: 1227 rss: 468Mb L: 18049/239306 MS: 5 InsertRepeatedBytes-ChangeBinInt-InsertRepeatedBytes-ChangeByte-EraseBytes-
#12284	REDUCE cov: 1395 ft: 2562 corp: 188/13338Kb lim: 239306 exec/s: 1228 rss: 468Mb L: 14518/239306 MS: 4 ChangeASCIIInt-ChangeBit-InsertRepeatedBytes-EraseBytes-
#12351	REDUCE cov: 1395 ft: 2562 corp: 188/13320Kb lim: 239306 exec/s: 1235 rss: 468Mb L: 87465/239306 MS: 2 ChangeASCIIInt-EraseBytes-
#12382	REDUCE cov: 1395 ft: 2562 corp: 188/13303Kb lim: 239306 exec/s: 1238 rss: 468Mb L: 69360/239306 MS: 1 EraseBytes-
#12512	REDUCE cov: 1395 ft: 2562 corp: 188/13300Kb lim: 239306 exec/s: 1251 rss: 468Mb L: 8494/239306 MS: 5 ShuffleBytes-CrossOver-PersAutoDict-CopyPart-EraseBytes- DE: "\377\377"-
#12564	REDUCE cov: 1395 ft: 2562 corp: 188/13299Kb lim: 239306 exec/s: 1256 rss: 468Mb L: 22093/239306 MS: 2 InsertRepeatedBytes-EraseBytes-
#12578	NEW    cov: 1396 ft: 2563 corp: 189/13299Kb lim: 239306 exec/s: 1257 rss: 468Mb L: 19/239306 MS: 4 ChangeBit-ChangeBinInt-ChangeByte-ChangeBinInt-
#12605	REDUCE cov: 1396 ft: 2563 corp: 189/13295Kb lim: 239306 exec/s: 1260 rss: 468Mb L: 6173/239306 MS: 2 ChangeBit-EraseBytes-
#12611	REDUCE cov: 1396 ft: 2563 corp: 189/13285Kb lim: 239306 exec/s: 1261 rss: 468Mb L: 11257/239306 MS: 1 EraseBytes-
#12647	REDUCE cov: 1396 ft: 2563 corp: 189/13278Kb lim: 239306 exec/s: 1264 rss: 468Mb L: 13348/239306 MS: 1 EraseBytes-
#12685	REDUCE cov: 1396 ft: 2563 corp: 189/13268Kb lim: 239306 exec/s: 1268 rss: 468Mb L: 43952/239306 MS: 3 CMP-CrossOver-ShuffleBytes- DE: "\000\000\000\000\000\000\000\000"-
#12707	REDUCE cov: 1396 ft: 2563 corp: 189/13209Kb lim: 239306 exec/s: 1270 rss: 468Mb L: 63624/239306 MS: 2 InsertByte-EraseBytes-
#12722	REDUCE cov: 1396 ft: 2563 corp: 189/13202Kb lim: 239306 exec/s: 1272 rss: 468Mb L: 23513/239306 MS: 5 ChangeBinInt-CopyPart-ChangeASCIIInt-ShuffleBytes-EraseBytes-
#12735	REDUCE cov: 1396 ft: 2563 corp: 189/13181Kb lim: 239306 exec/s: 1273 rss: 468Mb L: 104872/239306 MS: 3 InsertRepeatedBytes-CopyPart-CrossOver-
#12776	REDUCE cov: 1396 ft: 2563 corp: 189/13148Kb lim: 239306 exec/s: 1277 rss: 468Mb L: 55818/239306 MS: 1 EraseBytes-
#12787	REDUCE cov: 1396 ft: 2563 corp: 189/13147Kb lim: 239306 exec/s: 1278 rss: 468Mb L: 12323/239306 MS: 1 EraseBytes-
#12796	REDUCE cov: 1396 ft: 2563 corp: 189/13145Kb lim: 239306 exec/s: 1279 rss: 468Mb L: 20301/239306 MS: 4 CrossOver-CrossOver-ShuffleBytes-EraseBytes-
#12808	REDUCE cov: 1396 ft: 2563 corp: 189/13138Kb lim: 239306 exec/s: 1280 rss: 468Mb L: 10735/239306 MS: 2 PersAutoDict-EraseBytes- DE: "\005\000\000\000\000\000\000\000"-
#12914	REDUCE cov: 1396 ft: 2563 corp: 189/13132Kb lim: 239306 exec/s: 1291 rss: 468Mb L: 12844/239306 MS: 1 EraseBytes-
#12966	REDUCE cov: 1396 ft: 2563 corp: 189/13128Kb lim: 239306 exec/s: 1296 rss: 468Mb L: 34987/239306 MS: 2 ChangeBit-EraseBytes-
#12969	REDUCE cov: 1396 ft: 2563 corp: 189/13128Kb lim: 239306 exec/s: 1296 rss: 468Mb L: 14338/239306 MS: 3 ChangeBinInt-PersAutoDict-EraseBytes- DE: "\377\377\377\377\377\377\000\271"-
#12983	REDUCE cov: 1396 ft: 2563 corp: 189/13128Kb lim: 239306 exec/s: 1298 rss: 468Mb L: 6/239306 MS: 4 EraseBytes-EraseBytes-ShuffleBytes-InsertByte-
#13029	REDUCE cov: 1396 ft: 2563 corp: 189/13127Kb lim: 239306 exec/s: 1302 rss: 468Mb L: 3081/239306 MS: 1 EraseBytes-
#13150	REDUCE cov: 1396 ft: 2563 corp: 189/13127Kb lim: 239306 exec/s: 1315 rss: 468Mb L: 27/239306 MS: 1 EraseBytes-
#13184	REDUCE cov: 1396 ft: 2563 corp: 189/13120Kb lim: 239306 exec/s: 1318 rss: 468Mb L: 26772/239306 MS: 4 ChangeByte-ChangeBinInt-PersAutoDict-EraseBytes- DE: "\002\377\377\377\377\377\377\377"-
#13212	REDUCE cov: 1396 ft: 2563 corp: 189/13119Kb lim: 239306 exec/s: 1321 rss: 468Mb L: 14596/239306 MS: 3 ChangeASCIIInt-ChangeBinInt-EraseBytes-
#13229	REDUCE cov: 1396 ft: 2563 corp: 189/13115Kb lim: 239306 exec/s: 1322 rss: 468Mb L: 14177/239306 MS: 2 ChangeBinInt-EraseBytes-
#13256	REDUCE cov: 1396 ft: 2563 corp: 189/13093Kb lim: 239306 exec/s: 1325 rss: 468Mb L: 26679/239306 MS: 2 CrossOver-EraseBytes-
#13280	REDUCE cov: 1396 ft: 2563 corp: 189/13081Kb lim: 239306 exec/s: 1328 rss: 468Mb L: 226906/239306 MS: 4 CrossOver-ShuffleBytes-ShuffleBytes-EraseBytes-
#13318	REDUCE cov: 1396 ft: 2563 corp: 189/13073Kb lim: 239306 exec/s: 1331 rss: 468Mb L: 12737/239306 MS: 3 PersAutoDict-ShuffleBytes-CrossOver- DE: "\000\000\000\000\000\000\000M"-
#13320	REDUCE cov: 1396 ft: 2563 corp: 189/13069Kb lim: 239306 exec/s: 1332 rss: 468Mb L: 37118/239306 MS: 2 ChangeBinInt-EraseBytes-
#13370	REDUCE cov: 1396 ft: 2564 corp: 190/13113Kb lim: 239306 exec/s: 1337 rss: 468Mb L: 45291/239306 MS: 5 InsertByte-ChangeBinInt-ChangeBinInt-ChangeBinInt-CopyPart-
#13421	REDUCE cov: 1396 ft: 2564 corp: 190/13113Kb lim: 239306 exec/s: 1342 rss: 468Mb L: 17/239306 MS: 1 EraseBytes-
#13538	REDUCE cov: 1396 ft: 2564 corp: 190/13096Kb lim: 239306 exec/s: 1353 rss: 468Mb L: 28738/239306 MS: 2 ShuffleBytes-EraseBytes-
#13593	REDUCE cov: 1396 ft: 2564 corp: 190/13088Kb lim: 239306 exec/s: 1359 rss: 468Mb L: 96959/239306 MS: 5 CrossOver-CrossOver-ChangeByte-ShuffleBytes-EraseBytes-
#13625	REDUCE cov: 1396 ft: 2564 corp: 190/13063Kb lim: 239306 exec/s: 1238 rss: 468Mb L: 71181/239306 MS: 2 ChangeBit-EraseBytes-
#13656	REDUCE cov: 1397 ft: 2565 corp: 191/13063Kb lim: 239306 exec/s: 1241 rss: 468Mb L: 27/239306 MS: 1 ChangeByte-
#13679	REDUCE cov: 1397 ft: 2565 corp: 191/13063Kb lim: 239306 exec/s: 1243 rss: 468Mb L: 3768/239306 MS: 3 CopyPart-InsertRepeatedBytes-EraseBytes-
#13686	REDUCE cov: 1397 ft: 2565 corp: 191/13035Kb lim: 239306 exec/s: 1244 rss: 468Mb L: 83328/239306 MS: 2 PersAutoDict-EraseBytes- DE: "\375\321\275\311O\010\324\373"-
#13708	REDUCE cov: 1397 ft: 2565 corp: 191/13028Kb lim: 239306 exec/s: 1246 rss: 468Mb L: 17071/239306 MS: 2 ChangeBit-EraseBytes-
#13717	REDUCE cov: 1397 ft: 2565 corp: 191/13028Kb lim: 239306 exec/s: 1247 rss: 468Mb L: 226/239306 MS: 4 ShuffleBytes-InsertByte-ShuffleBytes-EraseBytes-
#13749	REDUCE cov: 1397 ft: 2565 corp: 191/13004Kb lim: 239306 exec/s: 1249 rss: 468Mb L: 44778/239306 MS: 2 InsertByte-EraseBytes-
#13756	NEW    cov: 1397 ft: 2567 corp: 192/13101Kb lim: 239306 exec/s: 1250 rss: 468Mb L: 99684/239306 MS: 2 ChangeASCIIInt-InsertRepeatedBytes-
#13823	REDUCE cov: 1397 ft: 2567 corp: 192/13099Kb lim: 239306 exec/s: 1256 rss: 468Mb L: 10738/239306 MS: 2 ChangeBit-EraseBytes-
#13946	REDUCE cov: 1397 ft: 2567 corp: 192/13098Kb lim: 239306 exec/s: 1267 rss: 468Mb L: 20031/239306 MS: 3 PersAutoDict-ChangeASCIIInt-EraseBytes- DE: "\377\377\377\377\377\377\377\025"-
#13983	REDUCE cov: 1397 ft: 2567 corp: 192/13096Kb lim: 239306 exec/s: 1271 rss: 468Mb L: 3856/239306 MS: 2 CMP-EraseBytes- DE: "\004\000\000\000\000\000\000\000"-
#13984	REDUCE cov: 1397 ft: 2567 corp: 192/13042Kb lim: 239306 exec/s: 1271 rss: 468Mb L: 87852/239306 MS: 1 EraseBytes-
#14064	REDUCE cov: 1397 ft: 2567 corp: 192/13039Kb lim: 239306 exec/s: 1278 rss: 468Mb L: 11169/239306 MS: 5 ChangeASCIIInt-ChangeBit-ChangeByte-InsertByte-EraseBytes-
#14077	REDUCE cov: 1397 ft: 2567 corp: 192/13036Kb lim: 239306 exec/s: 1279 rss: 468Mb L: 23736/239306 MS: 3 CopyPart-InsertRepeatedBytes-EraseBytes-
#14094	REDUCE cov: 1397 ft: 2567 corp: 192/13036Kb lim: 239306 exec/s: 1281 rss: 468Mb L: 25/239306 MS: 2 PersAutoDict-EraseBytes- DE: "\000\000\000\000"-
#14136	REDUCE cov: 1397 ft: 2567 corp: 192/13016Kb lim: 239306 exec/s: 1285 rss: 468Mb L: 79408/239306 MS: 2 InsertByte-EraseBytes-
#14190	REDUCE cov: 1397 ft: 2567 corp: 192/13004Kb lim: 239306 exec/s: 1290 rss: 468Mb L: 205502/239306 MS: 4 ChangeByte-ChangeASCIIInt-InsertByte-EraseBytes-
#14386	REDUCE cov: 1398 ft: 2568 corp: 193/13004Kb lim: 239306 exec/s: 1307 rss: 468Mb L: 136/239306 MS: 1 InsertRepeatedBytes-
#14403	REDUCE cov: 1398 ft: 2568 corp: 193/13004Kb lim: 239306 exec/s: 1309 rss: 468Mb L: 2799/239306 MS: 2 ChangeBit-EraseBytes-
#14465	REDUCE cov: 1398 ft: 2568 corp: 193/13004Kb lim: 239306 exec/s: 1315 rss: 468Mb L: 82/239306 MS: 2 ChangeBit-EraseBytes-
#14471	REDUCE cov: 1398 ft: 2568 corp: 193/12998Kb lim: 239306 exec/s: 1315 rss: 468Mb L: 13646/239306 MS: 1 EraseBytes-
#14472	REDUCE cov: 1398 ft: 2568 corp: 193/12994Kb lim: 239306 exec/s: 1315 rss: 468Mb L: 19267/239306 MS: 1 EraseBytes-
#14569	REDUCE cov: 1398 ft: 2568 corp: 193/12994Kb lim: 239306 exec/s: 1324 rss: 468Mb L: 2253/239306 MS: 2 InsertByte-EraseBytes-
#14593	NEW    cov: 1398 ft: 2570 corp: 194/13053Kb lim: 239306 exec/s: 1326 rss: 468Mb L: 60708/239306 MS: 4 ChangeBinInt-CopyPart-ChangeBinInt-PersAutoDict- DE: "<\000\000\000\000\000\000\000"-
#14624	REDUCE cov: 1398 ft: 2570 corp: 194/13000Kb lim: 239306 exec/s: 1329 rss: 468Mb L: 83914/239306 MS: 1 EraseBytes-
#14705	REDUCE cov: 1398 ft: 2570 corp: 194/12997Kb lim: 239306 exec/s: 1336 rss: 468Mb L: 8859/239306 MS: 1 EraseBytes-
#14718	REDUCE cov: 1398 ft: 2570 corp: 194/12956Kb lim: 239306 exec/s: 1338 rss: 468Mb L: 80482/239306 MS: 3 PersAutoDict-ChangeByte-EraseBytes- DE: "\000\000\000\000\000\000\000M"-
#14728	REDUCE cov: 1398 ft: 2570 corp: 194/12923Kb lim: 239306 exec/s: 1338 rss: 468Mb L: 82953/239306 MS: 5 ChangeASCIIInt-ChangeByte-CMP-CrossOver-EraseBytes- DE: "\031\000\000\000\000\000\000\000"-
#14736	REDUCE cov: 1398 ft: 2570 corp: 194/12919Kb lim: 239306 exec/s: 1339 rss: 468Mb L: 8415/239306 MS: 3 ChangeByte-ChangeASCIIInt-EraseBytes-
#14740	REDUCE cov: 1398 ft: 2570 corp: 194/12919Kb lim: 239306 exec/s: 1340 rss: 468Mb L: 82/239306 MS: 4 ChangeByte-ShuffleBytes-ChangeBinInt-EraseBytes-
#14744	REDUCE cov: 1398 ft: 2570 corp: 194/12915Kb lim: 239306 exec/s: 1340 rss: 468Mb L: 4481/239306 MS: 4 InsertByte-ChangeBinInt-InsertRepeatedBytes-EraseBytes-
#14752	REDUCE cov: 1398 ft: 2572 corp: 195/12915Kb lim: 239306 exec/s: 1341 rss: 468Mb L: 197/239306 MS: 3 CopyPart-ChangeByte-ChangeBinInt-
#14764	REDUCE cov: 1398 ft: 2572 corp: 195/12911Kb lim: 239306 exec/s: 1342 rss: 468Mb L: 29522/239306 MS: 2 ChangeBinInt-EraseBytes-
#14765	REDUCE cov: 1398 ft: 2572 corp: 195/12907Kb lim: 239306 exec/s: 1342 rss: 468Mb L: 9130/239306 MS: 1 EraseBytes-
#14798	REDUCE cov: 1398 ft: 2572 corp: 195/12898Kb lim: 239306 exec/s: 1345 rss: 468Mb L: 28046/239306 MS: 3 InsertRepeatedBytes-ShuffleBytes-EraseBytes-
#14841	REDUCE cov: 1398 ft: 2572 corp: 195/12885Kb lim: 239306 exec/s: 1349 rss: 468Mb L: 39104/239306 MS: 3 ChangeBinInt-ChangeBinInt-EraseBytes-
#14843	REDUCE cov: 1398 ft: 2572 corp: 195/12883Kb lim: 239306 exec/s: 1349 rss: 468Mb L: 6892/239306 MS: 2 ChangeASCIIInt-EraseBytes-
#14869	REDUCE cov: 1398 ft: 2572 corp: 195/12880Kb lim: 239306 exec/s: 1351 rss: 468Mb L: 6446/239306 MS: 1 EraseBytes-
#14886	REDUCE cov: 1398 ft: 2572 corp: 195/12870Kb lim: 239306 exec/s: 1353 rss: 468Mb L: 13773/239306 MS: 2 CopyPart-EraseBytes-
#14898	REDUCE cov: 1398 ft: 2572 corp: 195/12837Kb lim: 239306 exec/s: 1354 rss: 468Mb L: 122614/239306 MS: 2 CrossOver-EraseBytes-
#14920	NEW    cov: 1400 ft: 2574 corp: 196/12848Kb lim: 239306 exec/s: 1356 rss: 468Mb L: 12093/239306 MS: 2 PersAutoDict-CrossOver- DE: "\000\000\000\000\000\000\000\000"-
#14933	REDUCE cov: 1400 ft: 2574 corp: 196/12845Kb lim: 239306 exec/s: 1357 rss: 468Mb L: 5977/239306 MS: 3 EraseBytes-ChangeASCIIInt-EraseBytes-
#14948	REDUCE cov: 1400 ft: 2574 corp: 196/12840Kb lim: 239306 exec/s: 1358 rss: 468Mb L: 23165/239306 MS: 5 ChangeASCIIInt-ShuffleBytes-ShuffleBytes-EraseBytes-ChangeBinInt-
#15153	REDUCE cov: 1400 ft: 2574 corp: 196/12776Kb lim: 239306 exec/s: 1377 rss: 468Mb L: 163864/239306 MS: 5 ChangeBinInt-ShuffleBytes-EraseBytes-CMP-InsertRepeatedBytes- DE: "\377\377"-
#15239	REDUCE cov: 1400 ft: 2574 corp: 196/12776Kb lim: 239306 exec/s: 1269 rss: 468Mb L: 4415/239306 MS: 1 EraseBytes-
#15274	REDUCE cov: 1400 ft: 2574 corp: 196/12695Kb lim: 239306 exec/s: 1272 rss: 468Mb L: 71276/239306 MS: 5 InsertRepeatedBytes-ChangeByte-ChangeBinInt-InsertByte-CrossOver-
#15454	REDUCE cov: 1400 ft: 2574 corp: 196/12692Kb lim: 239306 exec/s: 1287 rss: 468Mb L: 14822/239306 MS: 5 CopyPart-ChangeASCIIInt-InsertRepeatedBytes-CMP-EraseBytes- DE: "\377\377"-
#15516	REDUCE cov: 1400 ft: 2574 corp: 196/12674Kb lim: 239306 exec/s: 1293 rss: 468Mb L: 52388/239306 MS: 2 InsertByte-EraseBytes-
#15522	REDUCE cov: 1400 ft: 2574 corp: 196/12673Kb lim: 239306 exec/s: 1293 rss: 468Mb L: 2550/239306 MS: 1 EraseBytes-
#15543	REDUCE cov: 1400 ft: 2574 corp: 196/12673Kb lim: 239306 exec/s: 1295 rss: 468Mb L: 69348/239306 MS: 1 EraseBytes-
#15626	REDUCE cov: 1400 ft: 2574 corp: 196/12673Kb lim: 239306 exec/s: 1302 rss: 468Mb L: 23/239306 MS: 3 ChangeByte-ChangeBit-EraseBytes-
#15659	REDUCE cov: 1400 ft: 2574 corp: 196/12673Kb lim: 239306 exec/s: 1304 rss: 468Mb L: 8732/239306 MS: 3 InsertByte-ChangeASCIIInt-EraseBytes-
#15777	REDUCE cov: 1400 ft: 2574 corp: 196/12672Kb lim: 239306 exec/s: 1314 rss: 468Mb L: 141210/239306 MS: 3 ChangeBit-EraseBytes-PersAutoDict- DE: "\000\000\000\000\000\000\000\260"-
#15790	REDUCE cov: 1405 ft: 2579 corp: 197/12756Kb lim: 239306 exec/s: 1315 rss: 468Mb L: 85748/239306 MS: 3 CopyPart-ShuffleBytes-CMP- DE: "\001\000"-
#15881	REDUCE cov: 1405 ft: 2579 corp: 197/12751Kb lim: 239306 exec/s: 1323 rss: 468Mb L: 9660/239306 MS: 1 EraseBytes-
#15889	REDUCE cov: 1405 ft: 2579 corp: 197/12749Kb lim: 239306 exec/s: 1324 rss: 468Mb L: 4786/239306 MS: 3 ChangeByte-InsertByte-EraseBytes-
#15903	REDUCE cov: 1405 ft: 2579 corp: 197/12732Kb lim: 239306 exec/s: 1325 rss: 468Mb L: 69892/239306 MS: 4 ShuffleBytes-ChangeBinInt-InsertRepeatedBytes-EraseBytes-
#15934	REDUCE cov: 1405 ft: 2579 corp: 197/12732Kb lim: 239306 exec/s: 1327 rss: 468Mb L: 301/239306 MS: 1 EraseBytes-
#15968	REDUCE cov: 1405 ft: 2579 corp: 197/12713Kb lim: 239306 exec/s: 1330 rss: 468Mb L: 91699/239306 MS: 4 PersAutoDict-ChangeBit-ChangeBinInt-EraseBytes- DE: "\000\000\000\000\000\000\000d"-
#16034	REDUCE cov: 1405 ft: 2579 corp: 197/12712Kb lim: 239306 exec/s: 1336 rss: 468Mb L: 3520/239306 MS: 1 EraseBytes-
#16055	REDUCE cov: 1405 ft: 2579 corp: 197/12712Kb lim: 239306 exec/s: 1337 rss: 468Mb L: 161/239306 MS: 1 EraseBytes-
#16067	REDUCE cov: 1405 ft: 2579 corp: 197/12705Kb lim: 239306 exec/s: 1338 rss: 468Mb L: 21526/239306 MS: 2 ChangeASCIIInt-EraseBytes-
#16108	REDUCE cov: 1405 ft: 2579 corp: 197/12702Kb lim: 239306 exec/s: 1342 rss: 468Mb L: 10362/239306 MS: 1 EraseBytes-
#16192	REDUCE cov: 1405 ft: 2579 corp: 197/12658Kb lim: 239306 exec/s: 1349 rss: 468Mb L: 66647/239306 MS: 4 ChangeByte-InsertRepeatedBytes-ChangeASCIIInt-EraseBytes-
#16200	REDUCE cov: 1405 ft: 2579 corp: 197/12645Kb lim: 239306 exec/s: 1350 rss: 468Mb L: 77884/239306 MS: 3 PersAutoDict-ChangeBinInt-EraseBytes- DE: "\002\377\377\377\377\377\377\377"-
#16265	REDUCE cov: 1405 ft: 2579 corp: 197/12605Kb lim: 239306 exec/s: 1355 rss: 468Mb L: 177234/239306 MS: 5 InsertByte-InsertByte-PersAutoDict-EraseBytes-InsertByte- DE: "\001\000\000\000"-
#16271	REDUCE cov: 1405 ft: 2579 corp: 197/12601Kb lim: 239306 exec/s: 1355 rss: 468Mb L: 20935/239306 MS: 1 EraseBytes-
#16278	REDUCE cov: 1405 ft: 2579 corp: 197/12596Kb lim: 239306 exec/s: 1356 rss: 468Mb L: 62295/239306 MS: 2 CrossOver-EraseBytes-
#16292	REDUCE cov: 1405 ft: 2579 corp: 197/12593Kb lim: 239306 exec/s: 1357 rss: 468Mb L: 89767/239306 MS: 4 CrossOver-ChangeByte-CrossOver-EraseBytes-
#16314	REDUCE cov: 1405 ft: 2579 corp: 197/12593Kb lim: 239306 exec/s: 1359 rss: 468Mb L: 18/239306 MS: 2 ShuffleBytes-EraseBytes-
#16329	REDUCE cov: 1405 ft: 2579 corp: 197/12588Kb lim: 239306 exec/s: 1360 rss: 468Mb L: 18427/239306 MS: 5 ChangeBit-ChangeBinInt-ChangeByte-InsertRepeatedBytes-EraseBytes-
#16384	pulse  cov: 1405 ft: 2579 corp: 197/12588Kb lim: 239306 exec/s: 1365 rss: 468Mb
#16452	REDUCE cov: 1405 ft: 2579 corp: 197/12582Kb lim: 239306 exec/s: 1371 rss: 468Mb L: 8335/239306 MS: 3 ShuffleBytes-ChangeBit-EraseBytes-
#16544	REDUCE cov: 1405 ft: 2579 corp: 197/12582Kb lim: 239306 exec/s: 1378 rss: 468Mb L: 2124/239306 MS: 2 InsertByte-EraseBytes-
#16566	REDUCE cov: 1405 ft: 2579 corp: 197/12581Kb lim: 239306 exec/s: 1380 rss: 468Mb L: 2383/239306 MS: 2 InsertRepeatedBytes-EraseBytes-
#16608	REDUCE cov: 1405 ft: 2579 corp: 197/12581Kb lim: 239306 exec/s: 1384 rss: 468Mb L: 23/239306 MS: 2 CrossOver-EraseBytes-
#16646	REDUCE cov: 1405 ft: 2579 corp: 197/12578Kb lim: 239306 exec/s: 1387 rss: 468Mb L: 31506/239306 MS: 3 ShuffleBytes-ChangeBinInt-CrossOver-
#16657	REDUCE cov: 1405 ft: 2579 corp: 197/12578Kb lim: 239306 exec/s: 1388 rss: 468Mb L: 205471/239306 MS: 1 EraseBytes-
#16668	REDUCE cov: 1405 ft: 2579 corp: 197/12575Kb lim: 239306 exec/s: 1389 rss: 468Mb L: 31437/239306 MS: 1 EraseBytes-
#16695	REDUCE cov: 1405 ft: 2579 corp: 197/12575Kb lim: 239306 exec/s: 1391 rss: 468Mb L: 62/239306 MS: 2 InsertByte-EraseBytes-
#16723	REDUCE cov: 1405 ft: 2579 corp: 197/12575Kb lim: 239306 exec/s: 1393 rss: 468Mb L: 47/239306 MS: 3 EraseBytes-ChangeBinInt-CrossOver-
#16792	REDUCE cov: 1405 ft: 2579 corp: 197/12557Kb lim: 239306 exec/s: 1291 rss: 468Mb L: 59135/239306 MS: 4 InsertRepeatedBytes-ShuffleBytes-ShuffleBytes-EraseBytes-
#16816	REDUCE cov: 1405 ft: 2579 corp: 197/12538Kb lim: 239306 exec/s: 1293 rss: 468Mb L: 66971/239306 MS: 4 ChangeBinInt-ChangeBinInt-ChangeBinInt-EraseBytes-
#16821	REDUCE cov: 1405 ft: 2579 corp: 197/12533Kb lim: 239306 exec/s: 1293 rss: 468Mb L: 233392/239306 MS: 5 ChangeASCIIInt-ChangeByte-CopyPart-ChangeASCIIInt-EraseBytes-
#16839	REDUCE cov: 1405 ft: 2579 corp: 197/12513Kb lim: 239306 exec/s: 1295 rss: 468Mb L: 42134/239306 MS: 3 ChangeBit-ShuffleBytes-EraseBytes-
#16848	REDUCE cov: 1405 ft: 2579 corp: 197/12510Kb lim: 239306 exec/s: 1296 rss: 468Mb L: 49261/239306 MS: 4 ChangeASCIIInt-PersAutoDict-ChangeByte-EraseBytes- DE: "\377\377"-
#16854	REDUCE cov: 1405 ft: 2579 corp: 197/12508Kb lim: 239306 exec/s: 1296 rss: 468Mb L: 7743/239306 MS: 1 EraseBytes-
#16981	REDUCE cov: 1405 ft: 2579 corp: 197/12508Kb lim: 239306 exec/s: 1306 rss: 468Mb L: 15/239306 MS: 2 CopyPart-EraseBytes-
#17018	REDUCE cov: 1405 ft: 2579 corp: 197/12508Kb lim: 239306 exec/s: 1309 rss: 468Mb L: 35/239306 MS: 2 ChangeByte-EraseBytes-
#17038	REDUCE cov: 1405 ft: 2579 corp: 197/12508Kb lim: 239306 exec/s: 1310 rss: 468Mb L: 12/239306 MS: 5 PersAutoDict-EraseBytes-ChangeByte-EraseBytes-EraseBytes- DE: "\377\377\377\377\377\377\377\263"-
#17079	REDUCE cov: 1405 ft: 2579 corp: 197/12507Kb lim: 239306 exec/s: 1313 rss: 468Mb L: 43361/239306 MS: 1 EraseBytes-
#17135	REDUCE cov: 1405 ft: 2579 corp: 197/12507Kb lim: 239306 exec/s: 1318 rss: 468Mb L: 10885/239306 MS: 1 EraseBytes-
#17146	REDUCE cov: 1405 ft: 2579 corp: 197/12503Kb lim: 239306 exec/s: 1318 rss: 468Mb L: 15923/239306 MS: 1 EraseBytes-
#17159	REDUCE cov: 1405 ft: 2579 corp: 197/12500Kb lim: 239306 exec/s: 1319 rss: 468Mb L: 17990/239306 MS: 3 PersAutoDict-PersAutoDict-EraseBytes- DE: "\001\000\000\000"-"\001\000\000\000\000\000\000\000"-
#17190	REDUCE cov: 1405 ft: 2579 corp: 197/12494Kb lim: 239306 exec/s: 1322 rss: 468Mb L: 65858/239306 MS: 1 EraseBytes-
#17192	REDUCE cov: 1405 ft: 2579 corp: 197/12412Kb lim: 239306 exec/s: 1322 rss: 468Mb L: 121291/239306 MS: 2 ChangeASCIIInt-EraseBytes-
#17224	REDUCE cov: 1405 ft: 2579 corp: 197/12406Kb lim: 239306 exec/s: 1324 rss: 468Mb L: 35484/239306 MS: 2 ShuffleBytes-EraseBytes-
#17260	REDUCE cov: 1405 ft: 2579 corp: 197/12402Kb lim: 239306 exec/s: 1327 rss: 468Mb L: 7065/239306 MS: 1 EraseBytes-
#17322	REDUCE cov: 1405 ft: 2579 corp: 197/12399Kb lim: 239306 exec/s: 1332 rss: 468Mb L: 28271/239306 MS: 2 ShuffleBytes-EraseBytes-
#17333	REDUCE cov: 1405 ft: 2579 corp: 197/12399Kb lim: 239306 exec/s: 1333 rss: 468Mb L: 64/239306 MS: 1 EraseBytes-
#17387	NEW    cov: 1405 ft: 2580 corp: 198/12411Kb lim: 239306 exec/s: 1337 rss: 468Mb L: 12102/239306 MS: 4 ChangeBit-PersAutoDict-ChangeByte-InsertByte- DE: "\005\000\000\000\000\000\000\000"-
#17451	REDUCE cov: 1405 ft: 2580 corp: 198/12408Kb lim: 239306 exec/s: 1342 rss: 468Mb L: 24713/239306 MS: 4 PersAutoDict-PersAutoDict-ChangeByte-EraseBytes- DE: "\377\377\377\377\377\377\000\271"-"\031\000\000\000\000\000\000\000"-
#17457	REDUCE cov: 1405 ft: 2580 corp: 198/12406Kb lim: 239306 exec/s: 1342 rss: 468Mb L: 7304/239306 MS: 1 EraseBytes-
#17458	REDUCE cov: 1405 ft: 2580 corp: 198/12391Kb lim: 239306 exec/s: 1342 rss: 468Mb L: 64985/239306 MS: 1 EraseBytes-
#17510	REDUCE cov: 1405 ft: 2580 corp: 198/12376Kb lim: 239306 exec/s: 1346 rss: 468Mb L: 9297/239306 MS: 2 ChangeBinInt-CrossOver-
#17531	REDUCE cov: 1405 ft: 2580 corp: 198/12376Kb lim: 239306 exec/s: 1348 rss: 468Mb L: 52/239306 MS: 1 EraseBytes-
#17556	REDUCE cov: 1405 ft: 2580 corp: 198/12376Kb lim: 239306 exec/s: 1350 rss: 468Mb L: 7/239306 MS: 5 CrossOver-ChangeByte-EraseBytes-ChangeBinInt-EraseBytes-
#17608	REDUCE cov: 1405 ft: 2580 corp: 198/12375Kb lim: 239306 exec/s: 1354 rss: 468Mb L: 32935/239306 MS: 2 CopyPart-EraseBytes-
#17624	REDUCE cov: 1405 ft: 2580 corp: 198/12371Kb lim: 239306 exec/s: 1355 rss: 468Mb L: 56753/239306 MS: 1 EraseBytes-
#17643	NEW    cov: 1405 ft: 2586 corp: 199/12418Kb lim: 239306 exec/s: 1357 rss: 468Mb L: 48124/239306 MS: 4 ShuffleBytes-InsertRepeatedBytes-ChangeBit-CMP- DE: "N\000\000\000\000\000\000\000"-
#17654	REDUCE cov: 1405 ft: 2586 corp: 199/12414Kb lim: 239306 exec/s: 1358 rss: 468Mb L: 77294/239306 MS: 1 EraseBytes-
#17735	REDUCE cov: 1405 ft: 2586 corp: 199/12411Kb lim: 239306 exec/s: 1364 rss: 468Mb L: 8937/239306 MS: 1 EraseBytes-
#17748	REDUCE cov: 1408 ft: 2589 corp: 200/12411Kb lim: 239306 exec/s: 1365 rss: 468Mb L: 23/239306 MS: 3 PersAutoDict-ChangeByte-EraseBytes- DE: "\004\000\000\000\000\000\000\000"-
#17751	REDUCE cov: 1408 ft: 2589 corp: 200/12407Kb lim: 239306 exec/s: 1365 rss: 468Mb L: 15172/239306 MS: 3 ChangeByte-ChangeBinInt-EraseBytes-
#17797	REDUCE cov: 1408 ft: 2589 corp: 200/12403Kb lim: 239306 exec/s: 1369 rss: 468Mb L: 27844/239306 MS: 1 EraseBytes-
#17811	REDUCE cov: 1408 ft: 2589 corp: 200/12395Kb lim: 239306 exec/s: 1370 rss: 468Mb L: 42093/239306 MS: 4 ChangeASCIIInt-CMP-InsertByte-EraseBytes- DE: "\001\000\000\000"-
#17852	REDUCE cov: 1408 ft: 2589 corp: 200/12393Kb lim: 239306 exec/s: 1373 rss: 468Mb L: 2768/239306 MS: 1 EraseBytes-
#17863	REDUCE cov: 1408 ft: 2589 corp: 200/12389Kb lim: 239306 exec/s: 1374 rss: 468Mb L: 5321/239306 MS: 1 EraseBytes-
#17897	REDUCE cov: 1409 ft: 2590 corp: 201/12389Kb lim: 239306 exec/s: 1376 rss: 468Mb L: 211/239306 MS: 4 ChangeBinInt-ChangeBinInt-PersAutoDict-PersAutoDict- DE: "UUUUUUU\005"-"\015\000\000\000\000\000\000\000"-
#17916	REDUCE cov: 1409 ft: 2590 corp: 201/12384Kb lim: 239306 exec/s: 1378 rss: 468Mb L: 22400/239306 MS: 4 InsertByte-ChangeASCIIInt-ChangeBit-EraseBytes-
#18013	REDUCE cov: 1409 ft: 2590 corp: 201/12359Kb lim: 239306 exec/s: 1385 rss: 468Mb L: 43878/239306 MS: 2 ShuffleBytes-EraseBytes-
#18014	REDUCE cov: 1409 ft: 2590 corp: 201/12353Kb lim: 239306 exec/s: 1385 rss: 468Mb L: 9622/239306 MS: 1 EraseBytes-
#18044	REDUCE cov: 1409 ft: 2590 corp: 201/12349Kb lim: 239306 exec/s: 1388 rss: 468Mb L: 45174/239306 MS: 5 ShuffleBytes-CopyPart-CopyPart-ChangeBinInt-EraseBytes-
#18107	REDUCE cov: 1409 ft: 2590 corp: 201/12347Kb lim: 239306 exec/s: 1392 rss: 468Mb L: 4375/239306 MS: 3 ChangeBit-PersAutoDict-EraseBytes- DE: "\000\000\000\000\000\000\025\023"-
#18269	REDUCE cov: 1409 ft: 2590 corp: 201/12342Kb lim: 239306 exec/s: 1405 rss: 468Mb L: 143296/239306 MS: 2 ChangeBinInt-EraseBytes-
#18288	REDUCE cov: 1409 ft: 2590 corp: 201/12326Kb lim: 239306 exec/s: 1406 rss: 468Mb L: 43160/239306 MS: 4 InsertByte-ChangeBit-InsertRepeatedBytes-EraseBytes-
#18360	REDUCE cov: 1409 ft: 2590 corp: 201/12312Kb lim: 239306 exec/s: 1412 rss: 468Mb L: 30694/239306 MS: 2 ChangeBit-EraseBytes-
#18364	REDUCE cov: 1409 ft: 2590 corp: 201/12246Kb lim: 239306 exec/s: 1412 rss: 468Mb L: 63620/239306 MS: 4 ChangeBinInt-PersAutoDict-CrossOver-CrossOver- DE: "\000\000\000\000\000\000\005\332"-
#18365	REDUCE cov: 1409 ft: 2590 corp: 201/12244Kb lim: 239306 exec/s: 1412 rss: 468Mb L: 6433/239306 MS: 1 EraseBytes-
#18429	REDUCE cov: 1409 ft: 2590 corp: 201/12244Kb lim: 239306 exec/s: 1316 rss: 468Mb L: 13438/239306 MS: 4 ChangeBinInt-CrossOver-ChangeBinInt-EraseBytes-
#18442	REDUCE cov: 1409 ft: 2590 corp: 201/12239Kb lim: 239306 exec/s: 1317 rss: 468Mb L: 10656/239306 MS: 3 ShuffleBytes-ChangeASCIIInt-EraseBytes-
#18521	REDUCE cov: 1409 ft: 2590 corp: 201/12239Kb lim: 239306 exec/s: 1322 rss: 468Mb L: 63/239306 MS: 4 PersAutoDict-ChangeByte-InsertRepeatedBytes-EraseBytes- DE: "\000\000\000\000\000\000\000\030"-
#18548	REDUCE cov: 1409 ft: 2590 corp: 201/12239Kb lim: 239306 exec/s: 1324 rss: 468Mb L: 3334/239306 MS: 2 ChangeASCIIInt-EraseBytes-
#18555	REDUCE cov: 1409 ft: 2590 corp: 201/12217Kb lim: 239306 exec/s: 1325 rss: 468Mb L: 22672/239306 MS: 2 InsertRepeatedBytes-EraseBytes-
#18559	REDUCE cov: 1409 ft: 2590 corp: 201/12213Kb lim: 239306 exec/s: 1325 rss: 468Mb L: 37212/239306 MS: 4 ChangeByte-ChangeBit-ChangeBit-EraseBytes-
#18567	REDUCE cov: 1409 ft: 2591 corp: 202/12216Kb lim: 239306 exec/s: 1326 rss: 468Mb L: 3362/239306 MS: 3 CopyPart-EraseBytes-CrossOver-
#18880	REDUCE cov: 1409 ft: 2591 corp: 202/12215Kb lim: 239306 exec/s: 1348 rss: 468Mb L: 4340/239306 MS: 3 ChangeASCIIInt-ChangeASCIIInt-EraseBytes-
#18897	REDUCE cov: 1409 ft: 2591 corp: 202/12214Kb lim: 239306 exec/s: 1349 rss: 468Mb L: 9555/239306 MS: 2 InsertRepeatedBytes-EraseBytes-
#18936	REDUCE cov: 1409 ft: 2591 corp: 202/12213Kb lim: 239306 exec/s: 1352 rss: 468Mb L: 3999/239306 MS: 4 InsertRepeatedBytes-CopyPart-InsertByte-EraseBytes-
#18962	REDUCE cov: 1409 ft: 2591 corp: 202/12210Kb lim: 239306 exec/s: 1354 rss: 468Mb L: 5881/239306 MS: 1 EraseBytes-
#18963	REDUCE cov: 1409 ft: 2591 corp: 202/12195Kb lim: 239306 exec/s: 1354 rss: 468Mb L: 74208/239306 MS: 1 EraseBytes-
#18964	REDUCE cov: 1409 ft: 2591 corp: 202/12193Kb lim: 239306 exec/s: 1354 rss: 468Mb L: 2130/239306 MS: 1 EraseBytes-
#18989	REDUCE cov: 1409 ft: 2591 corp: 202/12179Kb lim: 239306 exec/s: 1356 rss: 468Mb L: 14921/239306 MS: 5 ChangeBinInt-ShuffleBytes-InsertRepeatedBytes-ChangeBinInt-EraseBytes-
#19110	REDUCE cov: 1409 ft: 2591 corp: 202/12175Kb lim: 239306 exec/s: 1365 rss: 468Mb L: 5925/239306 MS: 1 EraseBytes-
#19120	REDUCE cov: 1409 ft: 2591 corp: 202/12175Kb lim: 239306 exec/s: 1365 rss: 468Mb L: 2344/239306 MS: 5 ChangeBit-CMP-ChangeASCIIInt-InsertByte-EraseBytes- DE: "\000\000\000\000"-
#19268	REDUCE cov: 1409 ft: 2591 corp: 202/12173Kb lim: 239306 exec/s: 1376 rss: 468Mb L: 20693/239306 MS: 3 ChangeBit-ChangeByte-EraseBytes-
#19269	REDUCE cov: 1409 ft: 2591 corp: 202/12173Kb lim: 239306 exec/s: 1376 rss: 468Mb L: 117/239306 MS: 1 EraseBytes-
#19288	REDUCE cov: 1409 ft: 2591 corp: 202/12161Kb lim: 239306 exec/s: 1377 rss: 468Mb L: 14923/239306 MS: 4 CopyPart-CMP-ChangeBit-EraseBytes- DE: "\001\000\000\000"-
#19321	REDUCE cov: 1409 ft: 2591 corp: 202/12161Kb lim: 239306 exec/s: 1380 rss: 468Mb L: 3274/239306 MS: 3 ChangeBit-CMP-EraseBytes- DE: "~\3509\021=e\236r"-
#19340	REDUCE cov: 1409 ft: 2591 corp: 202/12132Kb lim: 239306 exec/s: 1381 rss: 468Mb L: 35716/239306 MS: 4 CrossOver-ChangeBinInt-ChangeByte-EraseBytes-
#19366	REDUCE cov: 1409 ft: 2591 corp: 202/12132Kb lim: 239306 exec/s: 1383 rss: 468Mb L: 57/239306 MS: 1 EraseBytes-
#19417	REDUCE cov: 1409 ft: 2591 corp: 202/12117Kb lim: 239306 exec/s: 1386 rss: 468Mb L: 99256/239306 MS: 1 EraseBytes-
#19429	REDUCE cov: 1409 ft: 2591 corp: 202/12117Kb lim: 239306 exec/s: 1387 rss: 468Mb L: 18/239306 MS: 2 CopyPart-EraseBytes-
#19451	REDUCE cov: 1409 ft: 2591 corp: 202/12117Kb lim: 239306 exec/s: 1389 rss: 468Mb L: 6/239306 MS: 2 ChangeByte-EraseBytes-
#19471	REDUCE cov: 1409 ft: 2591 corp: 202/12103Kb lim: 239306 exec/s: 1390 rss: 468Mb L: 71531/239306 MS: 5 ChangeByte-PersAutoDict-CMP-ShuffleBytes-EraseBytes- DE: "\031\000\000\000\000\000\000\000"-"\000\000\000\000\001\000\000\001"-
#19481	REDUCE cov: 1409 ft: 2591 corp: 202/12091Kb lim: 239306 exec/s: 1391 rss: 468Mb L: 23458/239306 MS: 5 ChangeBit-CopyPart-InsertByte-InsertRepeatedBytes-EraseBytes-
#19494	REDUCE cov: 1409 ft: 2591 corp: 202/12074Kb lim: 239306 exec/s: 1392 rss: 468Mb L: 77122/239306 MS: 3 CrossOver-PersAutoDict-EraseBytes- DE: "\375\321\275\311O\010\324\373"-
#19530	REDUCE cov: 1409 ft: 2591 corp: 202/12070Kb lim: 239306 exec/s: 1395 rss: 468Mb L: 51849/239306 MS: 1 EraseBytes-
#19601	REDUCE cov: 1409 ft: 2591 corp: 202/12059Kb lim: 239306 exec/s: 1400 rss: 468Mb L: 12914/239306 MS: 1 EraseBytes-
#19607	REDUCE cov: 1409 ft: 2591 corp: 202/12058Kb lim: 239306 exec/s: 1400 rss: 468Mb L: 3236/239306 MS: 1 EraseBytes-
#19613	REDUCE cov: 1409 ft: 2591 corp: 202/12043Kb lim: 239306 exec/s: 1400 rss: 468Mb L: 28524/239306 MS: 1 EraseBytes-
#19652	REDUCE cov: 1409 ft: 2591 corp: 202/12024Kb lim: 239306 exec/s: 1403 rss: 468Mb L: 36974/239306 MS: 4 ChangeASCIIInt-ChangeBit-ChangeBit-EraseBytes-
#19653	REDUCE cov: 1411 ft: 2593 corp: 203/12024Kb lim: 239306 exec/s: 1403 rss: 468Mb L: 199/239306 MS: 1 PersAutoDict- DE: "\001\000"-
#19719	REDUCE cov: 1411 ft: 2593 corp: 203/12024Kb lim: 239306 exec/s: 1408 rss: 468Mb L: 10/239306 MS: 1 EraseBytes-
#19747	NEW    cov: 1411 ft: 2594 corp: 204/12025Kb lim: 239306 exec/s: 1410 rss: 468Mb L: 127/239306 MS: 3 EraseBytes-InsertByte-InsertByte-
#19842	REDUCE cov: 1411 ft: 2594 corp: 204/12024Kb lim: 239306 exec/s: 1417 rss: 468Mb L: 12556/239306 MS: 5 ChangeByte-InsertRepeatedBytes-InsertByte-ChangeBit-EraseBytes-
#19873	REDUCE cov: 1411 ft: 2594 corp: 204/12024Kb lim: 239306 exec/s: 1419 rss: 468Mb L: 4153/239306 MS: 1 EraseBytes-
#19936	REDUCE cov: 1411 ft: 2594 corp: 204/12022Kb lim: 239306 exec/s: 1424 rss: 468Mb L: 5515/239306 MS: 3 CrossOver-ShuffleBytes-EraseBytes-
#20048	REDUCE cov: 1411 ft: 2594 corp: 204/12011Kb lim: 239306 exec/s: 1432 rss: 468Mb L: 18398/239306 MS: 2 InsertByte-EraseBytes-
#20120	NEW    cov: 1412 ft: 2595 corp: 205/12011Kb lim: 239306 exec/s: 1437 rss: 468Mb L: 170/239306 MS: 2 CopyPart-ChangeBinInt-
#20122	REDUCE cov: 1412 ft: 2595 corp: 205/12011Kb lim: 239306 exec/s: 1437 rss: 468Mb L: 183/239306 MS: 2 ShuffleBytes-EraseBytes-
#20151	REDUCE cov: 1412 ft: 2595 corp: 205/12011Kb lim: 239306 exec/s: 1439 rss: 468Mb L: 12198/239306 MS: 4 CopyPart-CrossOver-EraseBytes-EraseBytes-
#20169	REDUCE cov: 1412 ft: 2595 corp: 205/11999Kb lim: 239306 exec/s: 1440 rss: 468Mb L: 31758/239306 MS: 3 InsertRepeatedBytes-ChangeBit-EraseBytes-
#20180	REDUCE cov: 1412 ft: 2595 corp: 205/11999Kb lim: 239306 exec/s: 1345 rss: 468Mb L: 1875/239306 MS: 1 EraseBytes-
#20204	REDUCE cov: 1412 ft: 2595 corp: 205/11997Kb lim: 239306 exec/s: 1346 rss: 468Mb L: 7038/239306 MS: 4 ChangeBinInt-CrossOver-ChangeBinInt-EraseBytes-
#20230	REDUCE cov: 1412 ft: 2595 corp: 205/11996Kb lim: 239306 exec/s: 1348 rss: 468Mb L: 1170/239306 MS: 1 EraseBytes-
#20236	REDUCE cov: 1412 ft: 2595 corp: 205/11989Kb lim: 239306 exec/s: 1349 rss: 468Mb L: 50195/239306 MS: 1 EraseBytes-
#20369	REDUCE cov: 1412 ft: 2595 corp: 205/11988Kb lim: 239306 exec/s: 1357 rss: 468Mb L: 1460/239306 MS: 3 CMP-CopyPart-EraseBytes- DE: "\001\001"-
#20450	REDUCE cov: 1412 ft: 2595 corp: 205/11987Kb lim: 239306 exec/s: 1363 rss: 468Mb L: 5634/239306 MS: 1 EraseBytes-
#20602	REDUCE cov: 1412 ft: 2595 corp: 205/11889Kb lim: 239306 exec/s: 1373 rss: 468Mb L: 132967/239306 MS: 2 InsertRepeatedBytes-EraseBytes-
#20684	REDUCE cov: 1412 ft: 2595 corp: 205/11889Kb lim: 239306 exec/s: 1378 rss: 468Mb L: 94/239306 MS: 2 ShuffleBytes-EraseBytes-
#20709	REDUCE cov: 1412 ft: 2595 corp: 205/11887Kb lim: 239306 exec/s: 1380 rss: 468Mb L: 4634/239306 MS: 5 ChangeBit-InsertRepeatedBytes-ShuffleBytes-InsertRepeatedBytes-EraseBytes-
#20710	REDUCE cov: 1412 ft: 2595 corp: 205/11887Kb lim: 239306 exec/s: 1380 rss: 468Mb L: 20/239306 MS: 1 EraseBytes-
#20731	REDUCE cov: 1412 ft: 2595 corp: 205/11885Kb lim: 239306 exec/s: 1382 rss: 468Mb L: 4598/239306 MS: 1 EraseBytes-
#20763	REDUCE cov: 1412 ft: 2595 corp: 205/11885Kb lim: 239306 exec/s: 1384 rss: 468Mb L: 23/239306 MS: 2 PersAutoDict-EraseBytes- DE: "\377\377\377\377\377\377\377\263"-
#20794	REDUCE cov: 1412 ft: 2595 corp: 205/11870Kb lim: 239306 exec/s: 1386 rss: 468Mb L: 21472/239306 MS: 1 EraseBytes-
#20865	REDUCE cov: 1412 ft: 2595 corp: 205/11870Kb lim: 239306 exec/s: 1391 rss: 468Mb L: 20/239306 MS: 1 EraseBytes-
#21001	REDUCE cov: 1412 ft: 2595 corp: 205/11868Kb lim: 239306 exec/s: 1400 rss: 468Mb L: 11215/239306 MS: 1 EraseBytes-
#21012	REDUCE cov: 1412 ft: 2595 corp: 205/11868Kb lim: 239306 exec/s: 1400 rss: 468Mb L: 46/239306 MS: 1 EraseBytes-
#21020	REDUCE cov: 1412 ft: 2595 corp: 205/11861Kb lim: 239306 exec/s: 1401 rss: 468Mb L: 8109/239306 MS: 3 ChangeByte-ShuffleBytes-EraseBytes-
#21098	REDUCE cov: 1412 ft: 2595 corp: 205/11861Kb lim: 239306 exec/s: 1406 rss: 468Mb L: 8/239306 MS: 3 ChangeBinInt-ShuffleBytes-EraseBytes-
#21128	REDUCE cov: 1412 ft: 2595 corp: 205/11852Kb lim: 239306 exec/s: 1408 rss: 468Mb L: 35894/239306 MS: 5 ShuffleBytes-CopyPart-ShuffleBytes-ChangeBit-EraseBytes-
#21145	NEW    cov: 1413 ft: 2596 corp: 206/11852Kb lim: 239306 exec/s: 1409 rss: 468Mb L: 24/239306 MS: 2 ChangeBinInt-InsertByte-
#21148	REDUCE cov: 1413 ft: 2596 corp: 206/11852Kb lim: 239306 exec/s: 1409 rss: 468Mb L: 4630/239306 MS: 3 CopyPart-InsertRepeatedBytes-EraseBytes-
#21154	NEW    cov: 1414 ft: 2597 corp: 207/11900Kb lim: 239306 exec/s: 1410 rss: 468Mb L: 49099/239306 MS: 1 CrossOver-
#21263	REDUCE cov: 1414 ft: 2597 corp: 207/11896Kb lim: 239306 exec/s: 1417 rss: 468Mb L: 4374/239306 MS: 4 ChangeBinInt-ChangeByte-ChangeBinInt-EraseBytes-
#21279	REDUCE cov: 1414 ft: 2597 corp: 207/11895Kb lim: 239306 exec/s: 1418 rss: 468Mb L: 5334/239306 MS: 1 EraseBytes-
#21358	REDUCE cov: 1414 ft: 2597 corp: 207/11885Kb lim: 239306 exec/s: 1423 rss: 468Mb L: 31937/239306 MS: 4 ChangeByte-ShuffleBytes-ShuffleBytes-EraseBytes-
#21366	REDUCE cov: 1414 ft: 2597 corp: 207/11849Kb lim: 239306 exec/s: 1424 rss: 468Mb L: 37976/239306 MS: 3 PersAutoDict-CopyPart-EraseBytes- DE: "\004\000\000\000\000\000\000\000"-
#21412	REDUCE cov: 1414 ft: 2597 corp: 207/11845Kb lim: 239306 exec/s: 1427 rss: 468Mb L: 16431/239306 MS: 1 EraseBytes-
#21434	REDUCE cov: 1414 ft: 2597 corp: 207/11845Kb lim: 239306 exec/s: 1428 rss: 468Mb L: 3262/239306 MS: 2 PersAutoDict-EraseBytes- DE: "\000\000"-
#21476	REDUCE cov: 1414 ft: 2597 corp: 207/11820Kb lim: 239306 exec/s: 1431 rss: 468Mb L: 60384/239306 MS: 2 CopyPart-EraseBytes-
#21495	REDUCE cov: 1414 ft: 2597 corp: 207/11820Kb lim: 239306 exec/s: 1433 rss: 468Mb L: 768/239306 MS: 4 CopyPart-ChangeASCIIInt-ChangeBinInt-EraseBytes-
#21527	REDUCE cov: 1414 ft: 2597 corp: 207/11817Kb lim: 239306 exec/s: 1435 rss: 468Mb L: 3127/239306 MS: 2 ChangeASCIIInt-EraseBytes-
#21539	REDUCE cov: 1414 ft: 2598 corp: 208/11817Kb lim: 239306 exec/s: 1435 rss: 468Mb L: 39/239306 MS: 2 ChangeByte-InsertRepeatedBytes-
#21751	REDUCE cov: 1414 ft: 2598 corp: 208/11815Kb lim: 239306 exec/s: 1450 rss: 468Mb L: 6433/239306 MS: 2 CopyPart-EraseBytes-
#21811	REDUCE cov: 1414 ft: 2598 corp: 208/11814Kb lim: 239306 exec/s: 1454 rss: 468Mb L: 12997/239306 MS: 5 ChangeByte-InsertRepeatedBytes-ChangeBit-ChangeBinInt-EraseBytes-
#21937	REDUCE cov: 1414 ft: 2598 corp: 208/11806Kb lim: 239306 exec/s: 1462 rss: 468Mb L: 10061/239306 MS: 1 EraseBytes-
#21963	REDUCE cov: 1414 ft: 2598 corp: 208/11798Kb lim: 239306 exec/s: 1464 rss: 468Mb L: 18822/239306 MS: 1 EraseBytes-
#22003	REDUCE cov: 1415 ft: 2599 corp: 209/11798Kb lim: 239306 exec/s: 1466 rss: 468Mb L: 8/239306 MS: 5 InsertByte-ChangeByte-InsertByte-CopyPart-PersAutoDict- DE: "\000\000\000\000\000\000\000\000"-
#22101	REDUCE cov: 1415 ft: 2599 corp: 209/11796Kb lim: 239306 exec/s: 1381 rss: 468Mb L: 1301/239306 MS: 3 CrossOver-EraseBytes-CrossOver-
#22138	REDUCE cov: 1415 ft: 2599 corp: 209/11795Kb lim: 239306 exec/s: 1383 rss: 468Mb L: 958/239306 MS: 2 ChangeBinInt-EraseBytes-
#22154	REDUCE cov: 1416 ft: 2600 corp: 210/11795Kb lim: 239306 exec/s: 1384 rss: 468Mb L: 97/239306 MS: 1 InsertByte-
#22170	REDUCE cov: 1416 ft: 2600 corp: 210/11795Kb lim: 239306 exec/s: 1385 rss: 468Mb L: 77/239306 MS: 1 EraseBytes-
#22173	REDUCE cov: 1416 ft: 2600 corp: 210/11795Kb lim: 239306 exec/s: 1385 rss: 468Mb L: 4147/239306 MS: 3 InsertRepeatedBytes-InsertRepeatedBytes-EraseBytes-
#22200	REDUCE cov: 1416 ft: 2600 corp: 210/11795Kb lim: 239306 exec/s: 1387 rss: 468Mb L: 38528/239306 MS: 2 InsertRepeatedBytes-EraseBytes-
#22211	REDUCE cov: 1416 ft: 2600 corp: 210/11795Kb lim: 239306 exec/s: 1388 rss: 468Mb L: 172/239306 MS: 1 EraseBytes-
#22225	REDUCE cov: 1416 ft: 2600 corp: 210/11782Kb lim: 239306 exec/s: 1389 rss: 468Mb L: 58421/239306 MS: 4 ShuffleBytes-ChangeByte-PersAutoDict-EraseBytes- DE: "\375\321\275\311O\010\324\373"-
#22255	REDUCE cov: 1416 ft: 2600 corp: 210/11759Kb lim: 239306 exec/s: 1390 rss: 468Mb L: 47549/239306 MS: 5 InsertByte-ChangeByte-PersAutoDict-InsertRepeatedBytes-EraseBytes- DE: "<\000\000\000\000\000\000\000"-
#22297	REDUCE cov: 1416 ft: 2600 corp: 210/11756Kb lim: 239306 exec/s: 1393 rss: 468Mb L: 80981/239306 MS: 2 InsertRepeatedBytes-EraseBytes-
#22344	REDUCE cov: 1416 ft: 2602 corp: 211/11760Kb lim: 239306 exec/s: 1396 rss: 468Mb L: 4921/239306 MS: 2 ChangeBit-CopyPart-
#22367	REDUCE cov: 1416 ft: 2602 corp: 211/11752Kb lim: 239306 exec/s: 1397 rss: 468Mb L: 35211/239306 MS: 3 ShuffleBytes-InsertByte-EraseBytes-
#22424	REDUCE cov: 1416 ft: 2602 corp: 211/11750Kb lim: 239306 exec/s: 1401 rss: 468Mb L: 2725/239306 MS: 2 ChangeASCIIInt-EraseBytes-
#22425	REDUCE cov: 1416 ft: 2602 corp: 211/11750Kb lim: 239306 exec/s: 1401 rss: 468Mb L: 194/239306 MS: 1 EraseBytes-
#22426	REDUCE cov: 1416 ft: 2602 corp: 211/11748Kb lim: 239306 exec/s: 1401 rss: 468Mb L: 2512/239306 MS: 1 EraseBytes-
#22439	REDUCE cov: 1416 ft: 2602 corp: 211/11709Kb lim: 239306 exec/s: 1402 rss: 468Mb L: 9076/239306 MS: 3 ChangeByte-CopyPart-CrossOver-
#22502	REDUCE cov: 1416 ft: 2602 corp: 211/11703Kb lim: 239306 exec/s: 1406 rss: 468Mb L: 6313/239306 MS: 3 ChangeByte-ChangeBit-EraseBytes-
#22508	REDUCE cov: 1418 ft: 2604 corp: 212/11703Kb lim: 239306 exec/s: 1406 rss: 468Mb L: 182/239306 MS: 1 EraseBytes-
#22549	REDUCE cov: 1418 ft: 2604 corp: 212/11691Kb lim: 239306 exec/s: 1409 rss: 468Mb L: 15675/239306 MS: 1 EraseBytes-
#22576	REDUCE cov: 1418 ft: 2604 corp: 212/11691Kb lim: 239306 exec/s: 1411 rss: 468Mb L: 140/239306 MS: 2 ChangeBit-EraseBytes-
#22645	REDUCE cov: 1418 ft: 2604 corp: 212/11657Kb lim: 239306 exec/s: 1415 rss: 468Mb L: 205424/239306 MS: 4 ChangeByte-ChangeASCIIInt-ChangeBit-EraseBytes-
#22681	REDUCE cov: 1418 ft: 2604 corp: 212/11626Kb lim: 239306 exec/s: 1417 rss: 468Mb L: 55769/239306 MS: 1 CrossOver-
#22722	REDUCE cov: 1418 ft: 2604 corp: 212/11626Kb lim: 239306 exec/s: 1420 rss: 468Mb L: 267/239306 MS: 1 EraseBytes-
#22734	REDUCE cov: 1419 ft: 2605 corp: 213/11626Kb lim: 239306 exec/s: 1420 rss: 468Mb L: 20/239306 MS: 2 CMP-PersAutoDict- DE: "\000\000"-"\015\000\000\000\000\000\000\000"-
#22780	REDUCE cov: 1420 ft: 2606 corp: 214/11626Kb lim: 239306 exec/s: 1423 rss: 468Mb L: 30/239306 MS: 1 CopyPart-
#22796	REDUCE cov: 1420 ft: 2606 corp: 214/11625Kb lim: 239306 exec/s: 1424 rss: 468Mb L: 3383/239306 MS: 1 EraseBytes-
#22799	REDUCE cov: 1420 ft: 2606 corp: 214/11616Kb lim: 239306 exec/s: 1424 rss: 468Mb L: 29721/239306 MS: 3 ChangeBit-InsertByte-EraseBytes-
#22813	REDUCE cov: 1423 ft: 2609 corp: 215/11616Kb lim: 239306 exec/s: 1425 rss: 468Mb L: 97/239306 MS: 4 ChangeBit-InsertByte-ShuffleBytes-ChangeBinInt-
#22879	REDUCE cov: 1423 ft: 2609 corp: 215/11614Kb lim: 239306 exec/s: 1429 rss: 468Mb L: 8369/239306 MS: 1 EraseBytes-
#22889	REDUCE cov: 1423 ft: 2609 corp: 215/11614Kb lim: 239306 exec/s: 1430 rss: 468Mb L: 7/239306 MS: 5 EraseBytes-CopyPart-EraseBytes-ShuffleBytes-EraseBytes-
#22899	REDUCE cov: 1423 ft: 2609 corp: 215/11613Kb lim: 239306 exec/s: 1431 rss: 468Mb L: 4883/239306 MS: 5 ChangeBinInt-ChangeBit-PersAutoDict-PersAutoDict-EraseBytes- DE: "\376\377\377\377\377\377\377\003"-"<\000\000\000\000\000\000\000"-
#22927	REDUCE cov: 1423 ft: 2609 corp: 215/11609Kb lim: 239306 exec/s: 1432 rss: 468Mb L: 12469/239306 MS: 3 ShuffleBytes-PersAutoDict-EraseBytes- DE: "\005\000\000\000\000\000\000\000"-
#23253	REDUCE cov: 1423 ft: 2609 corp: 215/11608Kb lim: 239306 exec/s: 1453 rss: 468Mb L: 3860/239306 MS: 1 EraseBytes-
#23465	REDUCE cov: 1423 ft: 2609 corp: 215/11605Kb lim: 239306 exec/s: 1466 rss: 468Mb L: 7373/239306 MS: 2 ChangeBit-EraseBytes-
#23506	REDUCE cov: 1423 ft: 2609 corp: 215/11605Kb lim: 239306 exec/s: 1469 rss: 468Mb L: 31/239306 MS: 1 EraseBytes-
#23552	REDUCE cov: 1423 ft: 2609 corp: 215/11604Kb lim: 239306 exec/s: 1472 rss: 468Mb L: 3308/239306 MS: 1 EraseBytes-
#23558	REDUCE cov: 1423 ft: 2609 corp: 215/11591Kb lim: 239306 exec/s: 1472 rss: 468Mb L: 49600/239306 MS: 1 EraseBytes-
#23630	REDUCE cov: 1423 ft: 2609 corp: 215/11590Kb lim: 239306 exec/s: 1476 rss: 468Mb L: 83/239306 MS: 2 ChangeByte-EraseBytes-
#23703	NEW    cov: 1424 ft: 2610 corp: 216/11807Kb lim: 239306 exec/s: 1481 rss: 468Mb L: 222100/239306 MS: 3 EraseBytes-CopyPart-PersAutoDict- DE: "\000\000\000\000\000\000\005\332"-
#23752	REDUCE cov: 1424 ft: 2610 corp: 216/11774Kb lim: 239306 exec/s: 1484 rss: 468Mb L: 42864/239306 MS: 4 ShuffleBytes-InsertByte-ChangeBinInt-EraseBytes-
#23764	REDUCE cov: 1424 ft: 2610 corp: 216/11774Kb lim: 239306 exec/s: 1485 rss: 468Mb L: 73/239306 MS: 2 CopyPart-EraseBytes-
#23767	REDUCE cov: 1424 ft: 2610 corp: 216/11771Kb lim: 239306 exec/s: 1485 rss: 468Mb L: 3405/239306 MS: 3 ChangeASCIIInt-ChangeBinInt-EraseBytes-
#23784	NEW    cov: 1425 ft: 2611 corp: 217/11771Kb lim: 239306 exec/s: 1486 rss: 468Mb L: 6/239306 MS: 2 CMP-EraseBytes- DE: "\000\000"-
#23803	REDUCE cov: 1425 ft: 2611 corp: 217/11771Kb lim: 239306 exec/s: 1487 rss: 468Mb L: 2894/239306 MS: 4 ChangeASCIIInt-ShuffleBytes-ChangeASCIIInt-EraseBytes-
#23829	REDUCE cov: 1425 ft: 2611 corp: 217/11769Kb lim: 239306 exec/s: 1489 rss: 468Mb L: 27231/239306 MS: 1 EraseBytes-
#23842	REDUCE cov: 1425 ft: 2611 corp: 217/11745Kb lim: 239306 exec/s: 1490 rss: 468Mb L: 41822/239306 MS: 3 ChangeASCIIInt-PersAutoDict-EraseBytes- DE: "\000\000\000\000\000\000\000\030"-
#23856	REDUCE cov: 1425 ft: 2611 corp: 217/11737Kb lim: 239306 exec/s: 1491 rss: 468Mb L: 9504/239306 MS: 4 CMP-ChangeByte-CopyPart-EraseBytes- DE: "\000\000\000\000"-
#23873	NEW    cov: 1425 ft: 2614 corp: 218/11737Kb lim: 239306 exec/s: 1492 rss: 468Mb L: 53/239306 MS: 2 InsertRepeatedBytes-ChangeBinInt-
#23955	REDUCE cov: 1425 ft: 2614 corp: 218/11736Kb lim: 239306 exec/s: 1497 rss: 468Mb L: 19969/239306 MS: 2 InsertByte-EraseBytes-
#23970	REDUCE cov: 1425 ft: 2614 corp: 218/11736Kb lim: 239306 exec/s: 1498 rss: 468Mb L: 79/239306 MS: 5 ChangeBit-ChangeBinInt-EraseBytes-ChangeBit-CMP- DE: "\001\000\000\000\000\000\000\014"-
#24052	REDUCE cov: 1425 ft: 2614 corp: 218/11736Kb lim: 239306 exec/s: 1414 rss: 468Mb L: 76/239306 MS: 2 InsertRepeatedBytes-EraseBytes-
#24053	REDUCE cov: 1425 ft: 2614 corp: 218/11736Kb lim: 239306 exec/s: 1414 rss: 468Mb L: 5/239306 MS: 1 EraseBytes-
#24104	REDUCE cov: 1425 ft: 2614 corp: 218/11735Kb lim: 239306 exec/s: 1417 rss: 468Mb L: 13972/239306 MS: 1 EraseBytes-
#24290	REDUCE cov: 1425 ft: 2614 corp: 218/11735Kb lim: 239306 exec/s: 1428 rss: 468Mb L: 4317/239306 MS: 1 EraseBytes-
#24317	REDUCE cov: 1425 ft: 2614 corp: 218/11717Kb lim: 239306 exec/s: 1430 rss: 468Mb L: 39869/239306 MS: 2 ShuffleBytes-EraseBytes-
#24325	REDUCE cov: 1425 ft: 2614 corp: 218/11692Kb lim: 239306 exec/s: 1430 rss: 468Mb L: 12736/239306 MS: 3 ChangeByte-CrossOver-InsertByte-
#24342	REDUCE cov: 1425 ft: 2614 corp: 218/11688Kb lim: 239306 exec/s: 1431 rss: 468Mb L: 95430/239306 MS: 2 ChangeByte-EraseBytes-
#24399	REDUCE cov: 1425 ft: 2614 corp: 218/11670Kb lim: 239306 exec/s: 1435 rss: 468Mb L: 123343/239306 MS: 2 CMP-EraseBytes- DE: "\377\377"-
#24421	REDUCE cov: 1425 ft: 2614 corp: 218/11670Kb lim: 239306 exec/s: 1436 rss: 468Mb L: 2470/239306 MS: 2 ChangeBinInt-EraseBytes-
#24433	REDUCE cov: 1425 ft: 2614 corp: 218/11669Kb lim: 239306 exec/s: 1437 rss: 468Mb L: 10628/239306 MS: 2 InsertRepeatedBytes-EraseBytes-
#24529	REDUCE cov: 1425 ft: 2614 corp: 218/11668Kb lim: 239306 exec/s: 1442 rss: 468Mb L: 2239/239306 MS: 1 EraseBytes-
#24566	REDUCE cov: 1425 ft: 2614 corp: 218/11663Kb lim: 239306 exec/s: 1445 rss: 468Mb L: 26826/239306 MS: 2 PersAutoDict-EraseBytes- DE: "\000\000\000\000\000\000\000M"-
#24577	REDUCE cov: 1425 ft: 2614 corp: 218/11663Kb lim: 239306 exec/s: 1445 rss: 468Mb L: 152/239306 MS: 1 EraseBytes-
#24593	REDUCE cov: 1425 ft: 2614 corp: 218/11652Kb lim: 239306 exec/s: 1446 rss: 468Mb L: 40748/239306 MS: 1 EraseBytes-
#24629	REDUCE cov: 1425 ft: 2614 corp: 218/11645Kb lim: 239306 exec/s: 1448 rss: 468Mb L: 28627/239306 MS: 1 EraseBytes-
#24645	REDUCE cov: 1425 ft: 2614 corp: 218/11633Kb lim: 239306 exec/s: 1449 rss: 468Mb L: 14385/239306 MS: 1 EraseBytes-
#24761	REDUCE cov: 1425 ft: 2614 corp: 218/11633Kb lim: 239306 exec/s: 1456 rss: 468Mb L: 906/239306 MS: 1 EraseBytes-
#24767	NEW    cov: 1427 ft: 2616 corp: 219/11633Kb lim: 239306 exec/s: 1456 rss: 468Mb L: 20/239306 MS: 1 CopyPart-
#24795	NEW    cov: 1427 ft: 2618 corp: 220/11633Kb lim: 239306 exec/s: 1458 rss: 468Mb L: 201/239306 MS: 3 ChangeBinInt-PersAutoDict-ChangeBinInt- DE: "\000\000\000\000"-
#24818	REDUCE cov: 1427 ft: 2618 corp: 220/11633Kb lim: 239306 exec/s: 1459 rss: 468Mb L: 15/239306 MS: 3 ChangeByte-ChangeBit-EraseBytes-
#24931	REDUCE cov: 1427 ft: 2618 corp: 220/11632Kb lim: 239306 exec/s: 1466 rss: 468Mb L: 14296/239306 MS: 3 ChangeBinInt-ChangeByte-EraseBytes-
#24948	REDUCE cov: 1427 ft: 2618 corp: 220/11632Kb lim: 239306 exec/s: 1467 rss: 468Mb L: 166/239306 MS: 2 ShuffleBytes-EraseBytes-
#24982	REDUCE cov: 1427 ft: 2618 corp: 220/11631Kb lim: 239306 exec/s: 1469 rss: 468Mb L: 3055/239306 MS: 4 ChangeByte-ShuffleBytes-CopyPart-EraseBytes-
#25065	REDUCE cov: 1427 ft: 2618 corp: 220/11631Kb lim: 239306 exec/s: 1474 rss: 468Mb L: 71/239306 MS: 3 ShuffleBytes-CopyPart-EraseBytes-
#25082	REDUCE cov: 1427 ft: 2618 corp: 220/11630Kb lim: 239306 exec/s: 1475 rss: 468Mb L: 1469/239306 MS: 2 ChangeBinInt-EraseBytes-
#25107	REDUCE cov: 1427 ft: 2618 corp: 220/11625Kb lim: 239306 exec/s: 1476 rss: 468Mb L: 16111/239306 MS: 5 ChangeByte-CrossOver-ChangeBinInt-ChangeBinInt-EraseBytes-
#25113	NEW    cov: 1428 ft: 2619 corp: 221/11626Kb lim: 239306 exec/s: 1477 rss: 468Mb L: 9/239306 MS: 1 CopyPart-
#25139	REDUCE cov: 1428 ft: 2619 corp: 221/11625Kb lim: 239306 exec/s: 1478 rss: 468Mb L: 427/239306 MS: 1 EraseBytes-
#25155	REDUCE cov: 1428 ft: 2619 corp: 221/11625Kb lim: 239306 exec/s: 1479 rss: 468Mb L: 2023/239306 MS: 1 EraseBytes-
#25163	REDUCE cov: 1428 ft: 2619 corp: 221/11612Kb lim: 239306 exec/s: 1480 rss: 468Mb L: 15432/239306 MS: 3 InsertByte-ChangeByte-EraseBytes-
#25195	REDUCE cov: 1428 ft: 2619 corp: 221/11612Kb lim: 239306 exec/s: 1482 rss: 468Mb L: 266/239306 MS: 2 ChangeBinInt-EraseBytes-
#25361	NEW    cov: 1429 ft: 2620 corp: 222/11612Kb lim: 239306 exec/s: 1491 rss: 468Mb L: 4/239306 MS: 1 EraseBytes-
#25393	REDUCE cov: 1429 ft: 2620 corp: 222/11594Kb lim: 239306 exec/s: 1493 rss: 468Mb L: 52641/239306 MS: 2 InsertByte-EraseBytes-
#25403	NEW    cov: 1429 ft: 2627 corp: 223/11594Kb lim: 239306 exec/s: 1494 rss: 468Mb L: 307/239306 MS: 5 CrossOver-ShuffleBytes-CopyPart-PersAutoDict-CopyPart- DE: "\301\\\002\211\354-\012\221g\354\216e\241\215\353\276^U2\373\356\242\223\370\013\311B\356\220\206\301q"-
#25446	REDUCE cov: 1429 ft: 2627 corp: 223/11559Kb lim: 239306 exec/s: 1496 rss: 468Mb L: 41320/239306 MS: 3 CrossOver-PersAutoDict-EraseBytes- DE: "\000\000\000\000\000\000\000\000"-
#25449	REDUCE cov: 1429 ft: 2627 corp: 223/11552Kb lim: 239306 exec/s: 1497 rss: 468Mb L: 31308/239306 MS: 3 InsertRepeatedBytes-ShuffleBytes-EraseBytes-
#25483	REDUCE cov: 1429 ft: 2627 corp: 223/11549Kb lim: 239306 exec/s: 1499 rss: 468Mb L: 8036/239306 MS: 4 ChangeByte-InsertByte-ShuffleBytes-EraseBytes-
#25530	REDUCE cov: 1429 ft: 2627 corp: 223/11549Kb lim: 239306 exec/s: 1501 rss: 468Mb L: 207356/239306 MS: 2 ChangeASCIIInt-CrossOver-
#25579	REDUCE cov: 1429 ft: 2627 corp: 223/11548Kb lim: 239306 exec/s: 1504 rss: 468Mb L: 1319/239306 MS: 4 ChangeASCIIInt-ChangeASCIIInt-ChangeBit-EraseBytes-
#25612	REDUCE cov: 1429 ft: 2627 corp: 223/11548Kb lim: 239306 exec/s: 1506 rss: 468Mb L: 16/239306 MS: 3 ShuffleBytes-InsertByte-EraseBytes-
#25722	REDUCE cov: 1429 ft: 2627 corp: 223/11542Kb lim: 239306 exec/s: 1513 rss: 468Mb L: 35460/239306 MS: 5 InsertByte-ChangeASCIIInt-PersAutoDict-ChangeASCIIInt-EraseBytes- DE: "\000\000\000\000\000\000\000M"-
#25743	REDUCE cov: 1429 ft: 2627 corp: 223/11536Kb lim: 239306 exec/s: 1514 rss: 468Mb L: 27511/239306 MS: 1 EraseBytes-
#25765	REDUCE cov: 1429 ft: 2627 corp: 223/11535Kb lim: 239306 exec/s: 1515 rss: 468Mb L: 4952/239306 MS: 2 ChangeBinInt-EraseBytes-
#25771	REDUCE cov: 1429 ft: 2627 corp: 223/11535Kb lim: 239306 exec/s: 1515 rss: 468Mb L: 43/239306 MS: 1 EraseBytes-
#25845	REDUCE cov: 1429 ft: 2627 corp: 223/11518Kb lim: 239306 exec/s: 1520 rss: 468Mb L: 8809/239306 MS: 4 PersAutoDict-ChangeBit-ChangeBinInt-CrossOver- DE: "\377\377\377\377\377\377\377\025"-
#25917	REDUCE cov: 1429 ft: 2627 corp: 223/11515Kb lim: 239306 exec/s: 1524 rss: 468Mb L: 6527/239306 MS: 2 ChangeASCIIInt-EraseBytes-
#25950	REDUCE cov: 1429 ft: 2627 corp: 223/11512Kb lim: 239306 exec/s: 1526 rss: 468Mb L: 36864/239306 MS: 3 ChangeASCIIInt-InsertByte-EraseBytes-
#25958	REDUCE cov: 1429 ft: 2627 corp: 223/11462Kb lim: 239306 exec/s: 1526 rss: 468Mb L: 175492/239306 MS: 3 InsertRepeatedBytes-PersAutoDict-EraseBytes- DE: "\004\000\000\000\000\000\000\000"-
#25976	REDUCE cov: 1429 ft: 2627 corp: 223/11459Kb lim: 239306 exec/s: 1443 rss: 468Mb L: 5522/239306 MS: 3 ChangeBit-ChangeBinInt-EraseBytes-
#26152	REDUCE cov: 1429 ft: 2627 corp: 223/11454Kb lim: 239306 exec/s: 1452 rss: 468Mb L: 29593/239306 MS: 1 EraseBytes-
#26174	REDUCE cov: 1429 ft: 2627 corp: 223/11445Kb lim: 239306 exec/s: 1454 rss: 468Mb L: 26113/239306 MS: 2 InsertByte-EraseBytes-
#26212	REDUCE cov: 1429 ft: 2627 corp: 223/11444Kb lim: 239306 exec/s: 1456 rss: 468Mb L: 2615/239306 MS: 3 ChangeBinInt-ChangeASCIIInt-EraseBytes-
#26214	REDUCE cov: 1429 ft: 2627 corp: 223/11420Kb lim: 239306 exec/s: 1456 rss: 468Mb L: 98316/239306 MS: 2 CrossOver-EraseBytes-
#26230	REDUCE cov: 1429 ft: 2627 corp: 223/11420Kb lim: 239306 exec/s: 1457 rss: 468Mb L: 2077/239306 MS: 1 EraseBytes-
#26291	REDUCE cov: 1429 ft: 2627 corp: 223/11415Kb lim: 239306 exec/s: 1460 rss: 468Mb L: 5013/239306 MS: 1 EraseBytes-
#26299	REDUCE cov: 1429 ft: 2627 corp: 223/11414Kb lim: 239306 exec/s: 1461 rss: 468Mb L: 33873/239306 MS: 3 ChangeByte-ChangeBinInt-EraseBytes-
#26332	REDUCE cov: 1429 ft: 2627 corp: 223/11414Kb lim: 239306 exec/s: 1462 rss: 468Mb L: 17/239306 MS: 3 ChangeByte-PersAutoDict-EraseBytes- DE: "~\3509\021=e\236r"-
#26351	REDUCE cov: 1429 ft: 2627 corp: 223/11410Kb lim: 239306 exec/s: 1463 rss: 468Mb L: 52020/239306 MS: 4 InsertRepeatedBytes-ChangeASCIIInt-ChangeBinInt-EraseBytes-
#26439	REDUCE cov: 1429 ft: 2627 corp: 223/11383Kb lim: 239306 exec/s: 1468 rss: 468Mb L: 95543/239306 MS: 3 CopyPart-ChangeASCIIInt-EraseBytes-
#26455	REDUCE cov: 1429 ft: 2627 corp: 223/11383Kb lim: 239306 exec/s: 1469 rss: 468Mb L: 19/239306 MS: 1 EraseBytes-
#26516	NEW    cov: 1429 ft: 2629 corp: 224/11383Kb lim: 239306 exec/s: 1473 rss: 468Mb L: 38/239306 MS: 1 CMP- DE: "\003\000\000\000\000\000\000\000"-
#26558	REDUCE cov: 1429 ft: 2629 corp: 224/11383Kb lim: 239306 exec/s: 1475 rss: 468Mb L: 45/239306 MS: 2 InsertByte-EraseBytes-
#26576	REDUCE cov: 1429 ft: 2629 corp: 224/11379Kb lim: 239306 exec/s: 1476 rss: 468Mb L: 14162/239306 MS: 3 ChangeByte-CMP-EraseBytes- DE: "\001\000\000\000"-
#26643	NEW    cov: 1429 ft: 2634 corp: 225/11379Kb lim: 239306 exec/s: 1480 rss: 468Mb L: 574/239306 MS: 2 InsertByte-CrossOver-
#26650	REDUCE cov: 1429 ft: 2634 corp: 225/11374Kb lim: 239306 exec/s: 1480 rss: 468Mb L: 45158/239306 MS: 2 ChangeBit-EraseBytes-
#26699	REDUCE cov: 1429 ft: 2634 corp: 225/11374Kb lim: 239306 exec/s: 1483 rss: 468Mb L: 2482/239306 MS: 4 CopyPart-InsertRepeatedBytes-EraseBytes-EraseBytes-
#26734	REDUCE cov: 1429 ft: 2634 corp: 225/11373Kb lim: 239306 exec/s: 1485 rss: 468Mb L: 1394/239306 MS: 5 CopyPart-ShuffleBytes-ShuffleBytes-CrossOver-EraseBytes-
#26785	REDUCE cov: 1429 ft: 2634 corp: 225/11372Kb lim: 239306 exec/s: 1488 rss: 471Mb L: 1764/239306 MS: 1 EraseBytes-
#26799	REDUCE cov: 1429 ft: 2634 corp: 225/11352Kb lim: 239306 exec/s: 1488 rss: 471Mb L: 26777/239306 MS: 4 ChangeBit-PersAutoDict-ChangeByte-EraseBytes- DE: "<\000\000\000\000\000\000\000"-
#26820	REDUCE cov: 1429 ft: 2634 corp: 225/11352Kb lim: 239306 exec/s: 1490 rss: 471Mb L: 19/239306 MS: 1 EraseBytes-
#26833	REDUCE cov: 1429 ft: 2634 corp: 225/11352Kb lim: 239306 exec/s: 1490 rss: 471Mb L: 336/239306 MS: 3 ChangeBinInt-ShuffleBytes-EraseBytes-
#26845	REDUCE cov: 1429 ft: 2634 corp: 225/11334Kb lim: 239306 exec/s: 1491 rss: 471Mb L: 103031/239306 MS: 2 ShuffleBytes-EraseBytes-
#26910	REDUCE cov: 1429 ft: 2634 corp: 225/11333Kb lim: 239306 exec/s: 1495 rss: 471Mb L: 1033/239306 MS: 5 EraseBytes-ShuffleBytes-CMP-InsertRepeatedBytes-InsertRepeatedBytes- DE: "\001\000"-
#26936	REDUCE cov: 1429 ft: 2634 corp: 225/11316Kb lim: 239306 exec/s: 1496 rss: 471Mb L: 47578/239306 MS: 1 EraseBytes-
#27002	REDUCE cov: 1429 ft: 2634 corp: 225/11316Kb lim: 239306 exec/s: 1500 rss: 471Mb L: 73/239306 MS: 1 EraseBytes-
#27101	REDUCE cov: 1429 ft: 2634 corp: 225/11316Kb lim: 239306 exec/s: 1505 rss: 471Mb L: 1341/239306 MS: 4 ChangeByte-ChangeBit-InsertByte-EraseBytes-
#27118	REDUCE cov: 1429 ft: 2634 corp: 225/11309Kb lim: 239306 exec/s: 1506 rss: 471Mb L: 42988/239306 MS: 2 ShuffleBytes-EraseBytes-
#27135	REDUCE cov: 1429 ft: 2634 corp: 225/11308Kb lim: 239306 exec/s: 1507 rss: 471Mb L: 1547/239306 MS: 2 ShuffleBytes-EraseBytes-
#27181	REDUCE cov: 1429 ft: 2634 corp: 225/11294Kb lim: 239306 exec/s: 1510 rss: 471Mb L: 219244/239306 MS: 1 EraseBytes-
#27210	REDUCE cov: 1429 ft: 2634 corp: 225/11289Kb lim: 239306 exec/s: 1511 rss: 471Mb L: 9832/239306 MS: 4 InsertRepeatedBytes-ChangeASCIIInt-CopyPart-EraseBytes-
#27253	REDUCE cov: 1429 ft: 2634 corp: 225/11287Kb lim: 239306 exec/s: 1514 rss: 471Mb L: 4759/239306 MS: 3 ChangeBinInt-ShuffleBytes-EraseBytes-
#27334	REDUCE cov: 1429 ft: 2634 corp: 225/11287Kb lim: 239306 exec/s: 1518 rss: 471Mb L: 37/239306 MS: 1 EraseBytes-
#27363	REDUCE cov: 1429 ft: 2634 corp: 225/11275Kb lim: 239306 exec/s: 1520 rss: 471Mb L: 35155/239306 MS: 4 ChangeASCIIInt-ChangeASCIIInt-InsertByte-EraseBytes-
#27377	REDUCE cov: 1429 ft: 2634 corp: 225/11270Kb lim: 239306 exec/s: 1520 rss: 471Mb L: 43174/239306 MS: 4 ChangeBinInt-ChangeASCIIInt-InsertByte-EraseBytes-
#27383	REDUCE cov: 1429 ft: 2634 corp: 225/11268Kb lim: 239306 exec/s: 1521 rss: 471Mb L: 67942/239306 MS: 1 EraseBytes-
#27424	REDUCE cov: 1429 ft: 2634 corp: 225/11263Kb lim: 239306 exec/s: 1523 rss: 471Mb L: 8142/239306 MS: 1 EraseBytes-
#27426	REDUCE cov: 1429 ft: 2634 corp: 225/11244Kb lim: 239306 exec/s: 1523 rss: 471Mb L: 77082/239306 MS: 2 CopyPart-EraseBytes-
#27464	REDUCE cov: 1429 ft: 2634 corp: 225/11226Kb lim: 239306 exec/s: 1525 rss: 471Mb L: 63914/239306 MS: 3 PersAutoDict-InsertRepeatedBytes-EraseBytes- DE: "\001\000\000\000\000\000\000\000"-
#27471	REDUCE cov: 1429 ft: 2634 corp: 225/11226Kb lim: 239306 exec/s: 1526 rss: 471Mb L: 1186/239306 MS: 2 ChangeBit-EraseBytes-
#27482	REDUCE cov: 1429 ft: 2634 corp: 225/11212Kb lim: 239306 exec/s: 1526 rss: 471Mb L: 75919/239306 MS: 1 EraseBytes-
#27489	REDUCE cov: 1429 ft: 2634 corp: 225/11210Kb lim: 239306 exec/s: 1527 rss: 471Mb L: 6391/239306 MS: 2 InsertRepeatedBytes-EraseBytes-
#27610	REDUCE cov: 1429 ft: 2634 corp: 225/11203Kb lim: 239306 exec/s: 1533 rss: 471Mb L: 19238/239306 MS: 1 EraseBytes-
#27636	REDUCE cov: 1429 ft: 2634 corp: 225/11203Kb lim: 239306 exec/s: 1535 rss: 471Mb L: 1078/239306 MS: 1 EraseBytes-
#27671	REDUCE cov: 1429 ft: 2634 corp: 225/11202Kb lim: 239306 exec/s: 1537 rss: 471Mb L: 4040/239306 MS: 5 ShuffleBytes-ChangeASCIIInt-ChangeBinInt-ShuffleBytes-EraseBytes-
#27735	NEW    cov: 1430 ft: 2639 corp: 226/11205Kb lim: 239306 exec/s: 1540 rss: 471Mb L: 3424/239306 MS: 4 CrossOver-ChangeBit-InsertRepeatedBytes-PersAutoDict- DE: "\003\000\000\000\000\000\000\000"-
#27737	REDUCE cov: 1430 ft: 2639 corp: 226/11205Kb lim: 239306 exec/s: 1540 rss: 471Mb L: 5/239306 MS: 2 ChangeByte-EraseBytes-
#28012	REDUCE cov: 1430 ft: 2646 corp: 227/11206Kb lim: 239306 exec/s: 1556 rss: 471Mb L: 254/239306 MS: 5 ShuffleBytes-CopyPart-ChangeBinInt-ChangeBit-InsertRepeatedBytes-
#28017	REDUCE cov: 1430 ft: 2646 corp: 227/11204Kb lim: 239306 exec/s: 1556 rss: 471Mb L: 2583/239306 MS: 5 InsertByte-ChangeByte-ChangeBit-CrossOver-EraseBytes-
#28118	REDUCE cov: 1430 ft: 2646 corp: 227/11198Kb lim: 239306 exec/s: 1479 rss: 471Mb L: 230637/239306 MS: 1 EraseBytes-
#28175	REDUCE cov: 1431 ft: 2647 corp: 228/11199Kb lim: 239306 exec/s: 1482 rss: 471Mb L: 45/239306 MS: 2 ChangeASCIIInt-CMP- DE: "\000\000"-
#28216	REDUCE cov: 1431 ft: 2647 corp: 228/11194Kb lim: 239306 exec/s: 1485 rss: 471Mb L: 18917/239306 MS: 1 EraseBytes-
#28255	NEW    cov: 1432 ft: 2648 corp: 229/11194Kb lim: 239306 exec/s: 1487 rss: 471Mb L: 6/239306 MS: 4 ShuffleBytes-ChangeByte-CMP-EraseBytes- DE: "\001\000"-
#28298	REDUCE cov: 1432 ft: 2648 corp: 229/11192Kb lim: 239306 exec/s: 1489 rss: 471Mb L: 10191/239306 MS: 3 PersAutoDict-PersAutoDict-EraseBytes- DE: "\377\377\377\377\377\377\377\263"-"\000\000\000\000\000\000\000d"-
#28321	REDUCE cov: 1432 ft: 2648 corp: 229/11192Kb lim: 239306 exec/s: 1490 rss: 471Mb L: 970/239306 MS: 3 ShuffleBytes-ChangeASCIIInt-EraseBytes-
#28350	REDUCE cov: 1432 ft: 2648 corp: 229/11192Kb lim: 239306 exec/s: 1492 rss: 471Mb L: 141/239306 MS: 4 ChangeBinInt-PersAutoDict-PersAutoDict-EraseBytes- DE: "\004\000\000\000\000\000\000\000"-"\003I$\222I$\222I"-
#28360	REDUCE cov: 1432 ft: 2648 corp: 229/11168Kb lim: 239306 exec/s: 1492 rss: 471Mb L: 39541/239306 MS: 5 CopyPart-CMP-ChangeASCIIInt-ChangeASCIIInt-EraseBytes- DE: "\377\377\377\377"-
#28387	REDUCE cov: 1432 ft: 2648 corp: 229/11159Kb lim: 239306 exec/s: 1494 rss: 471Mb L: 16865/239306 MS: 2 CrossOver-EraseBytes-
#28394	REDUCE cov: 1432 ft: 2648 corp: 229/11159Kb lim: 239306 exec/s: 1494 rss: 471Mb L: 412/239306 MS: 2 ShuffleBytes-EraseBytes-
#28409	REDUCE cov: 1432 ft: 2648 corp: 229/11149Kb lim: 239306 exec/s: 1495 rss: 471Mb L: 11843/239306 MS: 5 ChangeBit-ShuffleBytes-ChangeByte-ChangeByte-EraseBytes-
#28475	REDUCE cov: 1432 ft: 2648 corp: 229/11149Kb lim: 239306 exec/s: 1498 rss: 471Mb L: 1071/239306 MS: 1 EraseBytes-
#28523	REDUCE cov: 1432 ft: 2648 corp: 229/11147Kb lim: 239306 exec/s: 1501 rss: 471Mb L: 3169/239306 MS: 3 ChangeBinInt-ChangeBinInt-EraseBytes-
#28570	REDUCE cov: 1432 ft: 2648 corp: 229/11144Kb lim: 239306 exec/s: 1503 rss: 471Mb L: 6340/239306 MS: 2 InsertByte-EraseBytes-
#28578	REDUCE cov: 1432 ft: 2648 corp: 229/11141Kb lim: 239306 exec/s: 1504 rss: 471Mb L: 12242/239306 MS: 3 ShuffleBytes-ShuffleBytes-EraseBytes-
#28639	REDUCE cov: 1432 ft: 2648 corp: 229/11141Kb lim: 239306 exec/s: 1507 rss: 471Mb L: 35/239306 MS: 1 EraseBytes-
	NEW_FUNC[1/1]: 0x55757c0c7920  (/home/runner/work/hc-stark/hc-stark/raw-reports/cargo-target/x86_64-unknown-linux-gnu/release/plonky3_proof_bytes_v1+0x25b920) (BuildId: 93b0a3be9bf8948c6041fb18af8421d78e04255e)
#28650	NEW    cov: 1435 ft: 2657 corp: 230/11141Kb lim: 239306 exec/s: 1507 rss: 471Mb L: 205/239306 MS: 1 PersAutoDict- DE: "\000\000\000\000\000\000\000\000"-
#28672	REDUCE cov: 1435 ft: 2657 corp: 230/11117Kb lim: 239306 exec/s: 1509 rss: 471Mb L: 96934/239306 MS: 2 EraseBytes-CopyPart-
#28705	REDUCE cov: 1435 ft: 2657 corp: 230/11117Kb lim: 239306 exec/s: 1510 rss: 471Mb L: 737/239306 MS: 3 CrossOver-InsertRepeatedBytes-EraseBytes-
#28730	REDUCE cov: 1435 ft: 2657 corp: 230/11112Kb lim: 239306 exec/s: 1512 rss: 471Mb L: 5206/239306 MS: 5 PersAutoDict-InsertByte-PersAutoDict-ChangeByte-EraseBytes- DE: "\004\000\000\000\000\000\000\000"-"\026\000\000\000\000\000\000\000"-
#28732	NEW    cov: 1436 ft: 2658 corp: 231/11112Kb lim: 239306 exec/s: 1512 rss: 471Mb L: 28/239306 MS: 2 ChangeBit-PersAutoDict- DE: "\000\000\000\000\000\000\000d"-
#28772	REDUCE cov: 1436 ft: 2658 corp: 231/11111Kb lim: 239306 exec/s: 1514 rss: 471Mb L: 7492/239306 MS: 5 ShuffleBytes-ChangeBinInt-CopyPart-CrossOver-EraseBytes-
#28809	REDUCE cov: 1436 ft: 2658 corp: 231/11077Kb lim: 239306 exec/s: 1516 rss: 471Mb L: 39992/239306 MS: 2 EraseBytes-CopyPart-
#28850	REDUCE cov: 1436 ft: 2658 corp: 231/11074Kb lim: 239306 exec/s: 1518 rss: 471Mb L: 2634/239306 MS: 1 EraseBytes-
#28860	REDUCE cov: 1436 ft: 2658 corp: 231/11074Kb lim: 239306 exec/s: 1518 rss: 471Mb L: 43/239306 MS: 5 CopyPart-ChangeByte-ChangeBit-ChangeByte-EraseBytes-
#28881	REDUCE cov: 1436 ft: 2658 corp: 231/11074Kb lim: 239306 exec/s: 1520 rss: 471Mb L: 113/239306 MS: 1 EraseBytes-
#28904	NEW    cov: 1437 ft: 2659 corp: 232/11074Kb lim: 239306 exec/s: 1521 rss: 471Mb L: 6/239306 MS: 3 CopyPart-CopyPart-ChangeBit-
#28912	REDUCE cov: 1437 ft: 2659 corp: 232/11039Kb lim: 239306 exec/s: 1521 rss: 471Mb L: 59135/239306 MS: 3 ChangeBit-ChangeASCIIInt-EraseBytes-
#28948	REDUCE cov: 1437 ft: 2659 corp: 232/11039Kb lim: 239306 exec/s: 1523 rss: 471Mb L: 379/239306 MS: 1 EraseBytes-
#28960	REDUCE cov: 1437 ft: 2659 corp: 232/11015Kb lim: 239306 exec/s: 1524 rss: 471Mb L: 71818/239306 MS: 2 CrossOver-EraseBytes-
#28971	REDUCE cov: 1437 ft: 2659 corp: 232/11015Kb lim: 239306 exec/s: 1524 rss: 471Mb L: 261/239306 MS: 1 EraseBytes-
#28982	REDUCE cov: 1437 ft: 2659 corp: 232/11015Kb lim: 239306 exec/s: 1525 rss: 471Mb L: 12/239306 MS: 1 EraseBytes-
#29028	REDUCE cov: 1437 ft: 2659 corp: 232/11015Kb lim: 239306 exec/s: 1527 rss: 471Mb L: 101/239306 MS: 1 EraseBytes-
#29090	REDUCE cov: 1437 ft: 2659 corp: 232/11015Kb lim: 239306 exec/s: 1531 rss: 471Mb L: 12706/239306 MS: 2 PersAutoDict-EraseBytes- DE: "\000\000\000\000\000\000\025\023"-
#29091	REDUCE cov: 1437 ft: 2659 corp: 232/11000Kb lim: 239306 exec/s: 1531 rss: 471Mb L: 27675/239306 MS: 1 EraseBytes-
#29092	REDUCE cov: 1437 ft: 2659 corp: 232/11000Kb lim: 239306 exec/s: 1531 rss: 471Mb L: 123/239306 MS: 1 EraseBytes-
#29158	REDUCE cov: 1437 ft: 2659 corp: 232/11000Kb lim: 239306 exec/s: 1534 rss: 471Mb L: 65/239306 MS: 1 EraseBytes-
#29326	REDUCE cov: 1437 ft: 2659 corp: 232/10999Kb lim: 239306 exec/s: 1543 rss: 471Mb L: 3448/239306 MS: 3 InsertRepeatedBytes-InsertRepeatedBytes-EraseBytes-
#29378	REDUCE cov: 1437 ft: 2666 corp: 233/10999Kb lim: 239306 exec/s: 1546 rss: 471Mb L: 131/239306 MS: 2 CrossOver-CopyPart-
#29414	REDUCE cov: 1437 ft: 2666 corp: 233/10996Kb lim: 239306 exec/s: 1548 rss: 471Mb L: 75936/239306 MS: 1 EraseBytes-
#29486	REDUCE cov: 1437 ft: 2666 corp: 233/10994Kb lim: 239306 exec/s: 1551 rss: 471Mb L: 55211/239306 MS: 2 InsertByte-EraseBytes-
#29607	REDUCE cov: 1437 ft: 2666 corp: 233/10994Kb lim: 239306 exec/s: 1558 rss: 471Mb L: 90/239306 MS: 1 EraseBytes-
#29665	REDUCE cov: 1437 ft: 2666 corp: 233/10984Kb lim: 239306 exec/s: 1561 rss: 471Mb L: 21054/239306 MS: 3 InsertByte-CopyPart-CrossOver-
#29668	REDUCE cov: 1437 ft: 2666 corp: 233/10983Kb lim: 239306 exec/s: 1561 rss: 471Mb L: 1608/239306 MS: 3 ChangeByte-ChangeBit-EraseBytes-
#29691	REDUCE cov: 1437 ft: 2666 corp: 233/10982Kb lim: 239306 exec/s: 1562 rss: 471Mb L: 2374/239306 MS: 3 ChangeByte-InsertByte-EraseBytes-
#29697	REDUCE cov: 1437 ft: 2666 corp: 233/10980Kb lim: 239306 exec/s: 1563 rss: 471Mb L: 9110/239306 MS: 1 EraseBytes-
#29788	REDUCE cov: 1437 ft: 2668 corp: 234/10980Kb lim: 239306 exec/s: 1567 rss: 471Mb L: 43/239306 MS: 1 CopyPart-
#29904	REDUCE cov: 1437 ft: 2668 corp: 234/10972Kb lim: 239306 exec/s: 1573 rss: 471Mb L: 61794/239306 MS: 1 EraseBytes-
#30031	REDUCE cov: 1437 ft: 2668 corp: 234/10935Kb lim: 239306 exec/s: 1580 rss: 471Mb L: 168331/239306 MS: 2 ChangeASCIIInt-EraseBytes-
#30034	REDUCE cov: 1437 ft: 2668 corp: 234/10931Kb lim: 239306 exec/s: 1580 rss: 471Mb L: 5691/239306 MS: 3 ShuffleBytes-ChangeBinInt-EraseBytes-
#30040	REDUCE cov: 1437 ft: 2668 corp: 234/10931Kb lim: 239306 exec/s: 1581 rss: 471Mb L: 6/239306 MS: 1 EraseBytes-
#30083	REDUCE cov: 1437 ft: 2668 corp: 234/10923Kb lim: 239306 exec/s: 1583 rss: 471Mb L: 41899/239306 MS: 3 CopyPart-CMP-EraseBytes- DE: "\003\000\000\000\000\000\000\000"-
#30143	REDUCE cov: 1437 ft: 2668 corp: 234/10918Kb lim: 239306 exec/s: 1586 rss: 471Mb L: 26725/239306 MS: 5 ChangeASCIIInt-InsertRepeatedBytes-ChangeBinInt-ShuffleBytes-EraseBytes-
#30153	REDUCE cov: 1437 ft: 2668 corp: 234/10904Kb lim: 239306 exec/s: 1587 rss: 471Mb L: 220072/239306 MS: 5 CMP-EraseBytes-ShuffleBytes-CopyPart-PersAutoDict- DE: "\377\377\377\377\377\377\377\006"-"\000\000\000\000\000\000\000\260"-
#30154	REDUCE cov: 1437 ft: 2668 corp: 234/10903Kb lim: 239306 exec/s: 1587 rss: 471Mb L: 9952/239306 MS: 1 EraseBytes-
#30250	REDUCE cov: 1437 ft: 2668 corp: 234/10903Kb lim: 239306 exec/s: 1592 rss: 471Mb L: 23/239306 MS: 1 EraseBytes-
#30517	REDUCE cov: 1437 ft: 2668 corp: 234/10902Kb lim: 239306 exec/s: 1525 rss: 471Mb L: 1263/239306 MS: 2 InsertByte-EraseBytes-
#30542	REDUCE cov: 1437 ft: 2668 corp: 234/10877Kb lim: 239306 exec/s: 1527 rss: 471Mb L: 46413/239306 MS: 5 ShuffleBytes-ChangeBit-ChangeByte-InsertRepeatedBytes-EraseBytes-
#30620	REDUCE cov: 1437 ft: 2668 corp: 234/10851Kb lim: 239306 exec/s: 1531 rss: 471Mb L: 56245/239306 MS: 3 CrossOver-InsertByte-EraseBytes-
#30624	REDUCE cov: 1437 ft: 2668 corp: 234/10823Kb lim: 239306 exec/s: 1531 rss: 471Mb L: 191345/239306 MS: 4 InsertByte-ChangeBinInt-PersAutoDict-EraseBytes- DE: "\376\377\377\377\377\377\377\003"-
#30632	REDUCE cov: 1437 ft: 2668 corp: 234/10820Kb lim: 239306 exec/s: 1531 rss: 471Mb L: 3348/239306 MS: 3 ChangeBit-CrossOver-EraseBytes-
#30678	REDUCE cov: 1437 ft: 2668 corp: 234/10818Kb lim: 239306 exec/s: 1533 rss: 471Mb L: 3101/239306 MS: 1 EraseBytes-
#30715	REDUCE cov: 1437 ft: 2668 corp: 234/10818Kb lim: 239306 exec/s: 1535 rss: 471Mb L: 63/239306 MS: 2 EraseBytes-EraseBytes-
#30722	REDUCE cov: 1437 ft: 2668 corp: 234/10817Kb lim: 239306 exec/s: 1536 rss: 471Mb L: 5040/239306 MS: 2 ChangeByte-EraseBytes-
#30739	REDUCE cov: 1437 ft: 2668 corp: 234/10817Kb lim: 239306 exec/s: 1536 rss: 471Mb L: 57/239306 MS: 2 CopyPart-EraseBytes-
#30826	REDUCE cov: 1437 ft: 2668 corp: 234/10816Kb lim: 239306 exec/s: 1541 rss: 471Mb L: 113/239306 MS: 2 InsertByte-EraseBytes-
#30829	REDUCE cov: 1437 ft: 2668 corp: 234/10816Kb lim: 239306 exec/s: 1541 rss: 471Mb L: 2115/239306 MS: 3 InsertByte-CopyPart-EraseBytes-
#30898	REDUCE cov: 1437 ft: 2668 corp: 234/10794Kb lim: 239306 exec/s: 1544 rss: 471Mb L: 34234/239306 MS: 4 ChangeBit-ChangeByte-CMP-CrossOver- DE: "\377\377\377\377\377\377\377\263"-
#30912	REDUCE cov: 1437 ft: 2668 corp: 234/10779Kb lim: 239306 exec/s: 1545 rss: 471Mb L: 30993/239306 MS: 4 PersAutoDict-PersAutoDict-ChangeByte-EraseBytes- DE: "\004\000\000\000\000\000\000\000"-"\301\\\002\211\354-\012\221g\354\216e\241\215\353\276^U2\373\356\242\223\370\013\311B\356\220\206\301q"-
#30913	REDUCE cov: 1437 ft: 2668 corp: 234/10773Kb lim: 239306 exec/s: 1545 rss: 471Mb L: 22921/239306 MS: 1 EraseBytes-
#30995	REDUCE cov: 1437 ft: 2668 corp: 234/10773Kb lim: 239306 exec/s: 1549 rss: 471Mb L: 101/239306 MS: 2 ChangeBinInt-EraseBytes-
#31031	REDUCE cov: 1437 ft: 2668 corp: 234/10773Kb lim: 239306 exec/s: 1551 rss: 471Mb L: 1811/239306 MS: 1 EraseBytes-
#31069	REDUCE cov: 1437 ft: 2668 corp: 234/10754Kb lim: 239306 exec/s: 1553 rss: 471Mb L: 48756/239306 MS: 3 ChangeBinInt-ChangeBit-EraseBytes-
#31222	REDUCE cov: 1437 ft: 2668 corp: 234/10754Kb lim: 239306 exec/s: 1561 rss: 471Mb L: 157/239306 MS: 3 ChangeBinInt-CopyPart-EraseBytes-
#31229	REDUCE cov: 1437 ft: 2668 corp: 234/10754Kb lim: 239306 exec/s: 1561 rss: 471Mb L: 529/239306 MS: 2 ChangeBit-EraseBytes-
#31286	REDUCE cov: 1437 ft: 2672 corp: 235/10754Kb lim: 239306 exec/s: 1564 rss: 471Mb L: 269/239306 MS: 2 CrossOver-ChangeByte-
#31332	REDUCE cov: 1437 ft: 2672 corp: 235/10754Kb lim: 239306 exec/s: 1566 rss: 471Mb L: 284/239306 MS: 1 EraseBytes-
#31334	REDUCE cov: 1437 ft: 2673 corp: 236/10754Kb lim: 239306 exec/s: 1566 rss: 471Mb L: 261/239306 MS: 2 CrossOver-PersAutoDict- DE: "\001\001"-
#31395	REDUCE cov: 1437 ft: 2673 corp: 236/10750Kb lim: 239306 exec/s: 1569 rss: 471Mb L: 25341/239306 MS: 1 EraseBytes-
#31396	REDUCE cov: 1437 ft: 2673 corp: 236/10742Kb lim: 239306 exec/s: 1569 rss: 471Mb L: 27658/239306 MS: 1 EraseBytes-
#31399	REDUCE cov: 1437 ft: 2673 corp: 236/10740Kb lim: 239306 exec/s: 1569 rss: 471Mb L: 10999/239306 MS: 3 CrossOver-PersAutoDict-EraseBytes- DE: "\003I$\222I$\222I"-
#31450	REDUCE cov: 1437 ft: 2673 corp: 236/10740Kb lim: 239306 exec/s: 1572 rss: 471Mb L: 91/239306 MS: 1 EraseBytes-
#31459	REDUCE cov: 1437 ft: 2673 corp: 236/10740Kb lim: 239306 exec/s: 1572 rss: 471Mb L: 153/239306 MS: 4 ChangeByte-ChangeBinInt-ChangeBit-EraseBytes-
#31460	REDUCE cov: 1437 ft: 2673 corp: 236/10736Kb lim: 239306 exec/s: 1573 rss: 471Mb L: 18289/239306 MS: 1 EraseBytes-
#31721	REDUCE cov: 1437 ft: 2676 corp: 237/10736Kb lim: 239306 exec/s: 1586 rss: 471Mb L: 101/239306 MS: 1 CrossOver-
#31742	REDUCE cov: 1437 ft: 2676 corp: 237/10736Kb lim: 239306 exec/s: 1587 rss: 471Mb L: 314/239306 MS: 1 EraseBytes-
#31744	REDUCE cov: 1437 ft: 2676 corp: 237/10736Kb lim: 239306 exec/s: 1587 rss: 471Mb L: 125/239306 MS: 2 ChangeBinInt-EraseBytes-
#31794	REDUCE cov: 1437 ft: 2676 corp: 237/10696Kb lim: 239306 exec/s: 1589 rss: 471Mb L: 134684/239306 MS: 5 InsertRepeatedBytes-EraseBytes-ChangeASCIIInt-InsertRepeatedBytes-InsertRepeatedBytes-
#31945	NEW    cov: 1438 ft: 2677 corp: 238/10696Kb lim: 239306 exec/s: 1597 rss: 471Mb L: 28/239306 MS: 1 ChangeBit-
#32045	REDUCE cov: 1438 ft: 2677 corp: 238/10676Kb lim: 239306 exec/s: 1602 rss: 471Mb L: 170440/239306 MS: 5 ChangeByte-InsertByte-InsertByte-ShuffleBytes-EraseBytes-
#32159	REDUCE cov: 1438 ft: 2677 corp: 238/10673Kb lim: 239306 exec/s: 1607 rss: 471Mb L: 10157/239306 MS: 4 InsertByte-ChangeByte-PersAutoDict-EraseBytes- DE: "\000\000\000\000\000\000\025\023"-
#32180	NEW    cov: 1438 ft: 2682 corp: 239/10673Kb lim: 239306 exec/s: 1609 rss: 471Mb L: 249/239306 MS: 1 InsertRepeatedBytes-
#32262	REDUCE cov: 1438 ft: 2682 corp: 239/10673Kb lim: 239306 exec/s: 1613 rss: 471Mb L: 2836/239306 MS: 2 ChangeBit-EraseBytes-
#32360	REDUCE cov: 1438 ft: 2682 corp: 239/10672Kb lim: 239306 exec/s: 1618 rss: 471Mb L: 2218/239306 MS: 3 ChangeASCIIInt-CopyPart-EraseBytes-
#32386	NEW    cov: 1438 ft: 2692 corp: 240/10672Kb lim: 239306 exec/s: 1619 rss: 471Mb L: 28/239306 MS: 1 ChangeBinInt-
#32555	REDUCE cov: 1438 ft: 2692 corp: 240/10671Kb lim: 239306 exec/s: 1627 rss: 471Mb L: 3925/239306 MS: 4 CMP-ChangeByte-CopyPart-EraseBytes- DE: "\377\377\377\377"-
#32556	REDUCE cov: 1438 ft: 2692 corp: 240/10671Kb lim: 239306 exec/s: 1627 rss: 471Mb L: 1075/239306 MS: 1 EraseBytes-
#32727	REDUCE cov: 1438 ft: 2692 corp: 240/10671Kb lim: 239306 exec/s: 1636 rss: 471Mb L: 63/239306 MS: 1 EraseBytes-
#32768	pulse  cov: 1438 ft: 2692 corp: 240/10671Kb lim: 239306 exec/s: 1638 rss: 471Mb
#32788	REDUCE cov: 1438 ft: 2692 corp: 240/10670Kb lim: 239306 exec/s: 1561 rss: 471Mb L: 650/239306 MS: 1 EraseBytes-
#32799	REDUCE cov: 1438 ft: 2692 corp: 240/10659Kb lim: 239306 exec/s: 1561 rss: 471Mb L: 67617/239306 MS: 1 EraseBytes-
#32841	REDUCE cov: 1438 ft: 2692 corp: 240/10658Kb lim: 239306 exec/s: 1563 rss: 471Mb L: 374/239306 MS: 2 ShuffleBytes-EraseBytes-
#32863	REDUCE cov: 1438 ft: 2692 corp: 240/10658Kb lim: 239306 exec/s: 1564 rss: 471Mb L: 88/239306 MS: 2 ChangeBinInt-EraseBytes-
#32884	REDUCE cov: 1438 ft: 2692 corp: 240/10632Kb lim: 239306 exec/s: 1565 rss: 471Mb L: 50585/239306 MS: 1 EraseBytes-
#32928	REDUCE cov: 1438 ft: 2692 corp: 240/10606Kb lim: 239306 exec/s: 1568 rss: 471Mb L: 95408/239306 MS: 4 InsertByte-InsertByte-ChangeBinInt-CrossOver-
#32936	NEW    cov: 1441 ft: 2695 corp: 241/10607Kb lim: 239306 exec/s: 1568 rss: 471Mb L: 138/239306 MS: 3 CopyPart-InsertByte-InsertRepeatedBytes-
#32974	REDUCE cov: 1441 ft: 2695 corp: 241/10584Kb lim: 239306 exec/s: 1570 rss: 471Mb L: 36133/239306 MS: 3 ShuffleBytes-ShuffleBytes-EraseBytes-
#32996	REDUCE cov: 1441 ft: 2695 corp: 241/10570Kb lim: 239306 exec/s: 1571 rss: 471Mb L: 97344/239306 MS: 2 ChangeBinInt-EraseBytes-
#33052	NEW    cov: 1443 ft: 2697 corp: 242/10570Kb lim: 239306 exec/s: 1573 rss: 471Mb L: 38/239306 MS: 1 ChangeBinInt-
#33080	REDUCE cov: 1443 ft: 2697 corp: 242/10570Kb lim: 239306 exec/s: 1575 rss: 471Mb L: 8/239306 MS: 3 EraseBytes-ChangeByte-ShuffleBytes-
#33138	REDUCE cov: 1449 ft: 2728 corp: 243/10570Kb lim: 239306 exec/s: 1578 rss: 471Mb L: 25/239306 MS: 3 CrossOver-PersAutoDict-CopyPart- DE: "\000\000\000\000\000\000\005\332"-
#33159	NEW    cov: 1449 ft: 2730 corp: 244/10570Kb lim: 239306 exec/s: 1579 rss: 471Mb L: 30/239306 MS: 1 CopyPart-
#33205	REDUCE cov: 1449 ft: 2730 corp: 244/10569Kb lim: 239306 exec/s: 1581 rss: 471Mb L: 2605/239306 MS: 1 EraseBytes-
#33282	REDUCE cov: 1449 ft: 2730 corp: 244/10569Kb lim: 239306 exec/s: 1584 rss: 471Mb L: 232/239306 MS: 2 InsertRepeatedBytes-EraseBytes-
#33325	REDUCE cov: 1449 ft: 2730 corp: 244/10533Kb lim: 239306 exec/s: 1586 rss: 471Mb L: 39909/239306 MS: 3 CrossOver-InsertRepeatedBytes-EraseBytes-
#33327	REDUCE cov: 1449 ft: 2730 corp: 244/10533Kb lim: 239306 exec/s: 1587 rss: 471Mb L: 41/239306 MS: 2 InsertByte-EraseBytes-
#33344	REDUCE cov: 1449 ft: 2730 corp: 244/10493Kb lim: 239306 exec/s: 1587 rss: 471Mb L: 55867/239306 MS: 2 ChangeBit-EraseBytes-
#33356	REDUCE cov: 1449 ft: 2730 corp: 244/10488Kb lim: 239306 exec/s: 1588 rss: 471Mb L: 12389/239306 MS: 2 CopyPart-EraseBytes-
#33416	REDUCE cov: 1449 ft: 2730 corp: 244/10488Kb lim: 239306 exec/s: 1591 rss: 471Mb L: 1811/239306 MS: 5 InsertRepeatedBytes-CMP-CopyPart-PersAutoDict-EraseBytes- DE: "\001\000"-"\026\000\000\000\000\000\000\000"-
#33442	REDUCE cov: 1449 ft: 2730 corp: 244/10487Kb lim: 239306 exec/s: 1592 rss: 471Mb L: 8228/239306 MS: 1 EraseBytes-
#33464	REDUCE cov: 1449 ft: 2730 corp: 244/10487Kb lim: 239306 exec/s: 1593 rss: 471Mb L: 3794/239306 MS: 2 CrossOver-EraseBytes-
#33626	REDUCE cov: 1449 ft: 2730 corp: 244/10479Kb lim: 239306 exec/s: 1601 rss: 471Mb L: 28895/239306 MS: 2 PersAutoDict-EraseBytes- DE: "~\3509\021=e\236r"-
#33660	REDUCE cov: 1449 ft: 2730 corp: 244/10479Kb lim: 239306 exec/s: 1602 rss: 471Mb L: 968/239306 MS: 4 PersAutoDict-PersAutoDict-PersAutoDict-EraseBytes- DE: "\003I$\222I$\222I"-"\000\000\000\000\000\000\000\000"-"UUUUUUU\005"-
#33692	REDUCE cov: 1449 ft: 2730 corp: 244/10479Kb lim: 239306 exec/s: 1604 rss: 471Mb L: 13/239306 MS: 2 ChangeByte-EraseBytes-
#33703	NEW    cov: 1449 ft: 2733 corp: 245/10479Kb lim: 239306 exec/s: 1604 rss: 471Mb L: 136/239306 MS: 1 EraseBytes-
#33832	REDUCE cov: 1449 ft: 2733 corp: 245/10479Kb lim: 239306 exec/s: 1611 rss: 471Mb L: 41/239306 MS: 4 ChangeByte-ShuffleBytes-ShuffleBytes-EraseBytes-
#33875	REDUCE cov: 1449 ft: 2733 corp: 245/10465Kb lim: 239306 exec/s: 1613 rss: 471Mb L: 20618/239306 MS: 3 ChangeBinInt-ChangeASCIIInt-EraseBytes-
#33885	REDUCE cov: 1449 ft: 2733 corp: 245/10465Kb lim: 239306 exec/s: 1613 rss: 471Mb L: 14/239306 MS: 5 InsertByte-ChangeBinInt-ChangeByte-PersAutoDict-EraseBytes- DE: "\031\000\000\000\000\000\000\000"-
#33918	NEW    cov: 1451 ft: 2735 corp: 246/10466Kb lim: 239306 exec/s: 1615 rss: 471Mb L: 219/239306 MS: 3 CrossOver-InsertByte-ChangeBit-
#33926	REDUCE cov: 1451 ft: 2735 corp: 246/10456Kb lim: 239306 exec/s: 1615 rss: 471Mb L: 31110/239306 MS: 3 ChangeBit-ShuffleBytes-EraseBytes-
#33974	REDUCE cov: 1451 ft: 2735 corp: 246/10447Kb lim: 239306 exec/s: 1617 rss: 471Mb L: 19826/239306 MS: 3 CrossOver-ChangeByte-EraseBytes-
#34136	REDUCE cov: 1451 ft: 2735 corp: 246/10447Kb lim: 239306 exec/s: 1625 rss: 471Mb L: 745/239306 MS: 2 ChangeBit-EraseBytes-
#34142	REDUCE cov: 1451 ft: 2735 corp: 246/10436Kb lim: 239306 exec/s: 1625 rss: 471Mb L: 19690/239306 MS: 1 EraseBytes-
#34145	NEW    cov: 1451 ft: 2739 corp: 247/10436Kb lim: 239306 exec/s: 1625 rss: 471Mb L: 36/239306 MS: 3 ShuffleBytes-ChangeByte-PersAutoDict- DE: "\000\000\000\000\000\000\000d"-
#34151	REDUCE cov: 1451 ft: 2739 corp: 247/10418Kb lim: 239306 exec/s: 1626 rss: 471Mb L: 57226/239306 MS: 1 EraseBytes-
#34158	REDUCE cov: 1451 ft: 2739 corp: 247/10413Kb lim: 239306 exec/s: 1626 rss: 471Mb L: 26652/239306 MS: 2 ChangeBit-EraseBytes-
#34189	REDUCE cov: 1451 ft: 2739 corp: 247/10413Kb lim: 239306 exec/s: 1628 rss: 471Mb L: 1057/239306 MS: 1 EraseBytes-
#34197	REDUCE cov: 1451 ft: 2739 corp: 247/10413Kb lim: 239306 exec/s: 1628 rss: 471Mb L: 83/239306 MS: 3 PersAutoDict-ChangeBinInt-EraseBytes- DE: "\375\321\275\311O\010\324\373"-
#34199	REDUCE cov: 1451 ft: 2739 corp: 247/10413Kb lim: 239306 exec/s: 1628 rss: 471Mb L: 898/239306 MS: 2 InsertRepeatedBytes-EraseBytes-
#34218	REDUCE cov: 1451 ft: 2739 corp: 247/10413Kb lim: 239306 exec/s: 1629 rss: 471Mb L: 592/239306 MS: 4 ChangeByte-ChangeByte-ShuffleBytes-EraseBytes-
#34224	REDUCE cov: 1451 ft: 2739 corp: 247/10413Kb lim: 239306 exec/s: 1629 rss: 471Mb L: 37/239306 MS: 1 EraseBytes-
#34253	NEW    cov: 1453 ft: 2744 corp: 248/10493Kb lim: 239306 exec/s: 1631 rss: 471Mb L: 82016/239306 MS: 4 ChangeASCIIInt-EraseBytes-ChangeBit-InsertRepeatedBytes-
#34291	REDUCE cov: 1453 ft: 2745 corp: 249/10493Kb lim: 239306 exec/s: 1632 rss: 471Mb L: 87/239306 MS: 3 InsertRepeatedBytes-InsertByte-EraseBytes-
#34362	REDUCE cov: 1453 ft: 2745 corp: 249/10490Kb lim: 239306 exec/s: 1636 rss: 471Mb L: 2983/239306 MS: 1 EraseBytes-
#34570	REDUCE cov: 1453 ft: 2745 corp: 249/10490Kb lim: 239306 exec/s: 1646 rss: 471Mb L: 1780/239306 MS: 3 PersAutoDict-InsertByte-EraseBytes- DE: "\377\377\377\377\377\377\000\271"-
#34648	REDUCE cov: 1453 ft: 2745 corp: 249/10490Kb lim: 239306 exec/s: 1649 rss: 471Mb L: 106/239306 MS: 3 ChangeBit-ChangeBinInt-EraseBytes-
#34745	REDUCE cov: 1453 ft: 2745 corp: 249/10490Kb lim: 239306 exec/s: 1654 rss: 471Mb L: 1881/239306 MS: 2 ShuffleBytes-EraseBytes-
#34779	REDUCE cov: 1453 ft: 2745 corp: 249/10471Kb lim: 239306 exec/s: 1656 rss: 471Mb L: 35876/239306 MS: 4 ChangeBit-CrossOver-ShuffleBytes-EraseBytes-
#34837	REDUCE cov: 1453 ft: 2745 corp: 249/10466Kb lim: 239306 exec/s: 1658 rss: 471Mb L: 21554/239306 MS: 3 CrossOver-ChangeBinInt-EraseBytes-
#34876	REDUCE cov: 1453 ft: 2745 corp: 249/10466Kb lim: 239306 exec/s: 1660 rss: 471Mb L: 19/239306 MS: 4 InsertByte-ChangeByte-ChangeByte-EraseBytes-
#34899	REDUCE cov: 1453 ft: 2745 corp: 249/10466Kb lim: 239306 exec/s: 1661 rss: 471Mb L: 2222/239306 MS: 3 ChangeASCIIInt-ChangeASCIIInt-EraseBytes-
#35025	REDUCE cov: 1453 ft: 2745 corp: 249/10447Kb lim: 239306 exec/s: 1592 rss: 471Mb L: 22603/239306 MS: 1 EraseBytes-
#35087	REDUCE cov: 1453 ft: 2745 corp: 249/10446Kb lim: 239306 exec/s: 1594 rss: 471Mb L: 17648/239306 MS: 2 ChangeBit-EraseBytes-
#35094	NEW    cov: 1453 ft: 2746 corp: 250/10446Kb lim: 239306 exec/s: 1595 rss: 471Mb L: 44/239306 MS: 2 ShuffleBytes-CMP- DE: "\002\000\000\000\000\000\000\000"-
#35158	REDUCE cov: 1453 ft: 2746 corp: 250/10446Kb lim: 239306 exec/s: 1598 rss: 471Mb L: 216/239306 MS: 4 ShuffleBytes-InsertByte-ChangeBinInt-EraseBytes-
#35225	REDUCE cov: 1453 ft: 2746 corp: 250/10446Kb lim: 239306 exec/s: 1601 rss: 471Mb L: 877/239306 MS: 2 InsertByte-EraseBytes-
#35262	REDUCE cov: 1453 ft: 2746 corp: 250/10442Kb lim: 239306 exec/s: 1602 rss: 471Mb L: 4904/239306 MS: 2 ChangeBit-EraseBytes-
#35263	NEW    cov: 1455 ft: 2748 corp: 251/10442Kb lim: 239306 exec/s: 1602 rss: 471Mb L: 87/239306 MS: 1 CMP- DE: "\001\000"-
#35265	REDUCE cov: 1455 ft: 2748 corp: 251/10442Kb lim: 239306 exec/s: 1602 rss: 471Mb L: 1512/239306 MS: 2 ShuffleBytes-EraseBytes-
#35379	REDUCE cov: 1455 ft: 2748 corp: 251/10442Kb lim: 239306 exec/s: 1608 rss: 471Mb L: 217/239306 MS: 4 ShuffleBytes-ChangeByte-PersAutoDict-EraseBytes- DE: "\000\000\000\000\000\000\000\000"-
#35385	REDUCE cov: 1455 ft: 2748 corp: 251/10442Kb lim: 239306 exec/s: 1608 rss: 471Mb L: 95/239306 MS: 1 EraseBytes-
#35422	NEW    cov: 1455 ft: 2750 corp: 252/10442Kb lim: 239306 exec/s: 1610 rss: 471Mb L: 113/239306 MS: 2 CMP-InsertRepeatedBytes- DE: "\001\000\000\000\000\000\000\000"-
#35427	REDUCE cov: 1455 ft: 2750 corp: 252/10390Kb lim: 239306 exec/s: 1610 rss: 471Mb L: 116808/239306 MS: 5 ChangeBit-CopyPart-InsertByte-ShuffleBytes-EraseBytes-
#35438	REDUCE cov: 1455 ft: 2750 corp: 252/10390Kb lim: 239306 exec/s: 1610 rss: 471Mb L: 72/239306 MS: 1 EraseBytes-
#35484	NEW    cov: 1456 ft: 2752 corp: 253/10390Kb lim: 239306 exec/s: 1612 rss: 471Mb L: 34/239306 MS: 1 CrossOver-
#35510	REDUCE cov: 1456 ft: 2752 corp: 253/10352Kb lim: 239306 exec/s: 1614 rss: 471Mb L: 168435/239306 MS: 1 EraseBytes-
#35516	REDUCE cov: 1456 ft: 2754 corp: 254/10352Kb lim: 239306 exec/s: 1614 rss: 471Mb L: 88/239306 MS: 1 CMP- DE: "\001\000\000\000\000\000\000\264"-
#35544	REDUCE cov: 1456 ft: 2754 corp: 254/10346Kb lim: 239306 exec/s: 1615 rss: 471Mb L: 33477/239306 MS: 3 CMP-ChangeASCIIInt-EraseBytes- DE: "\003\000\000\000\000\000\000\000"-
#35563	REDUCE cov: 1456 ft: 2754 corp: 254/10343Kb lim: 239306 exec/s: 1616 rss: 471Mb L: 17349/239306 MS: 4 ShuffleBytes-PersAutoDict-ChangeBit-EraseBytes- DE: "\026\000\000\000\000\000\000\000"-
#35604	REDUCE cov: 1456 ft: 2754 corp: 254/10340Kb lim: 239306 exec/s: 1618 rss: 472Mb L: 9378/239306 MS: 1 EraseBytes-
#35605	REDUCE cov: 1456 ft: 2754 corp: 254/10340Kb lim: 239306 exec/s: 1618 rss: 472Mb L: 29/239306 MS: 1 EraseBytes-
#35829	REDUCE cov: 1460 ft: 2758 corp: 255/10341Kb lim: 239306 exec/s: 1628 rss: 473Mb L: 218/239306 MS: 4 ChangeBit-InsertByte-PersAutoDict-ChangeBinInt- DE: "\026\000\000\000\000\000\000\000"-
#35856	REDUCE cov: 1460 ft: 2758 corp: 255/10339Kb lim: 239306 exec/s: 1629 rss: 473Mb L: 2284/239306 MS: 2 CMP-EraseBytes- DE: "\020\377\377\377\377\377\377\377"-
#36006	NEW    cov: 1460 ft: 2763 corp: 256/10418Kb lim: 239306 exec/s: 1636 rss: 474Mb L: 80413/239306 MS: 5 EraseBytes-ChangeBit-InsertRepeatedBytes-ChangeBit-CrossOver-
#36067	REDUCE cov: 1460 ft: 2763 corp: 256/10404Kb lim: 239306 exec/s: 1639 rss: 474Mb L: 157278/239306 MS: 1 EraseBytes-
#36084	NEW    cov: 1460 ft: 2766 corp: 257/10404Kb lim: 239306 exec/s: 1640 rss: 474Mb L: 96/239306 MS: 2 ChangeByte-PersAutoDict- DE: "\004\000\000\000\000\000\000\000"-
#36243	REDUCE cov: 1460 ft: 2766 corp: 257/10362Kb lim: 239306 exec/s: 1647 rss: 474Mb L: 74051/239306 MS: 4 CopyPart-ChangeBinInt-CMP-EraseBytes- DE: "\377\377"-
#36244	REDUCE cov: 1460 ft: 2766 corp: 257/10362Kb lim: 239306 exec/s: 1647 rss: 474Mb L: 7671/239306 MS: 1 CrossOver-
#36327	NEW    cov: 1460 ft: 2774 corp: 258/10363Kb lim: 239306 exec/s: 1651 rss: 474Mb L: 103/239306 MS: 3 CopyPart-PersAutoDict-InsertRepeatedBytes- DE: "\000\000\000\000\001\000\000\001"-
#36333	REDUCE cov: 1460 ft: 2774 corp: 258/10363Kb lim: 239306 exec/s: 1651 rss: 474Mb L: 24/239306 MS: 1 EraseBytes-
#36349	REDUCE cov: 1460 ft: 2774 corp: 258/10362Kb lim: 239306 exec/s: 1652 rss: 474Mb L: 141/239306 MS: 1 EraseBytes-
#36553	REDUCE cov: 1460 ft: 2774 corp: 258/10362Kb lim: 239306 exec/s: 1661 rss: 474Mb L: 1220/239306 MS: 4 ChangeByte-InsertByte-ChangeBinInt-EraseBytes-
#36659	REDUCE cov: 1460 ft: 2774 corp: 258/10362Kb lim: 239306 exec/s: 1666 rss: 474Mb L: 17/239306 MS: 1 EraseBytes-
#36763	REDUCE cov: 1460 ft: 2774 corp: 258/10362Kb lim: 239306 exec/s: 1671 rss: 474Mb L: 5/239306 MS: 4 EraseBytes-InsertByte-ChangeBinInt-ChangeByte-
#36795	REDUCE cov: 1460 ft: 2774 corp: 258/10362Kb lim: 239306 exec/s: 1672 rss: 474Mb L: 17/239306 MS: 2 ChangeByte-EraseBytes-
#36824	REDUCE cov: 1460 ft: 2774 corp: 258/10301Kb lim: 239306 exec/s: 1673 rss: 474Mb L: 159302/239306 MS: 4 ChangeByte-PersAutoDict-ChangeByte-EraseBytes- DE: "\000\000\000\000\000\000\000d"-
#36865	REDUCE cov: 1460 ft: 2774 corp: 258/10263Kb lim: 239306 exec/s: 1675 rss: 474Mb L: 137994/239306 MS: 1 EraseBytes-
#36906	REDUCE cov: 1460 ft: 2774 corp: 258/10262Kb lim: 239306 exec/s: 1677 rss: 474Mb L: 529/239306 MS: 1 EraseBytes-
#36928	REDUCE cov: 1460 ft: 2774 corp: 258/10262Kb lim: 239306 exec/s: 1678 rss: 474Mb L: 13/239306 MS: 2 ChangeBinInt-EraseBytes-
#36996	REDUCE cov: 1460 ft: 2774 corp: 258/10251Kb lim: 239306 exec/s: 1681 rss: 474Mb L: 35820/239306 MS: 3 ShuffleBytes-CMP-EraseBytes- DE: "\377\377\377\377\377\377\377\001"-
#37022	REDUCE cov: 1460 ft: 2774 corp: 258/10251Kb lim: 239306 exec/s: 1682 rss: 474Mb L: 145/239306 MS: 1 EraseBytes-
#37038	NEW    cov: 1460 ft: 2775 corp: 259/10251Kb lim: 239306 exec/s: 1683 rss: 474Mb L: 29/239306 MS: 1 InsertByte-
#37130	REDUCE cov: 1460 ft: 2775 corp: 259/10235Kb lim: 239306 exec/s: 1687 rss: 474Mb L: 31537/239306 MS: 2 EraseBytes-EraseBytes-
#37163	REDUCE cov: 1460 ft: 2775 corp: 259/10230Kb lim: 239306 exec/s: 1689 rss: 474Mb L: 14206/239306 MS: 3 InsertByte-ChangeASCIIInt-EraseBytes-
#37201	REDUCE cov: 1460 ft: 2775 corp: 259/10202Kb lim: 239306 exec/s: 1690 rss: 474Mb L: 45935/239306 MS: 3 CrossOver-PersAutoDict-CrossOver- DE: "\000\000\000\000\000\000\000\000"-
#37233	REDUCE cov: 1460 ft: 2775 corp: 259/10193Kb lim: 239306 exec/s: 1692 rss: 474Mb L: 10007/239306 MS: 2 ChangeByte-EraseBytes-
#37266	REDUCE cov: 1460 ft: 2775 corp: 259/10192Kb lim: 239306 exec/s: 1693 rss: 474Mb L: 233/239306 MS: 3 ChangeBit-ChangeBit-EraseBytes-
#37297	REDUCE cov: 1460 ft: 2775 corp: 259/10191Kb lim: 239306 exec/s: 1695 rss: 474Mb L: 15393/239306 MS: 1 EraseBytes-
#37343	REDUCE cov: 1460 ft: 2775 corp: 259/10190Kb lim: 239306 exec/s: 1697 rss: 474Mb L: 13357/239306 MS: 1 EraseBytes-
#37426	REDUCE cov: 1460 ft: 2775 corp: 259/10163Kb lim: 239306 exec/s: 1701 rss: 474Mb L: 53117/239306 MS: 3 InsertRepeatedBytes-ChangeASCIIInt-EraseBytes-
#37439	REDUCE cov: 1460 ft: 2775 corp: 259/10159Kb lim: 239306 exec/s: 1701 rss: 474Mb L: 13865/239306 MS: 3 InsertRepeatedBytes-InsertRepeatedBytes-EraseBytes-
#37476	REDUCE cov: 1460 ft: 2775 corp: 259/10159Kb lim: 239306 exec/s: 1703 rss: 474Mb L: 221/239306 MS: 2 PersAutoDict-EraseBytes- DE: "\001\000\000\000"-
#37478	REDUCE cov: 1460 ft: 2775 corp: 259/10159Kb lim: 239306 exec/s: 1703 rss: 474Mb L: 5851/239306 MS: 2 PersAutoDict-EraseBytes- DE: "\002\377\377\377\377\377\377\377"-
#37487	REDUCE cov: 1460 ft: 2775 corp: 259/10127Kb lim: 239306 exec/s: 1629 rss: 474Mb L: 100487/239306 MS: 4 ChangeBinInt-ChangeBinInt-PersAutoDict-CrossOver- DE: "\001\000\000\000"-
#37648	REDUCE cov: 1460 ft: 2775 corp: 259/10127Kb lim: 239306 exec/s: 1636 rss: 474Mb L: 5/239306 MS: 1 EraseBytes-
#37686	REDUCE cov: 1460 ft: 2775 corp: 259/10127Kb lim: 239306 exec/s: 1638 rss: 474Mb L: 228/239306 MS: 3 ShuffleBytes-CrossOver-EraseBytes-
#37742	REDUCE cov: 1460 ft: 2775 corp: 259/10127Kb lim: 239306 exec/s: 1640 rss: 474Mb L: 152/239306 MS: 1 EraseBytes-
#37773	REDUCE cov: 1460 ft: 2775 corp: 259/10127Kb lim: 239306 exec/s: 1642 rss: 474Mb L: 7/239306 MS: 1 EraseBytes-
#37878	REDUCE cov: 1460 ft: 2775 corp: 259/10126Kb lim: 239306 exec/s: 1646 rss: 474Mb L: 6968/239306 MS: 5 ChangeByte-ChangeByte-ChangeASCIIInt-CopyPart-EraseBytes-
#37894	REDUCE cov: 1460 ft: 2775 corp: 259/10126Kb lim: 239306 exec/s: 1647 rss: 474Mb L: 47/239306 MS: 1 EraseBytes-
#37935	REDUCE cov: 1460 ft: 2775 corp: 259/10124Kb lim: 239306 exec/s: 1649 rss: 474Mb L: 6908/239306 MS: 1 EraseBytes-
#38087	REDUCE cov: 1460 ft: 2775 corp: 259/10123Kb lim: 239306 exec/s: 1655 rss: 474Mb L: 1484/239306 MS: 2 PersAutoDict-EraseBytes- DE: "\301\\\002\211\354-\012\221g\354\216e\241\215\353\276^U2\373\356\242\223\370\013\311B\356\220\206\301q"-
#38215	REDUCE cov: 1460 ft: 2775 corp: 259/10120Kb lim: 239306 exec/s: 1661 rss: 474Mb L: 11008/239306 MS: 3 CrossOver-ChangeBinInt-EraseBytes-
#38228	REDUCE cov: 1460 ft: 2775 corp: 259/10120Kb lim: 239306 exec/s: 1662 rss: 474Mb L: 13/239306 MS: 3 ChangeBinInt-CMP-EraseBytes- DE: "\377\377"-
#38240	REDUCE cov: 1460 ft: 2775 corp: 259/10114Kb lim: 239306 exec/s: 1662 rss: 474Mb L: 6629/239306 MS: 2 PersAutoDict-EraseBytes- DE: "\377\377\377\377\377\377\377\263"-
#38258	REDUCE cov: 1460 ft: 2775 corp: 259/10114Kb lim: 239306 exec/s: 1663 rss: 474Mb L: 3148/239306 MS: 3 CopyPart-InsertByte-EraseBytes-
#38274	NEW    cov: 1460 ft: 2780 corp: 260/10114Kb lim: 239306 exec/s: 1664 rss: 474Mb L: 36/239306 MS: 1 ChangeBinInt-
#38305	REDUCE cov: 1460 ft: 2780 corp: 260/10114Kb lim: 239306 exec/s: 1665 rss: 474Mb L: 17/239306 MS: 1 EraseBytes-
#38344	REDUCE cov: 1460 ft: 2780 corp: 260/10114Kb lim: 239306 exec/s: 1667 rss: 474Mb L: 19/239306 MS: 4 CopyPart-CMP-CrossOver-EraseBytes- DE: "\000\000\000\000\000\000\000\000"-
#38378	REDUCE cov: 1460 ft: 2780 corp: 260/10113Kb lim: 239306 exec/s: 1668 rss: 474Mb L: 616/239306 MS: 4 CrossOver-ChangeBinInt-CrossOver-EraseBytes-
#38414	REDUCE cov: 1460 ft: 2780 corp: 260/10089Kb lim: 239306 exec/s: 1670 rss: 474Mb L: 55930/239306 MS: 1 EraseBytes-
#38425	REDUCE cov: 1460 ft: 2780 corp: 260/10089Kb lim: 239306 exec/s: 1670 rss: 474Mb L: 664/239306 MS: 1 EraseBytes-
#38436	REDUCE cov: 1460 ft: 2780 corp: 260/10089Kb lim: 239306 exec/s: 1671 rss: 474Mb L: 41/239306 MS: 1 EraseBytes-
#38442	REDUCE cov: 1460 ft: 2780 corp: 260/10089Kb lim: 239306 exec/s: 1671 rss: 474Mb L: 41/239306 MS: 1 EraseBytes-
#38452	REDUCE cov: 1460 ft: 2780 corp: 260/10088Kb lim: 239306 exec/s: 1671 rss: 474Mb L: 515/239306 MS: 5 ChangeBit-InsertRepeatedBytes-CMP-PersAutoDict-EraseBytes- DE: "\000\000\000\000"-"N\000\000\000\000\000\000\000"-
#38493	REDUCE cov: 1460 ft: 2780 corp: 260/10035Kb lim: 239306 exec/s: 1673 rss: 474Mb L: 164199/239306 MS: 1 EraseBytes-
#38509	REDUCE cov: 1460 ft: 2780 corp: 260/10035Kb lim: 239306 exec/s: 1674 rss: 474Mb L: 1054/239306 MS: 1 EraseBytes-
#38527	REDUCE cov: 1460 ft: 2780 corp: 260/10033Kb lim: 239306 exec/s: 1675 rss: 474Mb L: 19060/239306 MS: 3 PersAutoDict-InsertByte-EraseBytes- DE: "\000\000\000\000\000\000\000\260"-
#38548	REDUCE cov: 1460 ft: 2780 corp: 260/10033Kb lim: 239306 exec/s: 1676 rss: 474Mb L: 2099/239306 MS: 1 EraseBytes-
#38634	REDUCE cov: 1460 ft: 2780 corp: 260/10020Kb lim: 239306 exec/s: 1679 rss: 474Mb L: 155153/239306 MS: 1 EraseBytes-
#38656	REDUCE cov: 1460 ft: 2780 corp: 260/10020Kb lim: 239306 exec/s: 1680 rss: 474Mb L: 611/239306 MS: 2 ChangeByte-EraseBytes-
#38669	REDUCE cov: 1460 ft: 2780 corp: 260/10020Kb lim: 239306 exec/s: 1681 rss: 474Mb L: 8/239306 MS: 3 ShuffleBytes-ShuffleBytes-EraseBytes-
#38730	REDUCE cov: 1460 ft: 2780 corp: 260/10019Kb lim: 239306 exec/s: 1683 rss: 474Mb L: 1664/239306 MS: 1 EraseBytes-
#38737	REDUCE cov: 1460 ft: 2780 corp: 260/9980Kb lim: 239306 exec/s: 1684 rss: 474Mb L: 120110/239306 MS: 2 ShuffleBytes-EraseBytes-
#38763	NEW    cov: 1460 ft: 2781 corp: 261/9980Kb lim: 239306 exec/s: 1685 rss: 474Mb L: 104/239306 MS: 1 InsertByte-
#38784	REDUCE cov: 1460 ft: 2781 corp: 261/9974Kb lim: 239306 exec/s: 1686 rss: 474Mb L: 55300/239306 MS: 1 EraseBytes-
#38846	REDUCE cov: 1460 ft: 2781 corp: 261/9972Kb lim: 239306 exec/s: 1688 rss: 474Mb L: 3427/239306 MS: 2 ChangeBinInt-EraseBytes-
#38854	REDUCE cov: 1460 ft: 2781 corp: 261/9971Kb lim: 239306 exec/s: 1689 rss: 474Mb L: 2552/239306 MS: 3 CMP-InsertRepeatedBytes-EraseBytes- DE: "\377\377\377\377"-
#38860	REDUCE cov: 1460 ft: 2781 corp: 261/9971Kb lim: 239306 exec/s: 1689 rss: 474Mb L: 36/239306 MS: 1 EraseBytes-
#38861	REDUCE cov: 1460 ft: 2781 corp: 261/9965Kb lim: 239306 exec/s: 1689 rss: 474Mb L: 21531/239306 MS: 1 EraseBytes-
#38917	REDUCE cov: 1460 ft: 2781 corp: 261/9965Kb lim: 239306 exec/s: 1692 rss: 474Mb L: 149/239306 MS: 1 EraseBytes-
#39003	REDUCE cov: 1460 ft: 2781 corp: 261/9965Kb lim: 239306 exec/s: 1695 rss: 474Mb L: 13/239306 MS: 1 EraseBytes-
#39020	REDUCE cov: 1460 ft: 2781 corp: 261/9965Kb lim: 239306 exec/s: 1696 rss: 474Mb L: 11/239306 MS: 2 EraseBytes-InsertByte-
#39034	REDUCE cov: 1460 ft: 2781 corp: 261/9959Kb lim: 239306 exec/s: 1697 rss: 474Mb L: 27536/239306 MS: 4 ChangeASCIIInt-ShuffleBytes-InsertByte-EraseBytes-
#39075	REDUCE cov: 1460 ft: 2781 corp: 261/9959Kb lim: 239306 exec/s: 1698 rss: 474Mb L: 79/239306 MS: 1 EraseBytes-
#39086	REDUCE cov: 1460 ft: 2781 corp: 261/9959Kb lim: 239306 exec/s: 1699 rss: 474Mb L: 2308/239306 MS: 1 EraseBytes-
#39138	REDUCE cov: 1460 ft: 2781 corp: 261/9958Kb lim: 239306 exec/s: 1701 rss: 474Mb L: 8892/239306 MS: 2 ChangeASCIIInt-EraseBytes-
#39154	REDUCE cov: 1460 ft: 2781 corp: 261/9957Kb lim: 239306 exec/s: 1702 rss: 474Mb L: 91/239306 MS: 1 EraseBytes-
#39172	REDUCE cov: 1460 ft: 2781 corp: 261/9957Kb lim: 239306 exec/s: 1703 rss: 474Mb L: 1455/239306 MS: 3 ChangeByte-CopyPart-EraseBytes-
#39237	REDUCE cov: 1460 ft: 2781 corp: 261/9954Kb lim: 239306 exec/s: 1705 rss: 474Mb L: 38097/239306 MS: 5 CopyPart-ChangeBinInt-ChangeBit-ChangeASCIIInt-EraseBytes-
#39273	REDUCE cov: 1460 ft: 2781 corp: 261/9954Kb lim: 239306 exec/s: 1707 rss: 474Mb L: 25/239306 MS: 1 EraseBytes-
#39465	REDUCE cov: 1460 ft: 2781 corp: 261/9954Kb lim: 239306 exec/s: 1715 rss: 477Mb L: 27/239306 MS: 2 CopyPart-EraseBytes-
#39526	REDUCE cov: 1460 ft: 2781 corp: 261/9950Kb lim: 239306 exec/s: 1718 rss: 477Mb L: 42294/239306 MS: 1 EraseBytes-
#39532	REDUCE cov: 1460 ft: 2781 corp: 261/9950Kb lim: 239306 exec/s: 1718 rss: 477Mb L: 169/239306 MS: 1 EraseBytes-
#39535	REDUCE cov: 1460 ft: 2781 corp: 261/9945Kb lim: 239306 exec/s: 1718 rss: 477Mb L: 32655/239306 MS: 3 CrossOver-InsertRepeatedBytes-EraseBytes-
#39558	REDUCE cov: 1463 ft: 2784 corp: 262/9946Kb lim: 239306 exec/s: 1719 rss: 477Mb L: 156/239306 MS: 3 InsertRepeatedBytes-InsertByte-InsertRepeatedBytes-
#39569	REDUCE cov: 1463 ft: 2784 corp: 262/9946Kb lim: 239306 exec/s: 1720 rss: 477Mb L: 78/239306 MS: 1 EraseBytes-
#39615	NEW    cov: 1463 ft: 2786 corp: 263/9946Kb lim: 239306 exec/s: 1722 rss: 477Mb L: 103/239306 MS: 1 PersAutoDict- DE: "\004\000\000\000\000\000\000\000"-
#39622	REDUCE cov: 1463 ft: 2786 corp: 263/9946Kb lim: 239306 exec/s: 1722 rss: 477Mb L: 504/239306 MS: 2 CopyPart-EraseBytes-
#39674	REDUCE cov: 1463 ft: 2786 corp: 263/9946Kb lim: 239306 exec/s: 1724 rss: 477Mb L: 237/239306 MS: 2 ChangeBit-EraseBytes-
#39735	REDUCE cov: 1463 ft: 2786 corp: 263/9938Kb lim: 239306 exec/s: 1727 rss: 477Mb L: 14683/239306 MS: 1 EraseBytes-
#39746	REDUCE cov: 1463 ft: 2786 corp: 263/9936Kb lim: 239306 exec/s: 1728 rss: 477Mb L: 18236/239306 MS: 1 EraseBytes-
#39797	REDUCE cov: 1463 ft: 2786 corp: 263/9936Kb lim: 239306 exec/s: 1730 rss: 477Mb L: 1528/239306 MS: 1 EraseBytes-
#39834	REDUCE cov: 1463 ft: 2786 corp: 263/9935Kb lim: 239306 exec/s: 1731 rss: 477Mb L: 494/239306 MS: 2 CMP-EraseBytes- DE: "\000\000\000\000\000\000\000 "-
#39861	REDUCE cov: 1463 ft: 2786 corp: 263/9935Kb lim: 239306 exec/s: 1733 rss: 477Mb L: 347/239306 MS: 2 InsertRepeatedBytes-EraseBytes-
#39899	REDUCE cov: 1463 ft: 2786 corp: 263/9935Kb lim: 239306 exec/s: 1734 rss: 477Mb L: 41/239306 MS: 3 ShuffleBytes-ShuffleBytes-EraseBytes-
#39985	REDUCE cov: 1463 ft: 2786 corp: 263/9935Kb lim: 239306 exec/s: 1738 rss: 477Mb L: 176/239306 MS: 1 EraseBytes-
#40154	REDUCE cov: 1463 ft: 2786 corp: 263/9931Kb lim: 239306 exec/s: 1745 rss: 477Mb L: 7930/239306 MS: 4 InsertRepeatedBytes-PersAutoDict-CrossOver-EraseBytes- DE: "\375\321\275\311O\010\324\373"-
#40254	REDUCE cov: 1463 ft: 2786 corp: 263/9918Kb lim: 239306 exec/s: 1750 rss: 477Mb L: 54354/239306 MS: 5 PersAutoDict-EraseBytes-ChangeByte-ChangeASCIIInt-InsertByte- DE: "~\3509\021=e\236r"-
#40260	REDUCE cov: 1463 ft: 2786 corp: 263/9918Kb lim: 239306 exec/s: 1750 rss: 477Mb L: 63/239306 MS: 1 EraseBytes-
#40366	REDUCE cov: 1463 ft: 2786 corp: 263/9888Kb lim: 239306 exec/s: 1681 rss: 477Mb L: 70173/239306 MS: 1 CrossOver-
#40379	REDUCE cov: 1463 ft: 2786 corp: 263/9888Kb lim: 239306 exec/s: 1682 rss: 477Mb L: 111/239306 MS: 3 ChangeByte-ChangeByte-EraseBytes-
#40420	REDUCE cov: 1463 ft: 2786 corp: 263/9844Kb lim: 239306 exec/s: 1684 rss: 477Mb L: 98246/239306 MS: 1 EraseBytes-
#40431	REDUCE cov: 1463 ft: 2786 corp: 263/9842Kb lim: 239306 exec/s: 1684 rss: 477Mb L: 3061/239306 MS: 1 EraseBytes-
#40457	REDUCE cov: 1463 ft: 2786 corp: 263/9842Kb lim: 239306 exec/s: 1685 rss: 477Mb L: 219/239306 MS: 1 EraseBytes-
#40599	REDUCE cov: 1463 ft: 2786 corp: 263/9842Kb lim: 239306 exec/s: 1691 rss: 477Mb L: 192/239306 MS: 2 ChangeBit-EraseBytes-
#40626	REDUCE cov: 1463 ft: 2786 corp: 263/9841Kb lim: 239306 exec/s: 1692 rss: 477Mb L: 16610/239306 MS: 2 ChangeBinInt-EraseBytes-
#40663	NEW    cov: 1463 ft: 2791 corp: 264/9841Kb lim: 239306 exec/s: 1694 rss: 477Mb L: 66/239306 MS: 2 ShuffleBytes-EraseBytes-
#40664	REDUCE cov: 1463 ft: 2791 corp: 264/9841Kb lim: 239306 exec/s: 1694 rss: 477Mb L: 4/239306 MS: 1 EraseBytes-
#40727	REDUCE cov: 1463 ft: 2791 corp: 264/9841Kb lim: 239306 exec/s: 1696 rss: 477Mb L: 159/239306 MS: 3 ShuffleBytes-EraseBytes-ChangeByte-
#40738	REDUCE cov: 1463 ft: 2791 corp: 264/9841Kb lim: 239306 exec/s: 1697 rss: 477Mb L: 57/239306 MS: 1 EraseBytes-
#40752	REDUCE cov: 1463 ft: 2791 corp: 264/9840Kb lim: 239306 exec/s: 1698 rss: 477Mb L: 12504/239306 MS: 4 ChangeBinInt-CrossOver-CrossOver-EraseBytes-
#40768	REDUCE cov: 1466 ft: 2794 corp: 265/9840Kb lim: 239306 exec/s: 1698 rss: 477Mb L: 261/239306 MS: 1 CMP- DE: "A\000\000\000\000\000\000\000"-
#40778	REDUCE cov: 1466 ft: 2794 corp: 265/9823Kb lim: 239306 exec/s: 1699 rss: 477Mb L: 14403/239306 MS: 5 EraseBytes-ChangeByte-CMP-InsertRepeatedBytes-EraseBytes- DE: "\001\000\000\000\000\000\000\264"-
#40934	REDUCE cov: 1466 ft: 2794 corp: 265/9823Kb lim: 239306 exec/s: 1705 rss: 477Mb L: 1047/239306 MS: 1 EraseBytes-
#40936	REDUCE cov: 1466 ft: 2794 corp: 265/9811Kb lim: 239306 exec/s: 1705 rss: 477Mb L: 29887/239306 MS: 2 PersAutoDict-EraseBytes- DE: "\301\\\002\211\354-\012\221g\354\216e\241\215\353\276^U2\373\356\242\223\370\013\311B\356\220\206\301q"-
#41007	REDUCE cov: 1466 ft: 2794 corp: 265/9809Kb lim: 239306 exec/s: 1708 rss: 477Mb L: 9553/239306 MS: 1 EraseBytes-
#41013	REDUCE cov: 1466 ft: 2794 corp: 265/9809Kb lim: 239306 exec/s: 1708 rss: 477Mb L: 187/239306 MS: 1 EraseBytes-
#41129	REDUCE cov: 1466 ft: 2794 corp: 265/9807Kb lim: 239306 exec/s: 1713 rss: 477Mb L: 7546/239306 MS: 1 EraseBytes-
#41240	REDUCE cov: 1466 ft: 2794 corp: 265/9794Kb lim: 239306 exec/s: 1718 rss: 477Mb L: 22827/239306 MS: 1 EraseBytes-
#41251	REDUCE cov: 1466 ft: 2794 corp: 265/9794Kb lim: 239306 exec/s: 1718 rss: 477Mb L: 2953/239306 MS: 1 EraseBytes-
#41263	REDUCE cov: 1466 ft: 2794 corp: 265/9780Kb lim: 239306 exec/s: 1719 rss: 477Mb L: 38729/239306 MS: 2 InsertByte-EraseBytes-
#41334	REDUCE cov: 1466 ft: 2797 corp: 266/9780Kb lim: 239306 exec/s: 1722 rss: 477Mb L: 79/239306 MS: 1 PersAutoDict- DE: "\000\000\000\003"-
#41442	REDUCE cov: 1466 ft: 2797 corp: 266/9776Kb lim: 239306 exec/s: 1726 rss: 477Mb L: 66762/239306 MS: 3 EraseBytes-ChangeByte-InsertByte-
#41488	REDUCE cov: 1466 ft: 2797 corp: 266/9768Kb lim: 239306 exec/s: 1728 rss: 477Mb L: 22212/239306 MS: 1 EraseBytes-
#41526	REDUCE cov: 1466 ft: 2797 corp: 266/9735Kb lim: 239306 exec/s: 1730 rss: 477Mb L: 112945/239306 MS: 3 ChangeASCIIInt-ShuffleBytes-EraseBytes-
#41557	REDUCE cov: 1466 ft: 2797 corp: 266/9735Kb lim: 239306 exec/s: 1731 rss: 477Mb L: 152/239306 MS: 1 EraseBytes-
#41763	REDUCE cov: 1466 ft: 2797 corp: 266/9723Kb lim: 239306 exec/s: 1740 rss: 477Mb L: 30816/239306 MS: 1 EraseBytes-
#41779	REDUCE cov: 1466 ft: 2797 corp: 266/9723Kb lim: 239306 exec/s: 1740 rss: 477Mb L: 30/239306 MS: 1 EraseBytes-
#41810	REDUCE cov: 1466 ft: 2797 corp: 266/9723Kb lim: 239306 exec/s: 1742 rss: 477Mb L: 246/239306 MS: 1 EraseBytes-
#41863	REDUCE cov: 1466 ft: 2797 corp: 266/9701Kb lim: 239306 exec/s: 1744 rss: 477Mb L: 44806/239306 MS: 3 ChangeBinInt-ChangeASCIIInt-EraseBytes-
#41887	REDUCE cov: 1466 ft: 2797 corp: 266/9701Kb lim: 239306 exec/s: 1745 rss: 477Mb L: 30/239306 MS: 4 InsertByte-CopyPart-CopyPart-EraseBytes-
#41901	REDUCE cov: 1466 ft: 2797 corp: 266/9701Kb lim: 239306 exec/s: 1745 rss: 477Mb L: 2/239306 MS: 4 PersAutoDict-EraseBytes-ShuffleBytes-EraseBytes- DE: "\000\000\000\000"-
#41903	REDUCE cov: 1466 ft: 2797 corp: 266/9701Kb lim: 239306 exec/s: 1745 rss: 477Mb L: 501/239306 MS: 2 ChangeByte-EraseBytes-
#41931	REDUCE cov: 1466 ft: 2797 corp: 266/9701Kb lim: 239306 exec/s: 1747 rss: 477Mb L: 900/239306 MS: 3 ChangeBit-PersAutoDict-EraseBytes- DE: "\003I$\222I$\222I"-
#41965	REDUCE cov: 1466 ft: 2797 corp: 266/9701Kb lim: 239306 exec/s: 1748 rss: 477Mb L: 332/239306 MS: 4 ChangeBit-ChangeBit-ChangeByte-EraseBytes-
#42127	REDUCE cov: 1466 ft: 2797 corp: 266/9701Kb lim: 239306 exec/s: 1755 rss: 477Mb L: 1521/239306 MS: 2 ChangeByte-EraseBytes-
#42136	REDUCE cov: 1466 ft: 2797 corp: 266/9701Kb lim: 239306 exec/s: 1755 rss: 477Mb L: 1/239306 MS: 4 ShuffleBytes-ChangeBit-ChangeByte-EraseBytes-
#42150	REDUCE cov: 1466 ft: 2803 corp: 267/9701Kb lim: 239306 exec/s: 1756 rss: 477Mb L: 195/239306 MS: 4 ChangeBinInt-ChangeBinInt-CMP-ChangeBinInt- DE: "\025\000\000\000\000\000\000\000"-
#42211	REDUCE cov: 1466 ft: 2803 corp: 267/9701Kb lim: 239306 exec/s: 1758 rss: 477Mb L: 88/239306 MS: 1 EraseBytes-
#42248	REDUCE cov: 1466 ft: 2803 corp: 267/9701Kb lim: 239306 exec/s: 1760 rss: 477Mb L: 79/239306 MS: 2 EraseBytes-PersAutoDict- DE: "\000\000\000\000\000\000\000 "-
#42264	REDUCE cov: 1467 ft: 2804 corp: 268/9701Kb lim: 239306 exec/s: 1761 rss: 477Mb L: 245/239306 MS: 1 PersAutoDict- DE: "\000\000\000\000\001\000\000\001"-
#42310	REDUCE cov: 1467 ft: 2804 corp: 268/9698Kb lim: 239306 exec/s: 1762 rss: 477Mb L: 4827/239306 MS: 1 EraseBytes-
#42436	REDUCE cov: 1467 ft: 2804 corp: 268/9698Kb lim: 239306 exec/s: 1768 rss: 477Mb L: 2696/239306 MS: 1 EraseBytes-
#42439	REDUCE cov: 1467 ft: 2812 corp: 269/9698Kb lim: 239306 exec/s: 1768 rss: 477Mb L: 210/239306 MS: 3 ChangeBit-PersAutoDict-InsertRepeatedBytes- DE: "\001\000\000\000\000\000\000\000"-
#42600	REDUCE cov: 1467 ft: 2812 corp: 269/9698Kb lim: 239306 exec/s: 1775 rss: 477Mb L: 12/239306 MS: 1 EraseBytes-
#42624	REDUCE cov: 1467 ft: 2812 corp: 269/9698Kb lim: 239306 exec/s: 1776 rss: 477Mb L: 25309/239306 MS: 4 CopyPart-ChangeBit-PersAutoDict-EraseBytes- DE: "N\000\000\000\000\000\000\000"-
#42796	REDUCE cov: 1467 ft: 2812 corp: 269/9696Kb lim: 239306 exec/s: 1783 rss: 477Mb L: 5022/239306 MS: 2 ChangeByte-EraseBytes-
#42819	REDUCE cov: 1467 ft: 2812 corp: 269/9693Kb lim: 239306 exec/s: 1784 rss: 477Mb L: 13404/239306 MS: 3 InsertRepeatedBytes-ChangeASCIIInt-EraseBytes-
#42848	REDUCE cov: 1467 ft: 2812 corp: 269/9693Kb lim: 239306 exec/s: 1785 rss: 477Mb L: 164/239306 MS: 4 CrossOver-PersAutoDict-PersAutoDict-EraseBytes- DE: "\015\000\000\000\000\000\000\000"-"\001\000"-
#42982	REDUCE cov: 1467 ft: 2812 corp: 269/9691Kb lim: 239306 exec/s: 1790 rss: 477Mb L: 4216/239306 MS: 4 CopyPart-InsertRepeatedBytes-ShuffleBytes-EraseBytes-
#43043	REDUCE cov: 1467 ft: 2812 corp: 269/9691Kb lim: 239306 exec/s: 1793 rss: 477Mb L: 145/239306 MS: 1 EraseBytes-
#43084	REDUCE cov: 1467 ft: 2812 corp: 269/9691Kb lim: 239306 exec/s: 1795 rss: 477Mb L: 49/239306 MS: 1 EraseBytes-
#43108	REDUCE cov: 1467 ft: 2812 corp: 269/9690Kb lim: 239306 exec/s: 1796 rss: 477Mb L: 12124/239306 MS: 4 PersAutoDict-ChangeByte-ChangeBinInt-EraseBytes- DE: "\000\000\000\000\001\000\000\001"-
#43184	REDUCE cov: 1467 ft: 2812 corp: 269/9690Kb lim: 239306 exec/s: 1799 rss: 477Mb L: 2100/239306 MS: 1 EraseBytes-
#43190	REDUCE cov: 1467 ft: 2812 corp: 269/9687Kb lim: 239306 exec/s: 1799 rss: 477Mb L: 7617/239306 MS: 1 EraseBytes-
#43302	REDUCE cov: 1467 ft: 2812 corp: 269/9659Kb lim: 239306 exec/s: 1732 rss: 477Mb L: 109116/239306 MS: 2 CopyPart-EraseBytes-
#43404	REDUCE cov: 1467 ft: 2812 corp: 269/9651Kb lim: 239306 exec/s: 1736 rss: 477Mb L: 13052/239306 MS: 2 ChangeByte-EraseBytes-
#43435	REDUCE cov: 1467 ft: 2812 corp: 269/9647Kb lim: 239306 exec/s: 1737 rss: 477Mb L: 19164/239306 MS: 1 EraseBytes-
#43506	REDUCE cov: 1467 ft: 2812 corp: 269/9641Kb lim: 239306 exec/s: 1740 rss: 479Mb L: 21164/239306 MS: 1 EraseBytes-
#43507	REDUCE cov: 1467 ft: 2812 corp: 269/9641Kb lim: 239306 exec/s: 1740 rss: 479Mb L: 182/239306 MS: 1 EraseBytes-
#43538	REDUCE cov: 1467 ft: 2812 corp: 269/9641Kb lim: 239306 exec/s: 1741 rss: 479Mb L: 28/239306 MS: 1 EraseBytes-
#43580	REDUCE cov: 1467 ft: 2812 corp: 269/9639Kb lim: 239306 exec/s: 1743 rss: 479Mb L: 5372/239306 MS: 2 ChangeByte-EraseBytes-
#43702	REDUCE cov: 1467 ft: 2812 corp: 269/9635Kb lim: 239306 exec/s: 1748 rss: 481Mb L: 109503/239306 MS: 2 InsertRepeatedBytes-EraseBytes-
#43828	REDUCE cov: 1467 ft: 2812 corp: 269/9635Kb lim: 239306 exec/s: 1753 rss: 481Mb L: 3834/239306 MS: 1 EraseBytes-
#43920	REDUCE cov: 1467 ft: 2812 corp: 269/9625Kb lim: 239306 exec/s: 1756 rss: 481Mb L: 31038/239306 MS: 2 InsertRepeatedBytes-EraseBytes-
#43948	REDUCE cov: 1467 ft: 2812 corp: 269/9620Kb lim: 239306 exec/s: 1757 rss: 481Mb L: 20287/239306 MS: 3 ShuffleBytes-CopyPart-EraseBytes-
#44013	REDUCE cov: 1467 ft: 2812 corp: 269/9620Kb lim: 239306 exec/s: 1760 rss: 481Mb L: 300/239306 MS: 5 CMP-InsertByte-ChangeBinInt-ShuffleBytes-EraseBytes- DE: "\377\377\377\377\377\377\377\021"-
#44021	REDUCE cov: 1467 ft: 2812 corp: 269/9619Kb lim: 239306 exec/s: 1760 rss: 481Mb L: 3185/239306 MS: 3 InsertByte-InsertByte-EraseBytes-
#44128	REDUCE cov: 1467 ft: 2812 corp: 269/9618Kb lim: 239306 exec/s: 1765 rss: 481Mb L: 1557/239306 MS: 2 ShuffleBytes-EraseBytes-
#44146	REDUCE cov: 1467 ft: 2812 corp: 269/9613Kb lim: 239306 exec/s: 1765 rss: 481Mb L: 49599/239306 MS: 3 PersAutoDict-ChangeBinInt-EraseBytes- DE: "\031\000\000\000\000\000\000\000"-
#44217	REDUCE cov: 1467 ft: 2812 corp: 269/9610Kb lim: 239306 exec/s: 1768 rss: 481Mb L: 10936/239306 MS: 1 EraseBytes-
#44251	NEW    cov: 1467 ft: 2817 corp: 270/9610Kb lim: 239306 exec/s: 1770 rss: 481Mb L: 87/239306 MS: 4 CMP-ChangeBit-ChangeBit-CopyPart- DE: "\001\000\000\000\000\000\001\332"-
#44336	REDUCE cov: 1467 ft: 2817 corp: 270/9610Kb lim: 239306 exec/s: 1773 rss: 481Mb L: 2/239306 MS: 5 CopyPart-EraseBytes-EraseBytes-EraseBytes-EraseBytes-
#44350	REDUCE cov: 1467 ft: 2817 corp: 270/9605Kb lim: 239306 exec/s: 1774 rss: 481Mb L: 8643/239306 MS: 4 CopyPart-InsertByte-ChangeBit-EraseBytes-
#44362	REDUCE cov: 1467 ft: 2817 corp: 270/9605Kb lim: 239306 exec/s: 1774 rss: 481Mb L: 884/239306 MS: 2 CMP-EraseBytes- DE: "\001\000\000\000\000\000\000\030"-
#44405	REDUCE cov: 1467 ft: 2817 corp: 270/9605Kb lim: 239306 exec/s: 1776 rss: 481Mb L: 997/239306 MS: 3 ChangeASCIIInt-ChangeByte-EraseBytes-
#44409	REDUCE cov: 1467 ft: 2817 corp: 270/9604Kb lim: 239306 exec/s: 1776 rss: 481Mb L: 1881/239306 MS: 4 ChangeByte-ChangeByte-ChangeBinInt-EraseBytes-
#44415	REDUCE cov: 1467 ft: 2817 corp: 270/9601Kb lim: 239306 exec/s: 1776 rss: 481Mb L: 46304/239306 MS: 1 EraseBytes-
#44484	REDUCE cov: 1467 ft: 2817 corp: 270/9590Kb lim: 239306 exec/s: 1779 rss: 481Mb L: 24517/239306 MS: 4 ChangeBit-PersAutoDict-InsertRepeatedBytes-EraseBytes- DE: "\000\000\000\000\000\000\000\030"-
#44517	REDUCE cov: 1467 ft: 2817 corp: 270/9586Kb lim: 239306 exec/s: 1780 rss: 481Mb L: 11531/239306 MS: 3 ChangeBinInt-ChangeBinInt-CrossOver-
#44733	REDUCE cov: 1467 ft: 2817 corp: 270/9586Kb lim: 239306 exec/s: 1789 rss: 481Mb L: 145/239306 MS: 1 EraseBytes-
#44907	REDUCE cov: 1467 ft: 2817 corp: 270/9586Kb lim: 239306 exec/s: 1796 rss: 481Mb L: 24/239306 MS: 4 ChangeBinInt-InsertByte-PersAutoDict-EraseBytes- DE: "\003I$\222I$\222I"-
#44969	REDUCE cov: 1467 ft: 2817 corp: 270/9586Kb lim: 239306 exec/s: 1798 rss: 481Mb L: 6/239306 MS: 2 ChangeByte-EraseBytes-
#45030	REDUCE cov: 1467 ft: 2817 corp: 270/9586Kb lim: 239306 exec/s: 1801 rss: 481Mb L: 12090/239306 MS: 1 EraseBytes-
#45068	REDUCE cov: 1467 ft: 2817 corp: 270/9585Kb lim: 239306 exec/s: 1802 rss: 481Mb L: 7110/239306 MS: 3 CrossOver-ShuffleBytes-EraseBytes-
#45086	REDUCE cov: 1467 ft: 2817 corp: 270/9584Kb lim: 239306 exec/s: 1803 rss: 481Mb L: 6808/239306 MS: 3 ChangeBit-ChangeASCIIInt-EraseBytes-
#45113	REDUCE cov: 1467 ft: 2817 corp: 270/9584Kb lim: 239306 exec/s: 1804 rss: 481Mb L: 7594/239306 MS: 2 ChangeASCIIInt-EraseBytes-
#45307	REDUCE cov: 1467 ft: 2817 corp: 270/9572Kb lim: 239306 exec/s: 1812 rss: 481Mb L: 14780/239306 MS: 4 InsertRepeatedBytes-ChangeByte-InsertByte-EraseBytes-
#45450	REDUCE cov: 1467 ft: 2817 corp: 270/9572Kb lim: 239306 exec/s: 1818 rss: 481Mb L: 200/239306 MS: 3 CopyPart-ShuffleBytes-EraseBytes-
#45603	REDUCE cov: 1467 ft: 2817 corp: 270/9561Kb lim: 239306 exec/s: 1824 rss: 481Mb L: 161858/239306 MS: 3 CopyPart-InsertByte-EraseBytes-
#45639	REDUCE cov: 1467 ft: 2822 corp: 271/9562Kb lim: 239306 exec/s: 1825 rss: 481Mb L: 207/239306 MS: 1 InsertRepeatedBytes-
#45648	REDUCE cov: 1467 ft: 2822 corp: 271/9562Kb lim: 239306 exec/s: 1825 rss: 481Mb L: 10/239306 MS: 4 CopyPart-InsertByte-ChangeBinInt-EraseBytes-
#45684	REDUCE cov: 1467 ft: 2822 corp: 271/9562Kb lim: 239306 exec/s: 1827 rss: 481Mb L: 11/239306 MS: 1 EraseBytes-
#45736	REDUCE cov: 1467 ft: 2822 corp: 271/9530Kb lim: 239306 exec/s: 1829 rss: 481Mb L: 132006/239306 MS: 2 InsertByte-EraseBytes-
#45738	REDUCE cov: 1467 ft: 2822 corp: 271/9529Kb lim: 239306 exec/s: 1829 rss: 481Mb L: 1535/239306 MS: 2 CopyPart-EraseBytes-
#45910	REDUCE cov: 1467 ft: 2822 corp: 271/9526Kb lim: 239306 exec/s: 1836 rss: 481Mb L: 9207/239306 MS: 2 ChangeBinInt-EraseBytes-
#45965	REDUCE cov: 1467 ft: 2822 corp: 271/9511Kb lim: 239306 exec/s: 1767 rss: 481Mb L: 125435/239306 MS: 5 CMP-CopyPart-ChangeBit-InsertByte-CrossOver- DE: "\000\000\000\000\000\000\000\020"-
#46035	REDUCE cov: 1467 ft: 2822 corp: 271/9509Kb lim: 239306 exec/s: 1770 rss: 481Mb L: 1717/239306 MS: 5 ChangeBit-CMP-ChangeASCIIInt-ChangeBinInt-EraseBytes- DE: "\000\000\000\000"-
#46040	REDUCE cov: 1467 ft: 2822 corp: 271/9506Kb lim: 239306 exec/s: 1770 rss: 481Mb L: 8268/239306 MS: 5 ShuffleBytes-PersAutoDict-ChangeByte-ChangeBit-EraseBytes- DE: "\001\000"-
#46044	REDUCE cov: 1467 ft: 2823 corp: 272/9506Kb lim: 239306 exec/s: 1770 rss: 481Mb L: 47/239306 MS: 4 ShuffleBytes-CopyPart-InsertByte-InsertByte-
#46086	REDUCE cov: 1467 ft: 2823 corp: 272/9506Kb lim: 239306 exec/s: 1772 rss: 481Mb L: 42/239306 MS: 2 PersAutoDict-EraseBytes- DE: "\377\377\377\377\377\377\377\001"-
#46097	REDUCE cov: 1467 ft: 2823 corp: 272/9506Kb lim: 239306 exec/s: 1772 rss: 481Mb L: 129/239306 MS: 1 EraseBytes-
#46304	REDUCE cov: 1467 ft: 2823 corp: 272/9506Kb lim: 239306 exec/s: 1780 rss: 481Mb L: 65/239306 MS: 2 ChangeByte-EraseBytes-
#46440	REDUCE cov: 1467 ft: 2823 corp: 272/9506Kb lim: 239306 exec/s: 1786 rss: 481Mb L: 13/239306 MS: 1 EraseBytes-
#46446	REDUCE cov: 1467 ft: 2823 corp: 272/9506Kb lim: 239306 exec/s: 1786 rss: 481Mb L: 397/239306 MS: 1 EraseBytes-
#46615	REDUCE cov: 1467 ft: 2823 corp: 272/9495Kb lim: 239306 exec/s: 1792 rss: 481Mb L: 12579/239306 MS: 4 ChangeByte-ChangeBit-ChangeASCIIInt-EraseBytes-
#46757	REDUCE cov: 1467 ft: 2823 corp: 272/9494Kb lim: 239306 exec/s: 1798 rss: 481Mb L: 848/239306 MS: 2 CopyPart-EraseBytes-
#46794	REDUCE cov: 1467 ft: 2823 corp: 272/9494Kb lim: 239306 exec/s: 1799 rss: 481Mb L: 6/239306 MS: 2 PersAutoDict-EraseBytes- DE: "\001\001"-
#46796	NEW    cov: 1468 ft: 2824 corp: 273/9494Kb lim: 239306 exec/s: 1799 rss: 481Mb L: 17/239306 MS: 2 ChangeBinInt-CopyPart-
#46827	REDUCE cov: 1468 ft: 2824 corp: 273/9494Kb lim: 239306 exec/s: 1801 rss: 481Mb L: 45113/239306 MS: 1 EraseBytes-
#46848	REDUCE cov: 1468 ft: 2824 corp: 273/9494Kb lim: 239306 exec/s: 1801 rss: 481Mb L: 2287/239306 MS: 1 EraseBytes-
#46882	REDUCE cov: 1468 ft: 2824 corp: 273/9489Kb lim: 239306 exec/s: 1803 rss: 481Mb L: 39732/239306 MS: 4 ChangeByte-CMP-InsertRepeatedBytes-EraseBytes- DE: "\377\377\377\377"-
#46920	REDUCE cov: 1468 ft: 2824 corp: 273/9489Kb lim: 239306 exec/s: 1804 rss: 481Mb L: 298/239306 MS: 3 CrossOver-ChangeByte-EraseBytes-
#46931	REDUCE cov: 1468 ft: 2824 corp: 273/9489Kb lim: 239306 exec/s: 1805 rss: 481Mb L: 25/239306 MS: 1 EraseBytes-
#47053	REDUCE cov: 1468 ft: 2824 corp: 273/9488Kb lim: 239306 exec/s: 1809 rss: 481Mb L: 2054/239306 MS: 2 CrossOver-EraseBytes-
#47077	REDUCE cov: 1468 ft: 2824 corp: 273/9488Kb lim: 239306 exec/s: 1810 rss: 481Mb L: 90/239306 MS: 4 ChangeBinInt-ChangeBit-InsertByte-EraseBytes-
#47081	REDUCE cov: 1469 ft: 2825 corp: 274/9488Kb lim: 239306 exec/s: 1810 rss: 481Mb L: 20/239306 MS: 4 ChangeBinInt-CMP-ChangeBit-CopyPart- DE: "\001\000\000\000\000\000\000\000"-
#47145	REDUCE cov: 1469 ft: 2825 corp: 274/9485Kb lim: 239306 exec/s: 1813 rss: 481Mb L: 6060/239306 MS: 4 ChangeByte-ChangeBit-InsertByte-EraseBytes-
#47147	REDUCE cov: 1469 ft: 2825 corp: 274/9473Kb lim: 239306 exec/s: 1813 rss: 481Mb L: 42828/239306 MS: 2 ShuffleBytes-EraseBytes-
#47240	REDUCE cov: 1469 ft: 2825 corp: 274/9473Kb lim: 239306 exec/s: 1816 rss: 481Mb L: 253/239306 MS: 3 ChangeByte-InsertByte-EraseBytes-
#47330	REDUCE cov: 1469 ft: 2825 corp: 274/9450Kb lim: 239306 exec/s: 1820 rss: 481Mb L: 20251/239306 MS: 5 ChangeASCIIInt-ChangeASCIIInt-InsertRepeatedBytes-ShuffleBytes-CrossOver-
#47347	REDUCE cov: 1469 ft: 2825 corp: 274/9450Kb lim: 239306 exec/s: 1821 rss: 481Mb L: 30/239306 MS: 2 ChangeBit-EraseBytes-
#47389	REDUCE cov: 1469 ft: 2825 corp: 274/9444Kb lim: 239306 exec/s: 1822 rss: 481Mb L: 113566/239306 MS: 2 InsertByte-EraseBytes-
#47399	REDUCE cov: 1469 ft: 2825 corp: 274/9435Kb lim: 239306 exec/s: 1823 rss: 481Mb L: 120496/239306 MS: 5 CrossOver-InsertByte-CopyPart-ShuffleBytes-EraseBytes-
#47441	REDUCE cov: 1469 ft: 2825 corp: 274/9433Kb lim: 239306 exec/s: 1824 rss: 481Mb L: 3374/239306 MS: 2 ChangeBit-EraseBytes-
#47461	REDUCE cov: 1469 ft: 2825 corp: 274/9430Kb lim: 239306 exec/s: 1825 rss: 481Mb L: 9852/239306 MS: 5 PersAutoDict-ChangeByte-ChangeBinInt-InsertRepeatedBytes-EraseBytes- DE: "\001\000\000\000\000\000\000\000"-
#47494	REDUCE cov: 1469 ft: 2825 corp: 274/9414Kb lim: 239306 exec/s: 1826 rss: 481Mb L: 38880/239306 MS: 3 CrossOver-ShuffleBytes-EraseBytes-
#47496	REDUCE cov: 1469 ft: 2825 corp: 274/9413Kb lim: 239306 exec/s: 1826 rss: 481Mb L: 1564/239306 MS: 2 ChangeByte-EraseBytes-
#47498	REDUCE cov: 1469 ft: 2825 corp: 274/9413Kb lim: 239306 exec/s: 1826 rss: 481Mb L: 137/239306 MS: 2 ShuffleBytes-EraseBytes-
#47536	REDUCE cov: 1469 ft: 2832 corp: 275/9413Kb lim: 239306 exec/s: 1828 rss: 481Mb L: 183/239306 MS: 3 ChangeByte-ChangeBinInt-InsertByte-
#47732	REDUCE cov: 1469 ft: 2832 corp: 275/9397Kb lim: 239306 exec/s: 1835 rss: 481Mb L: 92546/239306 MS: 1 EraseBytes-
#47811	REDUCE cov: 1469 ft: 2832 corp: 275/9397Kb lim: 239306 exec/s: 1838 rss: 481Mb L: 1852/239306 MS: 4 ChangeBit-InsertRepeatedBytes-InsertByte-EraseBytes-
#47830	REDUCE cov: 1469 ft: 2832 corp: 275/9395Kb lim: 239306 exec/s: 1839 rss: 481Mb L: 7889/239306 MS: 4 ChangeByte-ChangeBinInt-ChangeBinInt-EraseBytes-
#47973	NEW    cov: 1470 ft: 2833 corp: 276/9395Kb lim: 239306 exec/s: 1845 rss: 481Mb L: 47/239306 MS: 3 ChangeBit-CrossOver-PersAutoDict- DE: "\377\377\377\377\377\377\377\001"-
#47979	REDUCE cov: 1470 ft: 2833 corp: 276/9395Kb lim: 239306 exec/s: 1845 rss: 481Mb L: 1375/239306 MS: 1 EraseBytes-
#48038	REDUCE cov: 1470 ft: 2833 corp: 276/9395Kb lim: 239306 exec/s: 1847 rss: 481Mb L: 22085/239306 MS: 4 CopyPart-CopyPart-InsertByte-EraseBytes-
#48050	REDUCE cov: 1470 ft: 2833 corp: 276/9388Kb lim: 239306 exec/s: 1848 rss: 481Mb L: 25790/239306 MS: 2 CMP-EraseBytes- DE: "\004UUUUUUU"-
#48153	REDUCE cov: 1470 ft: 2833 corp: 276/9388Kb lim: 239306 exec/s: 1852 rss: 481Mb L: 46/239306 MS: 3 CrossOver-PersAutoDict-EraseBytes- DE: "\005\000\000\000\000\000\000\000"-
#48175	REDUCE cov: 1470 ft: 2833 corp: 276/9388Kb lim: 239306 exec/s: 1852 rss: 481Mb L: 27653/239306 MS: 2 ChangeBit-EraseBytes-
#48180	REDUCE cov: 1470 ft: 2833 corp: 276/9383Kb lim: 239306 exec/s: 1853 rss: 481Mb L: 17396/239306 MS: 5 InsertRepeatedBytes-InsertRepeatedBytes-ChangeByte-PersAutoDict-EraseBytes- DE: "\000\000\000\000\000\000\025\023"-
#48244	REDUCE cov: 1470 ft: 2833 corp: 276/9383Kb lim: 239306 exec/s: 1855 rss: 481Mb L: 1103/239306 MS: 4 ChangeASCIIInt-ShuffleBytes-InsertByte-EraseBytes-
#48271	REDUCE cov: 1470 ft: 2833 corp: 276/9383Kb lim: 239306 exec/s: 1856 rss: 481Mb L: 68/239306 MS: 2 ChangeByte-EraseBytes-
#48278	REDUCE cov: 1470 ft: 2833 corp: 276/9375Kb lim: 239306 exec/s: 1856 rss: 481Mb L: 8915/239306 MS: 2 ChangeByte-EraseBytes-
#48297	REDUCE cov: 1470 ft: 2833 corp: 276/9355Kb lim: 239306 exec/s: 1857 rss: 481Mb L: 23176/239306 MS: 4 ChangeASCIIInt-ChangeBit-ChangeBinInt-EraseBytes-
#48298	REDUCE cov: 1470 ft: 2833 corp: 276/9355Kb lim: 239306 exec/s: 1857 rss: 481Mb L: 23148/239306 MS: 1 EraseBytes-
#48327	REDUCE cov: 1470 ft: 2833 corp: 276/9344Kb lim: 239306 exec/s: 1858 rss: 481Mb L: 157413/239306 MS: 4 CopyPart-ChangeBinInt-InsertRepeatedBytes-EraseBytes-
#48488	REDUCE cov: 1470 ft: 2833 corp: 276/9343Kb lim: 239306 exec/s: 1864 rss: 481Mb L: 1817/239306 MS: 1 EraseBytes-
#48519	REDUCE cov: 1470 ft: 2833 corp: 276/9339Kb lim: 239306 exec/s: 1866 rss: 481Mb L: 19107/239306 MS: 1 EraseBytes-
#48574	REDUCE cov: 1470 ft: 2833 corp: 276/9339Kb lim: 239306 exec/s: 1868 rss: 481Mb L: 24/239306 MS: 5 CrossOver-InsertByte-ChangeBinInt-InsertRepeatedBytes-EraseBytes-
#48635	REDUCE cov: 1470 ft: 2833 corp: 276/9338Kb lim: 239306 exec/s: 1870 rss: 481Mb L: 2286/239306 MS: 1 EraseBytes-
#48696	REDUCE cov: 1470 ft: 2833 corp: 276/9326Kb lim: 239306 exec/s: 1872 rss: 481Mb L: 50906/239306 MS: 1 EraseBytes-
#48713	NEW    cov: 1471 ft: 2834 corp: 277/9326Kb lim: 239306 exec/s: 1873 rss: 481Mb L: 60/239306 MS: 2 ShuffleBytes-EraseBytes-
#48806	REDUCE cov: 1471 ft: 2834 corp: 277/9326Kb lim: 239306 exec/s: 1877 rss: 481Mb L: 58/239306 MS: 3 InsertByte-ChangeBit-EraseBytes-
#48887	REDUCE cov: 1471 ft: 2834 corp: 277/9326Kb lim: 239306 exec/s: 1810 rss: 481Mb L: 72/239306 MS: 1 EraseBytes-
#49048	REDUCE cov: 1471 ft: 2834 corp: 277/9325Kb lim: 239306 exec/s: 1816 rss: 481Mb L: 1693/239306 MS: 1 EraseBytes-
#49055	REDUCE cov: 1471 ft: 2834 corp: 277/9323Kb lim: 239306 exec/s: 1816 rss: 481Mb L: 16666/239306 MS: 2 ChangeASCIIInt-EraseBytes-
#49057	REDUCE cov: 1471 ft: 2836 corp: 278/9323Kb lim: 239306 exec/s: 1816 rss: 481Mb L: 147/239306 MS: 2 ChangeBinInt-CopyPart-
#49115	REDUCE cov: 1471 ft: 2836 corp: 278/9321Kb lim: 239306 exec/s: 1819 rss: 481Mb L: 4312/239306 MS: 3 InsertRepeatedBytes-InsertRepeatedBytes-EraseBytes-
#49127	REDUCE cov: 1471 ft: 2836 corp: 278/9320Kb lim: 239306 exec/s: 1819 rss: 481Mb L: 1002/239306 MS: 2 InsertByte-EraseBytes-
#49160	REDUCE cov: 1471 ft: 2836 corp: 278/9320Kb lim: 239306 exec/s: 1820 rss: 481Mb L: 28/239306 MS: 3 CopyPart-PersAutoDict-EraseBytes- DE: "\001\000\000\000"-
#49258	REDUCE cov: 1471 ft: 2836 corp: 278/9320Kb lim: 239306 exec/s: 1824 rss: 481Mb L: 1742/239306 MS: 3 CopyPart-ShuffleBytes-EraseBytes-
#49274	REDUCE cov: 1471 ft: 2836 corp: 278/9320Kb lim: 239306 exec/s: 1824 rss: 481Mb L: 17/239306 MS: 1 EraseBytes-
#49318	REDUCE cov: 1471 ft: 2839 corp: 279/9320Kb lim: 239306 exec/s: 1826 rss: 481Mb L: 76/239306 MS: 4 PersAutoDict-CopyPart-EraseBytes-CopyPart- DE: "\031\000\000\000\000\000\000\000"-
#49470	REDUCE cov: 1471 ft: 2839 corp: 279/9320Kb lim: 239306 exec/s: 1832 rss: 481Mb L: 41/239306 MS: 2 CopyPart-EraseBytes-
#49679	REDUCE cov: 1471 ft: 2839 corp: 279/9320Kb lim: 239306 exec/s: 1839 rss: 481Mb L: 146/239306 MS: 4 ChangeBinInt-ShuffleBytes-ShuffleBytes-EraseBytes-
#49705	REDUCE cov: 1471 ft: 2839 corp: 279/9320Kb lim: 239306 exec/s: 1840 rss: 481Mb L: 138/239306 MS: 1 EraseBytes-
#49798	REDUCE cov: 1471 ft: 2839 corp: 279/9320Kb lim: 239306 exec/s: 1844 rss: 481Mb L: 9/239306 MS: 3 ShuffleBytes-CrossOver-EraseBytes-
#49915	REDUCE cov: 1471 ft: 2839 corp: 279/9320Kb lim: 239306 exec/s: 1848 rss: 481Mb L: 59/239306 MS: 2 InsertByte-EraseBytes-
#49923	REDUCE cov: 1471 ft: 2839 corp: 279/9320Kb lim: 239306 exec/s: 1849 rss: 481Mb L: 210/239306 MS: 3 PersAutoDict-ChangeBit-EraseBytes- DE: "\003\000\000\000\000\000\000\000"-
#50030	REDUCE cov: 1471 ft: 2839 corp: 279/9305Kb lim: 239306 exec/s: 1852 rss: 481Mb L: 98618/239306 MS: 2 InsertByte-EraseBytes-
#50061	REDUCE cov: 1471 ft: 2839 corp: 279/9304Kb lim: 239306 exec/s: 1854 rss: 481Mb L: 13401/239306 MS: 1 EraseBytes-
#50082	REDUCE cov: 1471 ft: 2839 corp: 279/9304Kb lim: 239306 exec/s: 1854 rss: 481Mb L: 36132/239306 MS: 1 EraseBytes-
#50156	REDUCE cov: 1471 ft: 2839 corp: 279/9298Kb lim: 239306 exec/s: 1857 rss: 481Mb L: 12401/239306 MS: 4 ChangeASCIIInt-ChangeBit-ShuffleBytes-EraseBytes-
#50351	REDUCE cov: 1471 ft: 2839 corp: 279/9280Kb lim: 239306 exec/s: 1864 rss: 481Mb L: 136498/239306 MS: 5 InsertByte-InsertRepeatedBytes-ShuffleBytes-ShuffleBytes-EraseBytes-
#50373	REDUCE cov: 1471 ft: 2839 corp: 279/9277Kb lim: 239306 exec/s: 1865 rss: 481Mb L: 36470/239306 MS: 2 ChangeByte-EraseBytes-
#50428	REDUCE cov: 1471 ft: 2839 corp: 279/9277Kb lim: 239306 exec/s: 1867 rss: 481Mb L: 1389/239306 MS: 5 CMP-PersAutoDict-ChangeBinInt-InsertByte-EraseBytes- DE: "\377\377"-"\001\000\000\000"-
#50614	REDUCE cov: 1471 ft: 2839 corp: 279/9277Kb lim: 239306 exec/s: 1874 rss: 481Mb L: 1204/239306 MS: 1 EraseBytes-
#50645	REDUCE cov: 1471 ft: 2839 corp: 279/9272Kb lim: 239306 exec/s: 1875 rss: 481Mb L: 7581/239306 MS: 1 EraseBytes-
#50648	REDUCE cov: 1471 ft: 2839 corp: 279/9262Kb lim: 239306 exec/s: 1875 rss: 481Mb L: 56277/239306 MS: 3 ChangeBit-InsertRepeatedBytes-EraseBytes-
#50704	REDUCE cov: 1471 ft: 2839 corp: 279/9262Kb lim: 239306 exec/s: 1877 rss: 481Mb L: 160/239306 MS: 1 EraseBytes-
#50746	REDUCE cov: 1471 ft: 2839 corp: 279/9262Kb lim: 239306 exec/s: 1879 rss: 481Mb L: 7/239306 MS: 2 CrossOver-EraseBytes-
#50807	REDUCE cov: 1471 ft: 2839 corp: 279/9255Kb lim: 239306 exec/s: 1881 rss: 481Mb L: 23987/239306 MS: 1 EraseBytes-
#50817	REDUCE cov: 1471 ft: 2839 corp: 279/9234Kb lim: 239306 exec/s: 1882 rss: 481Mb L: 24241/239306 MS: 5 PersAutoDict-ChangeBit-ChangeBinInt-InsertRepeatedBytes-EraseBytes- DE: "\000\000\000\000\000\000\000M"-
#51248	REDUCE cov: 1471 ft: 2839 corp: 279/9233Kb lim: 239306 exec/s: 1898 rss: 481Mb L: 1895/239306 MS: 1 EraseBytes-
#51301	REDUCE cov: 1471 ft: 2839 corp: 279/9233Kb lim: 239306 exec/s: 1900 rss: 481Mb L: 8427/239306 MS: 3 CopyPart-ChangeByte-EraseBytes-
#51339	REDUCE cov: 1471 ft: 2839 corp: 279/9233Kb lim: 239306 exec/s: 1901 rss: 481Mb L: 275/239306 MS: 3 PersAutoDict-CMP-EraseBytes- DE: "\031\000\000\000\000\000\000\000"-"\000\000\000\000"-
#51370	REDUCE cov: 1472 ft: 2840 corp: 280/9272Kb lim: 239306 exec/s: 1902 rss: 481Mb L: 39779/239306 MS: 1 CrossOver-
#51461	REDUCE cov: 1472 ft: 2840 corp: 280/9271Kb lim: 239306 exec/s: 1905 rss: 481Mb L: 13913/239306 MS: 1 EraseBytes-
#51542	NEW    cov: 1472 ft: 2844 corp: 281/9271Kb lim: 239306 exec/s: 1908 rss: 481Mb L: 183/239306 MS: 1 ChangeBit-
#51712	REDUCE cov: 1472 ft: 2844 corp: 281/9267Kb lim: 239306 exec/s: 1846 rss: 481Mb L: 4597/239306 MS: 5 InsertByte-CMP-ChangeASCIIInt-InsertByte-EraseBytes- DE: "\000\000\000\000\000\000\000\000"-
#51778	REDUCE cov: 1472 ft: 2844 corp: 281/9264Kb lim: 239306 exec/s: 1849 rss: 481Mb L: 3640/239306 MS: 1 EraseBytes-
#51781	REDUCE cov: 1472 ft: 2844 corp: 281/9262Kb lim: 239306 exec/s: 1849 rss: 481Mb L: 16233/239306 MS: 3 EraseBytes-InsertByte-PersAutoDict- DE: "\000\000\000\000\000\000\025\023"-
#51975	REDUCE cov: 1472 ft: 2844 corp: 281/9262Kb lim: 239306 exec/s: 1856 rss: 481Mb L: 1028/239306 MS: 4 CMP-InsertByte-ShuffleBytes-EraseBytes- DE: "\377\377"-
#52151	REDUCE cov: 1472 ft: 2844 corp: 281/9262Kb lim: 239306 exec/s: 1862 rss: 481Mb L: 451/239306 MS: 1 EraseBytes-
#52403	REDUCE cov: 1472 ft: 2844 corp: 281/9262Kb lim: 239306 exec/s: 1871 rss: 481Mb L: 1025/239306 MS: 2 InsertByte-EraseBytes-
#52536	REDUCE cov: 1472 ft: 2844 corp: 281/9261Kb lim: 239306 exec/s: 1876 rss: 481Mb L: 3729/239306 MS: 3 ChangeBit-InsertByte-EraseBytes-
#52692	REDUCE cov: 1472 ft: 2844 corp: 281/9249Kb lim: 239306 exec/s: 1881 rss: 481Mb L: 22778/239306 MS: 1 EraseBytes-
#52738	REDUCE cov: 1472 ft: 2844 corp: 281/9248Kb lim: 239306 exec/s: 1883 rss: 481Mb L: 16039/239306 MS: 1 EraseBytes-
#52755	REDUCE cov: 1472 ft: 2844 corp: 281/9248Kb lim: 239306 exec/s: 1884 rss: 481Mb L: 15594/239306 MS: 2 ChangeBit-EraseBytes-
#52763	REDUCE cov: 1472 ft: 2844 corp: 281/9248Kb lim: 239306 exec/s: 1884 rss: 481Mb L: 465/239306 MS: 3 InsertByte-ChangeBit-EraseBytes-
#52925	REDUCE cov: 1472 ft: 2844 corp: 281/9248Kb lim: 239306 exec/s: 1890 rss: 481Mb L: 156/239306 MS: 2 ChangeBinInt-EraseBytes-
#52976	REDUCE cov: 1472 ft: 2844 corp: 281/9244Kb lim: 239306 exec/s: 1892 rss: 481Mb L: 19243/239306 MS: 1 EraseBytes-
#53026	REDUCE cov: 1472 ft: 2844 corp: 281/9236Kb lim: 239306 exec/s: 1893 rss: 481Mb L: 15031/239306 MS: 5 ShuffleBytes-ShuffleBytes-PersAutoDict-PersAutoDict-EraseBytes- DE: "\001\000\000\000"-"\000\000\000\003"-
#53087	REDUCE cov: 1472 ft: 2844 corp: 281/9236Kb lim: 239306 exec/s: 1895 rss: 481Mb L: 158/239306 MS: 1 EraseBytes-
#53174	REDUCE cov: 1472 ft: 2844 corp: 281/9235Kb lim: 239306 exec/s: 1899 rss: 481Mb L: 25899/239306 MS: 2 InsertByte-EraseBytes-
#53260	REDUCE cov: 1472 ft: 2844 corp: 281/9234Kb lim: 239306 exec/s: 1902 rss: 481Mb L: 776/239306 MS: 1 EraseBytes-
#53488	REDUCE cov: 1472 ft: 2844 corp: 281/9234Kb lim: 239306 exec/s: 1910 rss: 481Mb L: 30/239306 MS: 3 EraseBytes-ChangeBinInt-CopyPart-
#53545	REDUCE cov: 1472 ft: 2844 corp: 281/9229Kb lim: 239306 exec/s: 1912 rss: 481Mb L: 14185/239306 MS: 2 ChangeBinInt-EraseBytes-
#53587	REDUCE cov: 1472 ft: 2844 corp: 281/9229Kb lim: 239306 exec/s: 1913 rss: 481Mb L: 4060/239306 MS: 2 ChangeBit-EraseBytes-
#53674	REDUCE cov: 1472 ft: 2844 corp: 281/9214Kb lim: 239306 exec/s: 1916 rss: 481Mb L: 24841/239306 MS: 2 ChangeByte-EraseBytes-
#53855	REDUCE cov: 1472 ft: 2844 corp: 281/9214Kb lim: 239306 exec/s: 1923 rss: 481Mb L: 4/239306 MS: 1 EraseBytes-
#53920	NEW    cov: 1472 ft: 2855 corp: 282/9214Kb lim: 239306 exec/s: 1925 rss: 481Mb L: 84/239306 MS: 5 ShuffleBytes-ChangeBinInt-CopyPart-CMP-EraseBytes- DE: "\001\000\000\000"-
#54147	REDUCE cov: 1472 ft: 2855 corp: 282/9214Kb lim: 239306 exec/s: 1933 rss: 481Mb L: 39/239306 MS: 2 ShuffleBytes-EraseBytes-
#54240	REDUCE cov: 1472 ft: 2855 corp: 282/9213Kb lim: 239306 exec/s: 1937 rss: 481Mb L: 40190/239306 MS: 3 ChangeASCIIInt-InsertByte-EraseBytes-
#54251	REDUCE cov: 1472 ft: 2855 corp: 282/9213Kb lim: 239306 exec/s: 1937 rss: 481Mb L: 178/239306 MS: 1 EraseBytes-
#54272	REDUCE cov: 1472 ft: 2855 corp: 282/9213Kb lim: 239306 exec/s: 1938 rss: 481Mb L: 16/239306 MS: 1 EraseBytes-
#54326	REDUCE cov: 1472 ft: 2855 corp: 282/9213Kb lim: 239306 exec/s: 1940 rss: 481Mb L: 978/239306 MS: 4 CopyPart-ChangeBit-ChangeASCIIInt-EraseBytes-
#54389	REDUCE cov: 1472 ft: 2855 corp: 282/9203Kb lim: 239306 exec/s: 1942 rss: 481Mb L: 126355/239306 MS: 3 PersAutoDict-ChangeBit-CrossOver- DE: "\375\321\275\311O\010\324\373"-
#54473	REDUCE cov: 1472 ft: 2855 corp: 282/9201Kb lim: 239306 exec/s: 1945 rss: 481Mb L: 7433/239306 MS: 4 ChangeASCIIInt-ChangeBit-CMP-EraseBytes- DE: "\377\377"-
#54484	REDUCE cov: 1472 ft: 2855 corp: 282/9156Kb lim: 239306 exec/s: 1945 rss: 481Mb L: 52580/239306 MS: 1 EraseBytes-
#54551	REDUCE cov: 1472 ft: 2855 corp: 282/9155Kb lim: 239306 exec/s: 1948 rss: 481Mb L: 12678/239306 MS: 2 ChangeBit-EraseBytes-
#54574	REDUCE cov: 1472 ft: 2855 corp: 282/9150Kb lim: 239306 exec/s: 1949 rss: 481Mb L: 8089/239306 MS: 3 InsertRepeatedBytes-CMP-EraseBytes- DE: "\000\000"-
#54582	REDUCE cov: 1472 ft: 2855 corp: 282/9150Kb lim: 239306 exec/s: 1949 rss: 481Mb L: 665/239306 MS: 3 PersAutoDict-PersAutoDict-EraseBytes- DE: "\001\000\000\000"-"\377\377"-
#54628	REDUCE cov: 1472 ft: 2855 corp: 282/9146Kb lim: 239306 exec/s: 1883 rss: 481Mb L: 8139/239306 MS: 1 EraseBytes-
#54637	REDUCE cov: 1472 ft: 2855 corp: 282/9142Kb lim: 239306 exec/s: 1884 rss: 481Mb L: 2755/239306 MS: 4 ChangeASCIIInt-ChangeByte-EraseBytes-EraseBytes-
#54723	REDUCE cov: 1472 ft: 2855 corp: 282/9141Kb lim: 239306 exec/s: 1887 rss: 482Mb L: 11643/239306 MS: 1 EraseBytes-
#54782	REDUCE cov: 1473 ft: 2856 corp: 283/9142Kb lim: 239306 exec/s: 1889 rss: 482Mb L: 920/239306 MS: 4 ChangeByte-ChangeByte-ChangeBit-EraseBytes-
#55109	REDUCE cov: 1473 ft: 2856 corp: 283/9142Kb lim: 239306 exec/s: 1900 rss: 482Mb L: 1725/239306 MS: 2 CrossOver-EraseBytes-
#55201	REDUCE cov: 1473 ft: 2856 corp: 283/9124Kb lim: 239306 exec/s: 1903 rss: 482Mb L: 73272/239306 MS: 2 ChangeASCIIInt-EraseBytes-
#55223	REDUCE cov: 1473 ft: 2856 corp: 283/9122Kb lim: 239306 exec/s: 1904 rss: 482Mb L: 5076/239306 MS: 2 ChangeBinInt-EraseBytes-
#55376	REDUCE cov: 1473 ft: 2856 corp: 283/9122Kb lim: 239306 exec/s: 1909 rss: 482Mb L: 433/239306 MS: 3 ChangeByte-ChangeByte-EraseBytes-
#55418	REDUCE cov: 1473 ft: 2856 corp: 283/9121Kb lim: 239306 exec/s: 1910 rss: 482Mb L: 3749/239306 MS: 2 ChangeBit-EraseBytes-
#55445	REDUCE cov: 1473 ft: 2856 corp: 283/9118Kb lim: 239306 exec/s: 1911 rss: 482Mb L: 72302/239306 MS: 2 CopyPart-EraseBytes-
#55480	REDUCE cov: 1473 ft: 2856 corp: 283/9117Kb lim: 239306 exec/s: 1913 rss: 482Mb L: 645/239306 MS: 5 CrossOver-InsertRepeatedBytes-ChangeBit-InsertByte-EraseBytes-
#55501	REDUCE cov: 1473 ft: 2856 corp: 283/9112Kb lim: 239306 exec/s: 1913 rss: 482Mb L: 37826/239306 MS: 1 EraseBytes-
#55564	REDUCE cov: 1473 ft: 2856 corp: 283/9103Kb lim: 239306 exec/s: 1916 rss: 482Mb L: 29966/239306 MS: 3 InsertRepeatedBytes-InsertByte-EraseBytes-
#55582	REDUCE cov: 1473 ft: 2856 corp: 283/9103Kb lim: 239306 exec/s: 1916 rss: 482Mb L: 168/239306 MS: 3 ChangeByte-ChangeBinInt-EraseBytes-
#55738	REDUCE cov: 1473 ft: 2856 corp: 283/9076Kb lim: 239306 exec/s: 1922 rss: 482Mb L: 45676/239306 MS: 1 EraseBytes-
#55944	REDUCE cov: 1473 ft: 2856 corp: 283/9075Kb lim: 239306 exec/s: 1929 rss: 482Mb L: 846/239306 MS: 1 EraseBytes-
#55982	REDUCE cov: 1473 ft: 2857 corp: 284/9076Kb lim: 239306 exec/s: 1930 rss: 482Mb L: 1004/239306 MS: 3 CopyPart-PersAutoDict-ChangeBinInt- DE: "\377\377"-
#56033	REDUCE cov: 1473 ft: 2857 corp: 284/9076Kb lim: 239306 exec/s: 1932 rss: 482Mb L: 18769/239306 MS: 1 EraseBytes-
#56036	REDUCE cov: 1473 ft: 2857 corp: 284/9075Kb lim: 239306 exec/s: 1932 rss: 482Mb L: 1212/239306 MS: 3 ChangeASCIIInt-CMP-EraseBytes- DE: "\377\377\377\377"-
#56092	REDUCE cov: 1473 ft: 2857 corp: 284/9075Kb lim: 239306 exec/s: 1934 rss: 482Mb L: 23/239306 MS: 1 EraseBytes-
#56148	REDUCE cov: 1473 ft: 2857 corp: 284/9075Kb lim: 239306 exec/s: 1936 rss: 482Mb L: 14/239306 MS: 1 EraseBytes-
#56335	REDUCE cov: 1473 ft: 2857 corp: 284/9075Kb lim: 239306 exec/s: 1942 rss: 482Mb L: 121/239306 MS: 2 ShuffleBytes-EraseBytes-
#56411	REDUCE cov: 1473 ft: 2857 corp: 284/9075Kb lim: 239306 exec/s: 1945 rss: 482Mb L: 52/239306 MS: 1 EraseBytes-
#56464	REDUCE cov: 1473 ft: 2862 corp: 285/9075Kb lim: 239306 exec/s: 1947 rss: 482Mb L: 64/239306 MS: 3 CopyPart-CopyPart-ChangeBinInt-
#56522	REDUCE cov: 1473 ft: 2862 corp: 285/9069Kb lim: 239306 exec/s: 1949 rss: 482Mb L: 11921/239306 MS: 3 ChangeBit-PersAutoDict-EraseBytes- DE: "\026\000\000\000\000\000\000\000"-
#56553	REDUCE cov: 1473 ft: 2862 corp: 285/9069Kb lim: 239306 exec/s: 1950 rss: 482Mb L: 125/239306 MS: 1 EraseBytes-
#56746	REDUCE cov: 1473 ft: 2862 corp: 285/9066Kb lim: 239306 exec/s: 1956 rss: 482Mb L: 22025/239306 MS: 3 ShuffleBytes-ChangeASCIIInt-EraseBytes-
#56799	REDUCE cov: 1473 ft: 2862 corp: 285/9066Kb lim: 239306 exec/s: 1958 rss: 482Mb L: 1202/239306 MS: 3 ChangeBit-CMP-EraseBytes- DE: "\377\377"-
#56827	REDUCE cov: 1473 ft: 2862 corp: 285/9066Kb lim: 239306 exec/s: 1959 rss: 482Mb L: 158/239306 MS: 3 ChangeByte-PersAutoDict-EraseBytes- DE: "\015\000\000\000\000\000\000\000"-
#56843	REDUCE cov: 1473 ft: 2862 corp: 285/9060Kb lim: 239306 exec/s: 1960 rss: 482Mb L: 27526/239306 MS: 1 EraseBytes-
#56949	REDUCE cov: 1473 ft: 2862 corp: 285/9060Kb lim: 239306 exec/s: 1963 rss: 482Mb L: 948/239306 MS: 1 EraseBytes-
#56981	REDUCE cov: 1473 ft: 2862 corp: 285/9051Kb lim: 239306 exec/s: 1964 rss: 482Mb L: 63446/239306 MS: 2 PersAutoDict-EraseBytes- DE: "\000\000\000\003"-
#57363	REDUCE cov: 1473 ft: 2862 corp: 285/9051Kb lim: 239306 exec/s: 1912 rss: 482Mb L: 90/239306 MS: 2 CMP-EraseBytes- DE: "(\000\000\000\000\000\000\000"-
#57627	REDUCE cov: 1473 ft: 2862 corp: 285/9050Kb lim: 239306 exec/s: 1920 rss: 482Mb L: 2452/239306 MS: 4 ChangeASCIIInt-ChangeByte-ChangeByte-EraseBytes-
#57630	REDUCE cov: 1473 ft: 2862 corp: 285/9049Kb lim: 239306 exec/s: 1921 rss: 482Mb L: 1344/239306 MS: 3 ChangeBinInt-ShuffleBytes-EraseBytes-
#57667	REDUCE cov: 1473 ft: 2862 corp: 285/9049Kb lim: 239306 exec/s: 1922 rss: 482Mb L: 145/239306 MS: 2 ShuffleBytes-EraseBytes-
#57668	REDUCE cov: 1473 ft: 2868 corp: 286/9085Kb lim: 239306 exec/s: 1922 rss: 482Mb L: 37441/239306 MS: 1 CrossOver-
#57705	REDUCE cov: 1473 ft: 2868 corp: 286/9084Kb lim: 239306 exec/s: 1923 rss: 482Mb L: 2249/239306 MS: 2 InsertByte-EraseBytes-
#57761	REDUCE cov: 1473 ft: 2868 corp: 286/9084Kb lim: 239306 exec/s: 1925 rss: 482Mb L: 142/239306 MS: 1 EraseBytes-
#57995	REDUCE cov: 1473 ft: 2868 corp: 286/9083Kb lim: 239306 exec/s: 1933 rss: 484Mb L: 529/239306 MS: 4 ChangeASCIIInt-InsertRepeatedBytes-CopyPart-EraseBytes-
#58237	NEW    cov: 1474 ft: 2869 corp: 287/9084Kb lim: 239306 exec/s: 1941 rss: 486Mb L: 59/239306 MS: 2 CrossOver-PersAutoDict- DE: "\015\000\000\000\000\000\000\000"-
#58244	REDUCE cov: 1474 ft: 2869 corp: 287/9059Kb lim: 239306 exec/s: 1941 rss: 486Mb L: 213839/239306 MS: 2 ChangeBit-EraseBytes-
#58283	REDUCE cov: 1474 ft: 2869 corp: 287/9059Kb lim: 239306 exec/s: 1942 rss: 486Mb L: 246/239306 MS: 4 InsertByte-PersAutoDict-EraseBytes-PersAutoDict- DE: "\004\000\000\000\000\000\000\000"-"\000\000\000\000\000\000\025\023"-
#58327	REDUCE cov: 1474 ft: 2869 corp: 287/9034Kb lim: 239306 exec/s: 1944 rss: 486Mb L: 39798/239306 MS: 4 ChangeBit-PersAutoDict-CMP-EraseBytes- DE: "UUUUUUU\005"-"(\000\000\000\000\000\000\000"-
#58329	REDUCE cov: 1474 ft: 2869 corp: 287/9018Kb lim: 239306 exec/s: 1944 rss: 486Mb L: 24082/239306 MS: 2 CopyPart-EraseBytes-
#58389	REDUCE cov: 1474 ft: 2869 corp: 287/9017Kb lim: 239306 exec/s: 1946 rss: 486Mb L: 2062/239306 MS: 5 ShuffleBytes-InsertRepeatedBytes-EraseBytes-InsertByte-CopyPart-
#58457	REDUCE cov: 1474 ft: 2869 corp: 287/9002Kb lim: 239306 exec/s: 1948 rss: 486Mb L: 20381/239306 MS: 3 ShuffleBytes-CopyPart-EraseBytes-
#58524	REDUCE cov: 1474 ft: 2869 corp: 287/9002Kb lim: 239306 exec/s: 1950 rss: 486Mb L: 67/239306 MS: 2 PersAutoDict-EraseBytes- DE: "\000\000\000\000\000\000\000\020"-
#58530	REDUCE cov: 1474 ft: 2869 corp: 287/9002Kb lim: 239306 exec/s: 1951 rss: 486Mb L: 43/239306 MS: 1 EraseBytes-
#58625	REDUCE cov: 1474 ft: 2869 corp: 287/8997Kb lim: 239306 exec/s: 1954 rss: 486Mb L: 19348/239306 MS: 5 InsertRepeatedBytes-EraseBytes-ChangeASCIIInt-InsertByte-PersAutoDict- DE: "\301\\\002\211\354-\012\221g\354\216e\241\215\353\276^U2\373\356\242\223\370\013\311B\356\220\206\301q"-
#58636	REDUCE cov: 1474 ft: 2869 corp: 287/8997Kb lim: 239306 exec/s: 1954 rss: 486Mb L: 138/239306 MS: 1 EraseBytes-
#58647	NEW    cov: 1474 ft: 2876 corp: 288/8998Kb lim: 239306 exec/s: 1954 rss: 486Mb L: 211/239306 MS: 1 InsertRepeatedBytes-
#58658	REDUCE cov: 1474 ft: 2876 corp: 288/8996Kb lim: 239306 exec/s: 1955 rss: 486Mb L: 17429/239306 MS: 1 EraseBytes-
#58755	REDUCE cov: 1474 ft: 2876 corp: 288/8982Kb lim: 239306 exec/s: 1958 rss: 486Mb L: 24457/239306 MS: 2 ChangeBit-EraseBytes-
#58820	REDUCE cov: 1474 ft: 2876 corp: 288/8945Kb lim: 239306 exec/s: 1960 rss: 486Mb L: 123739/239306 MS: 5 CrossOver-PersAutoDict-InsertByte-ChangeBinInt-EraseBytes- DE: "\377\377"-
#58851	REDUCE cov: 1474 ft: 2876 corp: 288/8945Kb lim: 239306 exec/s: 1961 rss: 486Mb L: 34/239306 MS: 1 EraseBytes-
#58905	REDUCE cov: 1474 ft: 2876 corp: 288/8945Kb lim: 239306 exec/s: 1963 rss: 486Mb L: 67/239306 MS: 4 PersAutoDict-CrossOver-CMP-EraseBytes- DE: "\000\000\000\000\000\000\000\020"-"\001k\302o\\{\000\000"-
#58984	REDUCE cov: 1474 ft: 2876 corp: 288/8945Kb lim: 239306 exec/s: 1966 rss: 486Mb L: 186/239306 MS: 4 CMP-ChangeBinInt-PersAutoDict-EraseBytes- DE: "\026\000\000\000\000\000\000\000"-"\015\000\000\000\000\000\000\000"-
#58997	REDUCE cov: 1474 ft: 2876 corp: 288/8945Kb lim: 239306 exec/s: 1966 rss: 486Mb L: 39/239306 MS: 3 CMP-CopyPart-EraseBytes- DE: "\377\377\377\377\000\000\000\000"-
#59033	REDUCE cov: 1474 ft: 2876 corp: 288/8945Kb lim: 239306 exec/s: 1967 rss: 486Mb L: 990/239306 MS: 1 EraseBytes-
#59139	REDUCE cov: 1474 ft: 2876 corp: 288/8945Kb lim: 239306 exec/s: 1971 rss: 486Mb L: 8/239306 MS: 1 EraseBytes-
#59300	REDUCE cov: 1474 ft: 2876 corp: 288/8945Kb lim: 239306 exec/s: 1976 rss: 486Mb L: 5/239306 MS: 1 EraseBytes-
#59307	REDUCE cov: 1474 ft: 2876 corp: 288/8944Kb lim: 239306 exec/s: 1976 rss: 486Mb L: 146/239306 MS: 2 ShuffleBytes-EraseBytes-
#59401	REDUCE cov: 1474 ft: 2876 corp: 288/8940Kb lim: 239306 exec/s: 1980 rss: 486Mb L: 152360/239306 MS: 4 ShuffleBytes-InsertByte-ChangeASCIIInt-EraseBytes-
#59452	REDUCE cov: 1474 ft: 2876 corp: 288/8939Kb lim: 239306 exec/s: 1981 rss: 486Mb L: 15354/239306 MS: 1 EraseBytes-
#59500	REDUCE cov: 1474 ft: 2876 corp: 288/8939Kb lim: 239306 exec/s: 1983 rss: 486Mb L: 98/239306 MS: 3 ChangeBit-CrossOver-EraseBytes-
#59541	REDUCE cov: 1474 ft: 2876 corp: 288/8939Kb lim: 239306 exec/s: 1984 rss: 486Mb L: 69/239306 MS: 1 EraseBytes-
#59693	REDUCE cov: 1474 ft: 2876 corp: 288/8925Kb lim: 239306 exec/s: 1989 rss: 486Mb L: 38665/239306 MS: 2 ShuffleBytes-EraseBytes-
#59943	REDUCE cov: 1474 ft: 2876 corp: 288/8925Kb lim: 239306 exec/s: 1998 rss: 486Mb L: 930/239306 MS: 5 CopyPart-PersAutoDict-ChangeBit-ChangeBit-EraseBytes- DE: "\000\000\000\000\000\000\000M"-
#59944	REDUCE cov: 1474 ft: 2876 corp: 288/8925Kb lim: 239306 exec/s: 1998 rss: 486Mb L: 39/239306 MS: 1 EraseBytes-
#60026	REDUCE cov: 1474 ft: 2876 corp: 288/8925Kb lim: 239306 exec/s: 2000 rss: 486Mb L: 46/239306 MS: 2 PersAutoDict-EraseBytes- DE: "\003\000\000\000\000\000\000\000"-
#60042	REDUCE cov: 1474 ft: 2876 corp: 288/8924Kb lim: 239306 exec/s: 2001 rss: 486Mb L: 826/239306 MS: 1 EraseBytes-
#60273	REDUCE cov: 1474 ft: 2876 corp: 288/8924Kb lim: 239306 exec/s: 2009 rss: 486Mb L: 24/239306 MS: 1 EraseBytes-
#60296	REDUCE cov: 1474 ft: 2876 corp: 288/8924Kb lim: 239306 exec/s: 2009 rss: 486Mb L: 995/239306 MS: 3 ChangeASCIIInt-PersAutoDict-EraseBytes- DE: "\377\377\377\377\377\377\377\025"-
#60463	REDUCE cov: 1474 ft: 2876 corp: 288/8918Kb lim: 239306 exec/s: 2015 rss: 486Mb L: 21486/239306 MS: 2 CopyPart-CrossOver-
#60505	REDUCE cov: 1474 ft: 2876 corp: 288/8875Kb lim: 239306 exec/s: 2016 rss: 486Mb L: 49277/239306 MS: 2 CrossOver-CrossOver-
#60642	REDUCE cov: 1474 ft: 2876 corp: 288/8875Kb lim: 239306 exec/s: 1956 rss: 486Mb L: 139/239306 MS: 2 EraseBytes-CopyPart-
#60664	REDUCE cov: 1474 ft: 2876 corp: 288/8875Kb lim: 239306 exec/s: 1956 rss: 486Mb L: 106/239306 MS: 2 InsertRepeatedBytes-EraseBytes-
#60730	REDUCE cov: 1474 ft: 2876 corp: 288/8875Kb lim: 239306 exec/s: 1959 rss: 486Mb L: 27/239306 MS: 1 EraseBytes-
#60763	REDUCE cov: 1474 ft: 2876 corp: 288/8875Kb lim: 239306 exec/s: 1960 rss: 486Mb L: 37/239306 MS: 3 PersAutoDict-ChangeBit-EraseBytes- DE: "\003\000\000\000\000\000\000\000"-
#60859	REDUCE cov: 1474 ft: 2876 corp: 288/8875Kb lim: 239306 exec/s: 1963 rss: 486Mb L: 54/239306 MS: 1 EraseBytes-
#60910	REDUCE cov: 1474 ft: 2876 corp: 288/8875Kb lim: 239306 exec/s: 1964 rss: 486Mb L: 102/239306 MS: 1 EraseBytes-
#60921	REDUCE cov: 1474 ft: 2876 corp: 288/8875Kb lim: 239306 exec/s: 1965 rss: 486Mb L: 84/239306 MS: 1 EraseBytes-
#60981	REDUCE cov: 1474 ft: 2876 corp: 288/8856Kb lim: 239306 exec/s: 1967 rss: 486Mb L: 43681/239306 MS: 5 ChangeBit-ChangeByte-CopyPart-ChangeBit-EraseBytes-
#61073	REDUCE cov: 1474 ft: 2876 corp: 288/8856Kb lim: 239306 exec/s: 1970 rss: 486Mb L: 620/239306 MS: 2 ChangeByte-EraseBytes-
#61128	REDUCE cov: 1474 ft: 2876 corp: 288/8798Kb lim: 239306 exec/s: 1971 rss: 486Mb L: 66980/239306 MS: 5 CopyPart-ShuffleBytes-ChangeByte-ChangeBinInt-EraseBytes-
#61350	REDUCE cov: 1474 ft: 2876 corp: 288/8798Kb lim: 239306 exec/s: 1979 rss: 486Mb L: 72/239306 MS: 2 PersAutoDict-EraseBytes- DE: "\377\377"-
#61402	REDUCE cov: 1474 ft: 2876 corp: 288/8796Kb lim: 239306 exec/s: 1980 rss: 486Mb L: 3236/239306 MS: 2 ChangeBit-EraseBytes-
#61449	REDUCE cov: 1474 ft: 2876 corp: 288/8796Kb lim: 239306 exec/s: 1982 rss: 486Mb L: 441/239306 MS: 2 CopyPart-EraseBytes-
#61680	REDUCE cov: 1474 ft: 2876 corp: 288/8795Kb lim: 239306 exec/s: 1989 rss: 486Mb L: 1291/239306 MS: 1 EraseBytes-
#61947	REDUCE cov: 1474 ft: 2876 corp: 288/8795Kb lim: 239306 exec/s: 1998 rss: 486Mb L: 55/239306 MS: 2 InsertByte-EraseBytes-
#61988	REDUCE cov: 1474 ft: 2876 corp: 288/8795Kb lim: 239306 exec/s: 1999 rss: 486Mb L: 5/239306 MS: 1 EraseBytes-
#62032	REDUCE cov: 1474 ft: 2876 corp: 288/8795Kb lim: 239306 exec/s: 2001 rss: 486Mb L: 1974/239306 MS: 4 InsertByte-InsertByte-InsertRepeatedBytes-EraseBytes-
#62138	REDUCE cov: 1474 ft: 2876 corp: 288/8795Kb lim: 239306 exec/s: 2004 rss: 486Mb L: 83/239306 MS: 1 EraseBytes-
#62309	REDUCE cov: 1474 ft: 2876 corp: 288/8795Kb lim: 239306 exec/s: 2009 rss: 486Mb L: 21/239306 MS: 1 EraseBytes-
#62525	REDUCE cov: 1474 ft: 2876 corp: 288/8795Kb lim: 239306 exec/s: 2016 rss: 486Mb L: 19/239306 MS: 1 EraseBytes-
#62644	REDUCE cov: 1474 ft: 2876 corp: 288/8795Kb lim: 239306 exec/s: 2020 rss: 486Mb L: 228/239306 MS: 4 ChangeASCIIInt-ChangeBit-ChangeBit-EraseBytes-
#62660	REDUCE cov: 1474 ft: 2876 corp: 288/8795Kb lim: 239306 exec/s: 2021 rss: 486Mb L: 60/239306 MS: 1 EraseBytes-
#62823	REDUCE cov: 1474 ft: 2876 corp: 288/8795Kb lim: 239306 exec/s: 2026 rss: 486Mb L: 154/239306 MS: 3 CrossOver-CrossOver-EraseBytes-
#62839	REDUCE cov: 1474 ft: 2876 corp: 288/8795Kb lim: 239306 exec/s: 2027 rss: 486Mb L: 15/239306 MS: 1 EraseBytes-
#63006	REDUCE cov: 1474 ft: 2876 corp: 288/8791Kb lim: 239306 exec/s: 2032 rss: 486Mb L: 25667/239306 MS: 2 ChangeBit-EraseBytes-
#63117	REDUCE cov: 1474 ft: 2876 corp: 288/8791Kb lim: 239306 exec/s: 2036 rss: 486Mb L: 5/239306 MS: 1 EraseBytes-
#63147	REDUCE cov: 1474 ft: 2876 corp: 288/8790Kb lim: 239306 exec/s: 2037 rss: 486Mb L: 495/239306 MS: 5 ChangeBinInt-PersAutoDict-ChangeByte-ChangeByte-EraseBytes- DE: "\000\000\000\000\000\000\000\020"-
#63244	REDUCE cov: 1474 ft: 2876 corp: 288/8789Kb lim: 239306 exec/s: 2040 rss: 486Mb L: 23001/239306 MS: 2 ChangeBit-EraseBytes-
#63345	REDUCE cov: 1474 ft: 2876 corp: 288/8789Kb lim: 239306 exec/s: 2043 rss: 486Mb L: 2099/239306 MS: 1 EraseBytes-
#63378	REDUCE cov: 1474 ft: 2876 corp: 288/8789Kb lim: 239306 exec/s: 2044 rss: 486Mb L: 434/239306 MS: 3 ChangeBinInt-CMP-EraseBytes- DE: "\001\000\000\000\377\377\377\377"-
#63421	REDUCE cov: 1474 ft: 2876 corp: 288/8788Kb lim: 239306 exec/s: 2045 rss: 486Mb L: 902/239306 MS: 3 CrossOver-ChangeBinInt-EraseBytes-
#63482	REDUCE cov: 1474 ft: 2876 corp: 288/8788Kb lim: 239306 exec/s: 2047 rss: 486Mb L: 63/239306 MS: 1 EraseBytes-
#63653	REDUCE cov: 1474 ft: 2876 corp: 288/8787Kb lim: 239306 exec/s: 2053 rss: 486Mb L: 542/239306 MS: 1 EraseBytes-
#63868	REDUCE cov: 1474 ft: 2876 corp: 288/8787Kb lim: 239306 exec/s: 2060 rss: 486Mb L: 641/239306 MS: 5 InsertByte-InsertByte-ChangeASCIIInt-InsertByte-EraseBytes-
#63980	REDUCE cov: 1474 ft: 2876 corp: 288/8782Kb lim: 239306 exec/s: 2063 rss: 486Mb L: 6623/239306 MS: 2 ChangeByte-EraseBytes-
#63992	REDUCE cov: 1474 ft: 2876 corp: 288/8782Kb lim: 239306 exec/s: 2064 rss: 486Mb L: 12/239306 MS: 2 EraseBytes-CopyPart-
#64018	REDUCE cov: 1474 ft: 2876 corp: 288/8782Kb lim: 239306 exec/s: 2065 rss: 486Mb L: 110/239306 MS: 1 EraseBytes-
#64095	REDUCE cov: 1474 ft: 2876 corp: 288/8782Kb lim: 239306 exec/s: 2067 rss: 486Mb L: 107/239306 MS: 2 PersAutoDict-EraseBytes- DE: "\377\377\377\377"-
#64164	REDUCE cov: 1474 ft: 2876 corp: 288/8782Kb lim: 239306 exec/s: 2069 rss: 486Mb L: 294/239306 MS: 4 CrossOver-ChangeByte-ChangeByte-EraseBytes-
#64195	REDUCE cov: 1474 ft: 2876 corp: 288/8778Kb lim: 239306 exec/s: 2006 rss: 486Mb L: 47670/239306 MS: 1 EraseBytes-
#64379	REDUCE cov: 1474 ft: 2876 corp: 288/8777Kb lim: 239306 exec/s: 2011 rss: 486Mb L: 454/239306 MS: 4 InsertRepeatedBytes-InsertByte-ChangeBinInt-EraseBytes-
#64401	REDUCE cov: 1474 ft: 2876 corp: 288/8777Kb lim: 239306 exec/s: 2012 rss: 486Mb L: 8/239306 MS: 2 CopyPart-EraseBytes-
#64479	REDUCE cov: 1474 ft: 2876 corp: 288/8777Kb lim: 239306 exec/s: 2014 rss: 486Mb L: 7/239306 MS: 3 CrossOver-CopyPart-EraseBytes-
#64499	REDUCE cov: 1474 ft: 2876 corp: 288/8777Kb lim: 239306 exec/s: 2015 rss: 486Mb L: 59/239306 MS: 5 ShuffleBytes-PersAutoDict-ChangeByte-InsertByte-EraseBytes- DE: "\001\001"-
#64510	REDUCE cov: 1474 ft: 2876 corp: 288/8775Kb lim: 239306 exec/s: 2015 rss: 486Mb L: 8880/239306 MS: 1 EraseBytes-
#64527	REDUCE cov: 1474 ft: 2876 corp: 288/8774Kb lim: 239306 exec/s: 2016 rss: 486Mb L: 23276/239306 MS: 2 ChangeASCIIInt-EraseBytes-
#64594	REDUCE cov: 1474 ft: 2876 corp: 288/8774Kb lim: 239306 exec/s: 2018 rss: 486Mb L: 35/239306 MS: 2 ShuffleBytes-EraseBytes-
#64772	REDUCE cov: 1474 ft: 2876 corp: 288/8774Kb lim: 239306 exec/s: 2024 rss: 486Mb L: 42/239306 MS: 3 ChangeBit-ChangeBit-EraseBytes-
#64837	REDUCE cov: 1474 ft: 2876 corp: 288/8774Kb lim: 239306 exec/s: 2026 rss: 486Mb L: 550/239306 MS: 5 InsertByte-ChangeBit-ShuffleBytes-ChangeASCIIInt-EraseBytes-
#64872	REDUCE cov: 1474 ft: 2876 corp: 288/8772Kb lim: 239306 exec/s: 2027 rss: 486Mb L: 9624/239306 MS: 5 ChangeByte-InsertRepeatedBytes-ChangeByte-InsertByte-EraseBytes-
#64979	REDUCE cov: 1474 ft: 2876 corp: 288/8772Kb lim: 239306 exec/s: 2030 rss: 486Mb L: 689/239306 MS: 2 CopyPart-EraseBytes-
#65020	REDUCE cov: 1474 ft: 2876 corp: 288/8769Kb lim: 239306 exec/s: 2031 rss: 486Mb L: 10596/239306 MS: 1 EraseBytes-
#65070	REDUCE cov: 1474 ft: 2876 corp: 288/8769Kb lim: 239306 exec/s: 2033 rss: 486Mb L: 146/239306 MS: 5 CMP-CMP-ShuffleBytes-ChangeBinInt-EraseBytes- DE: "\001\000\000\000\000\000\000\004"-"\377\377\377\377\377\377\377\001"-
#65077	REDUCE cov: 1474 ft: 2876 corp: 288/8764Kb lim: 239306 exec/s: 2033 rss: 486Mb L: 20011/239306 MS: 2 ShuffleBytes-EraseBytes-
#65174	REDUCE cov: 1474 ft: 2876 corp: 288/8764Kb lim: 239306 exec/s: 2036 rss: 486Mb L: 283/239306 MS: 2 ChangeASCIIInt-EraseBytes-
#65360	REDUCE cov: 1474 ft: 2876 corp: 288/8764Kb lim: 239306 exec/s: 2042 rss: 486Mb L: 11/239306 MS: 1 EraseBytes-
#65381	REDUCE cov: 1474 ft: 2876 corp: 288/8762Kb lim: 239306 exec/s: 2043 rss: 486Mb L: 8336/239306 MS: 1 EraseBytes-
#65536	pulse  cov: 1474 ft: 2876 corp: 288/8762Kb lim: 239306 exec/s: 2048 rss: 486Mb
#65544	REDUCE cov: 1474 ft: 2876 corp: 288/8762Kb lim: 239306 exec/s: 2048 rss: 486Mb L: 999/239306 MS: 3 CopyPart-CrossOver-EraseBytes-
#65587	REDUCE cov: 1474 ft: 2876 corp: 288/8749Kb lim: 239306 exec/s: 2049 rss: 486Mb L: 200534/239306 MS: 3 ShuffleBytes-ChangeByte-EraseBytes-
#65629	REDUCE cov: 1474 ft: 2876 corp: 288/8749Kb lim: 239306 exec/s: 2050 rss: 486Mb L: 4003/239306 MS: 2 InsertRepeatedBytes-EraseBytes-
#65666	REDUCE cov: 1474 ft: 2876 corp: 288/8748Kb lim: 239306 exec/s: 2052 rss: 486Mb L: 266/239306 MS: 2 ChangeASCIIInt-EraseBytes-
#65671	REDUCE cov: 1474 ft: 2876 corp: 288/8744Kb lim: 239306 exec/s: 2052 rss: 486Mb L: 18351/239306 MS: 5 ChangeBit-CopyPart-ChangeBit-ChangeByte-EraseBytes-
#66135	REDUCE cov: 1474 ft: 2876 corp: 288/8744Kb lim: 239306 exec/s: 2066 rss: 486Mb L: 390/239306 MS: 4 ChangeBit-PersAutoDict-ChangeBinInt-EraseBytes- DE: "\377\377\377\377\377\377\377\025"-
#66318	REDUCE cov: 1474 ft: 2876 corp: 288/8743Kb lim: 239306 exec/s: 2072 rss: 490Mb L: 1186/239306 MS: 3 ChangeBinInt-CrossOver-EraseBytes-
#66463	REDUCE cov: 1474 ft: 2876 corp: 288/8743Kb lim: 239306 exec/s: 2076 rss: 490Mb L: 137/239306 MS: 5 ShuffleBytes-ShuffleBytes-InsertRepeatedBytes-ChangeByte-EraseBytes-
#66466	REDUCE cov: 1474 ft: 2876 corp: 288/8742Kb lim: 239306 exec/s: 2077 rss: 490Mb L: 6854/239306 MS: 3 ChangeBit-CMP-EraseBytes- DE: "\000\000\000\000"-
#66537	REDUCE cov: 1474 ft: 2876 corp: 288/8742Kb lim: 239306 exec/s: 2079 rss: 490Mb L: 44/239306 MS: 1 EraseBytes-
#66562	REDUCE cov: 1475 ft: 2877 corp: 289/8742Kb lim: 239306 exec/s: 2080 rss: 490Mb L: 42/239306 MS: 5 PersAutoDict-ChangeBit-PersAutoDict-InsertByte-CrossOver- DE: "\000\000\000\000\000\000\000\000"-"N\000\000\000\000\000\000\000"-
#66678	REDUCE cov: 1475 ft: 2877 corp: 289/8742Kb lim: 239306 exec/s: 2083 rss: 490Mb L: 762/239306 MS: 1 EraseBytes-
#66822	REDUCE cov: 1475 ft: 2877 corp: 289/8742Kb lim: 239306 exec/s: 2088 rss: 490Mb L: 1630/239306 MS: 4 CrossOver-PersAutoDict-InsertRepeatedBytes-EraseBytes- DE: "(\000\000\000\000\000\000\000"-
#66895	REDUCE cov: 1475 ft: 2877 corp: 289/8731Kb lim: 239306 exec/s: 2090 rss: 490Mb L: 124120/239306 MS: 3 CopyPart-InsertByte-EraseBytes-
#66973	REDUCE cov: 1476 ft: 2878 corp: 290/8838Kb lim: 239306 exec/s: 2092 rss: 490Mb L: 108773/239306 MS: 3 InsertByte-ChangeByte-CrossOver-
#67146	REDUCE cov: 1476 ft: 2878 corp: 290/8817Kb lim: 239306 exec/s: 2034 rss: 490Mb L: 103028/239306 MS: 3 ChangeByte-ChangeASCIIInt-EraseBytes-
#67385	REDUCE cov: 1476 ft: 2878 corp: 290/8817Kb lim: 239306 exec/s: 2041 rss: 490Mb L: 555/239306 MS: 4 InsertByte-CopyPart-ChangeASCIIInt-EraseBytes-
#67421	REDUCE cov: 1476 ft: 2878 corp: 290/8815Kb lim: 239306 exec/s: 2043 rss: 490Mb L: 17063/239306 MS: 1 EraseBytes-
#67492	REDUCE cov: 1476 ft: 2878 corp: 290/8815Kb lim: 239306 exec/s: 2045 rss: 490Mb L: 3/239306 MS: 1 EraseBytes-
#67765	REDUCE cov: 1476 ft: 2878 corp: 290/8814Kb lim: 239306 exec/s: 2053 rss: 490Mb L: 381/239306 MS: 3 CrossOver-ChangeBit-EraseBytes-
#67791	REDUCE cov: 1476 ft: 2878 corp: 290/8811Kb lim: 239306 exec/s: 2054 rss: 490Mb L: 11730/239306 MS: 1 EraseBytes-
#67910	REDUCE cov: 1477 ft: 2879 corp: 291/8811Kb lim: 239306 exec/s: 2057 rss: 490Mb L: 42/239306 MS: 4 ChangeBit-CopyPart-ChangeBit-ChangeBit-
#67976	REDUCE cov: 1478 ft: 2880 corp: 292/8811Kb lim: 239306 exec/s: 2059 rss: 490Mb L: 45/239306 MS: 1 InsertByte-
#67982	REDUCE cov: 1478 ft: 2880 corp: 292/8811Kb lim: 239306 exec/s: 2060 rss: 490Mb L: 152/239306 MS: 1 EraseBytes-
#68277	REDUCE cov: 1478 ft: 2880 corp: 292/8811Kb lim: 239306 exec/s: 2069 rss: 490Mb L: 2656/239306 MS: 5 ChangeBit-ShuffleBytes-CrossOver-PersAutoDict-EraseBytes- DE: "\015\000\000\000\000\000\000\000"-
#68338	REDUCE cov: 1478 ft: 2880 corp: 292/8807Kb lim: 239306 exec/s: 2070 rss: 490Mb L: 10906/239306 MS: 1 EraseBytes-
#68397	REDUCE cov: 1478 ft: 2880 corp: 292/8806Kb lim: 239306 exec/s: 2072 rss: 490Mb L: 9712/239306 MS: 4 ChangeASCIIInt-ShuffleBytes-ChangeByte-EraseBytes-
#68603	REDUCE cov: 1478 ft: 2880 corp: 292/8806Kb lim: 239306 exec/s: 2078 rss: 490Mb L: 566/239306 MS: 1 EraseBytes-
#68655	REDUCE cov: 1478 ft: 2880 corp: 292/8800Kb lim: 239306 exec/s: 2080 rss: 490Mb L: 40394/239306 MS: 2 CopyPart-EraseBytes-
#68796	REDUCE cov: 1478 ft: 2880 corp: 292/8799Kb lim: 239306 exec/s: 2084 rss: 490Mb L: 5866/239306 MS: 1 EraseBytes-
#68798	REDUCE cov: 1478 ft: 2880 corp: 292/8779Kb lim: 239306 exec/s: 2084 rss: 490Mb L: 103238/239306 MS: 2 CrossOver-CrossOver-
#68887	REDUCE cov: 1478 ft: 2880 corp: 292/8779Kb lim: 239306 exec/s: 2087 rss: 490Mb L: 361/239306 MS: 4 CMP-PersAutoDict-PersAutoDict-EraseBytes- DE: "\000\000"-"~\3509\021=e\236r"-"\377\377\377\377\377\377\377\021"-
#68898	REDUCE cov: 1478 ft: 2880 corp: 292/8779Kb lim: 239306 exec/s: 2087 rss: 490Mb L: 34/239306 MS: 1 EraseBytes-
#68931	REDUCE cov: 1478 ft: 2880 corp: 292/8778Kb lim: 239306 exec/s: 2088 rss: 490Mb L: 8744/239306 MS: 3 PersAutoDict-InsertByte-EraseBytes- DE: "\377\377\377\377\000\000\000\000"-
#69017	REDUCE cov: 1478 ft: 2880 corp: 292/8778Kb lim: 239306 exec/s: 2091 rss: 490Mb L: 1052/239306 MS: 1 EraseBytes-
#69328	REDUCE cov: 1478 ft: 2880 corp: 292/8778Kb lim: 239306 exec/s: 2100 rss: 490Mb L: 584/239306 MS: 1 EraseBytes-
#69376	REDUCE cov: 1478 ft: 2880 corp: 292/8778Kb lim: 239306 exec/s: 2102 rss: 490Mb L: 4/239306 MS: 3 EraseBytes-CMP-EraseBytes- DE: "\000\000\000\000"-
#69380	REDUCE cov: 1478 ft: 2880 corp: 292/8778Kb lim: 239306 exec/s: 2102 rss: 490Mb L: 99/239306 MS: 4 InsertByte-ChangeASCIIInt-CrossOver-EraseBytes-
#69491	REDUCE cov: 1478 ft: 2880 corp: 292/8778Kb lim: 239306 exec/s: 2105 rss: 490Mb L: 148/239306 MS: 1 EraseBytes-
#69530	REDUCE cov: 1478 ft: 2880 corp: 292/8778Kb lim: 239306 exec/s: 2106 rss: 490Mb L: 37/239306 MS: 4 ChangeByte-InsertByte-ChangeBit-EraseBytes-
#69615	REDUCE cov: 1478 ft: 2880 corp: 292/8777Kb lim: 239306 exec/s: 2109 rss: 490Mb L: 1750/239306 MS: 5 ChangeBinInt-ChangeBinInt-InsertByte-ChangeBinInt-EraseBytes-
#69731	REDUCE cov: 1478 ft: 2880 corp: 292/8777Kb lim: 239306 exec/s: 2113 rss: 490Mb L: 766/239306 MS: 1 EraseBytes-
#69761	REDUCE cov: 1478 ft: 2880 corp: 292/8777Kb lim: 239306 exec/s: 2113 rss: 490Mb L: 182/239306 MS: 5 InsertByte-InsertByte-EraseBytes-InsertByte-ShuffleBytes-
#69862	REDUCE cov: 1478 ft: 2880 corp: 292/8777Kb lim: 239306 exec/s: 2117 rss: 490Mb L: 25/239306 MS: 1 EraseBytes-
#69888	REDUCE cov: 1478 ft: 2880 corp: 292/8765Kb lim: 239306 exec/s: 2117 rss: 490Mb L: 36505/239306 MS: 1 EraseBytes-
#69944	REDUCE cov: 1478 ft: 2880 corp: 292/8752Kb lim: 239306 exec/s: 2119 rss: 490Mb L: 26822/239306 MS: 1 EraseBytes-
#69945	REDUCE cov: 1478 ft: 2880 corp: 292/8752Kb lim: 239306 exec/s: 2119 rss: 490Mb L: 142/239306 MS: 1 EraseBytes-
#70452	REDUCE cov: 1478 ft: 2880 corp: 292/8750Kb lim: 239306 exec/s: 2072 rss: 490Mb L: 35498/239306 MS: 2 ChangeBinInt-EraseBytes-
#70499	REDUCE cov: 1478 ft: 2880 corp: 292/8678Kb lim: 239306 exec/s: 2073 rss: 490Mb L: 29219/239306 MS: 2 ChangeBit-CrossOver-
#70513	REDUCE cov: 1478 ft: 2880 corp: 292/8678Kb lim: 239306 exec/s: 2073 rss: 490Mb L: 375/239306 MS: 4 InsertRepeatedBytes-ChangeBit-ChangeBit-EraseBytes-
#70544	REDUCE cov: 1478 ft: 2880 corp: 292/8678Kb lim: 239306 exec/s: 2074 rss: 490Mb L: 47/239306 MS: 1 EraseBytes-
#70627	REDUCE cov: 1478 ft: 2880 corp: 292/8678Kb lim: 239306 exec/s: 2077 rss: 490Mb L: 348/239306 MS: 3 ChangeBinInt-CMP-EraseBytes- DE: "\000\000\000\000"-
#70744	REDUCE cov: 1478 ft: 2880 corp: 292/8677Kb lim: 239306 exec/s: 2080 rss: 490Mb L: 4496/239306 MS: 2 ChangeBit-EraseBytes-
#70826	REDUCE cov: 1478 ft: 2880 corp: 292/8677Kb lim: 239306 exec/s: 2083 rss: 490Mb L: 88/239306 MS: 2 ShuffleBytes-EraseBytes-
#71033	REDUCE cov: 1478 ft: 2880 corp: 292/8677Kb lim: 239306 exec/s: 2089 rss: 490Mb L: 283/239306 MS: 2 CopyPart-EraseBytes-
#71133	REDUCE cov: 1478 ft: 2880 corp: 292/8676Kb lim: 239306 exec/s: 2092 rss: 490Mb L: 1210/239306 MS: 5 InsertRepeatedBytes-PersAutoDict-CopyPart-InsertRepeatedBytes-EraseBytes- DE: "(\000\000\000\000\000\000\000"-
#71175	REDUCE cov: 1478 ft: 2880 corp: 292/8674Kb lim: 239306 exec/s: 2093 rss: 490Mb L: 16694/239306 MS: 2 ChangeBit-EraseBytes-
#71371	REDUCE cov: 1478 ft: 2880 corp: 292/8674Kb lim: 239306 exec/s: 2099 rss: 490Mb L: 13/239306 MS: 1 EraseBytes-
#71392	REDUCE cov: 1478 ft: 2880 corp: 292/8674Kb lim: 239306 exec/s: 2099 rss: 490Mb L: 343/239306 MS: 1 EraseBytes-
#71435	REDUCE cov: 1478 ft: 2880 corp: 292/8664Kb lim: 239306 exec/s: 2101 rss: 490Mb L: 11897/239306 MS: 3 ChangeByte-ShuffleBytes-EraseBytes-
#71540	REDUCE cov: 1478 ft: 2880 corp: 292/8659Kb lim: 239306 exec/s: 2104 rss: 490Mb L: 15400/239306 MS: 5 CMP-ChangeASCIIInt-ChangeASCIIInt-ChangeBit-EraseBytes- DE: "\377\377\377\377"-
#71751	REDUCE cov: 1478 ft: 2880 corp: 292/8659Kb lim: 239306 exec/s: 2110 rss: 490Mb L: 6/239306 MS: 1 EraseBytes-
#71822	REDUCE cov: 1478 ft: 2880 corp: 292/8659Kb lim: 239306 exec/s: 2112 rss: 490Mb L: 119/239306 MS: 1 EraseBytes-
#71993	REDUCE cov: 1478 ft: 2880 corp: 292/8657Kb lim: 239306 exec/s: 2117 rss: 490Mb L: 21672/239306 MS: 1 EraseBytes-
#72034	REDUCE cov: 1478 ft: 2880 corp: 292/8657Kb lim: 239306 exec/s: 2118 rss: 490Mb L: 142/239306 MS: 1 EraseBytes-
#72070	REDUCE cov: 1478 ft: 2880 corp: 292/8657Kb lim: 239306 exec/s: 2119 rss: 490Mb L: 345/239306 MS: 1 EraseBytes-
#72262	REDUCE cov: 1478 ft: 2880 corp: 292/8657Kb lim: 239306 exec/s: 2125 rss: 490Mb L: 163/239306 MS: 2 CrossOver-EraseBytes-
#72450	REDUCE cov: 1478 ft: 2880 corp: 292/8657Kb lim: 239306 exec/s: 2130 rss: 491Mb L: 184/239306 MS: 3 ChangeBinInt-CopyPart-EraseBytes-
#72532	REDUCE cov: 1478 ft: 2880 corp: 292/8657Kb lim: 239306 exec/s: 2133 rss: 491Mb L: 234/239306 MS: 2 PersAutoDict-EraseBytes- DE: "\015\000\000\000\000\000\000\000"-
#72709	REDUCE cov: 1478 ft: 2880 corp: 292/8657Kb lim: 239306 exec/s: 2138 rss: 491Mb L: 2259/239306 MS: 2 ShuffleBytes-EraseBytes-
#72856	REDUCE cov: 1478 ft: 2880 corp: 292/8654Kb lim: 239306 exec/s: 2142 rss: 491Mb L: 6309/239306 MS: 2 ChangeBit-EraseBytes-
#73168	REDUCE cov: 1478 ft: 2880 corp: 292/8654Kb lim: 239306 exec/s: 2090 rss: 491Mb L: 125/239306 MS: 2 ChangeBinInt-EraseBytes-
#73394	REDUCE cov: 1478 ft: 2880 corp: 292/8653Kb lim: 239306 exec/s: 2096 rss: 491Mb L: 788/239306 MS: 1 EraseBytes-
#73475	REDUCE cov: 1478 ft: 2880 corp: 292/8651Kb lim: 239306 exec/s: 2099 rss: 491Mb L: 6254/239306 MS: 1 EraseBytes-
#73552	REDUCE cov: 1478 ft: 2880 corp: 292/8592Kb lim: 239306 exec/s: 2101 rss: 491Mb L: 48348/239306 MS: 2 ShuffleBytes-CrossOver-
#73614	REDUCE cov: 1478 ft: 2880 corp: 292/8592Kb lim: 239306 exec/s: 2103 rss: 491Mb L: 281/239306 MS: 2 CMP-EraseBytes- DE: "\000\003"-
#73685	REDUCE cov: 1478 ft: 2880 corp: 292/8590Kb lim: 239306 exec/s: 2105 rss: 491Mb L: 8976/239306 MS: 1 EraseBytes-
#73687	REDUCE cov: 1478 ft: 2880 corp: 292/8589Kb lim: 239306 exec/s: 2105 rss: 491Mb L: 895/239306 MS: 2 PersAutoDict-EraseBytes- DE: "\377\377\377\377\377\377\377\001"-
#73803	REDUCE cov: 1478 ft: 2880 corp: 292/8589Kb lim: 239306 exec/s: 2108 rss: 491Mb L: 35/239306 MS: 1 EraseBytes-
#73985	REDUCE cov: 1478 ft: 2880 corp: 292/8589Kb lim: 239306 exec/s: 2113 rss: 491Mb L: 220/239306 MS: 2 PersAutoDict-EraseBytes- DE: "\301\\\002\211\354-\012\221g\354\216e\241\215\353\276^U2\373\356\242\223\370\013\311B\356\220\206\301q"-
#74131	REDUCE cov: 1478 ft: 2880 corp: 292/8587Kb lim: 239306 exec/s: 2118 rss: 491Mb L: 18293/239306 MS: 1 EraseBytes-
#74189	REDUCE cov: 1478 ft: 2880 corp: 292/8587Kb lim: 239306 exec/s: 2119 rss: 491Mb L: 58/239306 MS: 3 ChangeASCIIInt-CMP-EraseBytes- DE: "\367\377\377\377\000\000\000\000"-
#74220	REDUCE cov: 1478 ft: 2880 corp: 292/8587Kb lim: 239306 exec/s: 2120 rss: 491Mb L: 1793/239306 MS: 1 EraseBytes-
#74222	REDUCE cov: 1478 ft: 2880 corp: 292/8587Kb lim: 239306 exec/s: 2120 rss: 491Mb L: 25/239306 MS: 2 ChangeBinInt-EraseBytes-
#74474	REDUCE cov: 1478 ft: 2880 corp: 292/8587Kb lim: 239306 exec/s: 2127 rss: 491Mb L: 79/239306 MS: 2 ChangeBit-EraseBytes-
#74495	REDUCE cov: 1478 ft: 2880 corp: 292/8587Kb lim: 239306 exec/s: 2128 rss: 491Mb L: 22/239306 MS: 1 EraseBytes-
#74850	REDUCE cov: 1478 ft: 2880 corp: 292/8587Kb lim: 239306 exec/s: 2138 rss: 491Mb L: 6277/239306 MS: 5 CopyPart-ChangeBit-ChangeASCIIInt-ChangeBinInt-EraseBytes-
#74937	REDUCE cov: 1478 ft: 2880 corp: 292/8587Kb lim: 239306 exec/s: 2141 rss: 491Mb L: 82/239306 MS: 2 ShuffleBytes-EraseBytes-
#75263	REDUCE cov: 1478 ft: 2880 corp: 292/8569Kb lim: 239306 exec/s: 2150 rss: 491Mb L: 79918/239306 MS: 1 EraseBytes-
#75374	REDUCE cov: 1478 ft: 2880 corp: 292/8569Kb lim: 239306 exec/s: 2153 rss: 491Mb L: 48/239306 MS: 1 EraseBytes-
#75396	REDUCE cov: 1478 ft: 2880 corp: 292/8569Kb lim: 239306 exec/s: 2154 rss: 491Mb L: 13/239306 MS: 2 ChangeBit-EraseBytes-
#75423	REDUCE cov: 1478 ft: 2880 corp: 292/8569Kb lim: 239306 exec/s: 2154 rss: 491Mb L: 35/239306 MS: 2 CopyPart-EraseBytes-
#75442	REDUCE cov: 1478 ft: 2880 corp: 292/8568Kb lim: 239306 exec/s: 2155 rss: 491Mb L: 84999/239306 MS: 4 CMP-CrossOver-EraseBytes-PersAutoDict- DE: "\001\377\377\377\377\377\377\377"-"\000\000\000\000\001\000\000\001"-
#75516	REDUCE cov: 1479 ft: 2881 corp: 293/8568Kb lim: 239306 exec/s: 2157 rss: 491Mb L: 54/239306 MS: 4 CrossOver-ShuffleBytes-EraseBytes-CMP- DE: "\001\000\000\000\000\000\000\001"-
#75538	REDUCE cov: 1479 ft: 2881 corp: 293/8568Kb lim: 239306 exec/s: 2158 rss: 491Mb L: 40/239306 MS: 2 PersAutoDict-EraseBytes- DE: "\000\000\000\000\000\000\005\332"-
#75683	REDUCE cov: 1479 ft: 2881 corp: 293/8560Kb lim: 239306 exec/s: 2162 rss: 491Mb L: 27436/239306 MS: 5 ChangeASCIIInt-ChangeASCIIInt-ChangeASCIIInt-ChangeASCIIInt-EraseBytes-
#75830	REDUCE cov: 1479 ft: 2881 corp: 293/8558Kb lim: 239306 exec/s: 2166 rss: 491Mb L: 5973/239306 MS: 2 ChangeByte-EraseBytes-
#75914	REDUCE cov: 1479 ft: 2881 corp: 293/8506Kb lim: 239306 exec/s: 2168 rss: 491Mb L: 56172/239306 MS: 4 EraseBytes-ChangeBit-CrossOver-CMP- DE: "\000\000\000\000\000\000\000$"-
#75993	REDUCE cov: 1479 ft: 2881 corp: 293/8506Kb lim: 239306 exec/s: 2171 rss: 491Mb L: 145/239306 MS: 4 PersAutoDict-ChangeBinInt-PersAutoDict-EraseBytes- DE: "\377\377\377\377\000\000\000\000"-"\001\000\000\000\000\000\000\030"-
#76024	REDUCE cov: 1479 ft: 2881 corp: 293/8505Kb lim: 239306 exec/s: 2172 rss: 491Mb L: 66316/239306 MS: 1 EraseBytes-
#76306	REDUCE cov: 1479 ft: 2881 corp: 293/8470Kb lim: 239306 exec/s: 2180 rss: 491Mb L: 66719/239306 MS: 2 ChangeBit-EraseBytes-
#76322	REDUCE cov: 1479 ft: 2881 corp: 293/8470Kb lim: 239306 exec/s: 2180 rss: 491Mb L: 25/239306 MS: 1 EraseBytes-
#76489	REDUCE cov: 1479 ft: 2881 corp: 293/8469Kb lim: 239306 exec/s: 2124 rss: 491Mb L: 3200/239306 MS: 2 ChangeASCIIInt-EraseBytes-
#76724	REDUCE cov: 1479 ft: 2881 corp: 293/8469Kb lim: 239306 exec/s: 2131 rss: 491Mb L: 1244/239306 MS: 5 CopyPart-CMP-ShuffleBytes-CopyPart-EraseBytes- DE: "\002\000\000\000\377\377\377\377"-
#76936	REDUCE cov: 1479 ft: 2881 corp: 293/8468Kb lim: 239306 exec/s: 2137 rss: 491Mb L: 857/239306 MS: 2 ChangeBit-EraseBytes-
#77408	REDUCE cov: 1479 ft: 2881 corp: 293/8468Kb lim: 239306 exec/s: 2150 rss: 491Mb L: 767/239306 MS: 2 ChangeASCIIInt-EraseBytes-
#77494	REDUCE cov: 1479 ft: 2881 corp: 293/8468Kb lim: 239306 exec/s: 2152 rss: 491Mb L: 1145/239306 MS: 1 EraseBytes-
#77555	REDUCE cov: 1479 ft: 2881 corp: 293/8468Kb lim: 239306 exec/s: 2154 rss: 491Mb L: 99/239306 MS: 1 EraseBytes-
#77557	REDUCE cov: 1479 ft: 2881 corp: 293/8463Kb lim: 239306 exec/s: 2154 rss: 491Mb L: 95501/239306 MS: 2 InsertByte-EraseBytes-
#77564	REDUCE cov: 1479 ft: 2881 corp: 293/8462Kb lim: 239306 exec/s: 2154 rss: 491Mb L: 735/239306 MS: 2 InsertRepeatedBytes-EraseBytes-
#77851	REDUCE cov: 1479 ft: 2881 corp: 293/8461Kb lim: 239306 exec/s: 2162 rss: 491Mb L: 4541/239306 MS: 2 ChangeBit-EraseBytes-
#77989	REDUCE cov: 1479 ft: 2881 corp: 293/8459Kb lim: 239306 exec/s: 2166 rss: 491Mb L: 7628/239306 MS: 3 ChangeASCIIInt-CrossOver-EraseBytes-
#78028	REDUCE cov: 1479 ft: 2881 corp: 293/8459Kb lim: 239306 exec/s: 2167 rss: 491Mb L: 6369/239306 MS: 4 PersAutoDict-InsertByte-InsertByte-EraseBytes- DE: "\301\\\002\211\354-\012\221g\354\216e\241\215\353\276^U2\373\356\242\223\370\013\311B\356\220\206\301q"-
#78112	REDUCE cov: 1479 ft: 2881 corp: 293/8459Kb lim: 239306 exec/s: 2169 rss: 491Mb L: 41/239306 MS: 4 ChangeBinInt-ShuffleBytes-ChangeBit-EraseBytes-
#78187	REDUCE cov: 1479 ft: 2881 corp: 293/8458Kb lim: 239306 exec/s: 2171 rss: 491Mb L: 59/239306 MS: 5 ChangeBit-ChangeBinInt-ShuffleBytes-InsertByte-EraseBytes-
#78259	REDUCE cov: 1479 ft: 2881 corp: 293/8458Kb lim: 239306 exec/s: 2173 rss: 491Mb L: 7621/239306 MS: 2 CrossOver-EraseBytes-
#78310	REDUCE cov: 1479 ft: 2881 corp: 293/8458Kb lim: 239306 exec/s: 2175 rss: 491Mb L: 237/239306 MS: 1 EraseBytes-
#78312	REDUCE cov: 1479 ft: 2881 corp: 293/8458Kb lim: 239306 exec/s: 2175 rss: 491Mb L: 42/239306 MS: 2 ChangeBinInt-EraseBytes-
#78346	REDUCE cov: 1479 ft: 2881 corp: 293/8458Kb lim: 239306 exec/s: 2176 rss: 491Mb L: 17/239306 MS: 4 EraseBytes-InsertByte-EraseBytes-ChangeBinInt-
#78372	REDUCE cov: 1479 ft: 2881 corp: 293/8458Kb lim: 239306 exec/s: 2177 rss: 491Mb L: 11/239306 MS: 1 EraseBytes-
#78383	NEW    cov: 1479 ft: 2884 corp: 294/8459Kb lim: 239306 exec/s: 2177 rss: 491Mb L: 394/239306 MS: 1 CopyPart-
#78501	REDUCE cov: 1479 ft: 2891 corp: 295/8460Kb lim: 239306 exec/s: 2180 rss: 491Mb L: 1015/239306 MS: 3 CopyPart-ChangeBit-PersAutoDict- DE: "\000\000\000\000\000\000\005\332"-
#78550	REDUCE cov: 1479 ft: 2891 corp: 295/8456Kb lim: 239306 exec/s: 2181 rss: 491Mb L: 4460/239306 MS: 4 ShuffleBytes-ChangeASCIIInt-InsertByte-EraseBytes-
#78610	REDUCE cov: 1479 ft: 2891 corp: 295/8456Kb lim: 239306 exec/s: 2183 rss: 491Mb L: 43/239306 MS: 5 ShuffleBytes-ShuffleBytes-ChangeByte-CrossOver-EraseBytes-
#78736	REDUCE cov: 1479 ft: 2891 corp: 295/8456Kb lim: 239306 exec/s: 2187 rss: 491Mb L: 4/239306 MS: 1 EraseBytes-
#78784	REDUCE cov: 1479 ft: 2891 corp: 295/8456Kb lim: 239306 exec/s: 2188 rss: 491Mb L: 159/239306 MS: 3 CMP-ChangeBit-EraseBytes- DE: "\000\000\000\000\000\000\000\010"-
#78838	REDUCE cov: 1479 ft: 2891 corp: 295/8456Kb lim: 239306 exec/s: 2189 rss: 491Mb L: 89/239306 MS: 4 ChangeBinInt-ChangeBinInt-InsertByte-EraseBytes-
#79016	REDUCE cov: 1479 ft: 2891 corp: 295/8456Kb lim: 239306 exec/s: 2194 rss: 491Mb L: 105/239306 MS: 3 ChangeBinInt-ChangeBinInt-EraseBytes-
#79027	REDUCE cov: 1479 ft: 2891 corp: 295/8456Kb lim: 239306 exec/s: 2195 rss: 491Mb L: 971/239306 MS: 1 EraseBytes-
#79298	REDUCE cov: 1479 ft: 2891 corp: 295/8456Kb lim: 239306 exec/s: 2202 rss: 491Mb L: 5/239306 MS: 1 EraseBytes-
#79356	REDUCE cov: 1479 ft: 2891 corp: 295/8456Kb lim: 239306 exec/s: 2204 rss: 491Mb L: 86/239306 MS: 3 ShuffleBytes-CopyPart-EraseBytes-
#79487	REDUCE cov: 1479 ft: 2891 corp: 295/8456Kb lim: 239306 exec/s: 2207 rss: 491Mb L: 139/239306 MS: 1 EraseBytes-
#79499	REDUCE cov: 1479 ft: 2891 corp: 295/8456Kb lim: 239306 exec/s: 2208 rss: 491Mb L: 286/239306 MS: 2 ShuffleBytes-EraseBytes-
#79597	REDUCE cov: 1479 ft: 2891 corp: 295/8456Kb lim: 239306 exec/s: 2151 rss: 491Mb L: 196/239306 MS: 3 CrossOver-PersAutoDict-EraseBytes- DE: "~\3509\021=e\236r"-
#79664	REDUCE cov: 1479 ft: 2891 corp: 295/8456Kb lim: 239306 exec/s: 2153 rss: 491Mb L: 126/239306 MS: 2 ChangeBinInt-EraseBytes-
#79726	REDUCE cov: 1479 ft: 2891 corp: 295/8456Kb lim: 239306 exec/s: 2154 rss: 491Mb L: 173/239306 MS: 2 ChangeBit-EraseBytes-
#79800	REDUCE cov: 1479 ft: 2891 corp: 295/8456Kb lim: 239306 exec/s: 2156 rss: 491Mb L: 11/239306 MS: 4 ShuffleBytes-ChangeBit-EraseBytes-InsertByte-
#79898	REDUCE cov: 1479 ft: 2891 corp: 295/8455Kb lim: 239306 exec/s: 2159 rss: 491Mb L: 681/239306 MS: 3 ChangeBit-InsertRepeatedBytes-EraseBytes-
#79924	REDUCE cov: 1479 ft: 2891 corp: 295/8455Kb lim: 239306 exec/s: 2160 rss: 491Mb L: 12/239306 MS: 1 EraseBytes-
#79931	REDUCE cov: 1479 ft: 2891 corp: 295/8455Kb lim: 239306 exec/s: 2160 rss: 491Mb L: 13075/239306 MS: 2 ChangeByte-EraseBytes-
#80017	REDUCE cov: 1479 ft: 2891 corp: 295/8453Kb lim: 239306 exec/s: 2162 rss: 491Mb L: 57930/239306 MS: 1 EraseBytes-
#80143	REDUCE cov: 1479 ft: 2891 corp: 295/8452Kb lim: 239306 exec/s: 2166 rss: 491Mb L: 15212/239306 MS: 1 EraseBytes-
#80164	REDUCE cov: 1479 ft: 2891 corp: 295/8452Kb lim: 239306 exec/s: 2166 rss: 491Mb L: 23/239306 MS: 1 EraseBytes-
#80303	REDUCE cov: 1479 ft: 2891 corp: 295/8452Kb lim: 239306 exec/s: 2170 rss: 491Mb L: 154/239306 MS: 4 ChangeBinInt-ChangeByte-ChangeByte-EraseBytes-
#80347	REDUCE cov: 1479 ft: 2891 corp: 295/8452Kb lim: 239306 exec/s: 2171 rss: 491Mb L: 13115/239306 MS: 4 ChangeByte-ShuffleBytes-ChangeByte-EraseBytes-
#80361	REDUCE cov: 1479 ft: 2891 corp: 295/8452Kb lim: 239306 exec/s: 2171 rss: 491Mb L: 3/239306 MS: 4 InsertByte-ChangeBit-ChangeByte-EraseBytes-
#80419	REDUCE cov: 1479 ft: 2891 corp: 295/8452Kb lim: 239306 exec/s: 2173 rss: 491Mb L: 8870/239306 MS: 3 InsertByte-ChangeASCIIInt-EraseBytes-
#80457	REDUCE cov: 1479 ft: 2891 corp: 295/8452Kb lim: 239306 exec/s: 2174 rss: 491Mb L: 156/239306 MS: 3 ChangeByte-ChangeBit-EraseBytes-
#80501	REDUCE cov: 1479 ft: 2891 corp: 295/8452Kb lim: 239306 exec/s: 2175 rss: 491Mb L: 154/239306 MS: 4 ChangeBinInt-InsertByte-ChangeByte-EraseBytes-
#80617	REDUCE cov: 1479 ft: 2891 corp: 295/8452Kb lim: 239306 exec/s: 2178 rss: 491Mb L: 75/239306 MS: 1 EraseBytes-
#80619	REDUCE cov: 1479 ft: 2891 corp: 295/8452Kb lim: 239306 exec/s: 2178 rss: 491Mb L: 8/239306 MS: 2 InsertByte-EraseBytes-
#80713	REDUCE cov: 1479 ft: 2891 corp: 295/8451Kb lim: 239306 exec/s: 2181 rss: 491Mb L: 483/239306 MS: 4 ChangeBinInt-ChangeBit-CopyPart-EraseBytes-
#80741	REDUCE cov: 1479 ft: 2891 corp: 295/8428Kb lim: 239306 exec/s: 2182 rss: 491Mb L: 99490/239306 MS: 3 ChangeBit-ShuffleBytes-EraseBytes-
#80884	REDUCE cov: 1479 ft: 2891 corp: 295/8427Kb lim: 239306 exec/s: 2186 rss: 491Mb L: 1855/239306 MS: 3 ChangeBinInt-ChangeASCIIInt-EraseBytes-
#80920	REDUCE cov: 1479 ft: 2891 corp: 295/8427Kb lim: 239306 exec/s: 2187 rss: 491Mb L: 528/239306 MS: 1 EraseBytes-
#80979	REDUCE cov: 1479 ft: 2891 corp: 295/8427Kb lim: 239306 exec/s: 2188 rss: 491Mb L: 6917/239306 MS: 4 InsertByte-ChangeASCIIInt-CopyPart-EraseBytes-
#81105	REDUCE cov: 1479 ft: 2891 corp: 295/8427Kb lim: 239306 exec/s: 2192 rss: 491Mb L: 98/239306 MS: 1 EraseBytes-
#81308	REDUCE cov: 1479 ft: 2891 corp: 295/8421Kb lim: 239306 exec/s: 2197 rss: 491Mb L: 49500/239306 MS: 3 ShuffleBytes-ChangeBinInt-EraseBytes-
#81349	REDUCE cov: 1479 ft: 2891 corp: 295/8421Kb lim: 239306 exec/s: 2198 rss: 491Mb L: 260/239306 MS: 1 EraseBytes-
#81575	REDUCE cov: 1479 ft: 2891 corp: 295/8421Kb lim: 239306 exec/s: 2204 rss: 491Mb L: 82/239306 MS: 1 EraseBytes-
#81647	REDUCE cov: 1479 ft: 2891 corp: 295/8420Kb lim: 239306 exec/s: 2206 rss: 491Mb L: 1419/239306 MS: 2 ChangeBit-EraseBytes-
#81889	REDUCE cov: 1479 ft: 2891 corp: 295/8420Kb lim: 239306 exec/s: 2213 rss: 491Mb L: 107/239306 MS: 2 InsertByte-EraseBytes-
#81915	REDUCE cov: 1479 ft: 2891 corp: 295/8420Kb lim: 239306 exec/s: 2213 rss: 491Mb L: 118/239306 MS: 1 EraseBytes-
#81921	REDUCE cov: 1479 ft: 2891 corp: 295/8415Kb lim: 239306 exec/s: 2214 rss: 491Mb L: 7177/239306 MS: 1 EraseBytes-
#82009	REDUCE cov: 1479 ft: 2891 corp: 295/8415Kb lim: 239306 exec/s: 2216 rss: 491Mb L: 721/239306 MS: 3 ChangeBinInt-ChangeBit-EraseBytes-
#82399	REDUCE cov: 1479 ft: 2891 corp: 295/8368Kb lim: 239306 exec/s: 2227 rss: 491Mb L: 115076/239306 MS: 5 InsertRepeatedBytes-ShuffleBytes-CrossOver-ChangeByte-EraseBytes-
#82436	REDUCE cov: 1479 ft: 2891 corp: 295/8366Kb lim: 239306 exec/s: 2228 rss: 491Mb L: 14891/239306 MS: 2 InsertByte-EraseBytes-
#82642	REDUCE cov: 1479 ft: 2891 corp: 295/8366Kb lim: 239306 exec/s: 2174 rss: 491Mb L: 59/239306 MS: 1 EraseBytes-
#82739	REDUCE cov: 1479 ft: 2891 corp: 295/8366Kb lim: 239306 exec/s: 2177 rss: 491Mb L: 44/239306 MS: 2 CMP-EraseBytes- DE: "\000\000"-
#82801	REDUCE cov: 1479 ft: 2891 corp: 295/8356Kb lim: 239306 exec/s: 2178 rss: 491Mb L: 10049/239306 MS: 2 CopyPart-EraseBytes-
#82804	REDUCE cov: 1479 ft: 2891 corp: 295/8356Kb lim: 239306 exec/s: 2179 rss: 491Mb L: 4/239306 MS: 3 ChangeByte-ShuffleBytes-EraseBytes-
#82845	REDUCE cov: 1479 ft: 2891 corp: 295/8354Kb lim: 239306 exec/s: 2180 rss: 491Mb L: 8630/239306 MS: 1 EraseBytes-
#83247	REDUCE cov: 1479 ft: 2891 corp: 295/8354Kb lim: 239306 exec/s: 2190 rss: 491Mb L: 416/239306 MS: 2 ChangeByte-EraseBytes-
#83269	REDUCE cov: 1479 ft: 2893 corp: 296/8354Kb lim: 239306 exec/s: 2191 rss: 491Mb L: 196/239306 MS: 2 CMP-CopyPart- DE: "\000\000\000\000\000\000\000\026"-
#83457	REDUCE cov: 1479 ft: 2893 corp: 296/8345Kb lim: 239306 exec/s: 2196 rss: 491Mb L: 20109/239306 MS: 3 CopyPart-PersAutoDict-CrossOver- DE: "\377\377\377\377\377\377\377\006"-
#83598	REDUCE cov: 1479 ft: 2893 corp: 296/8345Kb lim: 239306 exec/s: 2199 rss: 491Mb L: 783/239306 MS: 1 EraseBytes-
#83599	REDUCE cov: 1479 ft: 2893 corp: 296/8345Kb lim: 239306 exec/s: 2199 rss: 491Mb L: 17/239306 MS: 1 EraseBytes-
#83629	REDUCE cov: 1479 ft: 2894 corp: 297/8345Kb lim: 239306 exec/s: 2200 rss: 491Mb L: 87/239306 MS: 5 ShuffleBytes-InsertByte-EraseBytes-PersAutoDict-CrossOver- DE: "\301\\\002\211\354-\012\221g\354\216e\241\215\353\276^U2\373\356\242\223\370\013\311B\356\220\206\301q"-
#83650	REDUCE cov: 1479 ft: 2894 corp: 297/8345Kb lim: 239306 exec/s: 2201 rss: 491Mb L: 40/239306 MS: 1 EraseBytes-
#83662	REDUCE cov: 1479 ft: 2894 corp: 297/8345Kb lim: 239306 exec/s: 2201 rss: 491Mb L: 1348/239306 MS: 2 InsertByte-EraseBytes-
#83823	REDUCE cov: 1479 ft: 2894 corp: 297/8344Kb lim: 239306 exec/s: 2205 rss: 491Mb L: 6606/239306 MS: 1 EraseBytes-
#84004	REDUCE cov: 1479 ft: 2894 corp: 297/8342Kb lim: 239306 exec/s: 2210 rss: 491Mb L: 5350/239306 MS: 1 EraseBytes-
#84045	REDUCE cov: 1479 ft: 2894 corp: 297/8342Kb lim: 239306 exec/s: 2211 rss: 491Mb L: 10/239306 MS: 1 EraseBytes-
#84202	REDUCE cov: 1479 ft: 2894 corp: 297/8342Kb lim: 239306 exec/s: 2215 rss: 491Mb L: 214/239306 MS: 2 ChangeASCIIInt-EraseBytes-
#84275	REDUCE cov: 1479 ft: 2894 corp: 297/8342Kb lim: 239306 exec/s: 2217 rss: 491Mb L: 387/239306 MS: 3 InsertByte-PersAutoDict-EraseBytes- DE: "\377\377\377\377\377\377\377\025"-
#84596	REDUCE cov: 1479 ft: 2894 corp: 297/8342Kb lim: 239306 exec/s: 2226 rss: 491Mb L: 116/239306 MS: 1 EraseBytes-
#84747	REDUCE cov: 1479 ft: 2894 corp: 297/8342Kb lim: 239306 exec/s: 2230 rss: 491Mb L: 8/239306 MS: 1 EraseBytes-
#84884	REDUCE cov: 1479 ft: 2894 corp: 297/8342Kb lim: 239306 exec/s: 2233 rss: 491Mb L: 222/239306 MS: 2 InsertRepeatedBytes-EraseBytes-
#84990	REDUCE cov: 1479 ft: 2894 corp: 297/8342Kb lim: 239306 exec/s: 2236 rss: 491Mb L: 190/239306 MS: 1 EraseBytes-
#85111	REDUCE cov: 1479 ft: 2894 corp: 297/8340Kb lim: 239306 exec/s: 2239 rss: 491Mb L: 235607/239306 MS: 1 EraseBytes-
#85117	REDUCE cov: 1479 ft: 2894 corp: 297/8340Kb lim: 239306 exec/s: 2239 rss: 491Mb L: 4809/239306 MS: 1 EraseBytes-
#85151	REDUCE cov: 1479 ft: 2894 corp: 297/8340Kb lim: 239306 exec/s: 2240 rss: 491Mb L: 374/239306 MS: 4 ChangeBinInt-InsertByte-CrossOver-EraseBytes-
#85373	REDUCE cov: 1479 ft: 2894 corp: 297/8339Kb lim: 239306 exec/s: 2246 rss: 491Mb L: 896/239306 MS: 2 CopyPart-EraseBytes-
#85509	REDUCE cov: 1479 ft: 2894 corp: 297/8330Kb lim: 239306 exec/s: 2250 rss: 491Mb L: 60924/239306 MS: 1 EraseBytes-
#85545	REDUCE cov: 1479 ft: 2894 corp: 297/8330Kb lim: 239306 exec/s: 2251 rss: 491Mb L: 93/239306 MS: 1 EraseBytes-
#85589	REDUCE cov: 1479 ft: 2894 corp: 297/8330Kb lim: 239306 exec/s: 2252 rss: 491Mb L: 78/239306 MS: 4 PersAutoDict-ChangeBit-ChangeByte-EraseBytes- DE: "\000\000\000\000"-
#85934	REDUCE cov: 1479 ft: 2894 corp: 297/8330Kb lim: 239306 exec/s: 2203 rss: 491Mb L: 27/239306 MS: 5 PersAutoDict-CMP-ChangeBit-InsertByte-EraseBytes- DE: "<\000\000\000\000\000\000\000"-"\001\000\000\001"-
#86034	REDUCE cov: 1479 ft: 2894 corp: 297/8330Kb lim: 239306 exec/s: 2206 rss: 491Mb L: 4/239306 MS: 5 CrossOver-InsertByte-ChangeBinInt-ChangeByte-EraseBytes-
#86142	REDUCE cov: 1479 ft: 2894 corp: 297/8330Kb lim: 239306 exec/s: 2208 rss: 491Mb L: 46/239306 MS: 3 ShuffleBytes-ChangeBit-EraseBytes-
#86293	REDUCE cov: 1479 ft: 2894 corp: 297/8305Kb lim: 239306 exec/s: 2212 rss: 491Mb L: 35391/239306 MS: 1 EraseBytes-
#86307	REDUCE cov: 1479 ft: 2894 corp: 297/8305Kb lim: 239306 exec/s: 2213 rss: 491Mb L: 663/239306 MS: 4 PersAutoDict-ChangeBinInt-ChangeBit-EraseBytes- DE: "\000\000\000\000\000\000\025\023"-
#86384	REDUCE cov: 1479 ft: 2894 corp: 297/8305Kb lim: 239306 exec/s: 2214 rss: 491Mb L: 545/239306 MS: 2 CopyPart-EraseBytes-
#86390	REDUCE cov: 1479 ft: 2894 corp: 297/8299Kb lim: 239306 exec/s: 2215 rss: 491Mb L: 19313/239306 MS: 1 CrossOver-
#86431	REDUCE cov: 1479 ft: 2894 corp: 297/8299Kb lim: 239306 exec/s: 2216 rss: 491Mb L: 81/239306 MS: 1 EraseBytes-
#86454	REDUCE cov: 1479 ft: 2894 corp: 297/8299Kb lim: 239306 exec/s: 2216 rss: 491Mb L: 448/239306 MS: 3 ChangeByte-InsertRepeatedBytes-EraseBytes-
#86971	REDUCE cov: 1479 ft: 2894 corp: 297/8298Kb lim: 239306 exec/s: 2230 rss: 491Mb L: 388/239306 MS: 2 InsertRepeatedBytes-EraseBytes-
#86987	REDUCE cov: 1479 ft: 2894 corp: 297/8298Kb lim: 239306 exec/s: 2230 rss: 491Mb L: 56/239306 MS: 1 EraseBytes-
#87128	REDUCE cov: 1479 ft: 2894 corp: 297/8297Kb lim: 239306 exec/s: 2234 rss: 491Mb L: 35283/239306 MS: 1 EraseBytes-
#87139	REDUCE cov: 1479 ft: 2894 corp: 297/8297Kb lim: 239306 exec/s: 2234 rss: 491Mb L: 213/239306 MS: 1 EraseBytes-
#87429	REDUCE cov: 1479 ft: 2895 corp: 298/8349Kb lim: 239306 exec/s: 2241 rss: 491Mb L: 53048/239306 MS: 5 ChangeBinInt-CopyPart-CrossOver-InsertByte-CopyPart-
#87540	REDUCE cov: 1479 ft: 2895 corp: 298/8349Kb lim: 239306 exec/s: 2244 rss: 491Mb L: 3/239306 MS: 1 EraseBytes-
#87556	REDUCE cov: 1479 ft: 2895 corp: 298/8347Kb lim: 239306 exec/s: 2245 rss: 491Mb L: 4205/239306 MS: 1 EraseBytes-
#87592	REDUCE cov: 1479 ft: 2895 corp: 298/8340Kb lim: 239306 exec/s: 2245 rss: 491Mb L: 13146/239306 MS: 1 EraseBytes-
#87594	REDUCE cov: 1479 ft: 2895 corp: 298/8340Kb lim: 239306 exec/s: 2246 rss: 491Mb L: 337/239306 MS: 2 ChangeBit-EraseBytes-
#87595	REDUCE cov: 1479 ft: 2895 corp: 298/8340Kb lim: 239306 exec/s: 2246 rss: 491Mb L: 31/239306 MS: 1 EraseBytes-
#87708	REDUCE cov: 1479 ft: 2895 corp: 298/8340Kb lim: 239306 exec/s: 2248 rss: 491Mb L: 145/239306 MS: 3 CopyPart-PersAutoDict-EraseBytes- DE: "\003I$\222I$\222I"-
#87736	REDUCE cov: 1479 ft: 2895 corp: 298/8338Kb lim: 239306 exec/s: 2249 rss: 491Mb L: 16676/239306 MS: 3 ChangeByte-ChangeBit-EraseBytes-
#87807	REDUCE cov: 1479 ft: 2895 corp: 298/8337Kb lim: 239306 exec/s: 2251 rss: 491Mb L: 6925/239306 MS: 1 EraseBytes-
#87935	REDUCE cov: 1479 ft: 2895 corp: 298/8337Kb lim: 239306 exec/s: 2254 rss: 491Mb L: 2/239306 MS: 3 ChangeBinInt-InsertByte-EraseBytes-
#88015	NEW    cov: 1479 ft: 2898 corp: 299/8439Kb lim: 239306 exec/s: 2256 rss: 491Mb L: 104789/239306 MS: 5 CopyPart-ShuffleBytes-PersAutoDict-ChangeByte-CopyPart- DE: "\000\003"-
#88067	REDUCE cov: 1479 ft: 2898 corp: 299/8439Kb lim: 239306 exec/s: 2258 rss: 491Mb L: 261/239306 MS: 2 EraseBytes-CMP- DE: "\301\\\002\211\354-\012\221g\354\216e\241\215\353\276^U2\373\356\242\223\370\013\311B\356\220\206\301q"-
#88183	REDUCE cov: 1479 ft: 2898 corp: 299/8439Kb lim: 239306 exec/s: 2261 rss: 491Mb L: 657/239306 MS: 1 EraseBytes-
#88186	REDUCE cov: 1479 ft: 2898 corp: 299/8436Kb lim: 239306 exec/s: 2261 rss: 491Mb L: 12540/239306 MS: 3 ChangeBinInt-ChangeASCIIInt-EraseBytes-
#88672	REDUCE cov: 1479 ft: 2898 corp: 299/8436Kb lim: 239306 exec/s: 2273 rss: 491Mb L: 102/239306 MS: 1 EraseBytes-
#88740	REDUCE cov: 1479 ft: 2898 corp: 299/8428Kb lim: 239306 exec/s: 2275 rss: 491Mb L: 47285/239306 MS: 3 ChangeBit-ChangeBit-EraseBytes-
#88831	REDUCE cov: 1479 ft: 2898 corp: 299/8428Kb lim: 239306 exec/s: 2277 rss: 491Mb L: 1/239306 MS: 1 EraseBytes-
#88857	REDUCE cov: 1479 ft: 2898 corp: 299/8428Kb lim: 239306 exec/s: 2278 rss: 491Mb L: 38/239306 MS: 1 EraseBytes-
#88883	REDUCE cov: 1479 ft: 2898 corp: 299/8427Kb lim: 239306 exec/s: 2279 rss: 491Mb L: 152/239306 MS: 1 EraseBytes-
#89006	REDUCE cov: 1479 ft: 2898 corp: 299/8427Kb lim: 239306 exec/s: 2282 rss: 491Mb L: 383/239306 MS: 3 InsertByte-PersAutoDict-EraseBytes- DE: "\004UUUUUUU"-
#89232	REDUCE cov: 1479 ft: 2898 corp: 299/8427Kb lim: 239306 exec/s: 2230 rss: 491Mb L: 57/239306 MS: 1 EraseBytes-
#89265	REDUCE cov: 1479 ft: 2898 corp: 299/8427Kb lim: 239306 exec/s: 2231 rss: 491Mb L: 137/239306 MS: 3 ShuffleBytes-InsertByte-EraseBytes-
#89277	REDUCE cov: 1479 ft: 2898 corp: 299/8427Kb lim: 239306 exec/s: 2231 rss: 491Mb L: 15/239306 MS: 2 EraseBytes-ChangeBinInt-
#89437	REDUCE cov: 1479 ft: 2898 corp: 299/8427Kb lim: 239306 exec/s: 2235 rss: 491Mb L: 47166/239306 MS: 5 PersAutoDict-CrossOver-CopyPart-CrossOver-EraseBytes- DE: "\001\000\000\001"-
#89462	REDUCE cov: 1479 ft: 2898 corp: 299/8415Kb lim: 239306 exec/s: 2236 rss: 491Mb L: 23003/239306 MS: 5 ChangeASCIIInt-ChangeASCIIInt-CrossOver-PersAutoDict-EraseBytes- DE: "\367\377\377\377\000\000\000\000"-
#89463	REDUCE cov: 1479 ft: 2898 corp: 299/8415Kb lim: 239306 exec/s: 2236 rss: 491Mb L: 3222/239306 MS: 1 EraseBytes-
#89476	REDUCE cov: 1479 ft: 2898 corp: 299/8415Kb lim: 239306 exec/s: 2236 rss: 491Mb L: 135/239306 MS: 3 EraseBytes-ShuffleBytes-CMP- DE: "\001\000\000\000\000\000\000\000"-
#89529	REDUCE cov: 1479 ft: 2898 corp: 299/8415Kb lim: 239306 exec/s: 2238 rss: 491Mb L: 29/239306 MS: 3 CMP-ChangeBinInt-EraseBytes- DE: "\377\377\377\377\000\000\000\001"-
#89545	REDUCE cov: 1479 ft: 2898 corp: 299/8415Kb lim: 239306 exec/s: 2238 rss: 491Mb L: 222/239306 MS: 1 EraseBytes-
#89598	REDUCE cov: 1481 ft: 2900 corp: 300/8415Kb lim: 239306 exec/s: 2239 rss: 491Mb L: 42/239306 MS: 3 InsertByte-ChangeByte-PersAutoDict- DE: "\001\000\000\000\000\000\000\004"-
#89624	REDUCE cov: 1481 ft: 2900 corp: 300/8415Kb lim: 239306 exec/s: 2240 rss: 491Mb L: 251/239306 MS: 1 EraseBytes-
#89861	REDUCE cov: 1481 ft: 2900 corp: 300/8415Kb lim: 239306 exec/s: 2246 rss: 491Mb L: 555/239306 MS: 2 ChangeASCIIInt-EraseBytes-
#90023	REDUCE cov: 1481 ft: 2900 corp: 300/8415Kb lim: 239306 exec/s: 2250 rss: 491Mb L: 40/239306 MS: 2 ChangeByte-EraseBytes-
#90054	REDUCE cov: 1481 ft: 2900 corp: 300/8415Kb lim: 239306 exec/s: 2251 rss: 491Mb L: 116/239306 MS: 1 EraseBytes-
#90300	REDUCE cov: 1481 ft: 2900 corp: 300/8415Kb lim: 239306 exec/s: 2257 rss: 491Mb L: 26/239306 MS: 1 EraseBytes-
#90524	REDUCE cov: 1481 ft: 2900 corp: 300/8415Kb lim: 239306 exec/s: 2263 rss: 491Mb L: 25/239306 MS: 4 ShuffleBytes-PersAutoDict-CopyPart-EraseBytes- DE: "\001\000\000\001"-
#90597	NEW    cov: 1481 ft: 2914 corp: 301/8416Kb lim: 239306 exec/s: 2264 rss: 491Mb L: 1015/239306 MS: 3 ChangeBit-CopyPart-ChangeBit-
#90608	REDUCE cov: 1481 ft: 2914 corp: 301/8416Kb lim: 239306 exec/s: 2265 rss: 491Mb L: 16/239306 MS: 1 EraseBytes-
#90823	REDUCE cov: 1481 ft: 2914 corp: 301/8416Kb lim: 239306 exec/s: 2270 rss: 491Mb L: 92/239306 MS: 5 InsertRepeatedBytes-ShuffleBytes-ChangeBinInt-CopyPart-EraseBytes-
#90869	REDUCE cov: 1481 ft: 2914 corp: 301/8415Kb lim: 239306 exec/s: 2271 rss: 491Mb L: 369/239306 MS: 1 EraseBytes-
#91066	REDUCE cov: 1481 ft: 2914 corp: 301/8407Kb lim: 239306 exec/s: 2276 rss: 491Mb L: 35630/239306 MS: 2 EraseBytes-CopyPart-
#91097	REDUCE cov: 1481 ft: 2914 corp: 301/8406Kb lim: 239306 exec/s: 2277 rss: 491Mb L: 4154/239306 MS: 1 EraseBytes-
#91274	REDUCE cov: 1481 ft: 2914 corp: 301/8406Kb lim: 239306 exec/s: 2281 rss: 491Mb L: 48/239306 MS: 2 ChangeByte-EraseBytes-
#91505	REDUCE cov: 1481 ft: 2914 corp: 301/8406Kb lim: 239306 exec/s: 2287 rss: 491Mb L: 41/239306 MS: 1 EraseBytes-
#91511	REDUCE cov: 1481 ft: 2914 corp: 301/8406Kb lim: 239306 exec/s: 2287 rss: 491Mb L: 134/239306 MS: 1 EraseBytes-
#91780	NEW    cov: 1481 ft: 2916 corp: 302/8542Kb lim: 239306 exec/s: 2294 rss: 491Mb L: 139157/239306 MS: 4 ChangeASCIIInt-PersAutoDict-InsertByte-CopyPart- DE: "\000\000\000\000\000\000\000M"-
#91806	REDUCE cov: 1481 ft: 2916 corp: 302/8537Kb lim: 239306 exec/s: 2295 rss: 491Mb L: 16114/239306 MS: 1 EraseBytes-
#91848	REDUCE cov: 1481 ft: 2916 corp: 302/8489Kb lim: 239306 exec/s: 2240 rss: 491Mb L: 112210/239306 MS: 2 ChangeASCIIInt-CrossOver-
#91878	REDUCE cov: 1481 ft: 2916 corp: 302/8487Kb lim: 239306 exec/s: 2240 rss: 491Mb L: 2497/239306 MS: 5 CopyPart-InsertRepeatedBytes-ChangeBit-ChangeBit-EraseBytes-
#91884	REDUCE cov: 1481 ft: 2916 corp: 302/8487Kb lim: 239306 exec/s: 2241 rss: 491Mb L: 31/239306 MS: 1 EraseBytes-
#92076	REDUCE cov: 1481 ft: 2916 corp: 302/8487Kb lim: 239306 exec/s: 2245 rss: 491Mb L: 148/239306 MS: 2 ShuffleBytes-EraseBytes-
#92307	REDUCE cov: 1481 ft: 2916 corp: 302/8487Kb lim: 239306 exec/s: 2251 rss: 491Mb L: 33/239306 MS: 1 EraseBytes-
#92433	REDUCE cov: 1481 ft: 2916 corp: 302/8487Kb lim: 239306 exec/s: 2254 rss: 491Mb L: 65/239306 MS: 1 EraseBytes-
#92569	REDUCE cov: 1481 ft: 2916 corp: 302/8487Kb lim: 239306 exec/s: 2257 rss: 491Mb L: 3/239306 MS: 1 EraseBytes-
#92980	REDUCE cov: 1481 ft: 2916 corp: 302/8484Kb lim: 239306 exec/s: 2267 rss: 491Mb L: 13348/239306 MS: 1 EraseBytes-
#93092	REDUCE cov: 1481 ft: 2916 corp: 302/8484Kb lim: 239306 exec/s: 2270 rss: 491Mb L: 321/239306 MS: 2 InsertRepeatedBytes-EraseBytes-
#93108	REDUCE cov: 1481 ft: 2916 corp: 302/8484Kb lim: 239306 exec/s: 2270 rss: 491Mb L: 45/239306 MS: 1 EraseBytes-
#93289	REDUCE cov: 1481 ft: 2916 corp: 302/8484Kb lim: 239306 exec/s: 2275 rss: 491Mb L: 150/239306 MS: 1 EraseBytes-
#93546	NEW    cov: 1485 ft: 2921 corp: 303/8572Kb lim: 239306 exec/s: 2281 rss: 491Mb L: 89737/239306 MS: 2 ChangeBinInt-ChangeBinInt-
#93578	REDUCE cov: 1485 ft: 2921 corp: 303/8571Kb lim: 239306 exec/s: 2282 rss: 491Mb L: 14/239306 MS: 2 EraseBytes-EraseBytes-
#93655	REDUCE cov: 1485 ft: 2921 corp: 303/8571Kb lim: 239306 exec/s: 2284 rss: 491Mb L: 6/239306 MS: 2 CMP-EraseBytes- DE: "\001\000\000\000\000\000\000\020"-
#93841	REDUCE cov: 1485 ft: 2921 corp: 303/8571Kb lim: 239306 exec/s: 2288 rss: 491Mb L: 124/239306 MS: 1 EraseBytes-
#93888	REDUCE cov: 1485 ft: 2921 corp: 303/8571Kb lim: 239306 exec/s: 2289 rss: 491Mb L: 275/239306 MS: 2 ChangeByte-EraseBytes-
#94054	REDUCE cov: 1485 ft: 2921 corp: 303/8571Kb lim: 239306 exec/s: 2294 rss: 491Mb L: 315/239306 MS: 1 EraseBytes-
#94105	REDUCE cov: 1485 ft: 2921 corp: 303/8571Kb lim: 239306 exec/s: 2295 rss: 491Mb L: 67/239306 MS: 1 EraseBytes-
#94251	REDUCE cov: 1485 ft: 2921 corp: 303/8571Kb lim: 239306 exec/s: 2298 rss: 491Mb L: 18/239306 MS: 1 EraseBytes-
#94332	REDUCE cov: 1485 ft: 2921 corp: 303/8571Kb lim: 239306 exec/s: 2300 rss: 491Mb L: 8157/239306 MS: 1 EraseBytes-
#94513	REDUCE cov: 1485 ft: 2921 corp: 303/8571Kb lim: 239306 exec/s: 2305 rss: 491Mb L: 56/239306 MS: 1 EraseBytes-
#94700	REDUCE cov: 1485 ft: 2921 corp: 303/8571Kb lim: 239306 exec/s: 2254 rss: 491Mb L: 114/239306 MS: 2 ChangeByte-EraseBytes-
#94756	REDUCE cov: 1485 ft: 2921 corp: 303/8569Kb lim: 239306 exec/s: 2256 rss: 491Mb L: 137166/239306 MS: 1 EraseBytes-
#94778	REDUCE cov: 1485 ft: 2921 corp: 303/8569Kb lim: 239306 exec/s: 2256 rss: 491Mb L: 108/239306 MS: 2 CMP-EraseBytes- DE: "\001\000\000\000\000\000\000\000"-
#94782	REDUCE cov: 1485 ft: 2921 corp: 303/8560Kb lim: 239306 exec/s: 2256 rss: 491Mb L: 18009/239306 MS: 4 InsertByte-InsertByte-PersAutoDict-EraseBytes- DE: "\377\377\377\377\377\377\377\263"-
#95008	REDUCE cov: 1485 ft: 2921 corp: 303/8560Kb lim: 239306 exec/s: 2262 rss: 491Mb L: 67/239306 MS: 1 EraseBytes-
#95040	REDUCE cov: 1485 ft: 2921 corp: 303/8559Kb lim: 239306 exec/s: 2262 rss: 491Mb L: 545/239306 MS: 2 ShuffleBytes-EraseBytes-
#95089	REDUCE cov: 1485 ft: 2921 corp: 303/8538Kb lim: 239306 exec/s: 2264 rss: 491Mb L: 25156/239306 MS: 4 ChangeBit-ChangeByte-InsertByte-EraseBytes-
#95125	REDUCE cov: 1485 ft: 2921 corp: 303/8538Kb lim: 239306 exec/s: 2264 rss: 491Mb L: 96/239306 MS: 1 EraseBytes-
#95256	REDUCE cov: 1485 ft: 2921 corp: 303/8538Kb lim: 239306 exec/s: 2268 rss: 491Mb L: 2/239306 MS: 1 EraseBytes-
#95303	REDUCE cov: 1485 ft: 2921 corp: 303/8538Kb lim: 239306 exec/s: 2269 rss: 491Mb L: 155/239306 MS: 2 ChangeBit-EraseBytes-
#95389	REDUCE cov: 1485 ft: 2921 corp: 303/8538Kb lim: 239306 exec/s: 2271 rss: 491Mb L: 4/239306 MS: 1 EraseBytes-
#95436	REDUCE cov: 1485 ft: 2921 corp: 303/8538Kb lim: 239306 exec/s: 2272 rss: 491Mb L: 45/239306 MS: 2 ChangeBinInt-EraseBytes-
#95568	REDUCE cov: 1485 ft: 2921 corp: 303/8538Kb lim: 239306 exec/s: 2275 rss: 491Mb L: 31/239306 MS: 2 ChangeBinInt-EraseBytes-
#95634	REDUCE cov: 1485 ft: 2921 corp: 303/8529Kb lim: 239306 exec/s: 2277 rss: 491Mb L: 26740/239306 MS: 1 EraseBytes-
#96025	REDUCE cov: 1485 ft: 2921 corp: 303/8524Kb lim: 239306 exec/s: 2286 rss: 491Mb L: 19492/239306 MS: 1 EraseBytes-
#96157	REDUCE cov: 1485 ft: 2921 corp: 303/8520Kb lim: 239306 exec/s: 2289 rss: 491Mb L: 9097/239306 MS: 2 ChangeBinInt-EraseBytes-
#96408	REDUCE cov: 1485 ft: 2921 corp: 303/8506Kb lim: 239306 exec/s: 2295 rss: 491Mb L: 24456/239306 MS: 1 EraseBytes-
#96495	REDUCE cov: 1485 ft: 2921 corp: 303/8506Kb lim: 239306 exec/s: 2297 rss: 491Mb L: 404/239306 MS: 2 ChangeASCIIInt-EraseBytes-
#96497	REDUCE cov: 1485 ft: 2921 corp: 303/8505Kb lim: 239306 exec/s: 2297 rss: 491Mb L: 56180/239306 MS: 2 ChangeBit-EraseBytes-
#96743	REDUCE cov: 1485 ft: 2921 corp: 303/8504Kb lim: 239306 exec/s: 2303 rss: 491Mb L: 867/239306 MS: 1 EraseBytes-
#96754	REDUCE cov: 1485 ft: 2921 corp: 303/8504Kb lim: 239306 exec/s: 2303 rss: 491Mb L: 331/239306 MS: 1 EraseBytes-
#97186	REDUCE cov: 1485 ft: 2921 corp: 303/8504Kb lim: 239306 exec/s: 2313 rss: 491Mb L: 300/239306 MS: 2 ChangeASCIIInt-EraseBytes-
#97193	REDUCE cov: 1485 ft: 2921 corp: 303/8504Kb lim: 239306 exec/s: 2314 rss: 491Mb L: 191/239306 MS: 2 PersAutoDict-EraseBytes- DE: "\001\001"-
#97239	REDUCE cov: 1485 ft: 2921 corp: 303/8504Kb lim: 239306 exec/s: 2315 rss: 491Mb L: 74/239306 MS: 1 EraseBytes-
#97336	REDUCE cov: 1485 ft: 2921 corp: 303/8503Kb lim: 239306 exec/s: 2317 rss: 491Mb L: 3593/239306 MS: 2 CrossOver-EraseBytes-
#97395	REDUCE cov: 1485 ft: 2921 corp: 303/8503Kb lim: 239306 exec/s: 2318 rss: 491Mb L: 22/239306 MS: 4 EraseBytes-ChangeBinInt-InsertByte-InsertByte-
#97423	REDUCE cov: 1485 ft: 2929 corp: 304/8503Kb lim: 239306 exec/s: 2319 rss: 491Mb L: 279/239306 MS: 3 PersAutoDict-CMP-ChangeBinInt- DE: "\377\377\377\377\377\377\377\263"-"\000\000\000\000"-
#97495	REDUCE cov: 1485 ft: 2929 corp: 304/8503Kb lim: 239306 exec/s: 2321 rss: 491Mb L: 30/239306 MS: 2 EraseBytes-InsertByte-
#97621	REDUCE cov: 1485 ft: 2929 corp: 304/8503Kb lim: 239306 exec/s: 2324 rss: 491Mb L: 35/239306 MS: 1 EraseBytes-
#97687	REDUCE cov: 1485 ft: 2929 corp: 304/8503Kb lim: 239306 exec/s: 2325 rss: 491Mb L: 473/239306 MS: 1 EraseBytes-
#97926	REDUCE cov: 1485 ft: 2929 corp: 304/8503Kb lim: 239306 exec/s: 2277 rss: 491Mb L: 57/239306 MS: 4 ShuffleBytes-CopyPart-ChangeByte-EraseBytes-
#97984	REDUCE cov: 1485 ft: 2929 corp: 304/8503Kb lim: 239306 exec/s: 2278 rss: 491Mb L: 2694/239306 MS: 3 PersAutoDict-ShuffleBytes-EraseBytes- DE: "\377\377\377\377\000\000\000\001"-
#98113	REDUCE cov: 1485 ft: 2929 corp: 304/8500Kb lim: 239306 exec/s: 2281 rss: 491Mb L: 5800/239306 MS: 4 InsertRepeatedBytes-ShuffleBytes-ChangeBinInt-EraseBytes-
#98160	REDUCE cov: 1485 ft: 2929 corp: 304/8500Kb lim: 239306 exec/s: 2282 rss: 491Mb L: 85/239306 MS: 2 EraseBytes-InsertByte-
#98318	REDUCE cov: 1485 ft: 2929 corp: 304/8500Kb lim: 239306 exec/s: 2286 rss: 491Mb L: 7/239306 MS: 3 EraseBytes-ShuffleBytes-EraseBytes-
#98321	REDUCE cov: 1485 ft: 2929 corp: 304/8499Kb lim: 239306 exec/s: 2286 rss: 491Mb L: 2471/239306 MS: 3 ChangeBinInt-ShuffleBytes-EraseBytes-
#98362	REDUCE cov: 1485 ft: 2929 corp: 304/8499Kb lim: 239306 exec/s: 2287 rss: 491Mb L: 11/239306 MS: 1 EraseBytes-
#98471	REDUCE cov: 1485 ft: 2929 corp: 304/8499Kb lim: 239306 exec/s: 2290 rss: 491Mb L: 5/239306 MS: 4 ChangeBinInt-EraseBytes-ChangeBit-EraseBytes-
#98581	REDUCE cov: 1485 ft: 2929 corp: 304/8499Kb lim: 239306 exec/s: 2292 rss: 491Mb L: 5/239306 MS: 5 InsertByte-PersAutoDict-ChangeBinInt-CopyPart-EraseBytes- DE: "\000\000\000\000"-
#98588	REDUCE cov: 1485 ft: 2929 corp: 304/8481Kb lim: 239306 exec/s: 2292 rss: 491Mb L: 48125/239306 MS: 2 ChangeBinInt-EraseBytes-
#98660	REDUCE cov: 1485 ft: 2929 corp: 304/8481Kb lim: 239306 exec/s: 2294 rss: 491Mb L: 21/239306 MS: 2 PersAutoDict-EraseBytes- DE: "\377\377\377\377\377\377\377\025"-
#98716	REDUCE cov: 1485 ft: 2929 corp: 304/8481Kb lim: 239306 exec/s: 2295 rss: 491Mb L: 50/239306 MS: 1 EraseBytes-
#98848	REDUCE cov: 1485 ft: 2929 corp: 304/8481Kb lim: 239306 exec/s: 2298 rss: 491Mb L: 18/239306 MS: 2 ChangeByte-EraseBytes-
#98851	REDUCE cov: 1485 ft: 2929 corp: 304/8480Kb lim: 239306 exec/s: 2298 rss: 491Mb L: 648/239306 MS: 3 ChangeBinInt-EraseBytes-PersAutoDict- DE: "\001\000\000\000\000\000\001\332"-
#98862	REDUCE cov: 1485 ft: 2929 corp: 304/8480Kb lim: 239306 exec/s: 2299 rss: 491Mb L: 28/239306 MS: 1 EraseBytes-
#98934	REDUCE cov: 1485 ft: 2929 corp: 304/8478Kb lim: 239306 exec/s: 2300 rss: 491Mb L: 13700/239306 MS: 2 ChangeASCIIInt-EraseBytes-
#98986	REDUCE cov: 1485 ft: 2929 corp: 304/8478Kb lim: 239306 exec/s: 2302 rss: 491Mb L: 21/239306 MS: 2 CopyPart-EraseBytes-
#99027	REDUCE cov: 1485 ft: 2929 corp: 304/8478Kb lim: 239306 exec/s: 2302 rss: 491Mb L: 79/239306 MS: 1 EraseBytes-
#99133	REDUCE cov: 1485 ft: 2929 corp: 304/8478Kb lim: 239306 exec/s: 2305 rss: 491Mb L: 67/239306 MS: 1 EraseBytes-
#99159	REDUCE cov: 1485 ft: 2929 corp: 304/8478Kb lim: 239306 exec/s: 2306 rss: 491Mb L: 641/239306 MS: 1 EraseBytes-
#99255	REDUCE cov: 1485 ft: 2929 corp: 304/8478Kb lim: 239306 exec/s: 2308 rss: 491Mb L: 299/239306 MS: 1 EraseBytes-
#99826	REDUCE cov: 1485 ft: 2929 corp: 304/8478Kb lim: 239306 exec/s: 2321 rss: 494Mb L: 147/239306 MS: 1 EraseBytes-
#100087	REDUCE cov: 1485 ft: 2929 corp: 304/8478Kb lim: 239306 exec/s: 2327 rss: 497Mb L: 373/239306 MS: 1 EraseBytes-
#100098	REDUCE cov: 1485 ft: 2929 corp: 304/8478Kb lim: 239306 exec/s: 2327 rss: 497Mb L: 76/239306 MS: 1 EraseBytes-
#100190	REDUCE cov: 1485 ft: 2929 corp: 304/8448Kb lim: 239306 exec/s: 2330 rss: 497Mb L: 101660/239306 MS: 2 CMP-EraseBytes- DE: "\002\000"-
#100207	REDUCE cov: 1485 ft: 2929 corp: 304/8448Kb lim: 239306 exec/s: 2330 rss: 497Mb L: 2389/239306 MS: 2 ChangeBinInt-EraseBytes-
#100385	REDUCE cov: 1485 ft: 2929 corp: 304/8448Kb lim: 239306 exec/s: 2334 rss: 497Mb L: 68/239306 MS: 3 ShuffleBytes-EraseBytes-ChangeBit-
#100512	REDUCE cov: 1485 ft: 2929 corp: 304/8448Kb lim: 239306 exec/s: 2337 rss: 497Mb L: 40296/239306 MS: 2 CopyPart-EraseBytes-
#100634	REDUCE cov: 1485 ft: 2929 corp: 304/8446Kb lim: 239306 exec/s: 2340 rss: 497Mb L: 13344/239306 MS: 2 PersAutoDict-EraseBytes- DE: "\001\000\000\000\000\000\000\014"-
#100901	REDUCE cov: 1485 ft: 2929 corp: 304/8446Kb lim: 239306 exec/s: 2346 rss: 497Mb L: 1/239306 MS: 2 EraseBytes-ChangeByte-
#100918	REDUCE cov: 1485 ft: 2929 corp: 304/8446Kb lim: 239306 exec/s: 2346 rss: 497Mb L: 378/239306 MS: 2 ChangeASCIIInt-EraseBytes-
#101099	REDUCE cov: 1485 ft: 2929 corp: 304/8446Kb lim: 239306 exec/s: 2297 rss: 499Mb L: 4/239306 MS: 1 EraseBytes-
#101210	REDUCE cov: 1485 ft: 2929 corp: 304/8435Kb lim: 239306 exec/s: 2300 rss: 499Mb L: 37011/239306 MS: 1 EraseBytes-
#101377	REDUCE cov: 1485 ft: 2929 corp: 304/8435Kb lim: 239306 exec/s: 2304 rss: 499Mb L: 5678/239306 MS: 2 ChangeASCIIInt-EraseBytes-
#101874	REDUCE cov: 1485 ft: 2929 corp: 304/8435Kb lim: 239306 exec/s: 2315 rss: 499Mb L: 97/239306 MS: 2 ShuffleBytes-EraseBytes-
#102041	REDUCE cov: 1485 ft: 2929 corp: 304/8425Kb lim: 239306 exec/s: 2319 rss: 499Mb L: 56470/239306 MS: 2 ChangeASCIIInt-EraseBytes-
#102135	REDUCE cov: 1485 ft: 2929 corp: 304/8420Kb lim: 239306 exec/s: 2321 rss: 499Mb L: 8915/239306 MS: 4 InsertByte-ChangeASCIIInt-ShuffleBytes-EraseBytes-
#102146	REDUCE cov: 1485 ft: 2929 corp: 304/8420Kb lim: 239306 exec/s: 2321 rss: 499Mb L: 4/239306 MS: 1 EraseBytes-
#102159	REDUCE cov: 1485 ft: 2929 corp: 304/8419Kb lim: 239306 exec/s: 2321 rss: 499Mb L: 792/239306 MS: 3 InsertRepeatedBytes-InsertRepeatedBytes-EraseBytes-
#102331	REDUCE cov: 1485 ft: 2929 corp: 304/8392Kb lim: 239306 exec/s: 2325 rss: 499Mb L: 75225/239306 MS: 2 PersAutoDict-EraseBytes- DE: "\000\000\000\000\000\000\000\260"-
#102387	REDUCE cov: 1485 ft: 2929 corp: 304/8392Kb lim: 239306 exec/s: 2326 rss: 499Mb L: 1021/239306 MS: 1 EraseBytes-
#102604	REDUCE cov: 1485 ft: 2929 corp: 304/8392Kb lim: 239306 exec/s: 2331 rss: 499Mb L: 53/239306 MS: 2 ChangeByte-EraseBytes-
#102732	REDUCE cov: 1485 ft: 2929 corp: 304/8392Kb lim: 239306 exec/s: 2334 rss: 499Mb L: 22/239306 MS: 3 InsertByte-ChangeBinInt-EraseBytes-
#102816	REDUCE cov: 1485 ft: 2929 corp: 304/8392Kb lim: 239306 exec/s: 2336 rss: 499Mb L: 142/239306 MS: 4 CrossOver-ChangeBinInt-EraseBytes-PersAutoDict- DE: "(\000\000\000\000\000\000\000"-
#102842	REDUCE cov: 1485 ft: 2929 corp: 304/8392Kb lim: 239306 exec/s: 2337 rss: 499Mb L: 180/239306 MS: 1 EraseBytes-
#103063	REDUCE cov: 1485 ft: 2929 corp: 304/8392Kb lim: 239306 exec/s: 2342 rss: 499Mb L: 136/239306 MS: 1 EraseBytes-
#103194	REDUCE cov: 1485 ft: 2933 corp: 305/8393Kb lim: 239306 exec/s: 2345 rss: 499Mb L: 545/239306 MS: 1 ChangeBit-
#103311	REDUCE cov: 1485 ft: 2933 corp: 305/8390Kb lim: 239306 exec/s: 2347 rss: 499Mb L: 12105/239306 MS: 2 PersAutoDict-EraseBytes- DE: "\003\000\000\000\000\000\000\000"-
#103378	REDUCE cov: 1485 ft: 2933 corp: 305/8390Kb lim: 239306 exec/s: 2349 rss: 499Mb L: 817/239306 MS: 2 ShuffleBytes-EraseBytes-
#103401	REDUCE cov: 1485 ft: 2933 corp: 305/8390Kb lim: 239306 exec/s: 2350 rss: 499Mb L: 94/239306 MS: 3 InsertByte-ChangeBit-EraseBytes-
#103582	REDUCE cov: 1485 ft: 2933 corp: 305/8384Kb lim: 239306 exec/s: 2354 rss: 499Mb L: 33616/239306 MS: 1 EraseBytes-
#103682	REDUCE cov: 1485 ft: 2933 corp: 305/8372Kb lim: 239306 exec/s: 2356 rss: 499Mb L: 25824/239306 MS: 5 CMP-CopyPart-EraseBytes-InsertByte-InsertRepeatedBytes- DE: "\000\000\000\000\000\000\000\260"-
#103967	REDUCE cov: 1485 ft: 2933 corp: 305/8358Kb lim: 239306 exec/s: 2362 rss: 499Mb L: 38594/239306 MS: 5 ChangeBinInt-CopyPart-ChangeASCIIInt-InsertByte-CrossOver-
#104161	REDUCE cov: 1485 ft: 2933 corp: 305/8356Kb lim: 239306 exec/s: 2314 rss: 499Mb L: 7149/239306 MS: 4 ChangeBinInt-ChangeASCIIInt-CopyPart-EraseBytes-
#104187	REDUCE cov: 1485 ft: 2933 corp: 305/8356Kb lim: 239306 exec/s: 2315 rss: 499Mb L: 10/239306 MS: 1 EraseBytes-
#104206	REDUCE cov: 1485 ft: 2933 corp: 305/8356Kb lim: 239306 exec/s: 2315 rss: 499Mb L: 28/239306 MS: 4 InsertByte-ChangeByte-EraseBytes-InsertByte-
#104322	REDUCE cov: 1485 ft: 2933 corp: 305/8356Kb lim: 239306 exec/s: 2318 rss: 499Mb L: 27/239306 MS: 1 EraseBytes-
#105238	REDUCE cov: 1485 ft: 2933 corp: 305/8356Kb lim: 239306 exec/s: 2338 rss: 499Mb L: 86/239306 MS: 1 EraseBytes-
#105259	REDUCE cov: 1485 ft: 2933 corp: 305/8356Kb lim: 239306 exec/s: 2339 rss: 499Mb L: 2076/239306 MS: 1 EraseBytes-
#105372	REDUCE cov: 1485 ft: 2933 corp: 305/8356Kb lim: 239306 exec/s: 2341 rss: 499Mb L: 136/239306 MS: 3 ChangeBit-ChangeBinInt-EraseBytes-
#105658	REDUCE cov: 1485 ft: 2933 corp: 305/8356Kb lim: 239306 exec/s: 2347 rss: 499Mb L: 288/239306 MS: 1 EraseBytes-
#105694	REDUCE cov: 1485 ft: 2933 corp: 305/8356Kb lim: 239306 exec/s: 2348 rss: 499Mb L: 64/239306 MS: 1 EraseBytes-
#105700	REDUCE cov: 1485 ft: 2933 corp: 305/8356Kb lim: 239306 exec/s: 2348 rss: 499Mb L: 4149/239306 MS: 1 EraseBytes-
#105980	REDUCE cov: 1485 ft: 2933 corp: 305/8355Kb lim: 239306 exec/s: 2355 rss: 499Mb L: 104053/239306 MS: 5 ChangeByte-ChangeASCIIInt-InsertRepeatedBytes-PersAutoDict-EraseBytes- DE: "\031\000\000\000\000\000\000\000"-
#106113	REDUCE cov: 1485 ft: 2933 corp: 305/8355Kb lim: 239306 exec/s: 2358 rss: 499Mb L: 670/239306 MS: 3 CrossOver-InsertRepeatedBytes-EraseBytes-
#106126	REDUCE cov: 1485 ft: 2933 corp: 305/8355Kb lim: 239306 exec/s: 2358 rss: 499Mb L: 10788/239306 MS: 3 InsertByte-InsertRepeatedBytes-EraseBytes-
#106134	REDUCE cov: 1485 ft: 2933 corp: 305/8353Kb lim: 239306 exec/s: 2358 rss: 499Mb L: 36914/239306 MS: 3 ChangeByte-ChangeASCIIInt-EraseBytes-
#106145	REDUCE cov: 1485 ft: 2933 corp: 305/8353Kb lim: 239306 exec/s: 2358 rss: 499Mb L: 24/239306 MS: 1 EraseBytes-
#106358	REDUCE cov: 1485 ft: 2933 corp: 305/8353Kb lim: 239306 exec/s: 2363 rss: 499Mb L: 64/239306 MS: 3 ShuffleBytes-InsertRepeatedBytes-EraseBytes-
#106595	REDUCE cov: 1485 ft: 2933 corp: 305/8353Kb lim: 239306 exec/s: 2368 rss: 499Mb L: 2357/239306 MS: 2 ChangeBinInt-EraseBytes-
#106706	REDUCE cov: 1485 ft: 2933 corp: 305/8351Kb lim: 239306 exec/s: 2371 rss: 499Mb L: 31813/239306 MS: 1 EraseBytes-
#106707	REDUCE cov: 1485 ft: 2933 corp: 305/8351Kb lim: 239306 exec/s: 2371 rss: 499Mb L: 540/239306 MS: 1 EraseBytes-
#107089	REDUCE cov: 1485 ft: 2933 corp: 305/8351Kb lim: 239306 exec/s: 2379 rss: 499Mb L: 1873/239306 MS: 2 ChangeBit-EraseBytes-
#107127	REDUCE cov: 1485 ft: 2933 corp: 305/8351Kb lim: 239306 exec/s: 2380 rss: 499Mb L: 15/239306 MS: 3 ShuffleBytes-CMP-EraseBytes- DE: "\377\377\377\377\377\377\377\001"-
#107220	REDUCE cov: 1485 ft: 2933 corp: 305/8351Kb lim: 239306 exec/s: 2330 rss: 499Mb L: 5/239306 MS: 3 ShuffleBytes-ChangeBit-EraseBytes-
#107447	REDUCE cov: 1485 ft: 2933 corp: 305/8351Kb lim: 239306 exec/s: 2335 rss: 499Mb L: 50/239306 MS: 2 PersAutoDict-EraseBytes- DE: "\377\377"-
#107879	REDUCE cov: 1485 ft: 2933 corp: 305/8351Kb lim: 239306 exec/s: 2345 rss: 499Mb L: 105/239306 MS: 2 CopyPart-EraseBytes-
#107918	REDUCE cov: 1485 ft: 2933 corp: 305/8351Kb lim: 239306 exec/s: 2346 rss: 499Mb L: 69/239306 MS: 4 InsertByte-ChangeByte-ChangeByte-EraseBytes-
#108026	REDUCE cov: 1485 ft: 2933 corp: 305/8351Kb lim: 239306 exec/s: 2348 rss: 499Mb L: 52/239306 MS: 3 ChangeBit-CopyPart-EraseBytes-
#108122	REDUCE cov: 1485 ft: 2933 corp: 305/8351Kb lim: 239306 exec/s: 2350 rss: 499Mb L: 176/239306 MS: 1 EraseBytes-
#108468	REDUCE cov: 1485 ft: 2933 corp: 305/8349Kb lim: 239306 exec/s: 2358 rss: 499Mb L: 11861/239306 MS: 1 EraseBytes-
#108504	REDUCE cov: 1485 ft: 2933 corp: 305/8349Kb lim: 239306 exec/s: 2358 rss: 499Mb L: 485/239306 MS: 1 EraseBytes-
#108525	REDUCE cov: 1485 ft: 2933 corp: 305/8349Kb lim: 239306 exec/s: 2359 rss: 499Mb L: 208/239306 MS: 1 EraseBytes-
#108652	REDUCE cov: 1485 ft: 2933 corp: 305/8349Kb lim: 239306 exec/s: 2362 rss: 499Mb L: 30/239306 MS: 2 CrossOver-EraseBytes-
#109028	REDUCE cov: 1485 ft: 2933 corp: 305/8349Kb lim: 239306 exec/s: 2370 rss: 499Mb L: 2/239306 MS: 1 EraseBytes-
#109054	REDUCE cov: 1485 ft: 2933 corp: 305/8347Kb lim: 239306 exec/s: 2370 rss: 499Mb L: 17351/239306 MS: 1 EraseBytes-
#109086	REDUCE cov: 1485 ft: 2933 corp: 305/8347Kb lim: 239306 exec/s: 2371 rss: 499Mb L: 143/239306 MS: 2 ChangeBinInt-EraseBytes-
#109098	REDUCE cov: 1485 ft: 2933 corp: 305/8346Kb lim: 239306 exec/s: 2371 rss: 499Mb L: 7574/239306 MS: 2 ChangeBit-EraseBytes-
#109160	REDUCE cov: 1485 ft: 2933 corp: 305/8344Kb lim: 239306 exec/s: 2373 rss: 499Mb L: 4604/239306 MS: 2 CMP-EraseBytes- DE: "\301\\\002\211\354-\012\221g\354\216e\241\215\353\276^U2\373\356\242\223\370\013\311B\356\220\206\301q"-
#109236	REDUCE cov: 1485 ft: 2944 corp: 306/8345Kb lim: 239306 exec/s: 2374 rss: 499Mb L: 553/239306 MS: 1 PersAutoDict- DE: "\001\000\000\000\000\000\000\020"-
#109337	REDUCE cov: 1485 ft: 2944 corp: 306/8345Kb lim: 239306 exec/s: 2376 rss: 499Mb L: 63/239306 MS: 1 EraseBytes-
#109347	REDUCE cov: 1485 ft: 2944 corp: 306/8345Kb lim: 239306 exec/s: 2377 rss: 499Mb L: 25/239306 MS: 5 CMP-CopyPart-EraseBytes-ChangeByte-InsertByte- DE: "\377\377"-
#109350	REDUCE cov: 1485 ft: 2944 corp: 306/8345Kb lim: 239306 exec/s: 2377 rss: 499Mb L: 736/239306 MS: 3 InsertByte-ChangeBit-EraseBytes-
#109368	REDUCE cov: 1485 ft: 2944 corp: 306/8345Kb lim: 239306 exec/s: 2377 rss: 499Mb L: 764/239306 MS: 3 InsertRepeatedBytes-CopyPart-EraseBytes-
#109369	REDUCE cov: 1485 ft: 2944 corp: 306/8345Kb lim: 239306 exec/s: 2377 rss: 499Mb L: 207/239306 MS: 1 EraseBytes-
#109380	REDUCE cov: 1485 ft: 2944 corp: 306/8341Kb lim: 239306 exec/s: 2377 rss: 499Mb L: 18242/239306 MS: 1 EraseBytes-
#109454	REDUCE cov: 1485 ft: 2944 corp: 306/8341Kb lim: 239306 exec/s: 2379 rss: 499Mb L: 46/239306 MS: 4 PersAutoDict-CMP-InsertByte-EraseBytes- DE: "A\000\000\000\000\000\000\000"-"\377\377"-
#109711	REDUCE cov: 1485 ft: 2944 corp: 306/8339Kb lim: 239306 exec/s: 2385 rss: 499Mb L: 17275/239306 MS: 2 ChangeBit-EraseBytes-
#109740	REDUCE cov: 1485 ft: 2944 corp: 306/8339Kb lim: 239306 exec/s: 2385 rss: 499Mb L: 190/239306 MS: 4 InsertByte-InsertByte-ChangeByte-EraseBytes-
#109781	REDUCE cov: 1485 ft: 2944 corp: 306/8334Kb lim: 239306 exec/s: 2386 rss: 499Mb L: 6525/239306 MS: 1 EraseBytes-
#109846	REDUCE cov: 1485 ft: 2944 corp: 306/8334Kb lim: 239306 exec/s: 2387 rss: 499Mb L: 88/239306 MS: 5 ChangeByte-ChangeByte-InsertByte-ChangeASCIIInt-EraseBytes-
#109854	REDUCE cov: 1485 ft: 2944 corp: 306/8333Kb lim: 239306 exec/s: 2388 rss: 499Mb L: 4918/239306 MS: 3 ChangeByte-ChangeBinInt-EraseBytes-
#109940	REDUCE cov: 1485 ft: 2944 corp: 306/8333Kb lim: 239306 exec/s: 2390 rss: 499Mb L: 85/239306 MS: 1 EraseBytes-
#110228	REDUCE cov: 1485 ft: 2944 corp: 306/8331Kb lim: 239306 exec/s: 2345 rss: 499Mb L: 36941/239306 MS: 3 ChangeBit-CMP-EraseBytes- DE: "\377\377"-
#110329	REDUCE cov: 1485 ft: 2944 corp: 306/8331Kb lim: 239306 exec/s: 2347 rss: 499Mb L: 84/239306 MS: 1 EraseBytes-
#110627	REDUCE cov: 1485 ft: 2944 corp: 306/8330Kb lim: 239306 exec/s: 2353 rss: 499Mb L: 2231/239306 MS: 3 ChangeASCIIInt-ChangeByte-EraseBytes-
#110734	REDUCE cov: 1485 ft: 2944 corp: 306/8330Kb lim: 239306 exec/s: 2356 rss: 499Mb L: 4110/239306 MS: 2 ChangeBinInt-EraseBytes-
#110971	REDUCE cov: 1485 ft: 2944 corp: 306/8330Kb lim: 239306 exec/s: 2361 rss: 499Mb L: 57/239306 MS: 2 ChangeBit-EraseBytes-
#111462	REDUCE cov: 1485 ft: 2944 corp: 306/8330Kb lim: 239306 exec/s: 2371 rss: 499Mb L: 144/239306 MS: 1 EraseBytes-
#111718	REDUCE cov: 1485 ft: 2944 corp: 306/8330Kb lim: 239306 exec/s: 2376 rss: 499Mb L: 168/239306 MS: 1 EraseBytes-
#111829	REDUCE cov: 1485 ft: 2944 corp: 306/8330Kb lim: 239306 exec/s: 2379 rss: 499Mb L: 518/239306 MS: 1 EraseBytes-
#112570	REDUCE cov: 1485 ft: 2944 corp: 306/8326Kb lim: 239306 exec/s: 2395 rss: 499Mb L: 12499/239306 MS: 1 EraseBytes-
#112639	REDUCE cov: 1485 ft: 2944 corp: 306/8326Kb lim: 239306 exec/s: 2396 rss: 499Mb L: 46/239306 MS: 4 ChangeBinInt-ChangeBit-ChangeByte-EraseBytes-
#113139	REDUCE cov: 1485 ft: 2944 corp: 306/8325Kb lim: 239306 exec/s: 2407 rss: 499Mb L: 396/239306 MS: 5 ChangeByte-CopyPart-ChangeBinInt-ChangeBit-EraseBytes-
#113340	REDUCE cov: 1485 ft: 2944 corp: 306/8325Kb lim: 239306 exec/s: 2411 rss: 499Mb L: 249/239306 MS: 1 EraseBytes-
#113343	REDUCE cov: 1485 ft: 2944 corp: 306/8325Kb lim: 239306 exec/s: 2411 rss: 499Mb L: 1248/239306 MS: 3 ChangeBinInt-ChangeByte-EraseBytes-
#113344	REDUCE cov: 1485 ft: 2944 corp: 306/8325Kb lim: 239306 exec/s: 2411 rss: 499Mb L: 37/239306 MS: 1 EraseBytes-
#113460	REDUCE cov: 1485 ft: 2944 corp: 306/8325Kb lim: 239306 exec/s: 2414 rss: 499Mb L: 51/239306 MS: 1 EraseBytes-
#114031	REDUCE cov: 1485 ft: 2944 corp: 306/8325Kb lim: 239306 exec/s: 2375 rss: 499Mb L: 555/239306 MS: 1 EraseBytes-
#114167	REDUCE cov: 1485 ft: 2944 corp: 306/8325Kb lim: 239306 exec/s: 2378 rss: 499Mb L: 562/239306 MS: 1 EraseBytes-
#114169	REDUCE cov: 1485 ft: 2944 corp: 306/8324Kb lim: 239306 exec/s: 2378 rss: 499Mb L: 26369/239306 MS: 2 CrossOver-EraseBytes-
#114581	REDUCE cov: 1485 ft: 2944 corp: 306/8323Kb lim: 239306 exec/s: 2387 rss: 499Mb L: 285/239306 MS: 2 ChangeByte-EraseBytes-
#114745	REDUCE cov: 1485 ft: 2944 corp: 306/8258Kb lim: 239306 exec/s: 2390 rss: 499Mb L: 166275/239306 MS: 4 InsertRepeatedBytes-CopyPart-EraseBytes-CopyPart-
#114757	REDUCE cov: 1485 ft: 2944 corp: 306/8255Kb lim: 239306 exec/s: 2390 rss: 499Mb L: 12467/239306 MS: 2 PersAutoDict-EraseBytes- DE: "UUUUUUU\005"-
#114980	REDUCE cov: 1485 ft: 2944 corp: 306/8251Kb lim: 239306 exec/s: 2395 rss: 499Mb L: 11440/239306 MS: 3 PersAutoDict-ChangeASCIIInt-EraseBytes- DE: "\002\000\000\000\000\000\000\000"-
#115126	REDUCE cov: 1485 ft: 2944 corp: 306/8220Kb lim: 239306 exec/s: 2398 rss: 499Mb L: 47248/239306 MS: 1 CrossOver-
#115304	REDUCE cov: 1485 ft: 2944 corp: 306/8218Kb lim: 239306 exec/s: 2402 rss: 499Mb L: 10490/239306 MS: 3 CrossOver-InsertByte-EraseBytes-
#115447	REDUCE cov: 1485 ft: 2944 corp: 306/8218Kb lim: 239306 exec/s: 2405 rss: 499Mb L: 63/239306 MS: 3 CMP-ChangeBit-EraseBytes- DE: "\000\000\000\000\000\000\000\000"-
#115642	REDUCE cov: 1485 ft: 2944 corp: 306/8206Kb lim: 239306 exec/s: 2409 rss: 499Mb L: 6513/239306 MS: 5 ChangeByte-EraseBytes-InsertRepeatedBytes-InsertRepeatedBytes-EraseBytes-
#115644	REDUCE cov: 1485 ft: 2944 corp: 306/8195Kb lim: 239306 exec/s: 2409 rss: 499Mb L: 63831/239306 MS: 2 ChangeASCIIInt-EraseBytes-
#115695	REDUCE cov: 1485 ft: 2944 corp: 306/8195Kb lim: 239306 exec/s: 2410 rss: 499Mb L: 20/239306 MS: 1 EraseBytes-
#115711	REDUCE cov: 1485 ft: 2944 corp: 306/8195Kb lim: 239306 exec/s: 2410 rss: 499Mb L: 42/239306 MS: 1 EraseBytes-
#115829	REDUCE cov: 1485 ft: 2944 corp: 306/8175Kb lim: 239306 exec/s: 2413 rss: 499Mb L: 136755/239306 MS: 3 ChangeASCIIInt-PersAutoDict-CrossOver- DE: "\001\000\000\000\000\000\000\000"-
#115845	REDUCE cov: 1485 ft: 2944 corp: 306/8172Kb lim: 239306 exec/s: 2413 rss: 499Mb L: 19875/239306 MS: 1 EraseBytes-
#116041	REDUCE cov: 1485 ft: 2944 corp: 306/8169Kb lim: 239306 exec/s: 2417 rss: 499Mb L: 45366/239306 MS: 1 EraseBytes-
#116284	REDUCE cov: 1485 ft: 2944 corp: 306/8004Kb lim: 239306 exec/s: 2422 rss: 499Mb L: 66398/239306 MS: 3 CrossOver-PersAutoDict-InsertRepeatedBytes- DE: "\001\000"-
#116410	REDUCE cov: 1485 ft: 2944 corp: 306/8004Kb lim: 239306 exec/s: 2425 rss: 499Mb L: 248/239306 MS: 1 EraseBytes-
#116456	REDUCE cov: 1485 ft: 2944 corp: 306/8004Kb lim: 239306 exec/s: 2426 rss: 499Mb L: 547/239306 MS: 1 EraseBytes-
#116762	REDUCE cov: 1485 ft: 2944 corp: 306/8001Kb lim: 239306 exec/s: 2382 rss: 499Mb L: 21342/239306 MS: 1 EraseBytes-
#116869	REDUCE cov: 1485 ft: 2944 corp: 306/8001Kb lim: 239306 exec/s: 2385 rss: 502Mb L: 30/239306 MS: 2 ChangeBinInt-EraseBytes-
#116871	REDUCE cov: 1485 ft: 2944 corp: 306/8000Kb lim: 239306 exec/s: 2385 rss: 502Mb L: 3616/239306 MS: 2 ShuffleBytes-EraseBytes-
#116883	REDUCE cov: 1485 ft: 2944 corp: 306/8000Kb lim: 239306 exec/s: 2385 rss: 502Mb L: 54/239306 MS: 2 InsertByte-EraseBytes-
#116998	REDUCE cov: 1485 ft: 2944 corp: 306/8000Kb lim: 239306 exec/s: 2387 rss: 502Mb L: 16292/239306 MS: 5 PersAutoDict-ChangeASCIIInt-ChangeASCIIInt-ChangeBit-EraseBytes- DE: "\000\000\000\000\000\000\000\020"-
#117056	REDUCE cov: 1485 ft: 2944 corp: 306/8000Kb lim: 239306 exec/s: 2388 rss: 502Mb L: 33/239306 MS: 3 ShuffleBytes-ChangeBinInt-EraseBytes-
#117155	REDUCE cov: 1485 ft: 2944 corp: 306/8000Kb lim: 239306 exec/s: 2390 rss: 502Mb L: 38/239306 MS: 4 PersAutoDict-ChangeBinInt-PersAutoDict-EraseBytes- DE: "\000\000\000\000\000\000\000$"-"\001k\302o\\{\000\000"-
#117292	REDUCE cov: 1485 ft: 2944 corp: 306/8000Kb lim: 239306 exec/s: 2393 rss: 502Mb L: 1/239306 MS: 2 ChangeBit-EraseBytes-
#117455	REDUCE cov: 1485 ft: 2944 corp: 306/8000Kb lim: 239306 exec/s: 2397 rss: 502Mb L: 36/239306 MS: 3 InsertByte-ChangeBit-EraseBytes-
#117461	REDUCE cov: 1485 ft: 2944 corp: 306/8000Kb lim: 239306 exec/s: 2397 rss: 502Mb L: 3/239306 MS: 1 EraseBytes-
#117538	REDUCE cov: 1485 ft: 2944 corp: 306/8000Kb lim: 239306 exec/s: 2398 rss: 502Mb L: 485/239306 MS: 2 InsertByte-EraseBytes-
#117544	REDUCE cov: 1485 ft: 2944 corp: 306/7999Kb lim: 239306 exec/s: 2398 rss: 502Mb L: 12592/239306 MS: 1 EraseBytes-
#117747	REDUCE cov: 1485 ft: 2944 corp: 306/7999Kb lim: 239306 exec/s: 2403 rss: 502Mb L: 376/239306 MS: 3 ChangeASCIIInt-ChangeBit-EraseBytes-
#118009	REDUCE cov: 1485 ft: 2944 corp: 306/7999Kb lim: 239306 exec/s: 2408 rss: 502Mb L: 80/239306 MS: 2 ChangeBit-EraseBytes-
#118016	REDUCE cov: 1485 ft: 2944 corp: 306/7999Kb lim: 239306 exec/s: 2408 rss: 502Mb L: 54/239306 MS: 2 CMP-EraseBytes- DE: "\000\000\000\000\000\000\000\000"-
#118028	REDUCE cov: 1485 ft: 2944 corp: 306/7998Kb lim: 239306 exec/s: 2408 rss: 502Mb L: 1563/239306 MS: 2 ChangeByte-EraseBytes-
#118212	REDUCE cov: 1485 ft: 2944 corp: 306/7998Kb lim: 239306 exec/s: 2412 rss: 502Mb L: 21/239306 MS: 4 EraseBytes-ChangeBit-InsertByte-CrossOver-
#118854	REDUCE cov: 1485 ft: 2946 corp: 307/7998Kb lim: 239306 exec/s: 2425 rss: 502Mb L: 407/239306 MS: 2 ChangeBinInt-InsertRepeatedBytes-
#118980	REDUCE cov: 1485 ft: 2946 corp: 307/7998Kb lim: 239306 exec/s: 2428 rss: 502Mb L: 301/239306 MS: 1 EraseBytes-
#119137	REDUCE cov: 1485 ft: 2946 corp: 307/7996Kb lim: 239306 exec/s: 2431 rss: 502Mb L: 9353/239306 MS: 2 ShuffleBytes-EraseBytes-
#119207	REDUCE cov: 1485 ft: 2946 corp: 307/7996Kb lim: 239306 exec/s: 2432 rss: 502Mb L: 84/239306 MS: 5 PersAutoDict-InsertByte-ChangeBinInt-ChangeBinInt-EraseBytes- DE: "\377\377\377\377"-
#119309	REDUCE cov: 1485 ft: 2946 corp: 307/7996Kb lim: 239306 exec/s: 2434 rss: 502Mb L: 152/239306 MS: 2 PersAutoDict-EraseBytes- DE: "\015\000\000\000\000\000\000\000"-
#119492	REDUCE cov: 1485 ft: 2946 corp: 307/7995Kb lim: 239306 exec/s: 2438 rss: 502Mb L: 3960/239306 MS: 3 ChangeBinInt-ChangeByte-EraseBytes-
#119505	REDUCE cov: 1485 ft: 2946 corp: 307/7975Kb lim: 239306 exec/s: 2438 rss: 502Mb L: 131972/239306 MS: 3 InsertByte-EraseBytes-CopyPart-
#119631	REDUCE cov: 1485 ft: 2946 corp: 307/7975Kb lim: 239306 exec/s: 2441 rss: 502Mb L: 2/239306 MS: 1 EraseBytes-
#119677	REDUCE cov: 1485 ft: 2946 corp: 307/7953Kb lim: 239306 exec/s: 2442 rss: 502Mb L: 73140/239306 MS: 1 EraseBytes-
#119928	REDUCE cov: 1485 ft: 2946 corp: 307/7938Kb lim: 239306 exec/s: 2447 rss: 502Mb L: 104300/239306 MS: 1 EraseBytes-
#119950	REDUCE cov: 1485 ft: 2946 corp: 307/7937Kb lim: 239306 exec/s: 2447 rss: 502Mb L: 390/239306 MS: 2 ShuffleBytes-EraseBytes-
#120057	REDUCE cov: 1485 ft: 2946 corp: 307/7937Kb lim: 239306 exec/s: 2401 rss: 502Mb L: 22/239306 MS: 2 EraseBytes-PersAutoDict- DE: "\003\000\000\000\000\000\000\000"-
#120153	REDUCE cov: 1485 ft: 2946 corp: 307/7937Kb lim: 239306 exec/s: 2403 rss: 502Mb L: 2320/239306 MS: 1 EraseBytes-
#120226	REDUCE cov: 1485 ft: 2946 corp: 307/7937Kb lim: 239306 exec/s: 2404 rss: 502Mb L: 23124/239306 MS: 3 ChangeByte-ChangeBit-EraseBytes-
#120653	REDUCE cov: 1485 ft: 2946 corp: 307/7936Kb lim: 239306 exec/s: 2413 rss: 502Mb L: 11688/239306 MS: 2 InsertByte-EraseBytes-
#120999	REDUCE cov: 1485 ft: 2946 corp: 307/7936Kb lim: 239306 exec/s: 2419 rss: 502Mb L: 85/239306 MS: 1 EraseBytes-
#121089	REDUCE cov: 1485 ft: 2946 corp: 307/7923Kb lim: 239306 exec/s: 2421 rss: 502Mb L: 152392/239306 MS: 5 ChangeBinInt-CMP-ShuffleBytes-PersAutoDict-EraseBytes- DE: "\265\000\000\000\000\000\000\000"-"\001\000\000\000\000\000\000\000"-
#121236	REDUCE cov: 1485 ft: 2946 corp: 307/7923Kb lim: 239306 exec/s: 2424 rss: 502Mb L: 28/239306 MS: 2 ShuffleBytes-EraseBytes-
#121618	REDUCE cov: 1485 ft: 2946 corp: 307/7923Kb lim: 239306 exec/s: 2432 rss: 502Mb L: 60/239306 MS: 2 ShuffleBytes-EraseBytes-
#121780	REDUCE cov: 1485 ft: 2946 corp: 307/7923Kb lim: 239306 exec/s: 2435 rss: 502Mb L: 227/239306 MS: 2 ShuffleBytes-EraseBytes-
#122001	REDUCE cov: 1485 ft: 2946 corp: 307/7923Kb lim: 239306 exec/s: 2440 rss: 502Mb L: 127/239306 MS: 1 EraseBytes-
#122113	REDUCE cov: 1485 ft: 2946 corp: 307/7922Kb lim: 239306 exec/s: 2442 rss: 502Mb L: 19661/239306 MS: 2 ChangeBit-EraseBytes-
#122491	REDUCE cov: 1485 ft: 2946 corp: 307/7885Kb lim: 239306 exec/s: 2449 rss: 502Mb L: 51462/239306 MS: 3 ShuffleBytes-ChangeBit-EraseBytes-
#122740	REDUCE cov: 1485 ft: 2946 corp: 307/7885Kb lim: 239306 exec/s: 2454 rss: 502Mb L: 31/239306 MS: 4 InsertByte-PersAutoDict-ShuffleBytes-EraseBytes- DE: "\377\377\377\377\000\000\000\001"-
#122788	REDUCE cov: 1485 ft: 2946 corp: 307/7885Kb lim: 239306 exec/s: 2455 rss: 502Mb L: 237/239306 MS: 3 ChangeBinInt-PersAutoDict-EraseBytes- DE: "\020\377\377\377\377\377\377\377"-
#122836	REDUCE cov: 1485 ft: 2946 corp: 307/7885Kb lim: 239306 exec/s: 2456 rss: 502Mb L: 57/239306 MS: 3 ShuffleBytes-ChangeBinInt-EraseBytes-
#122974	REDUCE cov: 1485 ft: 2946 corp: 307/7848Kb lim: 239306 exec/s: 2459 rss: 502Mb L: 114515/239306 MS: 3 CrossOver-ChangeByte-EraseBytes-
#123251	REDUCE cov: 1485 ft: 2946 corp: 307/7845Kb lim: 239306 exec/s: 2416 rss: 502Mb L: 101078/239306 MS: 2 ShuffleBytes-EraseBytes-
#123387	REDUCE cov: 1485 ft: 2946 corp: 307/7845Kb lim: 239306 exec/s: 2419 rss: 502Mb L: 79/239306 MS: 1 EraseBytes-
#123526	REDUCE cov: 1485 ft: 2946 corp: 307/7845Kb lim: 239306 exec/s: 2422 rss: 502Mb L: 138/239306 MS: 4 InsertByte-ShuffleBytes-EraseBytes-PersAutoDict- DE: "\001\000\000\000\377\377\377\377"-
#123768	REDUCE cov: 1485 ft: 2946 corp: 307/7845Kb lim: 239306 exec/s: 2426 rss: 502Mb L: 18/239306 MS: 2 ChangeByte-EraseBytes-
#123772	REDUCE cov: 1485 ft: 2946 corp: 307/7843Kb lim: 239306 exec/s: 2426 rss: 502Mb L: 22571/239306 MS: 4 InsertByte-CopyPart-ChangeBinInt-EraseBytes-
#123947	REDUCE cov: 1485 ft: 2946 corp: 307/7842Kb lim: 239306 exec/s: 2430 rss: 502Mb L: 36453/239306 MS: 5 ChangeByte-ChangeASCIIInt-CMP-ChangeBinInt-EraseBytes- DE: "\001\000"-
#124009	REDUCE cov: 1485 ft: 2946 corp: 307/7842Kb lim: 239306 exec/s: 2431 rss: 502Mb L: 6227/239306 MS: 2 ChangeASCIIInt-EraseBytes-
#124170	REDUCE cov: 1485 ft: 2946 corp: 307/7841Kb lim: 239306 exec/s: 2434 rss: 502Mb L: 10195/239306 MS: 1 EraseBytes-
#124182	REDUCE cov: 1485 ft: 2946 corp: 307/7841Kb lim: 239306 exec/s: 2434 rss: 502Mb L: 3/239306 MS: 2 ShuffleBytes-EraseBytes-
#124534	REDUCE cov: 1485 ft: 2946 corp: 307/7841Kb lim: 239306 exec/s: 2441 rss: 502Mb L: 92/239306 MS: 2 ShuffleBytes-EraseBytes-
#125036	REDUCE cov: 1485 ft: 2946 corp: 307/7833Kb lim: 239306 exec/s: 2451 rss: 502Mb L: 106641/239306 MS: 2 ChangeASCIIInt-EraseBytes-
#125184	REDUCE cov: 1485 ft: 2946 corp: 307/7832Kb lim: 239306 exec/s: 2454 rss: 502Mb L: 2934/239306 MS: 3 CrossOver-CMP-EraseBytes- DE: "\000\000\000\000\000\000\000\010"-
#125232	REDUCE cov: 1485 ft: 2946 corp: 307/7832Kb lim: 239306 exec/s: 2455 rss: 502Mb L: 23/239306 MS: 3 CrossOver-EraseBytes-ShuffleBytes-
#125248	REDUCE cov: 1485 ft: 2946 corp: 307/7832Kb lim: 239306 exec/s: 2455 rss: 502Mb L: 27/239306 MS: 1 EraseBytes-
#125417	REDUCE cov: 1485 ft: 2946 corp: 307/7822Kb lim: 239306 exec/s: 2459 rss: 502Mb L: 26169/239306 MS: 4 ChangeASCIIInt-CopyPart-PersAutoDict-EraseBytes- DE: "\001k\302o\\{\000\000"-
#125430	REDUCE cov: 1485 ft: 2946 corp: 307/7810Kb lim: 239306 exec/s: 2459 rss: 502Mb L: 24545/239306 MS: 3 ChangeBinInt-CMP-EraseBytes- DE: "\354\001\000\000\000\000\000\000"-
#125620	REDUCE cov: 1485 ft: 2946 corp: 307/7809Kb lim: 239306 exec/s: 2463 rss: 502Mb L: 964/239306 MS: 5 PersAutoDict-ShuffleBytes-CrossOver-PersAutoDict-EraseBytes- DE: "\377\377\377\377\377\377\000\271"-"\003\000\000\000\000\000\000\000"-
#125766	REDUCE cov: 1485 ft: 2946 corp: 307/7809Kb lim: 239306 exec/s: 2466 rss: 502Mb L: 18/239306 MS: 1 EraseBytes-
#125769	REDUCE cov: 1485 ft: 2946 corp: 307/7808Kb lim: 239306 exec/s: 2466 rss: 502Mb L: 5194/239306 MS: 3 ChangeASCIIInt-CopyPart-EraseBytes-
#125815	REDUCE cov: 1485 ft: 2946 corp: 307/7808Kb lim: 239306 exec/s: 2466 rss: 502Mb L: 6214/239306 MS: 1 EraseBytes-
#125836	REDUCE cov: 1485 ft: 2946 corp: 307/7808Kb lim: 239306 exec/s: 2467 rss: 502Mb L: 164/239306 MS: 1 EraseBytes-
#125972	REDUCE cov: 1485 ft: 2946 corp: 307/7806Kb lim: 239306 exec/s: 2470 rss: 502Mb L: 8707/239306 MS: 1 EraseBytes-
#126217	REDUCE cov: 1485 ft: 2946 corp: 307/7806Kb lim: 239306 exec/s: 2427 rss: 502Mb L: 76/239306 MS: 5 ChangeByte-CopyPart-EraseBytes-CopyPart-PersAutoDict- DE: "\015\000\000\000\000\000\000\000"-
#126658	REDUCE cov: 1485 ft: 2946 corp: 307/7806Kb lim: 239306 exec/s: 2435 rss: 502Mb L: 216/239306 MS: 1 EraseBytes-
#127026	REDUCE cov: 1485 ft: 2946 corp: 307/7782Kb lim: 239306 exec/s: 2442 rss: 502Mb L: 176200/239306 MS: 3 ChangeBit-ChangeASCIIInt-EraseBytes-
#127104	REDUCE cov: 1485 ft: 2946 corp: 307/7782Kb lim: 239306 exec/s: 2444 rss: 502Mb L: 50/239306 MS: 3 InsertByte-InsertByte-EraseBytes-
#127298	REDUCE cov: 1485 ft: 2946 corp: 307/7782Kb lim: 239306 exec/s: 2448 rss: 502Mb L: 110/239306 MS: 4 ChangeBit-InsertByte-CrossOver-EraseBytes-
#127419	REDUCE cov: 1485 ft: 2946 corp: 307/7782Kb lim: 239306 exec/s: 2450 rss: 502Mb L: 194/239306 MS: 1 EraseBytes-
#127705	REDUCE cov: 1485 ft: 2946 corp: 307/7782Kb lim: 239306 exec/s: 2455 rss: 502Mb L: 15/239306 MS: 1 EraseBytes-
#127953	REDUCE cov: 1485 ft: 2946 corp: 307/7782Kb lim: 239306 exec/s: 2460 rss: 502Mb L: 108/239306 MS: 3 ShuffleBytes-CMP-EraseBytes- DE: "\020\000\000\000\000\000\000\000"-
#128034	REDUCE cov: 1485 ft: 2946 corp: 307/7782Kb lim: 239306 exec/s: 2462 rss: 502Mb L: 6254/239306 MS: 1 EraseBytes-
#128100	REDUCE cov: 1485 ft: 2946 corp: 307/7782Kb lim: 239306 exec/s: 2463 rss: 502Mb L: 172/239306 MS: 1 EraseBytes-
#128346	REDUCE cov: 1485 ft: 2946 corp: 307/7782Kb lim: 239306 exec/s: 2468 rss: 502Mb L: 96/239306 MS: 1 EraseBytes-
#128455	REDUCE cov: 1485 ft: 2946 corp: 307/7781Kb lim: 239306 exec/s: 2470 rss: 502Mb L: 34057/239306 MS: 4 ChangeBit-ChangeByte-CMP-EraseBytes- DE: "\377\377\377\377"-
#128957	REDUCE cov: 1485 ft: 2946 corp: 307/7775Kb lim: 239306 exec/s: 2479 rss: 502Mb L: 50887/239306 MS: 2 ChangeBinInt-EraseBytes-
#128973	REDUCE cov: 1485 ft: 2946 corp: 307/7775Kb lim: 239306 exec/s: 2480 rss: 502Mb L: 1345/239306 MS: 1 EraseBytes-
#129035	REDUCE cov: 1485 ft: 2946 corp: 307/7775Kb lim: 239306 exec/s: 2481 rss: 502Mb L: 58/239306 MS: 2 InsertByte-EraseBytes-
#129059	REDUCE cov: 1485 ft: 2946 corp: 307/7775Kb lim: 239306 exec/s: 2481 rss: 502Mb L: 71/239306 MS: 4 ChangeBinInt-ChangeByte-PersAutoDict-EraseBytes- DE: "\000\000\000\000\000\000\000\026"-
#129396	REDUCE cov: 1485 ft: 2946 corp: 307/7775Kb lim: 239306 exec/s: 2488 rss: 502Mb L: 54/239306 MS: 2 ShuffleBytes-EraseBytes-
#129502	REDUCE cov: 1485 ft: 2946 corp: 307/7771Kb lim: 239306 exec/s: 2443 rss: 502Mb L: 51889/239306 MS: 1 EraseBytes-
#129505	REDUCE cov: 1485 ft: 2946 corp: 307/7771Kb lim: 239306 exec/s: 2443 rss: 502Mb L: 31/239306 MS: 3 EraseBytes-ShuffleBytes-InsertByte-
#129534	REDUCE cov: 1485 ft: 2946 corp: 307/7771Kb lim: 239306 exec/s: 2444 rss: 502Mb L: 90/239306 MS: 4 ChangeBit-ChangeBit-PersAutoDict-EraseBytes- DE: "\000\000\000\000\000\000\000\010"-
#130036	REDUCE cov: 1485 ft: 2954 corp: 308/7773Kb lim: 239306 exec/s: 2453 rss: 502Mb L: 1825/239306 MS: 2 CMP-PersAutoDict- DE: "\301\\\002\211\354-\012\221g\354\216e\241\215\353\276^U2\373\356\242\223\370\013\311B\356\220\206\301q"-"\001\000\000\000\000\000\001\332"-
#130059	REDUCE cov: 1485 ft: 2954 corp: 308/7773Kb lim: 239306 exec/s: 2453 rss: 502Mb L: 648/239306 MS: 3 PersAutoDict-ChangeASCIIInt-EraseBytes- DE: "\375\321\275\311O\010\324\373"-
#130110	REDUCE cov: 1485 ft: 2954 corp: 308/7772Kb lim: 239306 exec/s: 2454 rss: 502Mb L: 50248/239306 MS: 1 EraseBytes-
#130151	REDUCE cov: 1485 ft: 2954 corp: 308/7772Kb lim: 239306 exec/s: 2455 rss: 502Mb L: 144/239306 MS: 1 EraseBytes-
#130357	REDUCE cov: 1485 ft: 2954 corp: 308/7768Kb lim: 239306 exec/s: 2459 rss: 502Mb L: 17562/239306 MS: 1 EraseBytes-
#130413	REDUCE cov: 1485 ft: 2954 corp: 308/7768Kb lim: 239306 exec/s: 2460 rss: 502Mb L: 3952/239306 MS: 1 EraseBytes-
#130416	REDUCE cov: 1485 ft: 2954 corp: 308/7768Kb lim: 239306 exec/s: 2460 rss: 502Mb L: 291/239306 MS: 3 EraseBytes-InsertRepeatedBytes-EraseBytes-
#130678	REDUCE cov: 1485 ft: 2954 corp: 308/7767Kb lim: 239306 exec/s: 2465 rss: 502Mb L: 14938/239306 MS: 2 InsertByte-EraseBytes-
#130709	REDUCE cov: 1485 ft: 2954 corp: 308/7766Kb lim: 239306 exec/s: 2466 rss: 502Mb L: 17462/239306 MS: 1 EraseBytes-
#131072	pulse  cov: 1485 ft: 2954 corp: 308/7766Kb lim: 239306 exec/s: 2473 rss: 502Mb
#131161	REDUCE cov: 1485 ft: 2954 corp: 308/7766Kb lim: 239306 exec/s: 2474 rss: 502Mb L: 11/239306 MS: 2 EraseBytes-CopyPart-
#131287	REDUCE cov: 1485 ft: 2955 corp: 309/7766Kb lim: 239306 exec/s: 2477 rss: 502Mb L: 79/239306 MS: 1 CopyPart-
#131385	REDUCE cov: 1485 ft: 2955 corp: 309/7759Kb lim: 239306 exec/s: 2478 rss: 502Mb L: 45693/239306 MS: 3 ChangeBinInt-EraseBytes-CrossOver-
#131544	REDUCE cov: 1485 ft: 2955 corp: 309/7759Kb lim: 239306 exec/s: 2481 rss: 502Mb L: 29/239306 MS: 4 CopyPart-CopyPart-ChangeBit-EraseBytes-
#132266	REDUCE cov: 1485 ft: 2955 corp: 309/7759Kb lim: 239306 exec/s: 2495 rss: 502Mb L: 18/239306 MS: 2 CrossOver-EraseBytes-
#132734	REDUCE cov: 1485 ft: 2955 corp: 309/7759Kb lim: 239306 exec/s: 2458 rss: 502Mb L: 7959/239306 MS: 3 InsertByte-CopyPart-EraseBytes-
#132878	REDUCE cov: 1485 ft: 2955 corp: 309/7759Kb lim: 239306 exec/s: 2460 rss: 502Mb L: 7821/239306 MS: 4 ShuffleBytes-ChangeBit-InsertByte-EraseBytes-
#133055	REDUCE cov: 1485 ft: 2955 corp: 309/7759Kb lim: 239306 exec/s: 2463 rss: 502Mb L: 88/239306 MS: 2 ChangeBinInt-EraseBytes-
#133058	REDUCE cov: 1485 ft: 2955 corp: 309/7755Kb lim: 239306 exec/s: 2464 rss: 502Mb L: 4568/239306 MS: 3 InsertByte-ChangeBit-EraseBytes-
#133320	REDUCE cov: 1485 ft: 2955 corp: 309/7754Kb lim: 239306 exec/s: 2468 rss: 502Mb L: 25000/239306 MS: 2 ChangeBit-EraseBytes-
#133783	REDUCE cov: 1485 ft: 2955 corp: 309/7753Kb lim: 239306 exec/s: 2477 rss: 502Mb L: 25292/239306 MS: 3 ChangeByte-CMP-EraseBytes- DE: "\000\000\000\000"-
#133788	REDUCE cov: 1485 ft: 2955 corp: 309/7753Kb lim: 239306 exec/s: 2477 rss: 502Mb L: 945/239306 MS: 5 CopyPart-CopyPart-PersAutoDict-CMP-EraseBytes- DE: "\000\000\000\000\000\000\000M"-"\000\000\000\000"-
#133881	REDUCE cov: 1485 ft: 2955 corp: 309/7753Kb lim: 239306 exec/s: 2479 rss: 502Mb L: 915/239306 MS: 3 PersAutoDict-CrossOver-EraseBytes- DE: "\377\377\377\377\377\377\377\025"-
#133923	REDUCE cov: 1485 ft: 2955 corp: 309/7753Kb lim: 239306 exec/s: 2480 rss: 502Mb L: 42/239306 MS: 2 ShuffleBytes-EraseBytes-
#134044	REDUCE cov: 1485 ft: 2955 corp: 309/7753Kb lim: 239306 exec/s: 2482 rss: 502Mb L: 11664/239306 MS: 1 EraseBytes-
#134072	REDUCE cov: 1485 ft: 2955 corp: 309/7753Kb lim: 239306 exec/s: 2482 rss: 502Mb L: 17/239306 MS: 3 EraseBytes-ChangeByte-InsertByte-
#134164	REDUCE cov: 1485 ft: 2955 corp: 309/7740Kb lim: 239306 exec/s: 2484 rss: 502Mb L: 70005/239306 MS: 2 PersAutoDict-EraseBytes- DE: "\000\000\000\000\001\000\000\001"-
#134167	REDUCE cov: 1485 ft: 2955 corp: 309/7740Kb lim: 239306 exec/s: 2484 rss: 502Mb L: 1274/239306 MS: 3 ShuffleBytes-ChangeASCIIInt-EraseBytes-
#134378	REDUCE cov: 1485 ft: 2955 corp: 309/7724Kb lim: 239306 exec/s: 2488 rss: 502Mb L: 91032/239306 MS: 1 EraseBytes-
#134682	REDUCE cov: 1485 ft: 2955 corp: 309/7724Kb lim: 239306 exec/s: 2494 rss: 502Mb L: 33/239306 MS: 4 CMP-ChangeBinInt-ShuffleBytes-EraseBytes- DE: "\014\000\000\000\000\000\000\000"-
#134707	REDUCE cov: 1485 ft: 2955 corp: 309/7724Kb lim: 239306 exec/s: 2494 rss: 502Mb L: 26/239306 MS: 5 InsertByte-ShuffleBytes-ChangeByte-EraseBytes-PersAutoDict- DE: "\377\377\377\377\377\377\377\025"-
#134885	REDUCE cov: 1485 ft: 2955 corp: 309/7724Kb lim: 239306 exec/s: 2497 rss: 502Mb L: 185/239306 MS: 3 ChangeBit-EraseBytes-PersAutoDict- DE: "\000\000\000\000\000\000\000 "-
#135317	REDUCE cov: 1485 ft: 2955 corp: 309/7724Kb lim: 239306 exec/s: 2505 rss: 502Mb L: 136/239306 MS: 2 InsertByte-EraseBytes-
#135410	REDUCE cov: 1485 ft: 2955 corp: 309/7724Kb lim: 239306 exec/s: 2507 rss: 502Mb L: 237/239306 MS: 3 CrossOver-PersAutoDict-EraseBytes- DE: "\003I$\222I$\222I"-
#135561	REDUCE cov: 1485 ft: 2955 corp: 309/7693Kb lim: 239306 exec/s: 2510 rss: 502Mb L: 52995/239306 MS: 1 EraseBytes-
#135617	REDUCE cov: 1485 ft: 2955 corp: 309/7688Kb lim: 239306 exec/s: 2511 rss: 502Mb L: 14507/239306 MS: 1 EraseBytes-
#135771	REDUCE cov: 1485 ft: 2955 corp: 309/7673Kb lim: 239306 exec/s: 2514 rss: 502Mb L: 84174/239306 MS: 4 ChangeASCIIInt-PersAutoDict-InsertRepeatedBytes-EraseBytes- DE: "A\000\000\000\000\000\000\000"-
#135848	REDUCE cov: 1485 ft: 2955 corp: 309/7673Kb lim: 239306 exec/s: 2515 rss: 502Mb L: 28/239306 MS: 2 ShuffleBytes-EraseBytes-
#135989	REDUCE cov: 1485 ft: 2955 corp: 309/7673Kb lim: 239306 exec/s: 2518 rss: 502Mb L: 122/239306 MS: 1 EraseBytes-
#136101	REDUCE cov: 1485 ft: 2955 corp: 309/7672Kb lim: 239306 exec/s: 2520 rss: 502Mb L: 5212/239306 MS: 2 CMP-EraseBytes- DE: "\001\000\000\000"-
#136112	REDUCE cov: 1485 ft: 2955 corp: 309/7672Kb lim: 239306 exec/s: 2520 rss: 502Mb L: 28/239306 MS: 1 EraseBytes-
#136352	REDUCE cov: 1485 ft: 2955 corp: 309/7672Kb lim: 239306 exec/s: 2525 rss: 502Mb L: 477/239306 MS: 5 PersAutoDict-CopyPart-ChangeBinInt-InsertRepeatedBytes-EraseBytes- DE: "\000\000\000\000\000\000\000M"-
#136418	REDUCE cov: 1485 ft: 2955 corp: 309/7669Kb lim: 239306 exec/s: 2526 rss: 502Mb L: 31074/239306 MS: 1 EraseBytes-
#136919	REDUCE cov: 1485 ft: 2955 corp: 309/7669Kb lim: 239306 exec/s: 2489 rss: 502Mb L: 119/239306 MS: 1 EraseBytes-
#137050	REDUCE cov: 1485 ft: 2955 corp: 309/7669Kb lim: 239306 exec/s: 2491 rss: 502Mb L: 44/239306 MS: 1 EraseBytes-
#138225	REDUCE cov: 1485 ft: 2955 corp: 309/7666Kb lim: 239306 exec/s: 2513 rss: 502Mb L: 23601/239306 MS: 5 ChangeBit-EraseBytes-InsertRepeatedBytes-ChangeASCIIInt-ChangeByte-
#138861	REDUCE cov: 1485 ft: 2955 corp: 309/7646Kb lim: 239306 exec/s: 2524 rss: 502Mb L: 27553/239306 MS: 1 EraseBytes-
#138885	REDUCE cov: 1485 ft: 2955 corp: 309/7646Kb lim: 239306 exec/s: 2525 rss: 502Mb L: 82/239306 MS: 4 CopyPart-ShuffleBytes-ShuffleBytes-EraseBytes-
#138914	REDUCE cov: 1485 ft: 2955 corp: 309/7644Kb lim: 239306 exec/s: 2525 rss: 502Mb L: 130122/239306 MS: 4 CMP-ChangeASCIIInt-CMP-EraseBytes- DE: "\001\000\000\000"-"\301\\\002\211\354-\012\221g\354\216e\241\215\353\276^U2\373\356\242\223\370\013\311B\356\220\206\301q"-
#139125	REDUCE cov: 1485 ft: 2955 corp: 309/7644Kb lim: 239306 exec/s: 2529 rss: 502Mb L: 1853/239306 MS: 1 EraseBytes-
#139134	REDUCE cov: 1485 ft: 2955 corp: 309/7644Kb lim: 239306 exec/s: 2529 rss: 502Mb L: 83/239306 MS: 4 CMP-ChangeByte-CopyPart-EraseBytes- DE: "\377\377"-
#139502	REDUCE cov: 1485 ft: 2955 corp: 309/7644Kb lim: 239306 exec/s: 2536 rss: 502Mb L: 174/239306 MS: 3 InsertRepeatedBytes-PersAutoDict-EraseBytes- DE: "\377\377\377\377\000\000\000\000"-
#139550	REDUCE cov: 1485 ft: 2955 corp: 309/7643Kb lim: 239306 exec/s: 2491 rss: 502Mb L: 4250/239306 MS: 3 InsertRepeatedBytes-ChangeBinInt-EraseBytes-
#139611	REDUCE cov: 1485 ft: 2955 corp: 309/7643Kb lim: 239306 exec/s: 2493 rss: 502Mb L: 6953/239306 MS: 1 EraseBytes-
#139828	REDUCE cov: 1485 ft: 2955 corp: 309/7643Kb lim: 239306 exec/s: 2496 rss: 502Mb L: 3/239306 MS: 2 CopyPart-EraseBytes-
#139889	REDUCE cov: 1485 ft: 2955 corp: 309/7642Kb lim: 239306 exec/s: 2498 rss: 502Mb L: 821/239306 MS: 1 EraseBytes-
#139990	REDUCE cov: 1485 ft: 2955 corp: 309/7642Kb lim: 239306 exec/s: 2499 rss: 502Mb L: 473/239306 MS: 1 EraseBytes-
#140490	REDUCE cov: 1485 ft: 2955 corp: 309/7642Kb lim: 239306 exec/s: 2508 rss: 502Mb L: 131/239306 MS: 5 ShuffleBytes-ChangeBit-ChangeBinInt-ChangeBinInt-EraseBytes-
#140616	REDUCE cov: 1485 ft: 2955 corp: 309/7629Kb lim: 239306 exec/s: 2511 rss: 502Mb L: 31848/239306 MS: 1 EraseBytes-
#140782	REDUCE cov: 1485 ft: 2955 corp: 309/7628Kb lim: 239306 exec/s: 2513 rss: 502Mb L: 6464/239306 MS: 1 EraseBytes-
#140914	REDUCE cov: 1485 ft: 2955 corp: 309/7628Kb lim: 239306 exec/s: 2516 rss: 502Mb L: 98/239306 MS: 2 CopyPart-EraseBytes-
#140955	REDUCE cov: 1485 ft: 2955 corp: 309/7628Kb lim: 239306 exec/s: 2517 rss: 502Mb L: 32/239306 MS: 1 EraseBytes-
#140962	REDUCE cov: 1485 ft: 2955 corp: 309/7627Kb lim: 239306 exec/s: 2517 rss: 502Mb L: 22053/239306 MS: 2 ChangeBit-EraseBytes-
#140995	REDUCE cov: 1485 ft: 2955 corp: 309/7625Kb lim: 239306 exec/s: 2517 rss: 502Mb L: 3997/239306 MS: 3 CMP-ChangeBinInt-EraseBytes- DE: "\000\000\000\000\000\000\000\004"-
#141813	REDUCE cov: 1485 ft: 2955 corp: 309/7622Kb lim: 239306 exec/s: 2532 rss: 502Mb L: 4422/239306 MS: 3 ChangeBinInt-ChangeASCIIInt-EraseBytes-
#141867	REDUCE cov: 1485 ft: 2955 corp: 309/7622Kb lim: 239306 exec/s: 2533 rss: 502Mb L: 27/239306 MS: 4 ChangeASCIIInt-ChangeBit-ChangeBit-EraseBytes-
#141933	REDUCE cov: 1485 ft: 2955 corp: 309/7622Kb lim: 239306 exec/s: 2534 rss: 502Mb L: 59/239306 MS: 1 EraseBytes-
#141944	REDUCE cov: 1485 ft: 2959 corp: 310/7622Kb lim: 239306 exec/s: 2534 rss: 502Mb L: 736/239306 MS: 1 ChangeBinInt-
#142245	REDUCE cov: 1485 ft: 2959 corp: 310/7622Kb lim: 239306 exec/s: 2540 rss: 502Mb L: 82/239306 MS: 1 EraseBytes-
#142248	REDUCE cov: 1485 ft: 2959 corp: 310/7622Kb lim: 239306 exec/s: 2540 rss: 502Mb L: 25/239306 MS: 3 ChangeBinInt-EraseBytes-ChangeBinInt-
#142518	REDUCE cov: 1485 ft: 2959 corp: 310/7620Kb lim: 239306 exec/s: 2544 rss: 502Mb L: 33888/239306 MS: 5 CrossOver-ChangeASCIIInt-CrossOver-EraseBytes-CopyPart-
#142764	REDUCE cov: 1485 ft: 2959 corp: 310/7620Kb lim: 239306 exec/s: 2549 rss: 502Mb L: 601/239306 MS: 1 EraseBytes-
#142890	REDUCE cov: 1485 ft: 2959 corp: 310/7620Kb lim: 239306 exec/s: 2551 rss: 502Mb L: 58/239306 MS: 1 EraseBytes-
#142962	REDUCE cov: 1485 ft: 2959 corp: 310/7604Kb lim: 239306 exec/s: 2508 rss: 502Mb L: 75451/239306 MS: 2 ChangeBit-EraseBytes-
#143295	REDUCE cov: 1485 ft: 2959 corp: 310/7604Kb lim: 239306 exec/s: 2513 rss: 502Mb L: 8/239306 MS: 3 PersAutoDict-EraseBytes-EraseBytes- DE: "~\3509\021=e\236r"-
#143526	REDUCE cov: 1485 ft: 2959 corp: 310/7603Kb lim: 239306 exec/s: 2518 rss: 502Mb L: 4870/239306 MS: 1 EraseBytes-
#143672	REDUCE cov: 1485 ft: 2959 corp: 310/7600Kb lim: 239306 exec/s: 2520 rss: 502Mb L: 28626/239306 MS: 1 EraseBytes-
#143679	REDUCE cov: 1485 ft: 2959 corp: 310/7600Kb lim: 239306 exec/s: 2520 rss: 502Mb L: 2584/239306 MS: 2 EraseBytes-CrossOver-
#144106	REDUCE cov: 1485 ft: 2959 corp: 310/7599Kb lim: 239306 exec/s: 2528 rss: 502Mb L: 411/239306 MS: 2 ChangeASCIIInt-EraseBytes-
#144665	REDUCE cov: 1485 ft: 2959 corp: 310/7597Kb lim: 239306 exec/s: 2537 rss: 502Mb L: 2156/239306 MS: 4 EraseBytes-InsertRepeatedBytes-EraseBytes-ShuffleBytes-
#144763	REDUCE cov: 1485 ft: 2959 corp: 310/7548Kb lim: 239306 exec/s: 2539 rss: 502Mb L: 62627/239306 MS: 3 InsertRepeatedBytes-InsertByte-EraseBytes-
#144780	REDUCE cov: 1485 ft: 2959 corp: 310/7546Kb lim: 239306 exec/s: 2540 rss: 502Mb L: 4941/239306 MS: 2 CopyPart-EraseBytes-
#145346	REDUCE cov: 1485 ft: 2959 corp: 310/7546Kb lim: 239306 exec/s: 2549 rss: 502Mb L: 55/239306 MS: 1 EraseBytes-
#145555	REDUCE cov: 1485 ft: 2959 corp: 310/7542Kb lim: 239306 exec/s: 2553 rss: 502Mb L: 18898/239306 MS: 4 ChangeByte-CrossOver-InsertByte-EraseBytes-
#145657	REDUCE cov: 1485 ft: 2959 corp: 310/7541Kb lim: 239306 exec/s: 2555 rss: 502Mb L: 19369/239306 MS: 2 EraseBytes-InsertRepeatedBytes-
#146090	REDUCE cov: 1485 ft: 2959 corp: 310/7538Kb lim: 239306 exec/s: 2562 rss: 502Mb L: 28648/239306 MS: 3 ChangeBit-ChangeBinInt-EraseBytes-
#146321	REDUCE cov: 1485 ft: 2970 corp: 311/7538Kb lim: 239306 exec/s: 2567 rss: 502Mb L: 167/239306 MS: 1 CrossOver-
#146512	REDUCE cov: 1485 ft: 2970 corp: 311/7534Kb lim: 239306 exec/s: 2526 rss: 502Mb L: 171478/239306 MS: 1 CrossOver-
#146553	REDUCE cov: 1485 ft: 2970 corp: 311/7534Kb lim: 239306 exec/s: 2526 rss: 502Mb L: 219/239306 MS: 1 EraseBytes-
#146564	REDUCE cov: 1485 ft: 2970 corp: 311/7534Kb lim: 239306 exec/s: 2526 rss: 502Mb L: 231/239306 MS: 1 EraseBytes-
#146707	REDUCE cov: 1485 ft: 2970 corp: 311/7533Kb lim: 239306 exec/s: 2529 rss: 502Mb L: 1335/239306 MS: 3 PersAutoDict-CrossOver-EraseBytes- DE: "\014\000\000\000\000\000\000\000"-
#146923	REDUCE cov: 1485 ft: 2970 corp: 311/7533Kb lim: 239306 exec/s: 2533 rss: 502Mb L: 22/239306 MS: 1 EraseBytes-
#146963	NEW    cov: 1485 ft: 2971 corp: 312/7533Kb lim: 239306 exec/s: 2533 rss: 502Mb L: 180/239306 MS: 5 PersAutoDict-EraseBytes-CMP-ChangeBinInt-InsertRepeatedBytes- DE: "\256(\011\213\253\342\256\247"-"\201\000\000\000\000\000\000\000"-
#147019	REDUCE cov: 1485 ft: 2971 corp: 312/7533Kb lim: 239306 exec/s: 2534 rss: 502Mb L: 6/239306 MS: 1 EraseBytes-
#147086	REDUCE cov: 1485 ft: 2971 corp: 312/7533Kb lim: 239306 exec/s: 2535 rss: 502Mb L: 5994/239306 MS: 2 CopyPart-EraseBytes-
#147188	REDUCE cov: 1485 ft: 2971 corp: 312/7533Kb lim: 239306 exec/s: 2537 rss: 502Mb L: 16475/239306 MS: 2 ShuffleBytes-EraseBytes-
#147464	REDUCE cov: 1485 ft: 2971 corp: 312/7532Kb lim: 239306 exec/s: 2542 rss: 502Mb L: 471/239306 MS: 1 EraseBytes-
#147480	REDUCE cov: 1485 ft: 2971 corp: 312/7532Kb lim: 239306 exec/s: 2542 rss: 502Mb L: 132/239306 MS: 1 EraseBytes-
#147570	REDUCE cov: 1485 ft: 2971 corp: 312/7531Kb lim: 239306 exec/s: 2544 rss: 502Mb L: 55221/239306 MS: 5 ChangeByte-ShuffleBytes-CrossOver-ChangeByte-EraseBytes-
#147572	REDUCE cov: 1485 ft: 2971 corp: 312/7531Kb lim: 239306 exec/s: 2544 rss: 502Mb L: 169/239306 MS: 2 ChangeBit-EraseBytes-
#147735	REDUCE cov: 1485 ft: 2971 corp: 312/7530Kb lim: 239306 exec/s: 2547 rss: 502Mb L: 29330/239306 MS: 3 ShuffleBytes-ChangeByte-EraseBytes-
#148343	REDUCE cov: 1485 ft: 2971 corp: 312/7526Kb lim: 239306 exec/s: 2557 rss: 502Mb L: 71497/239306 MS: 3 ChangeBinInt-CMP-EraseBytes- DE: "\001\000\000\000"-
#148579	REDUCE cov: 1485 ft: 2971 corp: 312/7526Kb lim: 239306 exec/s: 2561 rss: 502Mb L: 53/239306 MS: 1 EraseBytes-
#148907	REDUCE cov: 1485 ft: 2971 corp: 312/7526Kb lim: 239306 exec/s: 2567 rss: 502Mb L: 57/239306 MS: 3 ChangeByte-ChangeBinInt-EraseBytes-
#149233	REDUCE cov: 1485 ft: 2971 corp: 312/7526Kb lim: 239306 exec/s: 2572 rss: 502Mb L: 81/239306 MS: 1 EraseBytes-
#149706	REDUCE cov: 1485 ft: 2971 corp: 312/7526Kb lim: 239306 exec/s: 2581 rss: 502Mb L: 444/239306 MS: 3 ShuffleBytes-ShuffleBytes-EraseBytes-
#149862	REDUCE cov: 1485 ft: 2971 corp: 312/7521Kb lim: 239306 exec/s: 2540 rss: 502Mb L: 19336/239306 MS: 1 EraseBytes-
#150242	REDUCE cov: 1485 ft: 2971 corp: 312/7518Kb lim: 239306 exec/s: 2546 rss: 502Mb L: 16936/239306 MS: 5 ChangeBit-CMP-ShuffleBytes-InsertByte-EraseBytes- DE: "\000\000\000\000"-
#150442	REDUCE cov: 1485 ft: 2971 corp: 312/7518Kb lim: 239306 exec/s: 2549 rss: 502Mb L: 88/239306 MS: 5 CopyPart-ShuffleBytes-ChangeByte-ChangeBinInt-EraseBytes-
#150488	REDUCE cov: 1485 ft: 2971 corp: 312/7517Kb lim: 239306 exec/s: 2550 rss: 502Mb L: 11656/239306 MS: 1 EraseBytes-
#150891	REDUCE cov: 1485 ft: 2971 corp: 312/7517Kb lim: 239306 exec/s: 2557 rss: 502Mb L: 74/239306 MS: 3 CMP-ShuffleBytes-EraseBytes- DE: "\002\000\000\000\000\000\000\000"-
#150943	REDUCE cov: 1485 ft: 2972 corp: 313/7539Kb lim: 239306 exec/s: 2558 rss: 502Mb L: 22432/239306 MS: 2 CopyPart-CrossOver-
#151070	REDUCE cov: 1485 ft: 2972 corp: 313/7539Kb lim: 239306 exec/s: 2560 rss: 502Mb L: 13/239306 MS: 2 EraseBytes-EraseBytes-
#151155	REDUCE cov: 1485 ft: 2972 corp: 313/7536Kb lim: 239306 exec/s: 2561 rss: 502Mb L: 25423/239306 MS: 5 ChangeASCIIInt-ChangeByte-ShuffleBytes-ChangeASCIIInt-EraseBytes-
#151739	REDUCE cov: 1485 ft: 2972 corp: 313/7535Kb lim: 239306 exec/s: 2571 rss: 502Mb L: 2687/239306 MS: 4 ChangeByte-CrossOver-ChangeBit-EraseBytes-
#151790	REDUCE cov: 1485 ft: 2972 corp: 313/7535Kb lim: 239306 exec/s: 2572 rss: 502Mb L: 25/239306 MS: 1 EraseBytes-
#151973	REDUCE cov: 1485 ft: 2972 corp: 313/7535Kb lim: 239306 exec/s: 2575 rss: 502Mb L: 47812/239306 MS: 3 ChangeASCIIInt-ChangeBinInt-EraseBytes-
#152037	REDUCE cov: 1485 ft: 2972 corp: 313/7535Kb lim: 239306 exec/s: 2576 rss: 502Mb L: 143741/239306 MS: 4 ShuffleBytes-ShuffleBytes-CopyPart-EraseBytes-
#152293	REDUCE cov: 1485 ft: 2972 corp: 313/7535Kb lim: 239306 exec/s: 2581 rss: 502Mb L: 127/239306 MS: 1 EraseBytes-
#152699	REDUCE cov: 1485 ft: 2972 corp: 313/7535Kb lim: 239306 exec/s: 2588 rss: 502Mb L: 211/239306 MS: 1 EraseBytes-
#152800	REDUCE cov: 1485 ft: 2972 corp: 313/7535Kb lim: 239306 exec/s: 2589 rss: 502Mb L: 34/239306 MS: 1 EraseBytes-
#153417	REDUCE cov: 1485 ft: 2972 corp: 313/7535Kb lim: 239306 exec/s: 2556 rss: 502Mb L: 19/239306 MS: 2 ChangeBinInt-EraseBytes-
#153633	REDUCE cov: 1485 ft: 2972 corp: 313/7535Kb lim: 239306 exec/s: 2560 rss: 502Mb L: 28/239306 MS: 1 EraseBytes-
#153860	REDUCE cov: 1485 ft: 2972 corp: 313/7528Kb lim: 239306 exec/s: 2564 rss: 502Mb L: 9355/239306 MS: 2 PersAutoDict-EraseBytes- DE: "\003I$\222I$\222I"-
#154293	REDUCE cov: 1485 ft: 2972 corp: 313/7528Kb lim: 239306 exec/s: 2571 rss: 502Mb L: 490/239306 MS: 3 ShuffleBytes-ChangeByte-EraseBytes-
#154354	REDUCE cov: 1485 ft: 2972 corp: 313/7528Kb lim: 239306 exec/s: 2572 rss: 502Mb L: 15/239306 MS: 1 EraseBytes-
#154517	REDUCE cov: 1485 ft: 2972 corp: 313/7528Kb lim: 239306 exec/s: 2575 rss: 502Mb L: 87/239306 MS: 3 ChangeBit-ShuffleBytes-EraseBytes-
#154593	REDUCE cov: 1485 ft: 2972 corp: 313/7528Kb lim: 239306 exec/s: 2576 rss: 502Mb L: 281/239306 MS: 1 EraseBytes-
#154595	REDUCE cov: 1485 ft: 2972 corp: 313/7528Kb lim: 239306 exec/s: 2576 rss: 502Mb L: 51/239306 MS: 2 ChangeBit-EraseBytes-
#154602	REDUCE cov: 1485 ft: 2972 corp: 313/7528Kb lim: 239306 exec/s: 2576 rss: 502Mb L: 410/239306 MS: 2 PersAutoDict-EraseBytes- DE: "\004UUUUUUU"-
#154684	REDUCE cov: 1485 ft: 2972 corp: 313/7528Kb lim: 239306 exec/s: 2578 rss: 502Mb L: 484/239306 MS: 2 CMP-EraseBytes- DE: "\000\000\000\000\000\000\000\000"-
#154710	REDUCE cov: 1485 ft: 2972 corp: 313/7517Kb lim: 239306 exec/s: 2578 rss: 502Mb L: 194543/239306 MS: 1 EraseBytes-
#154966	REDUCE cov: 1485 ft: 2972 corp: 313/7517Kb lim: 239306 exec/s: 2582 rss: 502Mb L: 5459/239306 MS: 1 EraseBytes-
#155077	REDUCE cov: 1485 ft: 2972 corp: 313/7517Kb lim: 239306 exec/s: 2584 rss: 502Mb L: 4108/239306 MS: 1 EraseBytes-
#155290	REDUCE cov: 1485 ft: 2972 corp: 313/7517Kb lim: 239306 exec/s: 2588 rss: 502Mb L: 194/239306 MS: 3 ChangeByte-ChangeBinInt-EraseBytes-
#155417	REDUCE cov: 1485 ft: 2972 corp: 313/7517Kb lim: 239306 exec/s: 2590 rss: 502Mb L: 642/239306 MS: 2 CopyPart-EraseBytes-
#155843	REDUCE cov: 1485 ft: 2972 corp: 313/7517Kb lim: 239306 exec/s: 2597 rss: 502Mb L: 24/239306 MS: 1 EraseBytes-
#155949	REDUCE cov: 1485 ft: 2972 corp: 313/7516Kb lim: 239306 exec/s: 2599 rss: 502Mb L: 11075/239306 MS: 1 EraseBytes-
#155970	REDUCE cov: 1485 ft: 2972 corp: 313/7516Kb lim: 239306 exec/s: 2599 rss: 502Mb L: 74/239306 MS: 1 EraseBytes-
#156170	DONE   cov: 1485 ft: 2972 corp: 313/7516Kb lim: 239306 exec/s: 2560 rss: 502Mb
###### Recommended dictionary. ######
"\001\000" # Uses: 296
"\002\377\377\377\377\377\377\377" # Uses: 308
"\000\000" # Uses: 256
"\377\377" # Uses: 335
"\256(\011\213\253\342\256\247" # Uses: 317
"UUUUUUU\005" # Uses: 283
"\001\000\000\000" # Uses: 300
"\377\377\377\377" # Uses: 277
"\003I$\222I$\222I" # Uses: 285
"\301\\\002\211\354-\012\221g\354\216e\241\215\353\276^U2\373\356\242\223\370\013\311B\356\220\206\301q" # Uses: 275
"\000\000\000\000\000\000\025\023" # Uses: 283
"\001\000\000\000\000\000\000\000" # Uses: 278
"\000\000\000\000\000\000\000M" # Uses: 277
"\000\000\000\000" # Uses: 283
"\377\377\377\377\377\377\377\263" # Uses: 289
"\005\000\000\000\000\000\000\000" # Uses: 267
"\375\321\275\311O\010\324\373" # Uses: 264
"\000\000\000\000\000\000\000\000" # Uses: 280
"\026\000\000\000\000\000\000\000" # Uses: 267
"\000\000\000\000\000\000\005\332" # Uses: 247
"\377\377\377\377\377\377\377\025" # Uses: 277
"\000\000\000\000\000\000\000d" # Uses: 269
"\377\377\377\377\377\377\000\271" # Uses: 244
"\376\377\377\377\377\377\377\003" # Uses: 280
"\004\000\000\000\000\000\000\000" # Uses: 273
"\000\000\000\000\000\000\000\260" # Uses: 255
"\000\000\000\000\000\000\000\030" # Uses: 254
"\000\000\000\003" # Uses: 247
"\015\000\000\000\000\000\000\000" # Uses: 230
"<\000\000\000\000\000\000\000" # Uses: 227
"\031\000\000\000\000\000\000\000" # Uses: 230
"N\000\000\000\000\000\000\000" # Uses: 215
"~\3509\021=e\236r" # Uses: 210
"\000\000\000\000\001\000\000\001" # Uses: 214
"\001\001" # Uses: 245
"\001\000\000\000\000\000\000\014" # Uses: 177
"\003\000\000\000\000\000\000\000" # Uses: 204
"\377\377\377\377\377\377\377\006" # Uses: 200
"\002\000\000\000\000\000\000\000" # Uses: 165
"\001\000\000\000\000\000\000\264" # Uses: 183
"\020\377\377\377\377\377\377\377" # Uses: 177
"\377\377\377\377\377\377\377\001" # Uses: 171
"\000\000\000\000\000\000\000 " # Uses: 195
"A\000\000\000\000\000\000\000" # Uses: 176
"\025\000\000\000\000\000\000\000" # Uses: 171
"\377\377\377\377\377\377\377\021" # Uses: 142
"\001\000\000\000\000\000\001\332" # Uses: 161
"\001\000\000\000\000\000\000\030" # Uses: 166
"\000\000\000\000\000\000\000\020" # Uses: 157
"\004UUUUUUU" # Uses: 166
"(\000\000\000\000\000\000\000" # Uses: 133
"\001k\302o\\{\000\000" # Uses: 155
"\377\377\377\377\000\000\000\000" # Uses: 126
"\001\000\000\000\377\377\377\377" # Uses: 128
"\001\000\000\000\000\000\000\004" # Uses: 131
"\000\003" # Uses: 101
"\367\377\377\377\000\000\000\000" # Uses: 97
"\001\377\377\377\377\377\377\377" # Uses: 95
"\001\000\000\000\000\000\000\001" # Uses: 103
"\000\000\000\000\000\000\000$" # Uses: 109
"\002\000\000\000\377\377\377\377" # Uses: 114
"\000\000\000\000\000\000\000\010" # Uses: 103
"\000\000\000\000\000\000\000\026" # Uses: 97
"\001\000\000\001" # Uses: 94
"\377\377\377\377\000\000\000\001" # Uses: 86
"\001\000\000\000\000\000\000\020" # Uses: 85
"\002\000" # Uses: 75
"\265\000\000\000\000\000\000\000" # Uses: 42
"\354\001\000\000\000\000\000\000" # Uses: 41
"\020\000\000\000\000\000\000\000" # Uses: 44
"\014\000\000\000\000\000\000\000" # Uses: 31
"\000\000\000\000\000\000\000\004" # Uses: 15
"\201\000\000\000\000\000\000\000" # Uses: 8
###### End of recommended dictionary. ######
Done 156170 runs in 61 second(s)
stat::number_of_executed_units: 156170
stat::average_exec_per_sec:     2560
stat::new_units_added:          2219
stat::slowest_unit_time_sec:    0
stat::peak_rss_mb:              502
