tinyzkp-fuzz-target-v1 target=plonky3_proof_bytes_v1 corpus_sha256=fc1d33984ab9ff9c0a44480359ed28f2974d2422ac8d787180691d6f7e4a3356 toolchain=nightly-2026-04-15
   Compiling hc-fuzz v0.0.0 (/home/runner/work/hc-stark/hc-stark/raw-reports/immutable-source/fuzz)
    Finished `release` profile [optimized + debuginfo] target(s) in 0.34s
INFO: Running with entropic power schedule (0xFF, 100).
INFO: Seed: 1918184380
INFO: Loaded 1 modules   (14602 inline 8-bit counters): 14602 [0x55693dce71d0, 0x55693dceaada), 
INFO: Loaded 1 PC tables (14602 PCs): 14602 [0x55693dceaae0,0x55693dd23b80), 
INFO:        0 files found in /home/runner/work/hc-stark/hc-stark/raw-reports/fuzz-logs/execution-corpus/plonky3_proof_bytes_v1
INFO:        2 files found in /home/runner/work/hc-stark/hc-stark/raw-reports/fuzz-logs/smoke-corpus/plonky3_proof_bytes_v1
INFO: -max_len is not provided; libFuzzer will not generate inputs larger than 239306 bytes
INFO: seed corpus: files: 2 min: 89737b max: 239306b total: 329043b rss: 46Mb
#3	INITED cov: 1143 ft: 1237 corp: 2/321Kb exec/s: 0 rss: 51Mb
	NEW_FUNC[1/4]: 0x55693dc35600  (/home/runner/work/hc-stark/hc-stark/raw-reports/cargo-target/x86_64-unknown-linux-gnu/release/plonky3_proof_bytes_v1+0x25b600) (BuildId: 93b0a3be9bf8948c6041fb18af8421d78e04255e)
	NEW_FUNC[2/4]: 0x55693dc653c0  (/home/runner/work/hc-stark/hc-stark/raw-reports/cargo-target/x86_64-unknown-linux-gnu/release/plonky3_proof_bytes_v1+0x28b3c0) (BuildId: 93b0a3be9bf8948c6041fb18af8421d78e04255e)
#4	NEW    cov: 1183 ft: 1349 corp: 3/408Kb lim: 239306 exec/s: 0 rss: 52Mb L: 89738/239306 MS: 1 InsertByte-
#6	NEW    cov: 1192 ft: 1388 corp: 4/496Kb lim: 239306 exec/s: 0 rss: 53Mb L: 89738/239306 MS: 2 ChangeBit-InsertByte-
#7	NEW    cov: 1197 ft: 1398 corp: 5/633Kb lim: 239306 exec/s: 0 rss: 57Mb L: 139935/239306 MS: 1 CopyPart-
#8	NEW    cov: 1208 ft: 1417 corp: 6/866Kb lim: 239306 exec/s: 0 rss: 59Mb L: 239306/239306 MS: 1 ShuffleBytes-
#9	NEW    cov: 1213 ft: 1424 corp: 7/968Kb lim: 239306 exec/s: 0 rss: 60Mb L: 104458/239306 MS: 1 CrossOver-
#11	NEW    cov: 1213 ft: 1425 corp: 8/1056Kb lim: 239306 exec/s: 0 rss: 62Mb L: 89738/239306 MS: 2 ChangeBit-ChangeByte-
#12	NEW    cov: 1213 ft: 1427 corp: 9/1144Kb lim: 239306 exec/s: 0 rss: 63Mb L: 89738/239306 MS: 1 ChangeBinInt-
#13	NEW    cov: 1213 ft: 1443 corp: 10/1377Kb lim: 239306 exec/s: 0 rss: 65Mb L: 239306/239306 MS: 1 CrossOver-
#15	NEW    cov: 1213 ft: 1448 corp: 11/1465Kb lim: 239306 exec/s: 0 rss: 67Mb L: 89781/239306 MS: 2 ChangeASCIIInt-InsertRepeatedBytes-
#17	NEW    cov: 1214 ft: 1451 corp: 12/1553Kb lim: 239306 exec/s: 0 rss: 68Mb L: 89738/239306 MS: 2 ChangeBit-CopyPart-
#18	NEW    cov: 1214 ft: 1452 corp: 13/1640Kb lim: 239306 exec/s: 0 rss: 69Mb L: 89738/239306 MS: 1 ChangeByte-
#19	NEW    cov: 1214 ft: 1454 corp: 14/1728Kb lim: 239306 exec/s: 0 rss: 70Mb L: 89739/239306 MS: 1 InsertByte-
#20	NEW    cov: 1214 ft: 1460 corp: 15/1816Kb lim: 239306 exec/s: 0 rss: 71Mb L: 89833/239306 MS: 1 InsertRepeatedBytes-
#21	NEW    cov: 1215 ft: 1476 corp: 16/1861Kb lim: 239306 exec/s: 0 rss: 72Mb L: 46796/239306 MS: 1 EraseBytes-
#23	NEW    cov: 1216 ft: 1477 corp: 17/1998Kb lim: 239306 exec/s: 0 rss: 75Mb L: 139937/239306 MS: 2 InsertByte-InsertByte-
#24	NEW    cov: 1216 ft: 1478 corp: 18/2086Kb lim: 239306 exec/s: 0 rss: 75Mb L: 89739/239306 MS: 1 InsertByte-
	NEW_FUNC[1/1]: 0x55693dc35790  (/home/runner/work/hc-stark/hc-stark/raw-reports/cargo-target/x86_64-unknown-linux-gnu/release/plonky3_proof_bytes_v1+0x25b790) (BuildId: 93b0a3be9bf8948c6041fb18af8421d78e04255e)
#29	NEW    cov: 1220 ft: 1513 corp: 19/2173Kb lim: 239306 exec/s: 0 rss: 77Mb L: 89738/239306 MS: 5 ChangeASCIIInt-ChangeBit-ChangeByte-ShuffleBytes-ChangeByte-
#31	NEW    cov: 1220 ft: 1514 corp: 20/2261Kb lim: 239306 exec/s: 0 rss: 79Mb L: 89862/239306 MS: 2 CMP-InsertRepeatedBytes- DE: "\001\000\000\000\000\000\000\003"-
#34	NEW    cov: 1221 ft: 1582 corp: 21/2349Kb lim: 239306 exec/s: 0 rss: 81Mb L: 89739/239306 MS: 3 InsertByte-PersAutoDict-ChangeBinInt- DE: "\001\000\000\000\000\000\000\003"-
#40	NEW    cov: 1225 ft: 1590 corp: 22/2582Kb lim: 239306 exec/s: 0 rss: 84Mb L: 239306/239306 MS: 1 CopyPart-
#42	NEW    cov: 1225 ft: 1592 corp: 23/2670Kb lim: 239306 exec/s: 0 rss: 85Mb L: 89778/239306 MS: 2 ChangeBit-InsertRepeatedBytes-
#43	NEW    cov: 1226 ft: 1606 corp: 24/2724Kb lim: 239306 exec/s: 0 rss: 86Mb L: 55120/239306 MS: 1 CrossOver-
#44	NEW    cov: 1226 ft: 1607 corp: 25/2861Kb lim: 239306 exec/s: 0 rss: 88Mb L: 139937/239306 MS: 1 ChangeByte-
#47	NEW    cov: 1226 ft: 1615 corp: 26/2914Kb lim: 239306 exec/s: 0 rss: 90Mb L: 54530/239306 MS: 3 ShuffleBytes-ChangeBit-EraseBytes-
#48	NEW    cov: 1226 ft: 1616 corp: 27/3018Kb lim: 239306 exec/s: 0 rss: 91Mb L: 106457/239306 MS: 1 CrossOver-
#49	NEW    cov: 1228 ft: 1626 corp: 28/3087Kb lim: 239306 exec/s: 0 rss: 91Mb L: 71153/239306 MS: 1 EraseBytes-
#53	NEW    cov: 1228 ft: 1627 corp: 29/3175Kb lim: 239306 exec/s: 0 rss: 95Mb L: 89846/239306 MS: 4 InsertByte-InsertRepeatedBytes-PersAutoDict-ChangeByte- DE: "\001\000\000\000\000\000\000\003"-
#58	REDUCE cov: 1228 ft: 1627 corp: 29/3158Kb lim: 239306 exec/s: 0 rss: 96Mb L: 72303/239306 MS: 5 ChangeBit-InsertRepeatedBytes-InsertByte-ShuffleBytes-EraseBytes-
#61	NEW    cov: 1229 ft: 1630 corp: 30/3333Kb lim: 239306 exec/s: 0 rss: 99Mb L: 179477/239306 MS: 3 ChangeByte-ChangeByte-CrossOver-
#63	NEW    cov: 1229 ft: 1640 corp: 31/3357Kb lim: 239306 exec/s: 0 rss: 100Mb L: 24141/239306 MS: 2 ChangeBinInt-EraseBytes-
#64	NEW    cov: 1231 ft: 1642 corp: 32/3473Kb lim: 239306 exec/s: 0 rss: 100Mb L: 118535/239306 MS: 1 CrossOver-
#68	NEW    cov: 1231 ft: 1643 corp: 33/3578Kb lim: 239306 exec/s: 0 rss: 102Mb L: 107562/239306 MS: 4 CrossOver-ChangeBinInt-ChangeBinInt-CrossOver-
#71	NEW    cov: 1231 ft: 1711 corp: 34/3632Kb lim: 239306 exec/s: 0 rss: 103Mb L: 55124/239306 MS: 3 ChangeASCIIInt-ChangeBinInt-CMP- DE: "\000\000\000\000"-
#72	NEW    cov: 1231 ft: 1712 corp: 35/3719Kb lim: 239306 exec/s: 0 rss: 104Mb L: 89862/239306 MS: 1 ChangeBinInt-
#73	NEW    cov: 1231 ft: 1717 corp: 36/3743Kb lim: 239306 exec/s: 0 rss: 104Mb L: 24163/239306 MS: 1 InsertRepeatedBytes-
#76	NEW    cov: 1231 ft: 1724 corp: 37/3848Kb lim: 239306 exec/s: 0 rss: 106Mb L: 107645/239306 MS: 3 ChangeByte-ChangeBit-InsertRepeatedBytes-
#77	NEW    cov: 1233 ft: 1726 corp: 38/3994Kb lim: 239306 exec/s: 0 rss: 107Mb L: 149403/239306 MS: 1 CopyPart-
#83	NEW    cov: 1234 ft: 1728 corp: 39/4134Kb lim: 239306 exec/s: 0 rss: 112Mb L: 143162/239306 MS: 1 CopyPart-
#86	NEW    cov: 1235 ft: 1730 corp: 40/4304Kb lim: 239306 exec/s: 0 rss: 117Mb L: 174364/239306 MS: 3 ChangeBit-ChangeBinInt-CopyPart-
#88	NEW    cov: 1235 ft: 1731 corp: 41/4441Kb lim: 239306 exec/s: 0 rss: 119Mb L: 139935/239306 MS: 2 ChangeBinInt-CrossOver-
#89	NEW    cov: 1235 ft: 1732 corp: 42/4464Kb lim: 239306 exec/s: 0 rss: 119Mb L: 24141/239306 MS: 1 ChangeBinInt-
#91	NEW    cov: 1235 ft: 1733 corp: 43/4552Kb lim: 239306 exec/s: 0 rss: 121Mb L: 89781/239306 MS: 2 ChangeASCIIInt-PersAutoDict- DE: "\000\000\000\000"-
#92	NEW    cov: 1236 ft: 1736 corp: 44/4664Kb lim: 239306 exec/s: 0 rss: 122Mb L: 115168/239306 MS: 1 EraseBytes-
#95	NEW    cov: 1238 ft: 1802 corp: 45/4773Kb lim: 239306 exec/s: 0 rss: 123Mb L: 111514/239306 MS: 3 InsertRepeatedBytes-ChangeByte-EraseBytes-
#98	NEW    cov: 1239 ft: 1803 corp: 46/4852Kb lim: 239306 exec/s: 0 rss: 124Mb L: 80882/239306 MS: 3 ChangeByte-PersAutoDict-EraseBytes- DE: "\000\000\000\000"-
#110	NEW    cov: 1239 ft: 1840 corp: 47/5058Kb lim: 239306 exec/s: 0 rss: 129Mb L: 210269/239306 MS: 2 CrossOver-CrossOver-
#114	NEW    cov: 1239 ft: 1841 corp: 48/5145Kb lim: 239306 exec/s: 0 rss: 132Mb L: 89853/239306 MS: 4 ShuffleBytes-ChangeBinInt-InsertRepeatedBytes-InsertByte-
#116	NEW    cov: 1239 ft: 1843 corp: 49/5361Kb lim: 239306 exec/s: 0 rss: 134Mb L: 220446/239306 MS: 2 EraseBytes-CrossOver-
#127	NEW    cov: 1243 ft: 1847 corp: 50/5448Kb lim: 239306 exec/s: 0 rss: 140Mb L: 89738/239306 MS: 1 InsertByte-
#133	NEW    cov: 1254 ft: 1863 corp: 51/5536Kb lim: 239306 exec/s: 0 rss: 142Mb L: 89738/239306 MS: 1 PersAutoDict- DE: "\001\000\000\000\000\000\000\003"-
#134	NEW    cov: 1254 ft: 1864 corp: 52/5673Kb lim: 239306 exec/s: 0 rss: 144Mb L: 139935/239306 MS: 1 ChangeByte-
#140	REDUCE cov: 1254 ft: 1881 corp: 53/5743Kb lim: 239306 exec/s: 0 rss: 144Mb L: 72304/239306 MS: 1 InsertByte-
#153	NEW    cov: 1255 ft: 1882 corp: 54/5955Kb lim: 239306 exec/s: 0 rss: 151Mb L: 216938/239306 MS: 3 ChangeByte-CrossOver-EraseBytes-
#156	NEW    cov: 1256 ft: 1887 corp: 55/6085Kb lim: 239306 exec/s: 0 rss: 153Mb L: 133608/239306 MS: 3 CrossOver-ChangeByte-CopyPart-
#157	NEW    cov: 1256 ft: 1889 corp: 56/6319Kb lim: 239306 exec/s: 0 rss: 154Mb L: 239306/239306 MS: 1 CrossOver-
#167	NEW    cov: 1256 ft: 1890 corp: 57/6385Kb lim: 239306 exec/s: 0 rss: 158Mb L: 67385/239306 MS: 5 EraseBytes-CrossOver-CMP-ChangeBit-CMP- DE: "\377\377\377\377\377\377\377\002"-"\000\000\000\000"-
#168	NEW    cov: 1257 ft: 1891 corp: 58/6437Kb lim: 239306 exec/s: 0 rss: 159Mb L: 53550/239306 MS: 1 EraseBytes-
#173	NEW    cov: 1257 ft: 1898 corp: 59/6611Kb lim: 239306 exec/s: 0 rss: 163Mb L: 178374/239306 MS: 5 ChangeBit-CopyPart-ShuffleBytes-CrossOver-CrossOver-
#174	NEW    cov: 1257 ft: 1899 corp: 60/6845Kb lim: 239306 exec/s: 0 rss: 164Mb L: 239306/239306 MS: 1 ShuffleBytes-
#181	NEW    cov: 1259 ft: 1901 corp: 61/6933Kb lim: 239306 exec/s: 0 rss: 169Mb L: 89850/239306 MS: 2 ChangeBinInt-PersAutoDict- DE: "\000\000\000\000"-
#190	NEW    cov: 1259 ft: 1902 corp: 62/7086Kb lim: 239306 exec/s: 0 rss: 177Mb L: 156832/239306 MS: 4 CopyPart-ChangeASCIIInt-InsertRepeatedBytes-CrossOver-
#200	NEW    cov: 1259 ft: 1924 corp: 63/7320Kb lim: 239306 exec/s: 0 rss: 184Mb L: 239306/239306 MS: 5 ChangeASCIIInt-ShuffleBytes-ChangeBinInt-ChangeBit-CopyPart-
#202	NEW    cov: 1259 ft: 1947 corp: 64/7332Kb lim: 239306 exec/s: 0 rss: 184Mb L: 13036/239306 MS: 2 PersAutoDict-EraseBytes- DE: "\001\000\000\000\000\000\000\003"-
#203	NEW    cov: 1259 ft: 1950 corp: 65/7386Kb lim: 239306 exec/s: 0 rss: 185Mb L: 55124/239306 MS: 1 CMP- DE: "\000\000\000\000\000\000\000\030"-
#204	REDUCE cov: 1259 ft: 1950 corp: 65/7376Kb lim: 239306 exec/s: 0 rss: 185Mb L: 79435/239306 MS: 1 EraseBytes-
#217	NEW    cov: 1259 ft: 1973 corp: 66/7464Kb lim: 239306 exec/s: 0 rss: 191Mb L: 89739/239306 MS: 3 ShuffleBytes-ShuffleBytes-PersAutoDict- DE: "\000\000\000\000\000\000\000\030"-
#226	NEW    cov: 1259 ft: 1974 corp: 67/7566Kb lim: 239306 exec/s: 0 rss: 197Mb L: 104280/239306 MS: 4 ShuffleBytes-ChangeBit-InsertRepeatedBytes-EraseBytes-
#256	NEW    cov: 1259 ft: 1975 corp: 68/7653Kb lim: 239306 exec/s: 0 rss: 217Mb L: 89854/239306 MS: 5 ChangeByte-CMP-ChangeASCIIInt-PersAutoDict-ChangeByte- DE: "\000\000\000\000"-"\000\000\000\000\000\000\000\030"-
#265	NEW    cov: 1259 ft: 1979 corp: 69/7717Kb lim: 239306 exec/s: 0 rss: 220Mb L: 64959/239306 MS: 4 EraseBytes-ChangeBit-ChangeASCIIInt-PersAutoDict- DE: "\377\377\377\377\377\377\377\002"-
#269	NEW    cov: 1259 ft: 1994 corp: 70/7882Kb lim: 239306 exec/s: 0 rss: 222Mb L: 168922/239306 MS: 4 EraseBytes-CrossOver-ChangeByte-CrossOver-
#283	NEW    cov: 1259 ft: 1996 corp: 71/7905Kb lim: 239306 exec/s: 0 rss: 229Mb L: 24145/239306 MS: 4 ShuffleBytes-PersAutoDict-PersAutoDict-ChangeByte- DE: "\000\000\000\000"-"\000\000\000\000"-
#294	NEW    cov: 1259 ft: 2002 corp: 72/7929Kb lim: 239306 exec/s: 0 rss: 232Mb L: 24146/239306 MS: 1 InsertByte-
#295	NEW    cov: 1259 ft: 2003 corp: 73/8144Kb lim: 239306 exec/s: 0 rss: 234Mb L: 220446/239306 MS: 1 CMP- DE: "\001\000\000\000\000\000\000\000"-
#298	REDUCE cov: 1259 ft: 2003 corp: 73/8061Kb lim: 239306 exec/s: 0 rss: 236Mb L: 131199/239306 MS: 3 EraseBytes-InsertRepeatedBytes-EraseBytes-
#307	REDUCE cov: 1259 ft: 2003 corp: 73/7896Kb lim: 239306 exec/s: 0 rss: 241Mb L: 70559/239306 MS: 4 ChangeBit-ChangeBinInt-CopyPart-CrossOver-
#314	NEW    cov: 1259 ft: 2005 corp: 74/8020Kb lim: 239306 exec/s: 0 rss: 246Mb L: 127146/239306 MS: 2 EraseBytes-ChangeBinInt-
#320	REDUCE cov: 1259 ft: 2005 corp: 74/8002Kb lim: 239306 exec/s: 0 rss: 248Mb L: 71892/239306 MS: 1 EraseBytes-
#322	REDUCE cov: 1259 ft: 2005 corp: 74/7955Kb lim: 239306 exec/s: 0 rss: 248Mb L: 58913/239306 MS: 2 ShuffleBytes-EraseBytes-
#324	NEW    cov: 1259 ft: 2008 corp: 75/8140Kb lim: 239306 exec/s: 0 rss: 251Mb L: 189188/239306 MS: 2 PersAutoDict-CrossOver- DE: "\001\000\000\000\000\000\000\000"-
#328	REDUCE cov: 1259 ft: 2008 corp: 75/8107Kb lim: 239306 exec/s: 0 rss: 253Mb L: 85355/239306 MS: 4 ChangeASCIIInt-InsertRepeatedBytes-InsertByte-EraseBytes-
#331	NEW    cov: 1259 ft: 2009 corp: 76/8316Kb lim: 239306 exec/s: 0 rss: 256Mb L: 213883/239306 MS: 3 CopyPart-InsertByte-CrossOver-
#333	NEW    cov: 1259 ft: 2010 corp: 77/8383Kb lim: 239306 exec/s: 0 rss: 257Mb L: 68921/239306 MS: 2 EraseBytes-CopyPart-
#339	REDUCE cov: 1259 ft: 2011 corp: 78/8461Kb lim: 239306 exec/s: 0 rss: 265Mb L: 79435/239306 MS: 1 ChangeByte-
#340	REDUCE cov: 1259 ft: 2011 corp: 78/8436Kb lim: 239306 exec/s: 0 rss: 266Mb L: 64025/239306 MS: 1 EraseBytes-
#346	REDUCE cov: 1259 ft: 2013 corp: 79/8564Kb lim: 239306 exec/s: 0 rss: 268Mb L: 131200/239306 MS: 1 InsertByte-
#353	NEW    cov: 1259 ft: 2014 corp: 80/8763Kb lim: 239306 exec/s: 0 rss: 271Mb L: 203623/239306 MS: 2 ShuffleBytes-CrossOver-
#365	NEW    cov: 1259 ft: 2016 corp: 81/8851Kb lim: 239306 exec/s: 0 rss: 278Mb L: 89872/239306 MS: 2 InsertRepeatedBytes-InsertRepeatedBytes-
#376	NEW    cov: 1259 ft: 2017 corp: 82/9084Kb lim: 239306 exec/s: 0 rss: 282Mb L: 239306/239306 MS: 1 PersAutoDict- DE: "\000\000\000\000"-
#377	NEW    cov: 1259 ft: 2018 corp: 83/9240Kb lim: 239306 exec/s: 0 rss: 284Mb L: 159075/239306 MS: 1 CrossOver-
#378	NEW    cov: 1259 ft: 2019 corp: 84/9415Kb lim: 239306 exec/s: 0 rss: 285Mb L: 179478/239306 MS: 1 InsertByte-
#381	NEW    cov: 1262 ft: 2043 corp: 85/9618Kb lim: 239306 exec/s: 0 rss: 288Mb L: 208172/239306 MS: 3 CrossOver-ChangeBit-InsertByte-
#394	NEW    cov: 1265 ft: 2050 corp: 86/9649Kb lim: 239306 exec/s: 0 rss: 291Mb L: 31638/239306 MS: 3 ChangeASCIIInt-ChangeBinInt-EraseBytes-
#416	NEW    cov: 1266 ft: 2052 corp: 87/9773Kb lim: 239306 exec/s: 0 rss: 303Mb L: 127150/239306 MS: 2 PersAutoDict-PersAutoDict- DE: "\001\000\000\000\000\000\000\003"-"\000\000\000\000"-
#441	NEW    cov: 1266 ft: 2055 corp: 88/9867Kb lim: 239306 exec/s: 0 rss: 311Mb L: 96444/239306 MS: 5 ShuffleBytes-ChangeByte-ChangeASCIIInt-ChangeBit-CrossOver-
#447	REDUCE cov: 1266 ft: 2055 corp: 88/9833Kb lim: 239306 exec/s: 0 rss: 312Mb L: 54674/239306 MS: 1 EraseBytes-
#460	REDUCE cov: 1266 ft: 2055 corp: 88/9798Kb lim: 239306 exec/s: 0 rss: 319Mb L: 53888/239306 MS: 3 InsertRepeatedBytes-ChangeASCIIInt-EraseBytes-
#476	NEW    cov: 1266 ft: 2057 corp: 89/9852Kb lim: 239306 exec/s: 0 rss: 324Mb L: 55124/239306 MS: 1 CMP- DE: "\001\000\000\000"-
#487	NEW    cov: 1266 ft: 2058 corp: 90/9953Kb lim: 239306 exec/s: 0 rss: 330Mb L: 103510/239306 MS: 1 EraseBytes-
#490	NEW    cov: 1266 ft: 2063 corp: 91/9979Kb lim: 239306 exec/s: 0 rss: 331Mb L: 26945/239306 MS: 3 ChangeASCIIInt-CrossOver-ShuffleBytes-
#497	NEW    cov: 1266 ft: 2064 corp: 92/10124Kb lim: 239306 exec/s: 0 rss: 334Mb L: 148137/239306 MS: 2 CopyPart-CopyPart-
#510	NEW    cov: 1266 ft: 2065 corp: 93/10268Kb lim: 239306 exec/s: 0 rss: 341Mb L: 147992/239306 MS: 3 ChangeByte-CMP-EraseBytes- DE: "\000\000\000\000\000\000\000\000"-
#525	REDUCE cov: 1266 ft: 2065 corp: 93/10265Kb lim: 239306 exec/s: 0 rss: 343Mb L: 9635/239306 MS: 5 ChangeASCIIInt-ShuffleBytes-CMP-ShuffleBytes-EraseBytes- DE: "\000\000\000\000\000\000\000\001"-
#532	NEW    cov: 1266 ft: 2076 corp: 94/10269Kb lim: 239306 exec/s: 0 rss: 345Mb L: 4328/239306 MS: 2 ShuffleBytes-CrossOver-
#535	NEW    cov: 1266 ft: 2077 corp: 95/10322Kb lim: 239306 exec/s: 0 rss: 346Mb L: 53558/239306 MS: 3 ShuffleBytes-ChangeASCIIInt-PersAutoDict- DE: "\001\000\000\000\000\000\000\000"-
#536	NEW    cov: 1266 ft: 2078 corp: 96/10354Kb lim: 239306 exec/s: 0 rss: 346Mb L: 32699/239306 MS: 1 CopyPart-
#549	NEW    cov: 1266 ft: 2079 corp: 97/10444Kb lim: 239306 exec/s: 0 rss: 351Mb L: 92588/239306 MS: 3 EraseBytes-InsertRepeatedBytes-CopyPart-
#554	NEW    cov: 1266 ft: 2084 corp: 98/10610Kb lim: 239306 exec/s: 0 rss: 354Mb L: 170500/239306 MS: 5 ShuffleBytes-InsertRepeatedBytes-PersAutoDict-CopyPart-PersAutoDict- DE: "\001\000\000\000"-"\000\000\000\000\000\000\000\001"-
#558	NEW    cov: 1266 ft: 2087 corp: 99/10698Kb lim: 239306 exec/s: 0 rss: 356Mb L: 89820/239306 MS: 4 InsertRepeatedBytes-PersAutoDict-PersAutoDict-InsertRepeatedBytes- DE: "\000\000\000\000\000\000\000\030"-"\001\000\000\000\000\000\000\003"-
#569	NEW    cov: 1266 ft: 2088 corp: 100/10772Kb lim: 239306 exec/s: 0 rss: 360Mb L: 75244/239306 MS: 1 EraseBytes-
#585	NEW    cov: 1280 ft: 2102 corp: 101/10938Kb lim: 239306 exec/s: 0 rss: 369Mb L: 170500/239306 MS: 1 CMP- DE: "\001\000"-
#621	REDUCE cov: 1280 ft: 2102 corp: 101/10923Kb lim: 239306 exec/s: 0 rss: 377Mb L: 15927/239306 MS: 1 EraseBytes-
#636	REDUCE cov: 1280 ft: 2105 corp: 102/10972Kb lim: 239306 exec/s: 0 rss: 377Mb L: 49914/239306 MS: 5 ChangeASCIIInt-ShuffleBytes-ChangeBit-CMP-EraseBytes- DE: "\377\377\377\377\377\377\003\000"-
#638	NEW    cov: 1280 ft: 2106 corp: 103/11021Kb lim: 239306 exec/s: 0 rss: 378Mb L: 51085/239306 MS: 2 EraseBytes-InsertByte-
#645	NEW    cov: 1280 ft: 2107 corp: 104/11099Kb lim: 239306 exec/s: 0 rss: 379Mb L: 79443/239306 MS: 2 ChangeBinInt-PersAutoDict- DE: "\000\000\000\000\000\000\000\000"-
#671	NEW    cov: 1280 ft: 2109 corp: 105/11119Kb lim: 239306 exec/s: 0 rss: 385Mb L: 20468/239306 MS: 1 CrossOver-
#689	NEW    cov: 1280 ft: 2110 corp: 106/11222Kb lim: 239306 exec/s: 0 rss: 388Mb L: 105445/239306 MS: 3 ChangeBinInt-CopyPart-InsertRepeatedBytes-
#701	NEW    cov: 1280 ft: 2111 corp: 107/11367Kb lim: 239306 exec/s: 0 rss: 388Mb L: 148206/239306 MS: 2 InsertRepeatedBytes-InsertByte-
#709	NEW    cov: 1280 ft: 2112 corp: 108/11457Kb lim: 239306 exec/s: 0 rss: 388Mb L: 92681/239306 MS: 3 ChangeBit-InsertRepeatedBytes-CMP- DE: "\320\012\000\000\000\000\000\000"-
#718	REDUCE cov: 1280 ft: 2112 corp: 108/11437Kb lim: 239306 exec/s: 0 rss: 388Mb L: 218925/239306 MS: 4 ChangeASCIIInt-ChangeByte-CopyPart-EraseBytes-
#757	REDUCE cov: 1280 ft: 2112 corp: 108/11293Kb lim: 239306 exec/s: 0 rss: 397Mb L: 71048/239306 MS: 4 CopyPart-ChangeBit-ChangeBinInt-CrossOver-
#761	REDUCE cov: 1280 ft: 2112 corp: 108/11270Kb lim: 239306 exec/s: 0 rss: 397Mb L: 52128/239306 MS: 4 ChangeBit-InsertByte-InsertRepeatedBytes-EraseBytes-
#765	NEW    cov: 1293 ft: 2126 corp: 109/11412Kb lim: 239306 exec/s: 0 rss: 397Mb L: 144577/239306 MS: 4 CrossOver-InsertRepeatedBytes-PersAutoDict-PersAutoDict- DE: "\000\000\000\000"-"\001\000"-
#777	REDUCE cov: 1293 ft: 2126 corp: 109/11324Kb lim: 239306 exec/s: 0 rss: 397Mb L: 80940/239306 MS: 2 InsertByte-CrossOver-
#779	REDUCE cov: 1293 ft: 2126 corp: 109/11298Kb lim: 239306 exec/s: 0 rss: 397Mb L: 63115/239306 MS: 2 ChangeASCIIInt-EraseBytes-
#798	NEW    cov: 1293 ft: 2127 corp: 110/11521Kb lim: 239306 exec/s: 798 rss: 397Mb L: 228798/239306 MS: 4 ShuffleBytes-CMP-InsertByte-CrossOver- DE: "\377\377\377\377"-
#845	REDUCE cov: 1293 ft: 2128 corp: 111/11591Kb lim: 239306 exec/s: 845 rss: 408Mb L: 71056/239306 MS: 2 CMP-ChangeByte- DE: "\001\000\000\000\000\000\000\000"-
#852	REDUCE cov: 1293 ft: 2128 corp: 111/11565Kb lim: 239306 exec/s: 852 rss: 408Mb L: 28462/239306 MS: 2 ChangeByte-EraseBytes-
#887	NEW    cov: 1294 ft: 2129 corp: 112/11569Kb lim: 239306 exec/s: 887 rss: 408Mb L: 4332/239306 MS: 5 ChangeASCIIInt-ChangeBinInt-PersAutoDict-ChangeASCIIInt-PersAutoDict- DE: "\001\000\000\000"-"\377\377\377\377"-
#902	REDUCE cov: 1294 ft: 2129 corp: 112/11531Kb lim: 239306 exec/s: 902 rss: 408Mb L: 100816/239306 MS: 5 ShuffleBytes-ChangeASCIIInt-ChangeASCIIInt-InsertRepeatedBytes-EraseBytes-
#930	REDUCE cov: 1294 ft: 2129 corp: 112/11494Kb lim: 239306 exec/s: 930 rss: 411Mb L: 69032/239306 MS: 3 ChangeASCIIInt-ChangeASCIIInt-EraseBytes-
#934	REDUCE cov: 1294 ft: 2129 corp: 112/11478Kb lim: 239306 exec/s: 934 rss: 411Mb L: 132724/239306 MS: 4 ChangeBit-InsertByte-CopyPart-EraseBytes-
#941	REDUCE cov: 1294 ft: 2129 corp: 112/11464Kb lim: 239306 exec/s: 941 rss: 411Mb L: 75385/239306 MS: 2 ShuffleBytes-EraseBytes-
#993	NEW    cov: 1294 ft: 2136 corp: 113/11515Kb lim: 239306 exec/s: 993 rss: 414Mb L: 52638/239306 MS: 2 EraseBytes-PersAutoDict- DE: "\320\012\000\000\000\000\000\000"-
#1026	REDUCE cov: 1294 ft: 2136 corp: 113/11459Kb lim: 239306 exec/s: 1026 rss: 414Mb L: 101589/239306 MS: 3 EraseBytes-ChangeASCIIInt-CopyPart-
#1051	NEW    cov: 1294 ft: 2138 corp: 114/11596Kb lim: 239306 exec/s: 1051 rss: 414Mb L: 140190/239306 MS: 5 InsertRepeatedBytes-PersAutoDict-CopyPart-ShuffleBytes-CopyPart- DE: "\377\377\377\377\377\377\003\000"-
#1062	REDUCE cov: 1294 ft: 2138 corp: 114/11538Kb lim: 239306 exec/s: 1062 rss: 415Mb L: 12956/239306 MS: 1 CrossOver-
#1070	REDUCE cov: 1294 ft: 2138 corp: 114/11501Kb lim: 239306 exec/s: 1070 rss: 417Mb L: 51198/239306 MS: 3 ChangeBinInt-ChangeBit-EraseBytes-
#1080	REDUCE cov: 1294 ft: 2138 corp: 114/11499Kb lim: 239306 exec/s: 1080 rss: 417Mb L: 50305/239306 MS: 5 CopyPart-ChangeBinInt-ChangeASCIIInt-InsertByte-EraseBytes-
#1104	REDUCE cov: 1294 ft: 2138 corp: 114/11474Kb lim: 239306 exec/s: 1104 rss: 419Mb L: 38290/239306 MS: 4 ChangeBit-PersAutoDict-CrossOver-EraseBytes- DE: "\001\000\000\000\000\000\000\000"-
#1107	REDUCE cov: 1294 ft: 2138 corp: 114/11471Kb lim: 239306 exec/s: 1107 rss: 420Mb L: 144303/239306 MS: 3 CMP-ShuffleBytes-EraseBytes- DE: "\301\\\002\211\354-\012\221g\354\216e\241\215\353\276^U2\373\356\242\223\370\013\311B\356\220\206\301q"-
#1139	REDUCE cov: 1294 ft: 2143 corp: 115/11484Kb lim: 239306 exec/s: 1139 rss: 425Mb L: 13794/239306 MS: 2 CopyPart-CopyPart-
#1196	REDUCE cov: 1294 ft: 2143 corp: 115/11484Kb lim: 239306 exec/s: 1196 rss: 425Mb L: 79342/239306 MS: 2 ChangeASCIIInt-EraseBytes-
#1209	NEW    cov: 1294 ft: 2148 corp: 116/11487Kb lim: 239306 exec/s: 1209 rss: 425Mb L: 2718/239306 MS: 3 InsertByte-ChangeBinInt-EraseBytes-
#1250	NEW    cov: 1294 ft: 2149 corp: 117/11564Kb lim: 239306 exec/s: 1250 rss: 425Mb L: 79443/239306 MS: 1 CMP- DE: "\000\000\000\000"-
#1289	REDUCE cov: 1294 ft: 2149 corp: 117/11541Kb lim: 239306 exec/s: 1289 rss: 427Mb L: 57509/239306 MS: 4 ChangeBit-ChangeByte-CMP-EraseBytes- DE: "\000\000\000\000"-
#1295	REDUCE cov: 1294 ft: 2149 corp: 117/11529Kb lim: 239306 exec/s: 1295 rss: 427Mb L: 76959/239306 MS: 1 EraseBytes-
#1329	NEW    cov: 1294 ft: 2151 corp: 118/11713Kb lim: 239306 exec/s: 1329 rss: 430Mb L: 188818/239306 MS: 4 ChangeByte-CopyPart-CopyPart-PersAutoDict- DE: "\000\000\000\000\000\000\000\001"-
#1330	REDUCE cov: 1294 ft: 2151 corp: 118/11692Kb lim: 239306 exec/s: 1330 rss: 430Mb L: 42125/239306 MS: 1 EraseBytes-
#1364	REDUCE cov: 1294 ft: 2151 corp: 118/11691Kb lim: 239306 exec/s: 1364 rss: 430Mb L: 88549/239306 MS: 4 ChangeASCIIInt-CMP-PersAutoDict-EraseBytes- DE: "\001\000"-"\000\000\000\000\000\000\000\001"-
	NEW_FUNC[1/2]: 0x55693dc5df70  (/home/runner/work/hc-stark/hc-stark/raw-reports/cargo-target/x86_64-unknown-linux-gnu/release/plonky3_proof_bytes_v1+0x283f70) (BuildId: 93b0a3be9bf8948c6041fb18af8421d78e04255e)
	NEW_FUNC[2/2]: 0x55693dc65650  (/home/runner/work/hc-stark/hc-stark/raw-reports/cargo-target/x86_64-unknown-linux-gnu/release/plonky3_proof_bytes_v1+0x28b650) (BuildId: 93b0a3be9bf8948c6041fb18af8421d78e04255e)
#1373	NEW    cov: 1313 ft: 2282 corp: 119/11748Kb lim: 239306 exec/s: 1373 rss: 430Mb L: 58949/239306 MS: 4 EraseBytes-CrossOver-PersAutoDict-PersAutoDict- DE: "\000\000\000\000"-"\000\000\000\000\000\000\000\030"-
#1415	REDUCE cov: 1313 ft: 2282 corp: 119/11730Kb lim: 239306 exec/s: 1415 rss: 434Mb L: 31656/239306 MS: 2 ChangeBinInt-EraseBytes-
#1422	REDUCE cov: 1313 ft: 2282 corp: 119/11689Kb lim: 239306 exec/s: 1422 rss: 434Mb L: 47693/239306 MS: 2 ShuffleBytes-EraseBytes-
#1427	NEW    cov: 1317 ft: 2300 corp: 120/11873Kb lim: 239306 exec/s: 1427 rss: 434Mb L: 188541/239306 MS: 5 ChangeBit-ShuffleBytes-EraseBytes-InsertRepeatedBytes-CrossOver-
#1458	REDUCE cov: 1317 ft: 2301 corp: 121/11947Kb lim: 239306 exec/s: 1458 rss: 435Mb L: 75387/239306 MS: 1 PersAutoDict- DE: "\001\000"-
#1463	NEW    cov: 1317 ft: 2310 corp: 122/12049Kb lim: 239306 exec/s: 1463 rss: 435Mb L: 105454/239306 MS: 5 ShuffleBytes-PersAutoDict-ChangeBinInt-InsertByte-ChangeByte- DE: "\001\000\000\000\000\000\000\000"-
#1486	REDUCE cov: 1319 ft: 2312 corp: 123/12062Kb lim: 239306 exec/s: 1486 rss: 435Mb L: 13108/239306 MS: 3 ShuffleBytes-CrossOver-PersAutoDict- DE: "\000\000\000\000\000\000\000\001"-
#1544	REDUCE cov: 1319 ft: 2312 corp: 123/12052Kb lim: 239306 exec/s: 1544 rss: 435Mb L: 39229/239306 MS: 3 ChangeByte-InsertByte-EraseBytes-
#1560	REDUCE cov: 1319 ft: 2312 corp: 123/12002Kb lim: 239306 exec/s: 1560 rss: 435Mb L: 54570/239306 MS: 1 EraseBytes-
#1603	REDUCE cov: 1320 ft: 2313 corp: 124/12055Kb lim: 239306 exec/s: 1603 rss: 435Mb L: 53888/239306 MS: 3 CMP-PersAutoDict-CMP- DE: "\001\000\000\000"-"\377\377\377\377"-"\000\000\000\000\377\377\377\377"-
#1604	NEW    cov: 1320 ft: 2327 corp: 125/12143Kb lim: 239306 exec/s: 1604 rss: 435Mb L: 89810/239306 MS: 1 InsertRepeatedBytes-
#1685	NEW    cov: 1320 ft: 2330 corp: 126/12197Kb lim: 239306 exec/s: 1685 rss: 435Mb L: 55663/239306 MS: 1 CrossOver-
#1709	REDUCE cov: 1320 ft: 2330 corp: 126/12196Kb lim: 239306 exec/s: 1709 rss: 435Mb L: 68265/239306 MS: 4 ChangeBinInt-ChangeBit-ChangeBinInt-EraseBytes-
#1721	REDUCE cov: 1320 ft: 2330 corp: 126/12174Kb lim: 239306 exec/s: 1721 rss: 435Mb L: 197604/239306 MS: 2 InsertRepeatedBytes-EraseBytes-
#1758	REDUCE cov: 1320 ft: 2331 corp: 127/12202Kb lim: 239306 exec/s: 1758 rss: 435Mb L: 28462/239306 MS: 2 ShuffleBytes-ChangeBinInt-
#1772	REDUCE cov: 1320 ft: 2331 corp: 127/12200Kb lim: 239306 exec/s: 1772 rss: 435Mb L: 50047/239306 MS: 4 ChangeByte-CMP-CMP-EraseBytes- DE: "\253\252\252\252\252\252\252\012"-"\001\000\000\000"-
#1775	REDUCE cov: 1320 ft: 2331 corp: 127/12186Kb lim: 239306 exec/s: 1775 rss: 435Mb L: 75383/239306 MS: 3 ChangeByte-InsertByte-EraseBytes-
#1780	NEW    cov: 1320 ft: 2332 corp: 128/12317Kb lim: 239306 exec/s: 1780 rss: 435Mb L: 133610/239306 MS: 5 PersAutoDict-ChangeBinInt-InsertByte-PersAutoDict-InsertByte- DE: "\320\012\000\000\000\000\000\000"-"\000\000\000\000\000\000\000\001"-
#1847	NEW    cov: 1320 ft: 2335 corp: 129/12324Kb lim: 239306 exec/s: 923 rss: 438Mb L: 6919/239306 MS: 2 CrossOver-CopyPart-
#1893	REDUCE cov: 1320 ft: 2335 corp: 129/12322Kb lim: 239306 exec/s: 946 rss: 441Mb L: 52864/239306 MS: 1 EraseBytes-
#1953	NEW    cov: 1320 ft: 2337 corp: 130/12391Kb lim: 239306 exec/s: 976 rss: 441Mb L: 71180/239306 MS: 5 EraseBytes-CopyPart-ChangeASCIIInt-ChangeBinInt-InsertRepeatedBytes-
#1960	REDUCE cov: 1320 ft: 2337 corp: 130/12384Kb lim: 239306 exec/s: 980 rss: 441Mb L: 59369/239306 MS: 2 CrossOver-EraseBytes-
#1962	REDUCE cov: 1320 ft: 2337 corp: 130/12367Kb lim: 239306 exec/s: 981 rss: 441Mb L: 72748/239306 MS: 2 ChangeByte-EraseBytes-
#1969	REDUCE cov: 1320 ft: 2337 corp: 130/12357Kb lim: 239306 exec/s: 984 rss: 441Mb L: 28257/239306 MS: 2 CopyPart-EraseBytes-
#2005	REDUCE cov: 1320 ft: 2338 corp: 131/12385Kb lim: 239306 exec/s: 1002 rss: 441Mb L: 28463/239306 MS: 1 InsertByte-
#2038	REDUCE cov: 1320 ft: 2338 corp: 131/12294Kb lim: 239306 exec/s: 1019 rss: 441Mb L: 95794/239306 MS: 3 PersAutoDict-ChangeByte-CrossOver- DE: "\377\377\377\377\377\377\377\002"-
#2048	pulse  cov: 1320 ft: 2338 corp: 131/12294Kb lim: 239306 exec/s: 1024 rss: 441Mb
#2055	REDUCE cov: 1320 ft: 2338 corp: 131/12175Kb lim: 239306 exec/s: 1027 rss: 441Mb L: 48505/239306 MS: 2 ChangeByte-CrossOver-
#2060	REDUCE cov: 1320 ft: 2338 corp: 131/12166Kb lim: 239306 exec/s: 1030 rss: 441Mb L: 47790/239306 MS: 5 CopyPart-PersAutoDict-ShuffleBytes-PersAutoDict-EraseBytes- DE: "\000\000\000\000\377\377\377\377"-"\377\377\377\377\377\377\003\000"-
#2079	NEW    cov: 1320 ft: 2339 corp: 132/12268Kb lim: 239306 exec/s: 1039 rss: 441Mb L: 104336/239306 MS: 4 CrossOver-ChangeBit-InsertRepeatedBytes-InsertRepeatedBytes-
#2083	REDUCE cov: 1320 ft: 2339 corp: 132/12217Kb lim: 239306 exec/s: 1041 rss: 441Mb L: 52468/239306 MS: 4 CrossOver-ChangeASCIIInt-InsertRepeatedBytes-EraseBytes-
#2084	REDUCE cov: 1320 ft: 2339 corp: 132/12211Kb lim: 239306 exec/s: 1042 rss: 441Mb L: 41204/239306 MS: 1 EraseBytes-
#2133	REDUCE cov: 1320 ft: 2339 corp: 132/12206Kb lim: 239306 exec/s: 1066 rss: 441Mb L: 45148/239306 MS: 4 InsertRepeatedBytes-ChangeBinInt-CopyPart-EraseBytes-
#2154	REDUCE cov: 1320 ft: 2339 corp: 132/12182Kb lim: 239306 exec/s: 1077 rss: 441Mb L: 189132/239306 MS: 1 EraseBytes-
#2194	REDUCE cov: 1320 ft: 2339 corp: 132/12175Kb lim: 239306 exec/s: 1097 rss: 441Mb L: 181948/239306 MS: 5 InsertByte-InsertByte-ChangeASCIIInt-ChangeASCIIInt-EraseBytes-
#2200	NEW    cov: 1320 ft: 2341 corp: 133/12276Kb lim: 239306 exec/s: 1100 rss: 441Mb L: 103510/239306 MS: 1 CMP- DE: "\002\377\377\377\377\377\377\377"-
#2217	REDUCE cov: 1320 ft: 2341 corp: 133/12217Kb lim: 239306 exec/s: 1108 rss: 441Mb L: 109176/239306 MS: 2 ChangeBinInt-EraseBytes-
#2230	NEW    cov: 1320 ft: 2342 corp: 134/12354Kb lim: 239306 exec/s: 1115 rss: 441Mb L: 140202/239306 MS: 3 PersAutoDict-ChangeBinInt-PersAutoDict- DE: "\320\012\000\000\000\000\000\000"-"\001\000\000\000"-
#2305	NEW    cov: 1328 ft: 2366 corp: 135/12418Kb lim: 239306 exec/s: 1152 rss: 441Mb L: 65124/239306 MS: 5 ChangeASCIIInt-InsertByte-InsertRepeatedBytes-InsertRepeatedBytes-CMP- DE: "\000\000\000\000"-
#2341	NEW    cov: 1328 ft: 2383 corp: 136/12441Kb lim: 239306 exec/s: 1170 rss: 441Mb L: 24165/239306 MS: 1 CMP- DE: "\000\000"-
#2356	REDUCE cov: 1328 ft: 2383 corp: 136/12434Kb lim: 239306 exec/s: 1178 rss: 441Mb L: 51361/239306 MS: 5 ChangeByte-CopyPart-ChangeByte-ChangeBit-EraseBytes-
#2362	NEW    cov: 1329 ft: 2384 corp: 137/12435Kb lim: 239306 exec/s: 1181 rss: 441Mb L: 1412/239306 MS: 1 CrossOver-
#2375	REDUCE cov: 1329 ft: 2384 corp: 137/12434Kb lim: 239306 exec/s: 1187 rss: 441Mb L: 11219/239306 MS: 3 CrossOver-ChangeASCIIInt-EraseBytes-
#2376	REDUCE cov: 1330 ft: 2390 corp: 138/12486Kb lim: 239306 exec/s: 1188 rss: 441Mb L: 53909/239306 MS: 1 InsertRepeatedBytes-
#2429	REDUCE cov: 1330 ft: 2390 corp: 138/12442Kb lim: 239306 exec/s: 1214 rss: 441Mb L: 60281/239306 MS: 3 CopyPart-CrossOver-CrossOver-
	NEW_FUNC[1/1]: 0x55693dc64ab0  (/home/runner/work/hc-stark/hc-stark/raw-reports/cargo-target/x86_64-unknown-linux-gnu/release/plonky3_proof_bytes_v1+0x28aab0) (BuildId: 93b0a3be9bf8948c6041fb18af8421d78e04255e)
#2437	REDUCE cov: 1337 ft: 2397 corp: 139/12492Kb lim: 239306 exec/s: 1218 rss: 441Mb L: 51484/239306 MS: 3 InsertRepeatedBytes-PersAutoDict-ChangeBinInt- DE: "\000\000\000\000\000\000\000\000"-
#2450	REDUCE cov: 1337 ft: 2397 corp: 139/12491Kb lim: 239306 exec/s: 1225 rss: 441Mb L: 3187/239306 MS: 3 ShuffleBytes-ShuffleBytes-EraseBytes-
#2452	REDUCE cov: 1337 ft: 2397 corp: 139/12489Kb lim: 239306 exec/s: 1226 rss: 441Mb L: 131744/239306 MS: 2 ShuffleBytes-EraseBytes-
#2458	REDUCE cov: 1339 ft: 2399 corp: 140/12538Kb lim: 239306 exec/s: 1229 rss: 441Mb L: 50099/239306 MS: 1 EraseBytes-
#2466	REDUCE cov: 1339 ft: 2399 corp: 140/12535Kb lim: 239306 exec/s: 1233 rss: 441Mb L: 6394/239306 MS: 3 ChangeByte-InsertRepeatedBytes-EraseBytes-
#2515	REDUCE cov: 1339 ft: 2399 corp: 140/12515Kb lim: 239306 exec/s: 1257 rss: 441Mb L: 33183/239306 MS: 4 CopyPart-ShuffleBytes-CrossOver-EraseBytes-
#2548	REDUCE cov: 1339 ft: 2399 corp: 140/12509Kb lim: 239306 exec/s: 1274 rss: 441Mb L: 21609/239306 MS: 3 InsertByte-ChangeASCIIInt-CrossOver-
#2571	REDUCE cov: 1339 ft: 2399 corp: 140/12502Kb lim: 239306 exec/s: 1285 rss: 441Mb L: 22057/239306 MS: 3 InsertRepeatedBytes-CopyPart-EraseBytes-
#2581	REDUCE cov: 1339 ft: 2399 corp: 140/12497Kb lim: 239306 exec/s: 1290 rss: 441Mb L: 10774/239306 MS: 5 ChangeBinInt-ChangeASCIIInt-ShuffleBytes-CrossOver-EraseBytes-
#2602	REDUCE cov: 1339 ft: 2399 corp: 140/12482Kb lim: 239306 exec/s: 1301 rss: 441Mb L: 26127/239306 MS: 1 EraseBytes-
	NEW_FUNC[1/1]: 0x55693dc35920  (/home/runner/work/hc-stark/hc-stark/raw-reports/cargo-target/x86_64-unknown-linux-gnu/release/plonky3_proof_bytes_v1+0x25b920) (BuildId: 93b0a3be9bf8948c6041fb18af8421d78e04255e)
#2624	NEW    cov: 1342 ft: 2402 corp: 141/12716Kb lim: 239306 exec/s: 1312 rss: 441Mb L: 239306/239306 MS: 2 ChangeBinInt-ShuffleBytes-
#2650	REDUCE cov: 1342 ft: 2402 corp: 141/12692Kb lim: 239306 exec/s: 1325 rss: 441Mb L: 215027/239306 MS: 1 EraseBytes-
#2674	REDUCE cov: 1342 ft: 2402 corp: 141/12670Kb lim: 239306 exec/s: 1337 rss: 441Mb L: 126005/239306 MS: 4 ChangeASCIIInt-InsertByte-ChangeASCIIInt-EraseBytes-
#2683	REDUCE cov: 1342 ft: 2402 corp: 141/12651Kb lim: 239306 exec/s: 1341 rss: 441Mb L: 34273/239306 MS: 4 ChangeByte-CMP-InsertRepeatedBytes-EraseBytes- DE: "\001\000\000\000\000\000\000\000"-
#2704	REDUCE cov: 1342 ft: 2402 corp: 141/12650Kb lim: 239306 exec/s: 1352 rss: 441Mb L: 1680/239306 MS: 1 EraseBytes-
#2795	REDUCE cov: 1342 ft: 2402 corp: 141/12644Kb lim: 239306 exec/s: 1397 rss: 441Mb L: 233572/239306 MS: 1 EraseBytes-
#2803	REDUCE cov: 1342 ft: 2402 corp: 141/12631Kb lim: 239306 exec/s: 1401 rss: 441Mb L: 78861/239306 MS: 3 ShuffleBytes-ChangeBit-EraseBytes-
#2815	REDUCE cov: 1342 ft: 2402 corp: 141/12629Kb lim: 239306 exec/s: 1407 rss: 441Mb L: 88406/239306 MS: 2 CopyPart-EraseBytes-
#2817	REDUCE cov: 1342 ft: 2402 corp: 141/12628Kb lim: 239306 exec/s: 1408 rss: 441Mb L: 43658/239306 MS: 2 ChangeByte-EraseBytes-
#2824	REDUCE cov: 1342 ft: 2402 corp: 141/12605Kb lim: 239306 exec/s: 1412 rss: 441Mb L: 48349/239306 MS: 2 PersAutoDict-EraseBytes- DE: "\000\000\000\000\377\377\377\377"-
#2858	REDUCE cov: 1342 ft: 2405 corp: 142/12607Kb lim: 239306 exec/s: 1429 rss: 441Mb L: 1764/239306 MS: 4 CrossOver-PersAutoDict-EraseBytes-CopyPart- DE: "\377\377\377\377\377\377\003\000"-
#2859	REDUCE cov: 1342 ft: 2405 corp: 142/12516Kb lim: 239306 exec/s: 1429 rss: 441Mb L: 121422/239306 MS: 1 EraseBytes-
#2878	REDUCE cov: 1342 ft: 2405 corp: 142/12489Kb lim: 239306 exec/s: 1439 rss: 441Mb L: 45193/239306 MS: 4 InsertByte-ShuffleBytes-ChangeByte-EraseBytes-
#2893	REDUCE cov: 1342 ft: 2405 corp: 142/12465Kb lim: 239306 exec/s: 1446 rss: 441Mb L: 84517/239306 MS: 5 ChangeASCIIInt-InsertRepeatedBytes-PersAutoDict-ChangeBinInt-EraseBytes- DE: "\253\252\252\252\252\252\252\012"-
#2906	REDUCE cov: 1342 ft: 2405 corp: 142/12456Kb lim: 239306 exec/s: 1453 rss: 441Mb L: 67312/239306 MS: 3 ChangeBit-ShuffleBytes-EraseBytes-
#2938	REDUCE cov: 1342 ft: 2405 corp: 142/12455Kb lim: 239306 exec/s: 1469 rss: 441Mb L: 102860/239306 MS: 2 ChangeByte-EraseBytes-
#2968	REDUCE cov: 1342 ft: 2405 corp: 142/12454Kb lim: 239306 exec/s: 1484 rss: 441Mb L: 30570/239306 MS: 5 PersAutoDict-InsertByte-InsertByte-ChangeASCIIInt-EraseBytes- DE: "\001\000\000\000"-
#2970	REDUCE cov: 1342 ft: 2405 corp: 142/12443Kb lim: 239306 exec/s: 1485 rss: 441Mb L: 41596/239306 MS: 2 PersAutoDict-EraseBytes- DE: "\001\000"-
#2973	REDUCE cov: 1342 ft: 2405 corp: 142/12397Kb lim: 239306 exec/s: 1486 rss: 441Mb L: 56990/239306 MS: 3 CopyPart-PersAutoDict-EraseBytes- DE: "\000\000\000\000\000\000\000\030"-
#3005	NEW    cov: 1342 ft: 2411 corp: 143/12399Kb lim: 239306 exec/s: 1001 rss: 441Mb L: 1883/239306 MS: 2 ChangeBinInt-InsertRepeatedBytes-
#3007	REDUCE cov: 1345 ft: 2418 corp: 144/12465Kb lim: 239306 exec/s: 1002 rss: 441Mb L: 67313/239306 MS: 2 ChangeBinInt-InsertByte-
#3051	REDUCE cov: 1345 ft: 2418 corp: 144/12440Kb lim: 239306 exec/s: 1017 rss: 441Mb L: 82048/239306 MS: 4 ChangeBit-ShuffleBytes-InsertByte-EraseBytes-
#3072	REDUCE cov: 1345 ft: 2418 corp: 144/12369Kb lim: 239306 exec/s: 1024 rss: 442Mb L: 166546/239306 MS: 1 CrossOver-
#3078	REDUCE cov: 1345 ft: 2418 corp: 144/12331Kb lim: 239306 exec/s: 1026 rss: 442Mb L: 200808/239306 MS: 1 EraseBytes-
#3093	REDUCE cov: 1345 ft: 2418 corp: 144/12322Kb lim: 239306 exec/s: 1031 rss: 442Mb L: 38777/239306 MS: 5 CMP-PersAutoDict-CMP-InsertByte-EraseBytes- DE: "\001\000"-"\001\000\000\000"-"\000\000\000\000\000\000\000\004"-
#3124	NEW    cov: 1345 ft: 2429 corp: 145/12341Kb lim: 239306 exec/s: 1041 rss: 442Mb L: 19250/239306 MS: 1 EraseBytes-
#3153	REDUCE cov: 1345 ft: 2429 corp: 145/12221Kb lim: 239306 exec/s: 1051 rss: 442Mb L: 85949/239306 MS: 4 ChangeBit-ChangeASCIIInt-ChangeBit-CrossOver-
#3197	REDUCE cov: 1345 ft: 2429 corp: 145/12212Kb lim: 239306 exec/s: 1065 rss: 442Mb L: 42409/239306 MS: 4 CopyPart-ChangeByte-ChangeASCIIInt-EraseBytes-
#3302	REDUCE cov: 1345 ft: 2429 corp: 145/12191Kb lim: 239306 exec/s: 1100 rss: 442Mb L: 60537/239306 MS: 5 ChangeASCIIInt-PersAutoDict-CopyPart-CMP-CrossOver- DE: "\000\000\000\000\000\000\000\000"-"\001\000\000\000\000\000\000\002"-
#3333	REDUCE cov: 1345 ft: 2429 corp: 145/12186Kb lim: 239306 exec/s: 1111 rss: 442Mb L: 18543/239306 MS: 1 EraseBytes-
#3349	REDUCE cov: 1345 ft: 2429 corp: 145/12138Kb lim: 239306 exec/s: 1116 rss: 442Mb L: 65733/239306 MS: 1 CrossOver-
#3352	REDUCE cov: 1345 ft: 2429 corp: 145/12133Kb lim: 239306 exec/s: 1117 rss: 442Mb L: 17032/239306 MS: 3 ChangeASCIIInt-ChangeASCIIInt-EraseBytes-
#3358	NEW    cov: 1345 ft: 2430 corp: 146/12186Kb lim: 239306 exec/s: 1119 rss: 442Mb L: 54531/239306 MS: 1 InsertByte-
#3361	REDUCE cov: 1345 ft: 2430 corp: 146/12175Kb lim: 239306 exec/s: 1120 rss: 442Mb L: 29214/239306 MS: 3 PersAutoDict-ChangeByte-EraseBytes- DE: "\000\000"-
#3378	REDUCE cov: 1345 ft: 2430 corp: 146/12169Kb lim: 239306 exec/s: 1126 rss: 442Mb L: 18479/239306 MS: 2 ShuffleBytes-EraseBytes-
#3414	REDUCE cov: 1345 ft: 2430 corp: 146/12163Kb lim: 239306 exec/s: 1138 rss: 442Mb L: 73063/239306 MS: 1 EraseBytes-
#3431	REDUCE cov: 1345 ft: 2430 corp: 146/12160Kb lim: 239306 exec/s: 1143 rss: 442Mb L: 3647/239306 MS: 2 PersAutoDict-EraseBytes- DE: "\000\000\000\000\377\377\377\377"-
#3459	REDUCE cov: 1345 ft: 2430 corp: 146/12139Kb lim: 239306 exec/s: 1153 rss: 442Mb L: 109949/239306 MS: 3 CopyPart-ChangeBit-EraseBytes-
#3465	NEW    cov: 1346 ft: 2432 corp: 147/12153Kb lim: 239306 exec/s: 1155 rss: 442Mb L: 13794/239306 MS: 1 CrossOver-
#3498	REDUCE cov: 1346 ft: 2432 corp: 147/12116Kb lim: 239306 exec/s: 1166 rss: 442Mb L: 46338/239306 MS: 3 ChangeBinInt-ShuffleBytes-EraseBytes-
#3520	NEW    cov: 1346 ft: 2433 corp: 148/12314Kb lim: 239306 exec/s: 1173 rss: 442Mb L: 203623/239306 MS: 2 CopyPart-PersAutoDict- DE: "\000\000\000\000\000\000\000\030"-
#3533	REDUCE cov: 1346 ft: 2433 corp: 148/12308Kb lim: 239306 exec/s: 1177 rss: 442Mb L: 12355/239306 MS: 3 ChangeBit-ChangeBit-EraseBytes-
#3539	REDUCE cov: 1346 ft: 2433 corp: 148/12304Kb lim: 239306 exec/s: 1179 rss: 442Mb L: 6966/239306 MS: 1 EraseBytes-
#3577	REDUCE cov: 1346 ft: 2433 corp: 148/12297Kb lim: 239306 exec/s: 1192 rss: 442Mb L: 35062/239306 MS: 3 PersAutoDict-ChangeByte-EraseBytes- DE: "\001\000\000\000\000\000\000\000"-
#3622	REDUCE cov: 1346 ft: 2434 corp: 149/12341Kb lim: 239306 exec/s: 1207 rss: 442Mb L: 45194/239306 MS: 5 InsertByte-ShuffleBytes-CrossOver-ChangeByte-CrossOver-
#3686	REDUCE cov: 1346 ft: 2434 corp: 149/12250Kb lim: 239306 exec/s: 1228 rss: 442Mb L: 126815/239306 MS: 4 InsertByte-PersAutoDict-InsertRepeatedBytes-CrossOver- DE: "\001\000\000\000"-
#3769	REDUCE cov: 1346 ft: 2434 corp: 149/12225Kb lim: 239306 exec/s: 1256 rss: 442Mb L: 60691/239306 MS: 3 PersAutoDict-PersAutoDict-EraseBytes- DE: "\001\000\000\000\000\000\000\003"-"\253\252\252\252\252\252\252\012"-
#3778	REDUCE cov: 1346 ft: 2434 corp: 149/12186Kb lim: 239306 exec/s: 1259 rss: 442Mb L: 61421/239306 MS: 4 ChangeBit-ShuffleBytes-ChangeBit-EraseBytes-
#3780	NEW    cov: 1347 ft: 2435 corp: 150/12218Kb lim: 239306 exec/s: 1260 rss: 442Mb L: 32699/239306 MS: 2 ShuffleBytes-PersAutoDict- DE: "\377\377\377\377"-
#3858	NEW    cov: 1350 ft: 2441 corp: 151/12231Kb lim: 239306 exec/s: 1286 rss: 446Mb L: 13849/239306 MS: 3 InsertByte-InsertRepeatedBytes-CMP- DE: "\013\252\252\252\252\252\252\252"-
#3866	REDUCE cov: 1350 ft: 2441 corp: 151/12228Kb lim: 239306 exec/s: 1288 rss: 446Mb L: 51462/239306 MS: 3 ChangeBit-ChangeBit-EraseBytes-
#3872	REDUCE cov: 1350 ft: 2441 corp: 151/12172Kb lim: 239306 exec/s: 1290 rss: 446Mb L: 86964/239306 MS: 1 EraseBytes-
#3885	REDUCE cov: 1350 ft: 2441 corp: 151/12165Kb lim: 239306 exec/s: 1295 rss: 446Mb L: 53236/239306 MS: 3 ShuffleBytes-InsertRepeatedBytes-EraseBytes-
#3900	REDUCE cov: 1350 ft: 2441 corp: 151/12088Kb lim: 239306 exec/s: 1300 rss: 446Mb L: 124328/239306 MS: 5 CMP-ChangeBit-ChangeBit-CopyPart-EraseBytes- DE: "\000\000"-
#3912	REDUCE cov: 1350 ft: 2441 corp: 151/12078Kb lim: 239306 exec/s: 1304 rss: 446Mb L: 65818/239306 MS: 2 InsertRepeatedBytes-EraseBytes-
#4005	REDUCE cov: 1350 ft: 2441 corp: 151/12058Kb lim: 239306 exec/s: 1335 rss: 446Mb L: 29385/239306 MS: 3 CrossOver-ChangeBit-EraseBytes-
#4016	REDUCE cov: 1350 ft: 2441 corp: 151/12058Kb lim: 239306 exec/s: 1338 rss: 446Mb L: 132370/239306 MS: 1 EraseBytes-
#4058	REDUCE cov: 1350 ft: 2441 corp: 151/12050Kb lim: 239306 exec/s: 1352 rss: 446Mb L: 195238/239306 MS: 2 PersAutoDict-EraseBytes- DE: "\301\\\002\211\354-\012\221g\354\216e\241\215\353\276^U2\373\356\242\223\370\013\311B\356\220\206\301q"-
#4077	REDUCE cov: 1350 ft: 2441 corp: 151/12029Kb lim: 239306 exec/s: 1359 rss: 446Mb L: 25228/239306 MS: 4 ChangeBit-ChangeBit-ChangeBit-EraseBytes-
#4096	pulse  cov: 1350 ft: 2441 corp: 151/12029Kb lim: 239306 exec/s: 1365 rss: 446Mb
#4152	NEW    cov: 1353 ft: 2444 corp: 152/12117Kb lim: 239306 exec/s: 1384 rss: 446Mb L: 89740/239306 MS: 5 ChangeBinInt-InsertByte-InsertByte-ChangeBit-CopyPart-
#4196	REDUCE cov: 1353 ft: 2444 corp: 152/12104Kb lim: 239306 exec/s: 1398 rss: 446Mb L: 30669/239306 MS: 4 PersAutoDict-InsertRepeatedBytes-ChangeBinInt-EraseBytes- DE: "\000\000\000\000\000\000\000\004"-
#4236	REDUCE cov: 1355 ft: 2446 corp: 153/12121Kb lim: 239306 exec/s: 1412 rss: 446Mb L: 17140/239306 MS: 5 PersAutoDict-ChangeByte-CrossOver-ShuffleBytes-InsertRepeatedBytes- DE: "\000\000"-
#4261	NEW    cov: 1357 ft: 2448 corp: 154/12123Kb lim: 239306 exec/s: 1065 rss: 446Mb L: 1964/239306 MS: 5 ChangeASCIIInt-PersAutoDict-ChangeBinInt-PersAutoDict-InsertRepeatedBytes- DE: "\000\000"-"\000\000\000\000\000\000\000\000"-
#4272	REDUCE cov: 1357 ft: 2449 corp: 155/12134Kb lim: 239306 exec/s: 1068 rss: 446Mb L: 11219/239306 MS: 1 ShuffleBytes-
#4276	REDUCE cov: 1357 ft: 2449 corp: 155/12133Kb lim: 239306 exec/s: 1069 rss: 446Mb L: 1163/239306 MS: 4 ChangeBit-ChangeASCIIInt-ShuffleBytes-EraseBytes-
#4322	REDUCE cov: 1357 ft: 2449 corp: 155/12130Kb lim: 239306 exec/s: 1080 rss: 446Mb L: 15883/239306 MS: 1 EraseBytes-
#4345	REDUCE cov: 1357 ft: 2449 corp: 155/12103Kb lim: 239306 exec/s: 1086 rss: 446Mb L: 61924/239306 MS: 3 ShuffleBytes-CrossOver-EraseBytes-
#4365	REDUCE cov: 1357 ft: 2449 corp: 155/12063Kb lim: 239306 exec/s: 1091 rss: 446Mb L: 54147/239306 MS: 5 ChangeBinInt-InsertRepeatedBytes-ChangeBinInt-ChangeASCIIInt-EraseBytes-
#4390	REDUCE cov: 1357 ft: 2449 corp: 155/11976Kb lim: 239306 exec/s: 1097 rss: 446Mb L: 93646/239306 MS: 5 ChangeBinInt-InsertRepeatedBytes-PersAutoDict-ChangeASCIIInt-EraseBytes- DE: "\377\377\377\377"-
#4401	REDUCE cov: 1357 ft: 2453 corp: 156/11987Kb lim: 239306 exec/s: 1100 rss: 446Mb L: 11219/239306 MS: 1 CMP- DE: "\377\377\377\377\377\377\015s"-
#4418	REDUCE cov: 1357 ft: 2453 corp: 156/11966Kb lim: 239306 exec/s: 1104 rss: 446Mb L: 100100/239306 MS: 2 ChangeASCIIInt-EraseBytes-
#4441	NEW    cov: 1357 ft: 2463 corp: 157/11968Kb lim: 239306 exec/s: 1110 rss: 446Mb L: 1925/239306 MS: 3 ChangeBinInt-PersAutoDict-InsertRepeatedBytes- DE: "\000\000\000\000\377\377\377\377"-
#4461	REDUCE cov: 1357 ft: 2463 corp: 157/11954Kb lim: 239306 exec/s: 1115 rss: 446Mb L: 73614/239306 MS: 5 PersAutoDict-InsertByte-InsertByte-ChangeByte-EraseBytes- DE: "\001\000\000\000\000\000\000\002"-
#4623	REDUCE cov: 1357 ft: 2463 corp: 157/11953Kb lim: 239306 exec/s: 1155 rss: 446Mb L: 67172/239306 MS: 2 ChangeBit-EraseBytes-
#4657	REDUCE cov: 1357 ft: 2463 corp: 157/11952Kb lim: 239306 exec/s: 1164 rss: 446Mb L: 46084/239306 MS: 4 ChangeBinInt-CMP-EraseBytes-CopyPart- DE: "\000\000\000\000"-
#4763	REDUCE cov: 1357 ft: 2463 corp: 157/11940Kb lim: 239306 exec/s: 1190 rss: 446Mb L: 16399/239306 MS: 1 EraseBytes-
#4865	REDUCE cov: 1357 ft: 2466 corp: 158/12144Kb lim: 239306 exec/s: 1216 rss: 446Mb L: 208986/239306 MS: 2 ChangeBit-CrossOver-
#4882	REDUCE cov: 1357 ft: 2466 corp: 158/12105Kb lim: 239306 exec/s: 1220 rss: 446Mb L: 104514/239306 MS: 2 ShuffleBytes-CrossOver-
#4885	REDUCE cov: 1357 ft: 2466 corp: 158/12093Kb lim: 239306 exec/s: 1221 rss: 446Mb L: 35965/239306 MS: 3 CrossOver-InsertByte-EraseBytes-
#4901	REDUCE cov: 1357 ft: 2466 corp: 158/12089Kb lim: 239306 exec/s: 1225 rss: 446Mb L: 11886/239306 MS: 1 EraseBytes-
#4908	REDUCE cov: 1357 ft: 2466 corp: 158/12066Kb lim: 239306 exec/s: 1227 rss: 446Mb L: 49442/239306 MS: 2 ChangeBit-EraseBytes-
#4919	REDUCE cov: 1362 ft: 2475 corp: 159/12173Kb lim: 239306 exec/s: 1229 rss: 446Mb L: 109949/239306 MS: 1 CMP- DE: "\000\001"-
#4934	REDUCE cov: 1362 ft: 2475 corp: 159/12149Kb lim: 239306 exec/s: 1233 rss: 446Mb L: 37642/239306 MS: 5 ShuffleBytes-ChangeBit-PersAutoDict-CopyPart-EraseBytes- DE: "\001\000\000\000\000\000\000\000"-
#4955	REDUCE cov: 1362 ft: 2475 corp: 159/12146Kb lim: 239306 exec/s: 1238 rss: 446Mb L: 10676/239306 MS: 1 EraseBytes-
#4977	REDUCE cov: 1362 ft: 2475 corp: 159/12142Kb lim: 239306 exec/s: 1244 rss: 446Mb L: 20640/239306 MS: 2 InsertByte-EraseBytes-
#5016	REDUCE cov: 1362 ft: 2475 corp: 159/12133Kb lim: 239306 exec/s: 1254 rss: 446Mb L: 44095/239306 MS: 4 CrossOver-ChangeBinInt-ChangeByte-EraseBytes-
#5037	REDUCE cov: 1362 ft: 2475 corp: 159/12117Kb lim: 239306 exec/s: 1259 rss: 446Mb L: 37569/239306 MS: 1 EraseBytes-
#5055	REDUCE cov: 1362 ft: 2475 corp: 159/12106Kb lim: 239306 exec/s: 1263 rss: 446Mb L: 33635/239306 MS: 3 ChangeByte-CMP-EraseBytes- DE: "\000\000\000\000"-
#5080	REDUCE cov: 1362 ft: 2475 corp: 159/12104Kb lim: 239306 exec/s: 1270 rss: 446Mb L: 17943/239306 MS: 5 ChangeBinInt-InsertByte-CopyPart-ShuffleBytes-EraseBytes-
#5147	REDUCE cov: 1362 ft: 2475 corp: 159/12098Kb lim: 239306 exec/s: 1286 rss: 446Mb L: 6548/239306 MS: 2 ShuffleBytes-EraseBytes-
#5155	REDUCE cov: 1362 ft: 2475 corp: 159/12093Kb lim: 239306 exec/s: 1288 rss: 446Mb L: 59873/239306 MS: 3 ChangeBit-InsertRepeatedBytes-EraseBytes-
#5161	REDUCE cov: 1362 ft: 2475 corp: 159/12089Kb lim: 239306 exec/s: 1290 rss: 446Mb L: 20236/239306 MS: 1 EraseBytes-
#5165	REDUCE cov: 1362 ft: 2475 corp: 159/12068Kb lim: 239306 exec/s: 1291 rss: 446Mb L: 37696/239306 MS: 4 ChangeByte-ChangeByte-ShuffleBytes-EraseBytes-
#5170	REDUCE cov: 1362 ft: 2475 corp: 159/12033Kb lim: 239306 exec/s: 1292 rss: 446Mb L: 95600/239306 MS: 5 InsertByte-ShuffleBytes-ChangeASCIIInt-ChangeASCIIInt-EraseBytes-
#5187	REDUCE cov: 1362 ft: 2475 corp: 159/11943Kb lim: 239306 exec/s: 1296 rss: 446Mb L: 103409/239306 MS: 2 InsertByte-EraseBytes-
#5214	REDUCE cov: 1362 ft: 2475 corp: 159/11925Kb lim: 239306 exec/s: 1303 rss: 446Mb L: 32215/239306 MS: 2 ShuffleBytes-EraseBytes-
#5286	REDUCE cov: 1362 ft: 2475 corp: 159/11924Kb lim: 239306 exec/s: 1321 rss: 446Mb L: 54832/239306 MS: 2 InsertByte-EraseBytes-
#5304	REDUCE cov: 1364 ft: 2480 corp: 160/11982Kb lim: 239306 exec/s: 1326 rss: 446Mb L: 59876/239306 MS: 3 PersAutoDict-InsertByte-CMP- DE: "\001\000\000\000\000\000\000\003"-"\001\000"-
#5310	REDUCE cov: 1364 ft: 2480 corp: 160/11959Kb lim: 239306 exec/s: 1327 rss: 446Mb L: 30929/239306 MS: 1 EraseBytes-
#5342	REDUCE cov: 1366 ft: 2482 corp: 161/12029Kb lim: 239306 exec/s: 1335 rss: 446Mb L: 71094/239306 MS: 2 InsertRepeatedBytes-PersAutoDict- DE: "\000\001"-
#5383	REDUCE cov: 1366 ft: 2482 corp: 161/11969Kb lim: 239306 exec/s: 1345 rss: 446Mb L: 148230/239306 MS: 1 EraseBytes-
#5426	REDUCE cov: 1366 ft: 2482 corp: 161/11969Kb lim: 239306 exec/s: 1356 rss: 446Mb L: 2291/239306 MS: 3 PersAutoDict-ChangeBit-EraseBytes- DE: "\001\000\000\000"-
#5427	REDUCE cov: 1366 ft: 2482 corp: 161/11959Kb lim: 239306 exec/s: 1356 rss: 446Mb L: 43759/239306 MS: 1 EraseBytes-
#5429	REDUCE cov: 1366 ft: 2482 corp: 161/11950Kb lim: 239306 exec/s: 1357 rss: 446Mb L: 138923/239306 MS: 2 ShuffleBytes-EraseBytes-
#5461	REDUCE cov: 1366 ft: 2482 corp: 161/11947Kb lim: 239306 exec/s: 1365 rss: 446Mb L: 3622/239306 MS: 2 ChangeByte-EraseBytes-
#5467	REDUCE cov: 1370 ft: 2486 corp: 162/11950Kb lim: 239306 exec/s: 1366 rss: 446Mb L: 3683/239306 MS: 1 InsertRepeatedBytes-
#5478	REDUCE cov: 1370 ft: 2486 corp: 162/11936Kb lim: 239306 exec/s: 1369 rss: 446Mb L: 73954/239306 MS: 1 CrossOver-
#5526	REDUCE cov: 1370 ft: 2486 corp: 162/11933Kb lim: 239306 exec/s: 1381 rss: 446Mb L: 29569/239306 MS: 3 CopyPart-ChangeASCIIInt-EraseBytes-
#5572	REDUCE cov: 1370 ft: 2486 corp: 162/11925Kb lim: 239306 exec/s: 1393 rss: 446Mb L: 8831/239306 MS: 1 EraseBytes-
#5574	REDUCE cov: 1370 ft: 2496 corp: 163/11937Kb lim: 239306 exec/s: 1393 rss: 446Mb L: 11959/239306 MS: 2 ChangeASCIIInt-InsertRepeatedBytes-
#5582	REDUCE cov: 1370 ft: 2496 corp: 163/11920Kb lim: 239306 exec/s: 1395 rss: 446Mb L: 27280/239306 MS: 3 ChangeByte-InsertRepeatedBytes-CrossOver-
#5585	REDUCE cov: 1370 ft: 2496 corp: 163/11878Kb lim: 239306 exec/s: 1396 rss: 446Mb L: 146061/239306 MS: 3 ShuffleBytes-CopyPart-EraseBytes-
#5657	NEW    cov: 1370 ft: 2504 corp: 164/12023Kb lim: 239306 exec/s: 1131 rss: 446Mb L: 148139/239306 MS: 2 ChangeASCIIInt-CMP- DE: "\000\000"-
#5665	REDUCE cov: 1370 ft: 2504 corp: 164/11991Kb lim: 239306 exec/s: 1133 rss: 446Mb L: 133832/239306 MS: 3 ShuffleBytes-ChangeASCIIInt-EraseBytes-
#5701	REDUCE cov: 1370 ft: 2504 corp: 164/11942Kb lim: 239306 exec/s: 1140 rss: 446Mb L: 148269/239306 MS: 1 EraseBytes-
#5719	REDUCE cov: 1370 ft: 2504 corp: 164/11930Kb lim: 239306 exec/s: 1143 rss: 446Mb L: 30878/239306 MS: 3 ChangeBit-InsertRepeatedBytes-EraseBytes-
#5740	REDUCE cov: 1370 ft: 2504 corp: 164/11930Kb lim: 239306 exec/s: 1148 rss: 446Mb L: 59815/239306 MS: 1 EraseBytes-
#5745	REDUCE cov: 1370 ft: 2504 corp: 164/11876Kb lim: 239306 exec/s: 1149 rss: 446Mb L: 55334/239306 MS: 5 PersAutoDict-EraseBytes-EraseBytes-ShuffleBytes-PersAutoDict- DE: "\001\000"-"\377\377\377\377\377\377\015s"-
#5785	REDUCE cov: 1370 ft: 2504 corp: 164/11875Kb lim: 239306 exec/s: 1157 rss: 446Mb L: 66312/239306 MS: 5 CopyPart-ChangeASCIIInt-ShuffleBytes-InsertRepeatedBytes-EraseBytes-
#5792	NEW    cov: 1371 ft: 2505 corp: 165/11936Kb lim: 239306 exec/s: 1158 rss: 446Mb L: 61590/239306 MS: 2 InsertRepeatedBytes-CrossOver-
#5793	REDUCE cov: 1371 ft: 2505 corp: 165/11865Kb lim: 239306 exec/s: 1158 rss: 446Mb L: 74266/239306 MS: 1 EraseBytes-
#5830	NEW    cov: 1373 ft: 2507 corp: 166/11885Kb lim: 239306 exec/s: 1166 rss: 446Mb L: 20469/239306 MS: 2 InsertByte-PersAutoDict- DE: "\377\377\377\377\377\377\377\002"-
#5856	REDUCE cov: 1373 ft: 2507 corp: 166/11878Kb lim: 239306 exec/s: 1171 rss: 446Mb L: 42216/239306 MS: 1 EraseBytes-
#5905	REDUCE cov: 1373 ft: 2507 corp: 166/11836Kb lim: 239306 exec/s: 1181 rss: 446Mb L: 136537/239306 MS: 4 ChangeBit-PersAutoDict-CopyPart-CrossOver- DE: "\301\\\002\211\354-\012\221g\354\216e\241\215\353\276^U2\373\356\242\223\370\013\311B\356\220\206\301q"-
	NEW_FUNC[1/1]: 0x55693dc35ab0  (/home/runner/work/hc-stark/hc-stark/raw-reports/cargo-target/x86_64-unknown-linux-gnu/release/plonky3_proof_bytes_v1+0x25bab0) (BuildId: 93b0a3be9bf8948c6041fb18af8421d78e04255e)
#5911	NEW    cov: 1376 ft: 2510 corp: 167/11944Kb lim: 239306 exec/s: 1182 rss: 446Mb L: 109603/239306 MS: 1 CrossOver-
#5971	REDUCE cov: 1376 ft: 2510 corp: 167/11942Kb lim: 239306 exec/s: 1194 rss: 446Mb L: 9575/239306 MS: 5 CrossOver-CopyPart-ChangeASCIIInt-ChangeBinInt-EraseBytes-
#5982	REDUCE cov: 1376 ft: 2510 corp: 167/11942Kb lim: 239306 exec/s: 1196 rss: 446Mb L: 11462/239306 MS: 1 EraseBytes-
#6006	REDUCE cov: 1376 ft: 2510 corp: 167/11940Kb lim: 239306 exec/s: 1201 rss: 446Mb L: 16129/239306 MS: 4 ChangeByte-ChangeASCIIInt-InsertRepeatedBytes-EraseBytes-
#6018	REDUCE cov: 1376 ft: 2510 corp: 167/11936Kb lim: 239306 exec/s: 1203 rss: 446Mb L: 85224/239306 MS: 2 PersAutoDict-EraseBytes- DE: "\253\252\252\252\252\252\252\012"-
#6038	REDUCE cov: 1376 ft: 2510 corp: 167/11933Kb lim: 239306 exec/s: 1207 rss: 446Mb L: 8684/239306 MS: 5 ChangeASCIIInt-ChangeBinInt-ChangeBinInt-CopyPart-EraseBytes-
#6100	REDUCE cov: 1376 ft: 2510 corp: 167/11917Kb lim: 239306 exec/s: 1220 rss: 446Mb L: 17608/239306 MS: 2 ChangeByte-EraseBytes-
#6103	REDUCE cov: 1376 ft: 2519 corp: 168/11991Kb lim: 239306 exec/s: 1220 rss: 446Mb L: 75410/239306 MS: 3 PersAutoDict-ChangeBit-InsertRepeatedBytes- DE: "\001\000\000\000\000\000\000\002"-
#6141	REDUCE cov: 1376 ft: 2519 corp: 168/11981Kb lim: 239306 exec/s: 1228 rss: 446Mb L: 26896/239306 MS: 3 ChangeASCIIInt-ChangeByte-EraseBytes-
#6176	REDUCE cov: 1376 ft: 2519 corp: 168/11966Kb lim: 239306 exec/s: 1235 rss: 446Mb L: 38941/239306 MS: 5 ChangeASCIIInt-ShuffleBytes-ShuffleBytes-ChangeASCIIInt-EraseBytes-
#6183	REDUCE cov: 1376 ft: 2519 corp: 168/11954Kb lim: 239306 exec/s: 1236 rss: 446Mb L: 23071/239306 MS: 2 InsertByte-EraseBytes-
#6195	REDUCE cov: 1376 ft: 2519 corp: 168/11941Kb lim: 239306 exec/s: 1239 rss: 446Mb L: 25038/239306 MS: 2 InsertRepeatedBytes-EraseBytes-
#6224	REDUCE cov: 1376 ft: 2519 corp: 168/11912Kb lim: 239306 exec/s: 1244 rss: 446Mb L: 8172/239306 MS: 4 ChangeByte-ChangeByte-ChangeBit-CrossOver-
#6230	REDUCE cov: 1376 ft: 2519 corp: 168/11906Kb lim: 239306 exec/s: 1246 rss: 446Mb L: 35379/239306 MS: 1 EraseBytes-
#6239	REDUCE cov: 1376 ft: 2519 corp: 168/11887Kb lim: 239306 exec/s: 1247 rss: 446Mb L: 51909/239306 MS: 4 CMP-ChangeBinInt-CrossOver-EraseBytes- DE: "\377\377\377\377\000\000\000\001"-
#6250	REDUCE cov: 1376 ft: 2519 corp: 168/11876Kb lim: 239306 exec/s: 1250 rss: 446Mb L: 48595/239306 MS: 1 EraseBytes-
#6271	REDUCE cov: 1376 ft: 2519 corp: 168/11861Kb lim: 239306 exec/s: 1254 rss: 446Mb L: 37803/239306 MS: 1 EraseBytes-
#6281	REDUCE cov: 1376 ft: 2519 corp: 168/11853Kb lim: 239306 exec/s: 1256 rss: 446Mb L: 9107/239306 MS: 5 CrossOver-CMP-ShuffleBytes-InsertByte-EraseBytes- DE: "\001\000"-
#6309	REDUCE cov: 1376 ft: 2519 corp: 168/11848Kb lim: 239306 exec/s: 1261 rss: 446Mb L: 15337/239306 MS: 3 ChangeASCIIInt-ChangeByte-EraseBytes-
#6313	REDUCE cov: 1376 ft: 2519 corp: 168/11847Kb lim: 239306 exec/s: 1262 rss: 446Mb L: 24037/239306 MS: 4 ChangeASCIIInt-InsertByte-CopyPart-EraseBytes-
#6339	REDUCE cov: 1376 ft: 2519 corp: 168/11735Kb lim: 239306 exec/s: 1267 rss: 446Mb L: 18041/239306 MS: 1 CrossOver-
#6340	NEW    cov: 1377 ft: 2520 corp: 169/11795Kb lim: 239306 exec/s: 1268 rss: 446Mb L: 61591/239306 MS: 1 InsertByte-
#6362	REDUCE cov: 1377 ft: 2520 corp: 169/11753Kb lim: 239306 exec/s: 1272 rss: 446Mb L: 60113/239306 MS: 2 PersAutoDict-EraseBytes- DE: "\301\\\002\211\354-\012\221g\354\216e\241\215\353\276^U2\373\356\242\223\370\013\311B\356\220\206\301q"-
#6398	REDUCE cov: 1377 ft: 2520 corp: 169/11729Kb lim: 239306 exec/s: 1279 rss: 446Mb L: 112171/239306 MS: 1 EraseBytes-
#6399	REDUCE cov: 1377 ft: 2520 corp: 169/11728Kb lim: 239306 exec/s: 1279 rss: 446Mb L: 40963/239306 MS: 1 EraseBytes-
#6402	REDUCE cov: 1377 ft: 2520 corp: 169/11704Kb lim: 239306 exec/s: 1280 rss: 446Mb L: 79699/239306 MS: 3 ChangeByte-InsertRepeatedBytes-CrossOver-
#6443	REDUCE cov: 1377 ft: 2520 corp: 169/11702Kb lim: 239306 exec/s: 1288 rss: 446Mb L: 23983/239306 MS: 1 EraseBytes-
#6446	REDUCE cov: 1377 ft: 2520 corp: 169/11693Kb lim: 239306 exec/s: 1289 rss: 446Mb L: 56861/239306 MS: 3 PersAutoDict-CopyPart-EraseBytes- DE: "\301\\\002\211\354-\012\221g\354\216e\241\215\353\276^U2\373\356\242\223\370\013\311B\356\220\206\301q"-
#6483	REDUCE cov: 1377 ft: 2520 corp: 169/11684Kb lim: 239306 exec/s: 1296 rss: 446Mb L: 26823/239306 MS: 2 InsertRepeatedBytes-EraseBytes-
#6534	REDUCE cov: 1377 ft: 2520 corp: 169/11680Kb lim: 239306 exec/s: 1306 rss: 446Mb L: 4173/239306 MS: 1 EraseBytes-
#6556	REDUCE cov: 1377 ft: 2520 corp: 169/11679Kb lim: 239306 exec/s: 1311 rss: 446Mb L: 12731/239306 MS: 2 CopyPart-EraseBytes-
#6563	REDUCE cov: 1377 ft: 2520 corp: 169/11679Kb lim: 239306 exec/s: 1312 rss: 446Mb L: 79645/239306 MS: 2 ChangeBit-CrossOver-
#6565	REDUCE cov: 1377 ft: 2520 corp: 169/11670Kb lim: 239306 exec/s: 1313 rss: 446Mb L: 7472/239306 MS: 2 CrossOver-CrossOver-
#6589	REDUCE cov: 1382 ft: 2525 corp: 170/11692Kb lim: 239306 exec/s: 1317 rss: 446Mb L: 23080/239306 MS: 4 InsertByte-ChangeBinInt-InsertRepeatedBytes-ShuffleBytes-
#6590	REDUCE cov: 1382 ft: 2525 corp: 170/11690Kb lim: 239306 exec/s: 1318 rss: 446Mb L: 15877/239306 MS: 1 EraseBytes-
#6600	NEW    cov: 1383 ft: 2526 corp: 171/11691Kb lim: 239306 exec/s: 1320 rss: 446Mb L: 1002/239306 MS: 5 ShuffleBytes-CMP-InsertRepeatedBytes-CrossOver-EraseBytes- DE: "\301\\\002\211\354-\012\221g\354\216e\241\215\353\276^U2\373\356\242\223\370\013\311B\356\220\206\301q"-
#6656	REDUCE cov: 1383 ft: 2526 corp: 171/11676Kb lim: 239306 exec/s: 1331 rss: 446Mb L: 18191/239306 MS: 1 EraseBytes-
#6661	REDUCE cov: 1383 ft: 2526 corp: 171/11674Kb lim: 239306 exec/s: 1332 rss: 446Mb L: 35943/239306 MS: 5 ChangeByte-PersAutoDict-ChangeASCIIInt-ChangeASCIIInt-EraseBytes- DE: "\000\000\000\000\000\000\000\004"-
#6662	REDUCE cov: 1383 ft: 2526 corp: 171/11665Kb lim: 239306 exec/s: 1332 rss: 446Mb L: 14160/239306 MS: 1 CrossOver-
#6668	REDUCE cov: 1383 ft: 2526 corp: 171/11657Kb lim: 239306 exec/s: 1333 rss: 446Mb L: 30888/239306 MS: 1 EraseBytes-
#6909	REDUCE cov: 1383 ft: 2526 corp: 171/11636Kb lim: 239306 exec/s: 1381 rss: 446Mb L: 52037/239306 MS: 1 EraseBytes-
#6916	NEW    cov: 1385 ft: 2538 corp: 172/11638Kb lim: 239306 exec/s: 1383 rss: 446Mb L: 1953/239306 MS: 2 InsertByte-InsertRepeatedBytes-
#6947	REDUCE cov: 1385 ft: 2538 corp: 172/11635Kb lim: 239306 exec/s: 1157 rss: 446Mb L: 8698/239306 MS: 1 EraseBytes-
#6974	REDUCE cov: 1385 ft: 2538 corp: 172/11635Kb lim: 239306 exec/s: 1162 rss: 446Mb L: 1290/239306 MS: 2 CopyPart-EraseBytes-
#6991	REDUCE cov: 1387 ft: 2540 corp: 173/11636Kb lim: 239306 exec/s: 1165 rss: 446Mb L: 1163/239306 MS: 2 ChangeBit-PersAutoDict- DE: "\001\000\000\000\000\000\000\002"-
#7007	REDUCE cov: 1387 ft: 2540 corp: 173/11621Kb lim: 239306 exec/s: 1167 rss: 446Mb L: 36942/239306 MS: 1 EraseBytes-
#7043	REDUCE cov: 1387 ft: 2540 corp: 173/11578Kb lim: 239306 exec/s: 1173 rss: 446Mb L: 188835/239306 MS: 1 EraseBytes-
#7052	REDUCE cov: 1387 ft: 2540 corp: 173/11569Kb lim: 239306 exec/s: 1175 rss: 446Mb L: 36014/239306 MS: 4 ChangeBit-ShuffleBytes-CopyPart-EraseBytes-
#7079	REDUCE cov: 1387 ft: 2540 corp: 173/11562Kb lim: 239306 exec/s: 1179 rss: 446Mb L: 19582/239306 MS: 2 ChangeBit-EraseBytes-
#7095	REDUCE cov: 1387 ft: 2541 corp: 174/11585Kb lim: 239306 exec/s: 1182 rss: 446Mb L: 24165/239306 MS: 1 InsertRepeatedBytes-
#7108	REDUCE cov: 1387 ft: 2541 corp: 174/11585Kb lim: 239306 exec/s: 1184 rss: 446Mb L: 35969/239306 MS: 3 InsertByte-ChangeBit-EraseBytes-
#7113	REDUCE cov: 1387 ft: 2541 corp: 174/11583Kb lim: 239306 exec/s: 1185 rss: 446Mb L: 9372/239306 MS: 5 PersAutoDict-ChangeByte-ShuffleBytes-ChangeBinInt-EraseBytes- DE: "\001\000\000\000\000\000\000\003"-
#7120	REDUCE cov: 1387 ft: 2541 corp: 174/11577Kb lim: 239306 exec/s: 1186 rss: 446Mb L: 9836/239306 MS: 2 ChangeASCIIInt-EraseBytes-
#7242	REDUCE cov: 1387 ft: 2541 corp: 174/11560Kb lim: 239306 exec/s: 1207 rss: 446Mb L: 21251/239306 MS: 2 InsertRepeatedBytes-EraseBytes-
#7318	REDUCE cov: 1387 ft: 2541 corp: 174/11548Kb lim: 239306 exec/s: 1219 rss: 446Mb L: 136121/239306 MS: 1 EraseBytes-
#7356	REDUCE cov: 1387 ft: 2541 corp: 174/11526Kb lim: 239306 exec/s: 1226 rss: 446Mb L: 37600/239306 MS: 3 ChangeBit-ChangeASCIIInt-EraseBytes-
#7368	REDUCE cov: 1387 ft: 2541 corp: 174/11525Kb lim: 239306 exec/s: 1228 rss: 446Mb L: 5606/239306 MS: 2 ChangeBit-EraseBytes-
#7404	REDUCE cov: 1387 ft: 2541 corp: 174/11518Kb lim: 239306 exec/s: 1234 rss: 446Mb L: 13862/239306 MS: 1 EraseBytes-
#7445	REDUCE cov: 1387 ft: 2541 corp: 174/11517Kb lim: 239306 exec/s: 1240 rss: 446Mb L: 3186/239306 MS: 1 EraseBytes-
#7501	REDUCE cov: 1387 ft: 2541 corp: 174/11510Kb lim: 239306 exec/s: 1250 rss: 446Mb L: 82501/239306 MS: 1 EraseBytes-
#7511	REDUCE cov: 1387 ft: 2541 corp: 174/11500Kb lim: 239306 exec/s: 1251 rss: 446Mb L: 79402/239306 MS: 5 PersAutoDict-CMP-PersAutoDict-CopyPart-EraseBytes- DE: "\377\377\377\377"-"\377\377"-"\001\000\000\000\000\000\000\000"-
#7524	REDUCE cov: 1387 ft: 2541 corp: 174/11499Kb lim: 239306 exec/s: 1254 rss: 446Mb L: 7764/239306 MS: 3 ChangeBinInt-ChangeByte-EraseBytes-
#7579	REDUCE cov: 1387 ft: 2541 corp: 174/11479Kb lim: 239306 exec/s: 1263 rss: 446Mb L: 88969/239306 MS: 5 ShuffleBytes-ChangeBinInt-InsertByte-CrossOver-EraseBytes-
#7586	REDUCE cov: 1387 ft: 2541 corp: 174/11476Kb lim: 239306 exec/s: 1264 rss: 446Mb L: 5370/239306 MS: 2 PersAutoDict-EraseBytes- DE: "\000\000\000\000\377\377\377\377"-
#7625	REDUCE cov: 1387 ft: 2541 corp: 174/11472Kb lim: 239306 exec/s: 1270 rss: 446Mb L: 27878/239306 MS: 4 CopyPart-InsertRepeatedBytes-PersAutoDict-EraseBytes- DE: "\301\\\002\211\354-\012\221g\354\216e\241\215\353\276^U2\373\356\242\223\370\013\311B\356\220\206\301q"-
#7630	REDUCE cov: 1387 ft: 2541 corp: 174/11464Kb lim: 239306 exec/s: 1271 rss: 446Mb L: 131386/239306 MS: 5 ChangeBit-CrossOver-CrossOver-CopyPart-EraseBytes-
#7707	REDUCE cov: 1387 ft: 2541 corp: 174/11440Kb lim: 239306 exec/s: 1284 rss: 446Mb L: 106377/239306 MS: 2 ChangeASCIIInt-EraseBytes-
#7719	REDUCE cov: 1387 ft: 2541 corp: 174/11429Kb lim: 239306 exec/s: 1286 rss: 446Mb L: 37745/239306 MS: 2 ChangeByte-EraseBytes-
#7733	REDUCE cov: 1387 ft: 2541 corp: 174/11429Kb lim: 239306 exec/s: 1288 rss: 446Mb L: 3536/239306 MS: 4 InsertRepeatedBytes-ShuffleBytes-InsertByte-EraseBytes-
#7752	REDUCE cov: 1387 ft: 2541 corp: 174/11426Kb lim: 239306 exec/s: 1292 rss: 446Mb L: 14482/239306 MS: 4 PersAutoDict-InsertByte-ChangeBinInt-EraseBytes- DE: "\000\001"-
#7767	REDUCE cov: 1387 ft: 2541 corp: 174/11416Kb lim: 239306 exec/s: 1294 rss: 446Mb L: 25631/239306 MS: 5 InsertByte-ChangeBit-ChangeASCIIInt-ChangeASCIIInt-EraseBytes-
#7963	REDUCE cov: 1387 ft: 2543 corp: 175/11484Kb lim: 239306 exec/s: 1327 rss: 446Mb L: 70559/239306 MS: 1 PersAutoDict- DE: "\000\000\000\000\000\000\000\004"-
#7998	REDUCE cov: 1387 ft: 2543 corp: 175/11476Kb lim: 239306 exec/s: 1333 rss: 446Mb L: 28766/239306 MS: 5 ChangeBinInt-ChangeASCIIInt-ChangeBinInt-PersAutoDict-EraseBytes- DE: "\377\377\377\377\000\000\000\001"-
#8013	REDUCE cov: 1387 ft: 2543 corp: 175/11475Kb lim: 239306 exec/s: 1335 rss: 446Mb L: 12957/239306 MS: 5 PersAutoDict-InsertRepeatedBytes-CMP-ChangeASCIIInt-EraseBytes- DE: "\001\000\000\000\000\000\000\002"-"\000\000"-
#8072	REDUCE cov: 1387 ft: 2543 corp: 175/11472Kb lim: 239306 exec/s: 1345 rss: 446Mb L: 24064/239306 MS: 4 InsertByte-CopyPart-EraseBytes-EraseBytes-
#8103	REDUCE cov: 1387 ft: 2543 corp: 175/11433Kb lim: 239306 exec/s: 1350 rss: 446Mb L: 108074/239306 MS: 1 EraseBytes-
#8124	REDUCE cov: 1387 ft: 2543 corp: 175/11413Kb lim: 239306 exec/s: 1354 rss: 446Mb L: 48570/239306 MS: 1 EraseBytes-
#8138	REDUCE cov: 1387 ft: 2543 corp: 175/11395Kb lim: 239306 exec/s: 1356 rss: 446Mb L: 138378/239306 MS: 4 ShuffleBytes-EraseBytes-ShuffleBytes-EraseBytes-
#8146	REDUCE cov: 1387 ft: 2543 corp: 175/11386Kb lim: 239306 exec/s: 1357 rss: 446Mb L: 14613/239306 MS: 3 ShuffleBytes-InsertRepeatedBytes-EraseBytes-
#8157	REDUCE cov: 1387 ft: 2543 corp: 175/11377Kb lim: 239306 exec/s: 1359 rss: 446Mb L: 29149/239306 MS: 1 EraseBytes-
#8192	pulse  cov: 1387 ft: 2543 corp: 175/11377Kb lim: 239306 exec/s: 1365 rss: 446Mb
#8298	REDUCE cov: 1387 ft: 2543 corp: 175/11377Kb lim: 239306 exec/s: 1383 rss: 446Mb L: 10572/239306 MS: 1 EraseBytes-
#8339	REDUCE cov: 1387 ft: 2543 corp: 175/11359Kb lim: 239306 exec/s: 1389 rss: 446Mb L: 39128/239306 MS: 1 EraseBytes-
#8366	REDUCE cov: 1387 ft: 2543 corp: 175/11350Kb lim: 239306 exec/s: 1394 rss: 446Mb L: 11933/239306 MS: 2 PersAutoDict-EraseBytes- DE: "\013\252\252\252\252\252\252\252"-
#8516	REDUCE cov: 1387 ft: 2543 corp: 175/11347Kb lim: 239306 exec/s: 1419 rss: 446Mb L: 58519/239306 MS: 5 InsertByte-InsertRepeatedBytes-ChangeASCIIInt-ShuffleBytes-EraseBytes-
#8592	REDUCE cov: 1387 ft: 2543 corp: 175/11320Kb lim: 239306 exec/s: 1227 rss: 446Mb L: 85454/239306 MS: 1 EraseBytes-
#8616	REDUCE cov: 1387 ft: 2543 corp: 175/11318Kb lim: 239306 exec/s: 1230 rss: 446Mb L: 4679/239306 MS: 4 ShuffleBytes-InsertByte-ChangeBinInt-EraseBytes-
#8627	REDUCE cov: 1387 ft: 2546 corp: 176/11326Kb lim: 239306 exec/s: 1232 rss: 446Mb L: 8684/239306 MS: 1 CrossOver-
#8653	REDUCE cov: 1387 ft: 2546 corp: 176/11324Kb lim: 239306 exec/s: 1236 rss: 446Mb L: 12238/239306 MS: 1 EraseBytes-
#8716	REDUCE cov: 1387 ft: 2546 corp: 176/11318Kb lim: 239306 exec/s: 1245 rss: 446Mb L: 22263/239306 MS: 3 InsertByte-InsertByte-EraseBytes-
#8762	REDUCE cov: 1387 ft: 2546 corp: 176/11289Kb lim: 239306 exec/s: 1251 rss: 446Mb L: 70077/239306 MS: 1 CrossOver-
#8789	REDUCE cov: 1387 ft: 2546 corp: 176/11281Kb lim: 239306 exec/s: 1255 rss: 446Mb L: 21678/239306 MS: 2 InsertRepeatedBytes-EraseBytes-
#8810	REDUCE cov: 1387 ft: 2546 corp: 176/11272Kb lim: 239306 exec/s: 1258 rss: 446Mb L: 20013/239306 MS: 1 EraseBytes-
#8815	REDUCE cov: 1387 ft: 2546 corp: 176/11253Kb lim: 239306 exec/s: 1259 rss: 446Mb L: 67358/239306 MS: 5 ChangeBit-ChangeASCIIInt-ChangeByte-ChangeASCIIInt-EraseBytes-
#8908	REDUCE cov: 1387 ft: 2546 corp: 176/11252Kb lim: 239306 exec/s: 1272 rss: 446Mb L: 74667/239306 MS: 3 ChangeBit-ChangeBinInt-EraseBytes-
#8927	REDUCE cov: 1387 ft: 2546 corp: 176/11223Kb lim: 239306 exec/s: 1275 rss: 446Mb L: 49787/239306 MS: 4 InsertRepeatedBytes-ChangeBit-ChangeBinInt-EraseBytes-
#8973	REDUCE cov: 1388 ft: 2547 corp: 177/11247Kb lim: 239306 exec/s: 1281 rss: 446Mb L: 24349/239306 MS: 1 CopyPart-
#8993	REDUCE cov: 1388 ft: 2549 corp: 178/11272Kb lim: 239306 exec/s: 1284 rss: 446Mb L: 25757/239306 MS: 5 ChangeByte-ShuffleBytes-InsertRepeatedBytes-PersAutoDict-PersAutoDict- DE: "\001\000\000\000\000\000\000\003"-"\001\000\000\000\000\000\000\003"-
#9041	REDUCE cov: 1388 ft: 2549 corp: 178/11255Kb lim: 239306 exec/s: 1291 rss: 446Mb L: 43995/239306 MS: 3 CrossOver-EraseBytes-EraseBytes-
#9062	REDUCE cov: 1388 ft: 2549 corp: 178/11248Kb lim: 239306 exec/s: 1294 rss: 446Mb L: 22231/239306 MS: 1 EraseBytes-
#9063	REDUCE cov: 1388 ft: 2549 corp: 178/11245Kb lim: 239306 exec/s: 1294 rss: 446Mb L: 9597/239306 MS: 1 EraseBytes-
#9073	REDUCE cov: 1388 ft: 2549 corp: 178/11210Kb lim: 239306 exec/s: 1296 rss: 446Mb L: 44128/239306 MS: 5 ShuffleBytes-ChangeBinInt-ChangeASCIIInt-ChangeBinInt-EraseBytes-
#9076	REDUCE cov: 1388 ft: 2549 corp: 178/11200Kb lim: 239306 exec/s: 1296 rss: 446Mb L: 11890/239306 MS: 3 ChangeASCIIInt-ChangeASCIIInt-EraseBytes-
#9077	REDUCE cov: 1388 ft: 2549 corp: 178/11179Kb lim: 239306 exec/s: 1296 rss: 446Mb L: 30014/239306 MS: 1 EraseBytes-
#9143	REDUCE cov: 1388 ft: 2549 corp: 178/11178Kb lim: 239306 exec/s: 1306 rss: 446Mb L: 11136/239306 MS: 1 EraseBytes-
#9155	REDUCE cov: 1388 ft: 2549 corp: 178/11166Kb lim: 239306 exec/s: 1307 rss: 446Mb L: 27447/239306 MS: 2 ChangeASCIIInt-EraseBytes-
#9158	REDUCE cov: 1388 ft: 2549 corp: 178/11146Kb lim: 239306 exec/s: 1308 rss: 446Mb L: 82591/239306 MS: 3 ChangeBinInt-PersAutoDict-EraseBytes- DE: "\002\377\377\377\377\377\377\377"-
#9184	REDUCE cov: 1388 ft: 2549 corp: 178/11144Kb lim: 239306 exec/s: 1312 rss: 446Mb L: 22870/239306 MS: 1 EraseBytes-
#9190	REDUCE cov: 1388 ft: 2549 corp: 178/11144Kb lim: 239306 exec/s: 1312 rss: 446Mb L: 23898/239306 MS: 1 EraseBytes-
#9216	REDUCE cov: 1389 ft: 2550 corp: 179/11213Kb lim: 239306 exec/s: 1316 rss: 446Mb L: 71048/239306 MS: 1 PersAutoDict- DE: "\000\000\000\000\000\000\000\001"-
#9238	REDUCE cov: 1389 ft: 2550 corp: 179/11198Kb lim: 239306 exec/s: 1319 rss: 446Mb L: 74393/239306 MS: 2 ChangeASCIIInt-EraseBytes-
#9275	REDUCE cov: 1389 ft: 2550 corp: 179/11162Kb lim: 239306 exec/s: 1325 rss: 446Mb L: 37732/239306 MS: 2 InsertRepeatedBytes-EraseBytes-
#9383	REDUCE cov: 1389 ft: 2550 corp: 179/11149Kb lim: 239306 exec/s: 1340 rss: 447Mb L: 82008/239306 MS: 3 InsertRepeatedBytes-ChangeByte-EraseBytes-
#9430	REDUCE cov: 1389 ft: 2550 corp: 179/11144Kb lim: 239306 exec/s: 1347 rss: 447Mb L: 31870/239306 MS: 2 ChangeBit-EraseBytes-
#9444	REDUCE cov: 1389 ft: 2550 corp: 179/11143Kb lim: 239306 exec/s: 1349 rss: 447Mb L: 11593/239306 MS: 4 ChangeASCIIInt-CrossOver-ChangeASCIIInt-EraseBytes-
#9482	REDUCE cov: 1389 ft: 2550 corp: 179/11140Kb lim: 239306 exec/s: 1354 rss: 450Mb L: 12996/239306 MS: 3 InsertByte-ChangeBinInt-EraseBytes-
#9498	REDUCE cov: 1389 ft: 2550 corp: 179/11138Kb lim: 239306 exec/s: 1356 rss: 450Mb L: 9003/239306 MS: 1 EraseBytes-
#9535	REDUCE cov: 1389 ft: 2550 corp: 179/11133Kb lim: 239306 exec/s: 1362 rss: 452Mb L: 53499/239306 MS: 2 ChangeASCIIInt-EraseBytes-
#9636	REDUCE cov: 1389 ft: 2550 corp: 179/11132Kb lim: 239306 exec/s: 1376 rss: 454Mb L: 13683/239306 MS: 1 EraseBytes-
#9642	REDUCE cov: 1389 ft: 2550 corp: 179/11132Kb lim: 239306 exec/s: 1377 rss: 454Mb L: 1120/239306 MS: 1 EraseBytes-
#9673	REDUCE cov: 1389 ft: 2550 corp: 179/11131Kb lim: 239306 exec/s: 1381 rss: 454Mb L: 35215/239306 MS: 1 EraseBytes-
#9682	NEW    cov: 1391 ft: 2553 corp: 180/11131Kb lim: 239306 exec/s: 1383 rss: 454Mb L: 390/239306 MS: 4 InsertRepeatedBytes-ChangeBit-CopyPart-CrossOver-
#9690	REDUCE cov: 1391 ft: 2553 corp: 180/11038Kb lim: 239306 exec/s: 1384 rss: 454Mb L: 44787/239306 MS: 3 CMP-CMP-CrossOver- DE: "\004UUUUUUU"-"\242\"\002\000\000\000\000\000"-
#9713	REDUCE cov: 1391 ft: 2553 corp: 180/11015Kb lim: 239306 exec/s: 1387 rss: 454Mb L: 64660/239306 MS: 3 ChangeBinInt-ShuffleBytes-EraseBytes-
#9726	REDUCE cov: 1391 ft: 2553 corp: 180/11000Kb lim: 239306 exec/s: 1389 rss: 454Mb L: 28655/239306 MS: 3 ChangeByte-PersAutoDict-EraseBytes- DE: "\001\000\000\000\000\000\000\002"-
#9743	REDUCE cov: 1391 ft: 2553 corp: 180/10988Kb lim: 239306 exec/s: 1391 rss: 454Mb L: 40179/239306 MS: 2 ChangeBinInt-EraseBytes-
#9760	REDUCE cov: 1391 ft: 2553 corp: 180/10987Kb lim: 239306 exec/s: 1394 rss: 454Mb L: 610/239306 MS: 2 PersAutoDict-EraseBytes- DE: "\000\000\000\000\000\000\000\030"-
#9794	REDUCE cov: 1391 ft: 2553 corp: 180/10986Kb lim: 239306 exec/s: 1399 rss: 454Mb L: 6004/239306 MS: 4 ChangeBit-ChangeBit-InsertByte-EraseBytes-
#9804	REDUCE cov: 1391 ft: 2553 corp: 180/10973Kb lim: 239306 exec/s: 1400 rss: 454Mb L: 17365/239306 MS: 5 ChangeBit-CopyPart-ChangeBinInt-CrossOver-EraseBytes-
#9806	REDUCE cov: 1391 ft: 2553 corp: 180/10969Kb lim: 239306 exec/s: 1400 rss: 454Mb L: 30990/239306 MS: 2 InsertByte-EraseBytes-
#9813	REDUCE cov: 1391 ft: 2553 corp: 180/10925Kb lim: 239306 exec/s: 1401 rss: 454Mb L: 93361/239306 MS: 2 ChangeBinInt-CrossOver-
#9821	REDUCE cov: 1391 ft: 2553 corp: 180/10912Kb lim: 239306 exec/s: 1403 rss: 454Mb L: 68367/239306 MS: 3 InsertRepeatedBytes-InsertByte-EraseBytes-
#9839	REDUCE cov: 1391 ft: 2553 corp: 180/10901Kb lim: 239306 exec/s: 1405 rss: 455Mb L: 16761/239306 MS: 3 InsertByte-InsertByte-EraseBytes-
#9841	REDUCE cov: 1391 ft: 2553 corp: 180/10889Kb lim: 239306 exec/s: 1405 rss: 455Mb L: 77209/239306 MS: 2 ChangeBit-EraseBytes-
#9845	REDUCE cov: 1391 ft: 2553 corp: 180/10863Kb lim: 239306 exec/s: 1406 rss: 456Mb L: 109762/239306 MS: 4 InsertByte-PersAutoDict-InsertByte-EraseBytes- DE: "\000\000\000\000\377\377\377\377"-
#9866	NEW    cov: 1391 ft: 2561 corp: 181/10865Kb lim: 239306 exec/s: 1409 rss: 456Mb L: 1884/239306 MS: 1 InsertByte-
#9905	REDUCE cov: 1391 ft: 2561 corp: 181/10862Kb lim: 239306 exec/s: 1415 rss: 456Mb L: 236388/239306 MS: 4 ChangeBinInt-CopyPart-ChangeASCIIInt-CrossOver-
#9926	REDUCE cov: 1393 ft: 2563 corp: 182/10870Kb lim: 239306 exec/s: 1418 rss: 456Mb L: 7886/239306 MS: 1 EraseBytes-
#9950	REDUCE cov: 1393 ft: 2563 corp: 182/10857Kb lim: 239306 exec/s: 1421 rss: 456Mb L: 17782/239306 MS: 4 CopyPart-PersAutoDict-CopyPart-EraseBytes- DE: "\002\377\377\377\377\377\377\377"-
#9954	REDUCE cov: 1393 ft: 2563 corp: 182/10845Kb lim: 239306 exec/s: 1422 rss: 456Mb L: 12346/239306 MS: 4 ShuffleBytes-PersAutoDict-InsertByte-EraseBytes- DE: "\004UUUUUUU"-
#9977	NEW    cov: 1394 ft: 2566 corp: 183/10877Kb lim: 239306 exec/s: 1425 rss: 456Mb L: 32699/239306 MS: 3 ChangeBit-ChangeByte-PersAutoDict- DE: "\000\000\000\000\377\377\377\377"-
#9993	REDUCE cov: 1394 ft: 2566 corp: 183/10869Kb lim: 239306 exec/s: 1427 rss: 458Mb L: 97692/239306 MS: 1 EraseBytes-
#9994	REDUCE cov: 1394 ft: 2566 corp: 183/10833Kb lim: 239306 exec/s: 1427 rss: 458Mb L: 61431/239306 MS: 1 EraseBytes-
#10015	REDUCE cov: 1394 ft: 2566 corp: 183/10807Kb lim: 239306 exec/s: 1430 rss: 458Mb L: 43765/239306 MS: 1 EraseBytes-
#10144	REDUCE cov: 1394 ft: 2566 corp: 183/10807Kb lim: 239306 exec/s: 1449 rss: 459Mb L: 739/239306 MS: 4 ChangeByte-ChangeByte-ChangeBinInt-EraseBytes-
#10161	REDUCE cov: 1394 ft: 2566 corp: 183/10796Kb lim: 239306 exec/s: 1451 rss: 459Mb L: 98486/239306 MS: 2 InsertByte-EraseBytes-
#10163	REDUCE cov: 1394 ft: 2566 corp: 183/10794Kb lim: 239306 exec/s: 1451 rss: 459Mb L: 7677/239306 MS: 2 ChangeByte-EraseBytes-
#10192	REDUCE cov: 1394 ft: 2566 corp: 183/10793Kb lim: 239306 exec/s: 1456 rss: 459Mb L: 1167/239306 MS: 4 ChangeByte-CMP-ChangeBinInt-EraseBytes- DE: "\000\000\000\000"-
#10239	REDUCE cov: 1394 ft: 2566 corp: 183/10789Kb lim: 239306 exec/s: 1462 rss: 460Mb L: 20605/239306 MS: 2 ChangeBit-EraseBytes-
#10249	REDUCE cov: 1394 ft: 2566 corp: 183/10788Kb lim: 239306 exec/s: 1464 rss: 460Mb L: 3106/239306 MS: 5 InsertByte-ChangeByte-ShuffleBytes-ChangeBinInt-EraseBytes-
#10251	REDUCE cov: 1394 ft: 2566 corp: 183/10772Kb lim: 239306 exec/s: 1464 rss: 460Mb L: 57159/239306 MS: 2 InsertRepeatedBytes-EraseBytes-
#10288	REDUCE cov: 1394 ft: 2566 corp: 183/10767Kb lim: 239306 exec/s: 1286 rss: 460Mb L: 18246/239306 MS: 2 InsertRepeatedBytes-EraseBytes-
#10301	REDUCE cov: 1395 ft: 2567 corp: 184/10768Kb lim: 239306 exec/s: 1287 rss: 460Mb L: 1172/239306 MS: 3 InsertByte-ChangeBinInt-PersAutoDict- DE: "\001\000\000\000\000\000\000\000"-
#10315	REDUCE cov: 1395 ft: 2567 corp: 184/10761Kb lim: 239306 exec/s: 1289 rss: 460Mb L: 6890/239306 MS: 4 ChangeASCIIInt-PersAutoDict-ChangeBinInt-EraseBytes- DE: "\001\000\000\000\000\000\000\000"-
#10383	REDUCE cov: 1395 ft: 2567 corp: 184/10759Kb lim: 239306 exec/s: 1297 rss: 460Mb L: 7457/239306 MS: 3 ChangeBinInt-InsertByte-EraseBytes-
#10417	REDUCE cov: 1395 ft: 2567 corp: 184/10754Kb lim: 239306 exec/s: 1302 rss: 460Mb L: 27344/239306 MS: 4 ChangeBinInt-ChangeASCIIInt-CMP-EraseBytes- DE: "\001\000\000\000\000\000\000\000"-
#10431	REDUCE cov: 1395 ft: 2567 corp: 184/10748Kb lim: 239306 exec/s: 1303 rss: 460Mb L: 15661/239306 MS: 4 InsertByte-ChangeASCIIInt-ChangeBinInt-EraseBytes-
#10447	REDUCE cov: 1395 ft: 2567 corp: 184/10736Kb lim: 239306 exec/s: 1305 rss: 460Mb L: 13262/239306 MS: 1 EraseBytes-
#10494	REDUCE cov: 1395 ft: 2567 corp: 184/10703Kb lim: 239306 exec/s: 1311 rss: 460Mb L: 65324/239306 MS: 2 CMP-EraseBytes- DE: "+0\000\000\000\000\000\000"-
#10516	REDUCE cov: 1395 ft: 2567 corp: 184/10701Kb lim: 239306 exec/s: 1314 rss: 460Mb L: 6444/239306 MS: 2 ChangeBit-EraseBytes-
#10525	REDUCE cov: 1395 ft: 2567 corp: 184/10699Kb lim: 239306 exec/s: 1315 rss: 460Mb L: 29056/239306 MS: 4 ChangeByte-CopyPart-ChangeByte-EraseBytes-
#10586	REDUCE cov: 1395 ft: 2567 corp: 184/10698Kb lim: 239306 exec/s: 1323 rss: 463Mb L: 11922/239306 MS: 1 EraseBytes-
#10651	REDUCE cov: 1395 ft: 2567 corp: 184/10698Kb lim: 239306 exec/s: 1331 rss: 464Mb L: 11162/239306 MS: 5 ShuffleBytes-InsertByte-CMP-ChangeBit-EraseBytes- DE: "\377\377\377\377\377\377\377\003"-
#10717	REDUCE cov: 1395 ft: 2567 corp: 184/10693Kb lim: 239306 exec/s: 1339 rss: 464Mb L: 38964/239306 MS: 1 EraseBytes-
#10753	REDUCE cov: 1395 ft: 2567 corp: 184/10688Kb lim: 239306 exec/s: 1344 rss: 465Mb L: 65740/239306 MS: 1 EraseBytes-
#10795	REDUCE cov: 1395 ft: 2567 corp: 184/10673Kb lim: 239306 exec/s: 1349 rss: 465Mb L: 48951/239306 MS: 2 ChangeBit-EraseBytes-
#10807	REDUCE cov: 1395 ft: 2567 corp: 184/10665Kb lim: 239306 exec/s: 1350 rss: 465Mb L: 67493/239306 MS: 2 InsertRepeatedBytes-EraseBytes-
#10838	REDUCE cov: 1395 ft: 2567 corp: 184/10660Kb lim: 239306 exec/s: 1354 rss: 465Mb L: 23136/239306 MS: 1 EraseBytes-
#10996	NEW    cov: 1396 ft: 2568 corp: 185/10722Kb lim: 239306 exec/s: 1374 rss: 465Mb L: 63480/239306 MS: 3 ChangeASCIIInt-PersAutoDict-EraseBytes- DE: "\004UUUUUUU"-
#10997	REDUCE cov: 1396 ft: 2568 corp: 185/10714Kb lim: 239306 exec/s: 1374 rss: 465Mb L: 18877/239306 MS: 1 EraseBytes-
#11005	REDUCE cov: 1396 ft: 2568 corp: 185/10714Kb lim: 239306 exec/s: 1375 rss: 465Mb L: 6630/239306 MS: 3 CopyPart-ChangeByte-EraseBytes-
#11036	REDUCE cov: 1396 ft: 2568 corp: 185/10712Kb lim: 239306 exec/s: 1379 rss: 465Mb L: 1720/239306 MS: 1 EraseBytes-
#11163	REDUCE cov: 1396 ft: 2568 corp: 185/10681Kb lim: 239306 exec/s: 1395 rss: 465Mb L: 32659/239306 MS: 2 InsertByte-EraseBytes-
#11175	REDUCE cov: 1396 ft: 2568 corp: 185/10681Kb lim: 239306 exec/s: 1396 rss: 465Mb L: 34264/239306 MS: 2 ChangeBinInt-EraseBytes-
#11191	REDUCE cov: 1396 ft: 2568 corp: 185/10680Kb lim: 239306 exec/s: 1398 rss: 465Mb L: 69385/239306 MS: 1 EraseBytes-
#11197	REDUCE cov: 1396 ft: 2568 corp: 185/10674Kb lim: 239306 exec/s: 1399 rss: 465Mb L: 7207/239306 MS: 1 EraseBytes-
#11208	REDUCE cov: 1396 ft: 2568 corp: 185/10668Kb lim: 239306 exec/s: 1401 rss: 465Mb L: 13513/239306 MS: 1 EraseBytes-
#11329	REDUCE cov: 1396 ft: 2568 corp: 185/10665Kb lim: 239306 exec/s: 1416 rss: 465Mb L: 19423/239306 MS: 1 EraseBytes-
#11350	REDUCE cov: 1396 ft: 2568 corp: 185/10664Kb lim: 239306 exec/s: 1418 rss: 465Mb L: 11379/239306 MS: 1 EraseBytes-
#11354	REDUCE cov: 1396 ft: 2568 corp: 185/10651Kb lim: 239306 exec/s: 1419 rss: 465Mb L: 25283/239306 MS: 4 InsertByte-ChangeBit-ChangeASCIIInt-EraseBytes-
#11411	REDUCE cov: 1396 ft: 2568 corp: 185/10650Kb lim: 239306 exec/s: 1426 rss: 465Mb L: 10395/239306 MS: 2 ChangeBinInt-EraseBytes-
#11412	REDUCE cov: 1397 ft: 2569 corp: 186/10651Kb lim: 239306 exec/s: 1426 rss: 465Mb L: 1352/239306 MS: 1 EraseBytes-
#11497	REDUCE cov: 1397 ft: 2569 corp: 186/10650Kb lim: 239306 exec/s: 1437 rss: 465Mb L: 10258/239306 MS: 5 InsertByte-CrossOver-CopyPart-InsertByte-EraseBytes-
#11505	REDUCE cov: 1397 ft: 2569 corp: 186/10604Kb lim: 239306 exec/s: 1438 rss: 465Mb L: 86745/239306 MS: 3 ChangeBit-ChangeBit-EraseBytes-
#11508	REDUCE cov: 1397 ft: 2569 corp: 186/10577Kb lim: 239306 exec/s: 1438 rss: 465Mb L: 42475/239306 MS: 3 ShuffleBytes-PersAutoDict-EraseBytes- DE: "\000\000\000\000"-
#11524	REDUCE cov: 1397 ft: 2569 corp: 186/10575Kb lim: 239306 exec/s: 1440 rss: 465Mb L: 28002/239306 MS: 1 EraseBytes-
#11650	REDUCE cov: 1397 ft: 2569 corp: 186/10556Kb lim: 239306 exec/s: 1456 rss: 465Mb L: 29501/239306 MS: 1 EraseBytes-
#11681	REDUCE cov: 1397 ft: 2569 corp: 186/10542Kb lim: 239306 exec/s: 1460 rss: 465Mb L: 18403/239306 MS: 1 CrossOver-
#11696	REDUCE cov: 1397 ft: 2569 corp: 186/10539Kb lim: 239306 exec/s: 1462 rss: 465Mb L: 6549/239306 MS: 5 PersAutoDict-ChangeASCIIInt-ShuffleBytes-InsertRepeatedBytes-EraseBytes- DE: "\001\000\000\000\000\000\000\003"-
#11707	NEW    cov: 1397 ft: 2570 corp: 187/10541Kb lim: 239306 exec/s: 1463 rss: 465Mb L: 1884/239306 MS: 1 ChangeByte-
#11714	REDUCE cov: 1397 ft: 2570 corp: 187/10540Kb lim: 239306 exec/s: 1464 rss: 465Mb L: 8113/239306 MS: 2 InsertRepeatedBytes-EraseBytes-
#11735	REDUCE cov: 1397 ft: 2570 corp: 187/10539Kb lim: 239306 exec/s: 1466 rss: 465Mb L: 23105/239306 MS: 1 EraseBytes-
#11750	REDUCE cov: 1397 ft: 2570 corp: 187/10538Kb lim: 239306 exec/s: 1468 rss: 465Mb L: 14241/239306 MS: 5 CMP-InsertByte-ChangeBinInt-ShuffleBytes-EraseBytes- DE: "\377\377"-
#11763	REDUCE cov: 1397 ft: 2570 corp: 187/10518Kb lim: 239306 exec/s: 1470 rss: 465Mb L: 106283/239306 MS: 3 ChangeASCIIInt-ChangeASCIIInt-EraseBytes-
#11769	REDUCE cov: 1397 ft: 2570 corp: 187/10507Kb lim: 239306 exec/s: 1471 rss: 465Mb L: 17170/239306 MS: 1 EraseBytes-
#11800	REDUCE cov: 1397 ft: 2570 corp: 187/10491Kb lim: 239306 exec/s: 1475 rss: 465Mb L: 25036/239306 MS: 1 EraseBytes-
#11856	REDUCE cov: 1397 ft: 2570 corp: 187/10486Kb lim: 239306 exec/s: 1482 rss: 465Mb L: 77386/239306 MS: 1 EraseBytes-
#11969	REDUCE cov: 1397 ft: 2570 corp: 187/10484Kb lim: 239306 exec/s: 1496 rss: 465Mb L: 1934/239306 MS: 3 ChangeByte-InsertRepeatedBytes-EraseBytes-
#12023	REDUCE cov: 1397 ft: 2570 corp: 187/10467Kb lim: 239306 exec/s: 1502 rss: 465Mb L: 37946/239306 MS: 4 ChangeBit-ShuffleBytes-ChangeByte-EraseBytes-
#12050	REDUCE cov: 1397 ft: 2570 corp: 187/10466Kb lim: 239306 exec/s: 1506 rss: 465Mb L: 11909/239306 MS: 2 ChangeByte-EraseBytes-
#12066	REDUCE cov: 1397 ft: 2570 corp: 187/10464Kb lim: 239306 exec/s: 1508 rss: 465Mb L: 51625/239306 MS: 1 EraseBytes-
#12107	NEW    cov: 1397 ft: 2579 corp: 188/10466Kb lim: 239306 exec/s: 1513 rss: 465Mb L: 1884/239306 MS: 1 CMP- DE: "\000\000\000\000\000\000\000\264"-
#12129	REDUCE cov: 1397 ft: 2579 corp: 188/10457Kb lim: 239306 exec/s: 1516 rss: 465Mb L: 10145/239306 MS: 2 ChangeByte-EraseBytes-
#12152	REDUCE cov: 1397 ft: 2579 corp: 188/10457Kb lim: 239306 exec/s: 1350 rss: 465Mb L: 1383/239306 MS: 3 CopyPart-CrossOver-EraseBytes-
#12185	REDUCE cov: 1397 ft: 2579 corp: 188/10454Kb lim: 239306 exec/s: 1353 rss: 465Mb L: 4682/239306 MS: 3 InsertRepeatedBytes-PersAutoDict-EraseBytes- DE: "\000\001"-
#12212	REDUCE cov: 1397 ft: 2579 corp: 188/10454Kb lim: 239306 exec/s: 1356 rss: 469Mb L: 1488/239306 MS: 2 PersAutoDict-EraseBytes- DE: "\377\377\377\377\377\377\003\000"-
#12233	REDUCE cov: 1397 ft: 2579 corp: 188/10446Kb lim: 239306 exec/s: 1359 rss: 469Mb L: 23106/239306 MS: 1 EraseBytes-
#12245	REDUCE cov: 1397 ft: 2579 corp: 188/10444Kb lim: 239306 exec/s: 1360 rss: 469Mb L: 22473/239306 MS: 2 ChangeBinInt-EraseBytes-
#12247	REDUCE cov: 1397 ft: 2579 corp: 188/10421Kb lim: 239306 exec/s: 1360 rss: 469Mb L: 72716/239306 MS: 2 ChangeBit-EraseBytes-
#12263	NEW    cov: 1398 ft: 2580 corp: 189/10475Kb lim: 239306 exec/s: 1362 rss: 469Mb L: 55128/239306 MS: 1 PersAutoDict- DE: "\001\000\000\000\000\000\000\003"-
#12267	REDUCE cov: 1398 ft: 2580 corp: 189/10474Kb lim: 239306 exec/s: 1363 rss: 469Mb L: 6351/239306 MS: 4 ChangeByte-InsertByte-ChangeASCIIInt-EraseBytes-
#12327	REDUCE cov: 1398 ft: 2580 corp: 189/10473Kb lim: 239306 exec/s: 1369 rss: 470Mb L: 464/239306 MS: 5 InsertByte-ChangeBinInt-ChangeBinInt-ChangeByte-EraseBytes-
#12354	REDUCE cov: 1398 ft: 2580 corp: 189/10470Kb lim: 239306 exec/s: 1372 rss: 475Mb L: 8291/239306 MS: 2 ChangeByte-EraseBytes-
#12372	REDUCE cov: 1398 ft: 2580 corp: 189/10460Kb lim: 239306 exec/s: 1374 rss: 475Mb L: 11746/239306 MS: 3 PersAutoDict-PersAutoDict-EraseBytes- DE: "\253\252\252\252\252\252\252\012"-"\000\000\000\000\000\000\000\001"-
#12400	REDUCE cov: 1398 ft: 2580 corp: 189/10452Kb lim: 239306 exec/s: 1377 rss: 475Mb L: 85160/239306 MS: 3 CopyPart-InsertByte-EraseBytes-
#12403	REDUCE cov: 1398 ft: 2580 corp: 189/10449Kb lim: 239306 exec/s: 1378 rss: 475Mb L: 19502/239306 MS: 3 CopyPart-ChangeBinInt-EraseBytes-
#12415	REDUCE cov: 1398 ft: 2580 corp: 189/10449Kb lim: 239306 exec/s: 1379 rss: 475Mb L: 1171/239306 MS: 2 ShuffleBytes-EraseBytes-
#12428	REDUCE cov: 1398 ft: 2580 corp: 189/10447Kb lim: 239306 exec/s: 1380 rss: 475Mb L: 47536/239306 MS: 3 ShuffleBytes-ChangeByte-EraseBytes-
#12477	REDUCE cov: 1398 ft: 2580 corp: 189/10445Kb lim: 239306 exec/s: 1386 rss: 475Mb L: 25080/239306 MS: 4 ChangeBit-CrossOver-InsertRepeatedBytes-EraseBytes-
#12494	REDUCE cov: 1398 ft: 2591 corp: 190/10676Kb lim: 239306 exec/s: 1388 rss: 475Mb L: 236437/239306 MS: 2 CopyPart-InsertRepeatedBytes-
#12520	REDUCE cov: 1398 ft: 2591 corp: 190/10676Kb lim: 239306 exec/s: 1391 rss: 475Mb L: 1490/239306 MS: 1 EraseBytes-
#12561	REDUCE cov: 1398 ft: 2595 corp: 191/10678Kb lim: 239306 exec/s: 1395 rss: 475Mb L: 2136/239306 MS: 1 CopyPart-
#12577	REDUCE cov: 1398 ft: 2595 corp: 191/10677Kb lim: 239306 exec/s: 1397 rss: 475Mb L: 1512/239306 MS: 1 EraseBytes-
#12589	REDUCE cov: 1398 ft: 2595 corp: 191/10671Kb lim: 239306 exec/s: 1398 rss: 477Mb L: 12286/239306 MS: 2 ChangeByte-EraseBytes-
#12653	REDUCE cov: 1398 ft: 2595 corp: 191/10669Kb lim: 239306 exec/s: 1405 rss: 477Mb L: 6706/239306 MS: 4 ChangeBinInt-ChangeASCIIInt-InsertByte-EraseBytes-
#12704	REDUCE cov: 1398 ft: 2595 corp: 191/10666Kb lim: 239306 exec/s: 1411 rss: 477Mb L: 12772/239306 MS: 1 EraseBytes-
#12743	REDUCE cov: 1398 ft: 2595 corp: 191/10666Kb lim: 239306 exec/s: 1415 rss: 477Mb L: 1076/239306 MS: 4 PersAutoDict-ChangeBinInt-PersAutoDict-EraseBytes- DE: "\000\000\000\000\000\000\000\000"-"\377\377\377\377\000\000\000\001"-
#12775	REDUCE cov: 1398 ft: 2595 corp: 191/10664Kb lim: 239306 exec/s: 1419 rss: 478Mb L: 65199/239306 MS: 2 CrossOver-EraseBytes-
#12823	REDUCE cov: 1398 ft: 2595 corp: 191/10657Kb lim: 239306 exec/s: 1424 rss: 478Mb L: 86667/239306 MS: 3 ChangeBinInt-InsertByte-EraseBytes-
#12925	REDUCE cov: 1398 ft: 2595 corp: 191/10651Kb lim: 239306 exec/s: 1436 rss: 482Mb L: 10943/239306 MS: 2 ChangeASCIIInt-EraseBytes-
#12936	REDUCE cov: 1398 ft: 2595 corp: 191/10649Kb lim: 239306 exec/s: 1437 rss: 482Mb L: 3896/239306 MS: 1 EraseBytes-
#12955	REDUCE cov: 1398 ft: 2595 corp: 191/10639Kb lim: 239306 exec/s: 1439 rss: 482Mb L: 14590/239306 MS: 4 ShuffleBytes-ChangeByte-InsertByte-EraseBytes-
#13004	REDUCE cov: 1398 ft: 2595 corp: 191/10639Kb lim: 239306 exec/s: 1444 rss: 482Mb L: 6234/239306 MS: 4 ChangeByte-InsertRepeatedBytes-ChangeByte-EraseBytes-
#13010	REDUCE cov: 1398 ft: 2595 corp: 191/10635Kb lim: 239306 exec/s: 1445 rss: 482Mb L: 11431/239306 MS: 1 EraseBytes-
#13097	REDUCE cov: 1398 ft: 2595 corp: 191/10635Kb lim: 239306 exec/s: 1455 rss: 482Mb L: 1430/239306 MS: 2 ShuffleBytes-EraseBytes-
#13110	REDUCE cov: 1398 ft: 2595 corp: 191/10605Kb lim: 239306 exec/s: 1456 rss: 482Mb L: 33983/239306 MS: 3 PersAutoDict-CrossOver-EraseBytes- DE: "\377\377"-
#13122	REDUCE cov: 1398 ft: 2595 corp: 191/10605Kb lim: 239306 exec/s: 1458 rss: 482Mb L: 3162/239306 MS: 2 ChangeASCIIInt-EraseBytes-
#13163	REDUCE cov: 1398 ft: 2595 corp: 191/10602Kb lim: 239306 exec/s: 1462 rss: 482Mb L: 7430/239306 MS: 1 EraseBytes-
#13190	REDUCE cov: 1398 ft: 2595 corp: 191/10599Kb lim: 239306 exec/s: 1465 rss: 482Mb L: 5667/239306 MS: 2 InsertRepeatedBytes-EraseBytes-
#13199	REDUCE cov: 1398 ft: 2595 corp: 191/10571Kb lim: 239306 exec/s: 1466 rss: 482Mb L: 38897/239306 MS: 4 ChangeASCIIInt-CopyPart-ChangeBinInt-EraseBytes-
#13212	REDUCE cov: 1398 ft: 2595 corp: 191/10565Kb lim: 239306 exec/s: 1468 rss: 482Mb L: 24016/239306 MS: 3 ChangeBit-InsertRepeatedBytes-EraseBytes-
#13239	REDUCE cov: 1398 ft: 2595 corp: 191/10558Kb lim: 239306 exec/s: 1471 rss: 482Mb L: 85394/239306 MS: 2 ChangeBit-EraseBytes-
#13270	REDUCE cov: 1398 ft: 2595 corp: 191/10553Kb lim: 239306 exec/s: 1474 rss: 482Mb L: 6149/239306 MS: 1 EraseBytes-
#13281	REDUCE cov: 1398 ft: 2595 corp: 191/10547Kb lim: 239306 exec/s: 1475 rss: 482Mb L: 17906/239306 MS: 1 EraseBytes-
#13316	REDUCE cov: 1400 ft: 2597 corp: 192/10670Kb lim: 239306 exec/s: 1479 rss: 482Mb L: 126023/239306 MS: 5 PersAutoDict-InsertRepeatedBytes-CMP-ChangeBit-CMP- DE: "\377\377\377\377\000\000\000\001"-"\347*\250\354\020Is\237"-"\001\000"-
#13380	REDUCE cov: 1400 ft: 2597 corp: 192/10650Kb lim: 239306 exec/s: 1486 rss: 482Mb L: 34501/239306 MS: 4 ChangeByte-InsertRepeatedBytes-ChangeBit-EraseBytes-
#13383	REDUCE cov: 1400 ft: 2597 corp: 192/10650Kb lim: 239306 exec/s: 1487 rss: 482Mb L: 1759/239306 MS: 3 ChangeBinInt-ChangeBinInt-EraseBytes-
#13384	REDUCE cov: 1400 ft: 2597 corp: 192/10649Kb lim: 239306 exec/s: 1487 rss: 482Mb L: 9301/239306 MS: 1 EraseBytes-
#13425	REDUCE cov: 1400 ft: 2597 corp: 192/10640Kb lim: 239306 exec/s: 1491 rss: 482Mb L: 24992/239306 MS: 1 EraseBytes-
#13471	REDUCE cov: 1400 ft: 2597 corp: 192/10640Kb lim: 239306 exec/s: 1496 rss: 482Mb L: 300/239306 MS: 1 EraseBytes-
#13531	REDUCE cov: 1400 ft: 2597 corp: 192/10639Kb lim: 239306 exec/s: 1503 rss: 482Mb L: 5219/239306 MS: 5 ShuffleBytes-ChangeASCIIInt-ChangeByte-ChangeByte-EraseBytes-
#13581	REDUCE cov: 1400 ft: 2597 corp: 192/10638Kb lim: 239306 exec/s: 1509 rss: 482Mb L: 4063/239306 MS: 5 ChangeByte-InsertByte-CMP-CopyPart-EraseBytes- DE: "2\005Ac\001(\025m"-
#13637	REDUCE cov: 1400 ft: 2597 corp: 192/10614Kb lim: 239306 exec/s: 1515 rss: 482Mb L: 43409/239306 MS: 1 CrossOver-
#13679	REDUCE cov: 1400 ft: 2597 corp: 192/10591Kb lim: 239306 exec/s: 1519 rss: 482Mb L: 101032/239306 MS: 2 ChangeByte-EraseBytes-
#13686	REDUCE cov: 1400 ft: 2597 corp: 192/10591Kb lim: 239306 exec/s: 1520 rss: 482Mb L: 1075/239306 MS: 2 ChangeBinInt-EraseBytes-
#13696	REDUCE cov: 1400 ft: 2597 corp: 192/10588Kb lim: 239306 exec/s: 1521 rss: 482Mb L: 8288/239306 MS: 5 InsertRepeatedBytes-InsertByte-ChangeASCIIInt-CrossOver-EraseBytes-
#13700	REDUCE cov: 1400 ft: 2597 corp: 192/10586Kb lim: 239306 exec/s: 1522 rss: 482Mb L: 6356/239306 MS: 4 ChangeBinInt-CopyPart-ChangeByte-EraseBytes-
#13744	REDUCE cov: 1400 ft: 2597 corp: 192/10585Kb lim: 239306 exec/s: 1374 rss: 482Mb L: 2481/239306 MS: 4 InsertByte-ChangeByte-ShuffleBytes-EraseBytes-
#13768	REDUCE cov: 1400 ft: 2597 corp: 192/10585Kb lim: 239306 exec/s: 1376 rss: 482Mb L: 5995/239306 MS: 4 ChangeByte-ChangeByte-InsertByte-EraseBytes-
#13798	REDUCE cov: 1400 ft: 2597 corp: 192/10584Kb lim: 239306 exec/s: 1379 rss: 482Mb L: 5236/239306 MS: 5 CMP-InsertByte-ChangeASCIIInt-ChangeBinInt-EraseBytes- DE: "\002\000\000\000\000\000\000\000"-
#13830	REDUCE cov: 1400 ft: 2597 corp: 192/10580Kb lim: 239306 exec/s: 1383 rss: 482Mb L: 30161/239306 MS: 2 ShuffleBytes-EraseBytes-
#13839	REDUCE cov: 1400 ft: 2597 corp: 192/10564Kb lim: 239306 exec/s: 1383 rss: 482Mb L: 51048/239306 MS: 4 ChangeASCIIInt-ChangeBinInt-ChangeBit-EraseBytes-
#13873	REDUCE cov: 1400 ft: 2598 corp: 193/10647Kb lim: 239306 exec/s: 1387 rss: 482Mb L: 85563/239306 MS: 4 PersAutoDict-PersAutoDict-InsertRepeatedBytes-PersAutoDict- DE: "\002\377\377\377\377\377\377\377"-"\001\000\000\000\000\000\000\002"-"\000\000\000\000\377\377\377\377"-
#13885	REDUCE cov: 1400 ft: 2598 corp: 193/10647Kb lim: 239306 exec/s: 1388 rss: 482Mb L: 909/239306 MS: 2 ChangeASCIIInt-EraseBytes-
#13897	REDUCE cov: 1400 ft: 2603 corp: 194/10676Kb lim: 239306 exec/s: 1389 rss: 482Mb L: 30161/239306 MS: 2 ChangeBinInt-ChangeByte-
#13978	REDUCE cov: 1400 ft: 2603 corp: 194/10676Kb lim: 239306 exec/s: 1397 rss: 482Mb L: 1015/239306 MS: 1 EraseBytes-
#13982	REDUCE cov: 1400 ft: 2603 corp: 194/10632Kb lim: 239306 exec/s: 1398 rss: 482Mb L: 80049/239306 MS: 4 CMP-InsertRepeatedBytes-CopyPart-CrossOver- DE: "\001\000\000\000\000\000\000/"-
#14022	REDUCE cov: 1400 ft: 2603 corp: 194/10631Kb lim: 239306 exec/s: 1402 rss: 482Mb L: 11099/239306 MS: 5 ChangeBit-CrossOver-ChangeByte-PersAutoDict-EraseBytes- DE: "\377\377\377\377\377\377\377\003"-
#14028	REDUCE cov: 1400 ft: 2603 corp: 194/10629Kb lim: 239306 exec/s: 1402 rss: 482Mb L: 14024/239306 MS: 1 EraseBytes-
#14078	NEW    cov: 1400 ft: 2604 corp: 195/10846Kb lim: 239306 exec/s: 1407 rss: 482Mb L: 221598/239306 MS: 5 InsertRepeatedBytes-ChangeBinInt-InsertRepeatedBytes-PersAutoDict-CopyPart- DE: "\001\000\000\000\000\000\000/"-
#14175	REDUCE cov: 1400 ft: 2604 corp: 195/10839Kb lim: 239306 exec/s: 1417 rss: 482Mb L: 72126/239306 MS: 2 ChangeBinInt-EraseBytes-
#14219	REDUCE cov: 1400 ft: 2604 corp: 195/10834Kb lim: 239306 exec/s: 1421 rss: 482Mb L: 22720/239306 MS: 4 ShuffleBytes-ChangeBit-ShuffleBytes-EraseBytes-
#14242	REDUCE cov: 1400 ft: 2612 corp: 196/10836Kb lim: 239306 exec/s: 1424 rss: 482Mb L: 1513/239306 MS: 3 ChangeASCIIInt-ChangeBit-InsertByte-
#14249	REDUCE cov: 1400 ft: 2612 corp: 196/10814Kb lim: 239306 exec/s: 1424 rss: 482Mb L: 118027/239306 MS: 2 ChangeASCIIInt-EraseBytes-
#14336	REDUCE cov: 1400 ft: 2612 corp: 196/10783Kb lim: 239306 exec/s: 1433 rss: 482Mb L: 54679/239306 MS: 2 ChangeASCIIInt-EraseBytes-
#14358	REDUCE cov: 1400 ft: 2612 corp: 196/10780Kb lim: 239306 exec/s: 1435 rss: 482Mb L: 32679/239306 MS: 2 ShuffleBytes-EraseBytes-
#14362	REDUCE cov: 1400 ft: 2612 corp: 196/10779Kb lim: 239306 exec/s: 1436 rss: 482Mb L: 2039/239306 MS: 4 CMP-PersAutoDict-ShuffleBytes-EraseBytes- DE: "\000\000\000\000"-"\377\377"-
#14376	REDUCE cov: 1400 ft: 2612 corp: 196/10733Kb lim: 239306 exec/s: 1437 rss: 482Mb L: 71181/239306 MS: 4 ChangeBit-CrossOver-InsertByte-EraseBytes-
#14392	REDUCE cov: 1400 ft: 2612 corp: 196/10716Kb lim: 239306 exec/s: 1439 rss: 482Mb L: 20542/239306 MS: 1 EraseBytes-
#14408	REDUCE cov: 1400 ft: 2612 corp: 196/10716Kb lim: 239306 exec/s: 1440 rss: 482Mb L: 5841/239306 MS: 1 EraseBytes-
#14423	REDUCE cov: 1400 ft: 2612 corp: 196/10716Kb lim: 239306 exec/s: 1442 rss: 482Mb L: 619/239306 MS: 5 ShuffleBytes-CopyPart-ChangeBinInt-ChangeByte-EraseBytes-
#14434	REDUCE cov: 1400 ft: 2612 corp: 196/10667Kb lim: 239306 exec/s: 1443 rss: 482Mb L: 58787/239306 MS: 1 EraseBytes-
#14463	REDUCE cov: 1400 ft: 2612 corp: 196/10655Kb lim: 239306 exec/s: 1446 rss: 482Mb L: 176599/239306 MS: 4 ChangeBit-ChangeBit-CMP-EraseBytes- DE: "L\000\000\000\000\000\000\000"-
#14474	REDUCE cov: 1400 ft: 2612 corp: 196/10654Kb lim: 239306 exec/s: 1447 rss: 482Mb L: 2865/239306 MS: 1 EraseBytes-
#14525	REDUCE cov: 1400 ft: 2612 corp: 196/10645Kb lim: 239306 exec/s: 1452 rss: 482Mb L: 46115/239306 MS: 1 EraseBytes-
#14534	REDUCE cov: 1400 ft: 2612 corp: 196/10645Kb lim: 239306 exec/s: 1453 rss: 482Mb L: 8345/239306 MS: 4 ChangeASCIIInt-ChangeByte-ChangeASCIIInt-EraseBytes-
#14569	REDUCE cov: 1400 ft: 2612 corp: 196/10645Kb lim: 239306 exec/s: 1456 rss: 482Mb L: 8566/239306 MS: 5 CMP-CMP-CMP-ChangeASCIIInt-EraseBytes- DE: "\377\377\377\377\377\377\377\000"-"\000\000"-"\000\000\000\000"-
#14686	REDUCE cov: 1400 ft: 2612 corp: 196/10631Kb lim: 239306 exec/s: 1468 rss: 482Mb L: 46180/239306 MS: 2 ChangeBit-EraseBytes-
#14701	REDUCE cov: 1400 ft: 2612 corp: 196/10630Kb lim: 239306 exec/s: 1470 rss: 482Mb L: 6815/239306 MS: 5 ChangeASCIIInt-ChangeASCIIInt-ChangeByte-ChangeASCIIInt-EraseBytes-
#14703	REDUCE cov: 1400 ft: 2612 corp: 196/10630Kb lim: 239306 exec/s: 1470 rss: 482Mb L: 7201/239306 MS: 2 ChangeByte-EraseBytes-
#14704	REDUCE cov: 1400 ft: 2612 corp: 196/10629Kb lim: 239306 exec/s: 1470 rss: 482Mb L: 595/239306 MS: 1 EraseBytes-
#14728	REDUCE cov: 1400 ft: 2612 corp: 196/10625Kb lim: 239306 exec/s: 1472 rss: 482Mb L: 33199/239306 MS: 4 CopyPart-InsertByte-ChangeBit-EraseBytes-
#14750	REDUCE cov: 1400 ft: 2612 corp: 196/10610Kb lim: 239306 exec/s: 1475 rss: 482Mb L: 54307/239306 MS: 2 ShuffleBytes-EraseBytes-
#14772	REDUCE cov: 1400 ft: 2612 corp: 196/10606Kb lim: 239306 exec/s: 1477 rss: 482Mb L: 7425/239306 MS: 2 ChangeBinInt-EraseBytes-
#14783	REDUCE cov: 1400 ft: 2612 corp: 196/10600Kb lim: 239306 exec/s: 1478 rss: 482Mb L: 70819/239306 MS: 1 EraseBytes-
#14791	REDUCE cov: 1400 ft: 2612 corp: 196/10595Kb lim: 239306 exec/s: 1479 rss: 482Mb L: 6081/239306 MS: 3 ChangeASCIIInt-InsertRepeatedBytes-EraseBytes-
#14824	REDUCE cov: 1400 ft: 2612 corp: 196/10591Kb lim: 239306 exec/s: 1482 rss: 482Mb L: 5600/239306 MS: 3 ChangeBit-PersAutoDict-EraseBytes- DE: "\253\252\252\252\252\252\252\012"-
#14894	REDUCE cov: 1400 ft: 2612 corp: 196/10563Kb lim: 239306 exec/s: 1489 rss: 482Mb L: 44152/239306 MS: 5 ShuffleBytes-ChangeBinInt-InsertByte-CopyPart-EraseBytes-
#14911	REDUCE cov: 1400 ft: 2612 corp: 196/10557Kb lim: 239306 exec/s: 1491 rss: 482Mb L: 45539/239306 MS: 2 ShuffleBytes-CrossOver-
#14926	REDUCE cov: 1400 ft: 2612 corp: 196/10548Kb lim: 239306 exec/s: 1492 rss: 482Mb L: 1449/239306 MS: 5 CMP-ChangeBinInt-CopyPart-ChangeASCIIInt-CrossOver- DE: "\000\000\000\000\000\000\000\000"-
#14929	REDUCE cov: 1400 ft: 2612 corp: 196/10529Kb lim: 239306 exec/s: 1492 rss: 482Mb L: 31537/239306 MS: 3 CrossOver-ChangeBinInt-EraseBytes-
#14950	REDUCE cov: 1400 ft: 2612 corp: 196/10529Kb lim: 239306 exec/s: 1495 rss: 482Mb L: 13044/239306 MS: 1 EraseBytes-
#14956	REDUCE cov: 1400 ft: 2612 corp: 196/10529Kb lim: 239306 exec/s: 1495 rss: 482Mb L: 1193/239306 MS: 1 EraseBytes-
#15046	REDUCE cov: 1400 ft: 2612 corp: 196/10521Kb lim: 239306 exec/s: 1504 rss: 482Mb L: 57771/239306 MS: 5 CrossOver-ChangeASCIIInt-ChangeByte-CopyPart-EraseBytes-
#15076	REDUCE cov: 1400 ft: 2612 corp: 196/10518Kb lim: 239306 exec/s: 1507 rss: 482Mb L: 16811/239306 MS: 5 CMP-ChangeASCIIInt-ShuffleBytes-ChangeASCIIInt-EraseBytes- DE: "\377\377\377\377\377\377\377\377"-
#15082	REDUCE cov: 1400 ft: 2612 corp: 196/10518Kb lim: 239306 exec/s: 1508 rss: 482Mb L: 652/239306 MS: 1 EraseBytes-
#15100	REDUCE cov: 1400 ft: 2612 corp: 196/10510Kb lim: 239306 exec/s: 1510 rss: 482Mb L: 17126/239306 MS: 3 PersAutoDict-ChangeBit-EraseBytes- DE: "\301\\\002\211\354-\012\221g\354\216e\241\215\353\276^U2\373\356\242\223\370\013\311B\356\220\206\301q"-
#15136	REDUCE cov: 1400 ft: 2612 corp: 196/10494Kb lim: 239306 exec/s: 1513 rss: 482Mb L: 64183/239306 MS: 1 CrossOver-
#15169	REDUCE cov: 1400 ft: 2612 corp: 196/10490Kb lim: 239306 exec/s: 1516 rss: 482Mb L: 67636/239306 MS: 3 ShuffleBytes-ChangeBinInt-EraseBytes-
#15175	NEW    cov: 1401 ft: 2617 corp: 197/10490Kb lim: 239306 exec/s: 1517 rss: 482Mb L: 400/239306 MS: 1 InsertRepeatedBytes-
#15482	REDUCE cov: 1401 ft: 2618 corp: 198/10560Kb lim: 239306 exec/s: 1407 rss: 482Mb L: 71287/239306 MS: 2 InsertByte-InsertRepeatedBytes-
#15491	REDUCE cov: 1401 ft: 2618 corp: 198/10560Kb lim: 239306 exec/s: 1408 rss: 482Mb L: 590/239306 MS: 4 CopyPart-InsertRepeatedBytes-ChangeByte-EraseBytes-
#15526	REDUCE cov: 1401 ft: 2618 corp: 198/10529Kb lim: 239306 exec/s: 1411 rss: 482Mb L: 35875/239306 MS: 5 ShuffleBytes-ShuffleBytes-ShuffleBytes-CMP-EraseBytes- DE: "\000\000\000\000"-
#15550	REDUCE cov: 1401 ft: 2618 corp: 198/10528Kb lim: 239306 exec/s: 1413 rss: 482Mb L: 477/239306 MS: 4 ChangeASCIIInt-ChangeByte-InsertRepeatedBytes-EraseBytes-
#15616	REDUCE cov: 1402 ft: 2619 corp: 199/10529Kb lim: 239306 exec/s: 1419 rss: 482Mb L: 590/239306 MS: 1 CMP- DE: "\001\000\000\000"-
#15652	REDUCE cov: 1402 ft: 2619 corp: 199/10527Kb lim: 239306 exec/s: 1422 rss: 482Mb L: 3562/239306 MS: 1 EraseBytes-
#15656	REDUCE cov: 1402 ft: 2619 corp: 199/10478Kb lim: 239306 exec/s: 1423 rss: 482Mb L: 126578/239306 MS: 4 CMP-InsertByte-ChangeByte-EraseBytes- DE: "\000\000"-
#15657	REDUCE cov: 1402 ft: 2619 corp: 199/10477Kb lim: 239306 exec/s: 1423 rss: 482Mb L: 4505/239306 MS: 1 EraseBytes-
#15680	REDUCE cov: 1402 ft: 2619 corp: 199/10476Kb lim: 239306 exec/s: 1425 rss: 482Mb L: 1512/239306 MS: 3 ShuffleBytes-ChangeBit-EraseBytes-
#15682	REDUCE cov: 1402 ft: 2619 corp: 199/10459Kb lim: 239306 exec/s: 1425 rss: 482Mb L: 29441/239306 MS: 2 ShuffleBytes-EraseBytes-
#15693	REDUCE cov: 1402 ft: 2619 corp: 199/10448Kb lim: 239306 exec/s: 1426 rss: 482Mb L: 20825/239306 MS: 1 EraseBytes-
#15728	REDUCE cov: 1404 ft: 2621 corp: 200/10448Kb lim: 239306 exec/s: 1429 rss: 482Mb L: 169/239306 MS: 5 ChangeBinInt-CopyPart-InsertRepeatedBytes-CrossOver-EraseBytes-
#15730	REDUCE cov: 1404 ft: 2621 corp: 200/10447Kb lim: 239306 exec/s: 1430 rss: 482Mb L: 5864/239306 MS: 2 InsertRepeatedBytes-EraseBytes-
#15776	REDUCE cov: 1404 ft: 2621 corp: 200/10432Kb lim: 239306 exec/s: 1434 rss: 482Mb L: 34018/239306 MS: 1 EraseBytes-
#15784	REDUCE cov: 1404 ft: 2621 corp: 200/10432Kb lim: 239306 exec/s: 1434 rss: 482Mb L: 5649/239306 MS: 3 CMP-InsertByte-EraseBytes- DE: "\336y\3321\343\335\312%"-
#15865	REDUCE cov: 1404 ft: 2621 corp: 200/10431Kb lim: 239306 exec/s: 1442 rss: 482Mb L: 4626/239306 MS: 1 EraseBytes-
#15907	REDUCE cov: 1404 ft: 2621 corp: 200/10429Kb lim: 239306 exec/s: 1446 rss: 482Mb L: 2838/239306 MS: 2 InsertByte-EraseBytes-
#15929	REDUCE cov: 1404 ft: 2621 corp: 200/10423Kb lim: 239306 exec/s: 1448 rss: 482Mb L: 6683/239306 MS: 2 CopyPart-EraseBytes-
#15943	NEW    cov: 1405 ft: 2622 corp: 201/10559Kb lim: 239306 exec/s: 1449 rss: 482Mb L: 139935/239306 MS: 4 ChangeBit-ChangeBit-ChangeBit-CMP- DE: "\377\377\377\377\377\377\377\377"-
#15944	REDUCE cov: 1405 ft: 2622 corp: 201/10559Kb lim: 239306 exec/s: 1449 rss: 482Mb L: 953/239306 MS: 1 EraseBytes-
#16001	REDUCE cov: 1405 ft: 2622 corp: 201/10559Kb lim: 239306 exec/s: 1454 rss: 482Mb L: 1269/239306 MS: 2 ChangeBit-EraseBytes-
#16008	REDUCE cov: 1405 ft: 2622 corp: 201/10558Kb lim: 239306 exec/s: 1455 rss: 482Mb L: 4058/239306 MS: 2 PersAutoDict-EraseBytes- DE: "\377\377\377\377\377\377\377\000"-
#16022	REDUCE cov: 1405 ft: 2622 corp: 201/10558Kb lim: 239306 exec/s: 1456 rss: 482Mb L: 450/239306 MS: 4 ChangeByte-ChangeByte-CMP-EraseBytes- DE: "\001\000\000\000"-
#16060	REDUCE cov: 1405 ft: 2622 corp: 201/10557Kb lim: 239306 exec/s: 1460 rss: 482Mb L: 3863/239306 MS: 3 ChangeByte-ChangeBit-EraseBytes-
#16072	REDUCE cov: 1405 ft: 2622 corp: 201/10553Kb lim: 239306 exec/s: 1461 rss: 482Mb L: 80878/239306 MS: 2 InsertByte-EraseBytes-
#16085	REDUCE cov: 1405 ft: 2622 corp: 201/10551Kb lim: 239306 exec/s: 1462 rss: 482Mb L: 15515/239306 MS: 3 ShuffleBytes-ChangeByte-EraseBytes-
#16098	REDUCE cov: 1405 ft: 2622 corp: 201/10542Kb lim: 239306 exec/s: 1463 rss: 482Mb L: 18834/239306 MS: 3 ChangeBit-ChangeASCIIInt-EraseBytes-
#16105	REDUCE cov: 1405 ft: 2622 corp: 201/10542Kb lim: 239306 exec/s: 1464 rss: 482Mb L: 30000/239306 MS: 2 ChangeByte-EraseBytes-
#16144	REDUCE cov: 1405 ft: 2622 corp: 201/10526Kb lim: 239306 exec/s: 1467 rss: 482Mb L: 69142/239306 MS: 4 EraseBytes-CrossOver-ChangeBinInt-EraseBytes-
#16234	REDUCE cov: 1406 ft: 2623 corp: 202/10527Kb lim: 239306 exec/s: 1475 rss: 482Mb L: 274/239306 MS: 5 ShuffleBytes-InsertRepeatedBytes-PersAutoDict-EraseBytes-EraseBytes- DE: "\377\377\377\377\377\377\377\002"-
#16244	REDUCE cov: 1406 ft: 2623 corp: 202/10525Kb lim: 239306 exec/s: 1476 rss: 482Mb L: 15623/239306 MS: 5 ChangeASCIIInt-InsertRepeatedBytes-InsertByte-ShuffleBytes-EraseBytes-
#16333	REDUCE cov: 1406 ft: 2623 corp: 202/10524Kb lim: 239306 exec/s: 1484 rss: 482Mb L: 45119/239306 MS: 4 CrossOver-ChangeBit-CopyPart-EraseBytes-
#16365	REDUCE cov: 1406 ft: 2623 corp: 202/10518Kb lim: 239306 exec/s: 1487 rss: 482Mb L: 22934/239306 MS: 2 ChangeBinInt-EraseBytes-
#16384	pulse  cov: 1406 ft: 2623 corp: 202/10518Kb lim: 239306 exec/s: 1489 rss: 482Mb
#16386	REDUCE cov: 1406 ft: 2623 corp: 202/10518Kb lim: 239306 exec/s: 1489 rss: 482Mb L: 374/239306 MS: 1 EraseBytes-
#16402	REDUCE cov: 1406 ft: 2623 corp: 202/10514Kb lim: 239306 exec/s: 1491 rss: 482Mb L: 18830/239306 MS: 1 EraseBytes-
#16410	REDUCE cov: 1406 ft: 2623 corp: 202/10489Kb lim: 239306 exec/s: 1491 rss: 482Mb L: 54854/239306 MS: 3 ChangeBit-ChangeBinInt-EraseBytes-
#16421	REDUCE cov: 1406 ft: 2623 corp: 202/10479Kb lim: 239306 exec/s: 1492 rss: 482Mb L: 22842/239306 MS: 1 EraseBytes-
#16447	REDUCE cov: 1406 ft: 2623 corp: 202/10478Kb lim: 239306 exec/s: 1495 rss: 482Mb L: 3461/239306 MS: 1 EraseBytes-
#16457	REDUCE cov: 1406 ft: 2623 corp: 202/10476Kb lim: 239306 exec/s: 1496 rss: 482Mb L: 14634/239306 MS: 5 ChangeByte-CrossOver-ChangeByte-CrossOver-EraseBytes-
#16509	REDUCE cov: 1406 ft: 2623 corp: 202/10475Kb lim: 239306 exec/s: 1500 rss: 482Mb L: 2953/239306 MS: 2 InsertRepeatedBytes-EraseBytes-
#16516	REDUCE cov: 1406 ft: 2623 corp: 202/10472Kb lim: 239306 exec/s: 1501 rss: 482Mb L: 11918/239306 MS: 2 ShuffleBytes-EraseBytes-
#16644	REDUCE cov: 1406 ft: 2623 corp: 202/10468Kb lim: 239306 exec/s: 1513 rss: 482Mb L: 4680/239306 MS: 3 ChangeBinInt-ChangeBit-EraseBytes-
#16661	REDUCE cov: 1406 ft: 2623 corp: 202/10431Kb lim: 239306 exec/s: 1514 rss: 482Mb L: 68537/239306 MS: 2 CopyPart-EraseBytes-
#16714	REDUCE cov: 1406 ft: 2623 corp: 202/10427Kb lim: 239306 exec/s: 1519 rss: 482Mb L: 6924/239306 MS: 3 PersAutoDict-ChangeByte-EraseBytes- DE: "\001\000\000\000\000\000\000\002"-
#16718	REDUCE cov: 1406 ft: 2623 corp: 202/10422Kb lim: 239306 exec/s: 1519 rss: 482Mb L: 8821/239306 MS: 4 ChangeASCIIInt-CopyPart-InsertRepeatedBytes-EraseBytes-
#16719	REDUCE cov: 1406 ft: 2623 corp: 202/10417Kb lim: 239306 exec/s: 1519 rss: 482Mb L: 7135/239306 MS: 1 EraseBytes-
#16736	REDUCE cov: 1406 ft: 2623 corp: 202/10416Kb lim: 239306 exec/s: 1521 rss: 482Mb L: 1982/239306 MS: 2 ChangeBinInt-EraseBytes-
#16758	REDUCE cov: 1406 ft: 2623 corp: 202/10412Kb lim: 239306 exec/s: 1523 rss: 482Mb L: 39820/239306 MS: 2 InsertRepeatedBytes-EraseBytes-
#16793	REDUCE cov: 1406 ft: 2623 corp: 202/10369Kb lim: 239306 exec/s: 1526 rss: 482Mb L: 27220/239306 MS: 5 CrossOver-PersAutoDict-CrossOver-CrossOver-CrossOver- DE: "\377\377\377\377\000\000\000\001"-
#16809	REDUCE cov: 1406 ft: 2623 corp: 202/10362Kb lim: 239306 exec/s: 1528 rss: 482Mb L: 32095/239306 MS: 1 EraseBytes-
#16810	REDUCE cov: 1406 ft: 2623 corp: 202/10360Kb lim: 239306 exec/s: 1528 rss: 482Mb L: 4919/239306 MS: 1 EraseBytes-
#16826	REDUCE cov: 1406 ft: 2623 corp: 202/10351Kb lim: 239306 exec/s: 1529 rss: 482Mb L: 15422/239306 MS: 1 EraseBytes-
#16845	REDUCE cov: 1406 ft: 2623 corp: 202/10329Kb lim: 239306 exec/s: 1531 rss: 482Mb L: 104035/239306 MS: 4 InsertByte-EraseBytes-ChangeASCIIInt-CrossOver-
#16866	REDUCE cov: 1406 ft: 2623 corp: 202/10310Kb lim: 239306 exec/s: 1533 rss: 482Mb L: 37844/239306 MS: 1 EraseBytes-
#16880	REDUCE cov: 1406 ft: 2632 corp: 203/10315Kb lim: 239306 exec/s: 1534 rss: 482Mb L: 4919/239306 MS: 4 ChangeBinInt-ChangeBit-ChangeBit-ChangeBinInt-
#16881	REDUCE cov: 1406 ft: 2632 corp: 203/10312Kb lim: 239306 exec/s: 1534 rss: 482Mb L: 136897/239306 MS: 1 EraseBytes-
#16939	REDUCE cov: 1406 ft: 2632 corp: 203/10311Kb lim: 239306 exec/s: 1539 rss: 482Mb L: 869/239306 MS: 3 ChangeBinInt-ShuffleBytes-EraseBytes-
#16960	REDUCE cov: 1407 ft: 2633 corp: 204/10314Kb lim: 239306 exec/s: 1541 rss: 482Mb L: 2846/239306 MS: 1 PersAutoDict- DE: "\000\000\000\000\000\000\000\001"-
#17072	REDUCE cov: 1407 ft: 2633 corp: 204/10311Kb lim: 239306 exec/s: 1552 rss: 482Mb L: 16110/239306 MS: 2 InsertRepeatedBytes-EraseBytes-
#17086	REDUCE cov: 1407 ft: 2633 corp: 204/10311Kb lim: 239306 exec/s: 1553 rss: 482Mb L: 7637/239306 MS: 4 ChangeByte-InsertRepeatedBytes-ShuffleBytes-EraseBytes-
#17210	NEW    cov: 1407 ft: 2634 corp: 205/10311Kb lim: 239306 exec/s: 1434 rss: 482Mb L: 111/239306 MS: 4 EraseBytes-InsertByte-ChangeByte-EraseBytes-
#17217	NEW    cov: 1407 ft: 2635 corp: 206/10313Kb lim: 239306 exec/s: 1434 rss: 482Mb L: 1961/239306 MS: 2 PersAutoDict-ChangeBit- DE: "\001\000\000\000\000\000\000\000"-
#17352	REDUCE cov: 1412 ft: 2640 corp: 207/10314Kb lim: 239306 exec/s: 1446 rss: 482Mb L: 590/239306 MS: 5 ChangeBit-ChangeBinInt-CopyPart-PersAutoDict-PersAutoDict- DE: "\377\377\377\377\377\377\377\002"-"\000\001"-
#17545	REDUCE cov: 1412 ft: 2640 corp: 207/10314Kb lim: 239306 exec/s: 1462 rss: 482Mb L: 254/239306 MS: 3 ChangeByte-InsertRepeatedBytes-EraseBytes-
#17627	REDUCE cov: 1412 ft: 2640 corp: 207/10307Kb lim: 239306 exec/s: 1468 rss: 482Mb L: 37353/239306 MS: 2 ShuffleBytes-EraseBytes-
#17650	REDUCE cov: 1412 ft: 2640 corp: 207/10304Kb lim: 239306 exec/s: 1470 rss: 482Mb L: 13358/239306 MS: 3 CrossOver-CrossOver-EraseBytes-
#17720	REDUCE cov: 1412 ft: 2640 corp: 207/10299Kb lim: 239306 exec/s: 1476 rss: 482Mb L: 52170/239306 MS: 5 ChangeBit-ChangeASCIIInt-ChangeBinInt-ChangeBinInt-EraseBytes-
#17742	REDUCE cov: 1412 ft: 2640 corp: 207/10266Kb lim: 239306 exec/s: 1478 rss: 482Mb L: 37044/239306 MS: 2 ChangeBit-CrossOver-
#17788	REDUCE cov: 1412 ft: 2640 corp: 207/10264Kb lim: 239306 exec/s: 1482 rss: 482Mb L: 12219/239306 MS: 1 EraseBytes-
#17800	REDUCE cov: 1412 ft: 2640 corp: 207/10257Kb lim: 239306 exec/s: 1483 rss: 482Mb L: 15809/239306 MS: 2 ShuffleBytes-EraseBytes-
#17816	REDUCE cov: 1412 ft: 2640 corp: 207/10257Kb lim: 239306 exec/s: 1484 rss: 482Mb L: 838/239306 MS: 1 EraseBytes-
#17845	REDUCE cov: 1412 ft: 2640 corp: 207/10252Kb lim: 239306 exec/s: 1487 rss: 482Mb L: 29967/239306 MS: 4 CrossOver-ChangeByte-CopyPart-EraseBytes-
#17858	REDUCE cov: 1412 ft: 2641 corp: 208/10253Kb lim: 239306 exec/s: 1488 rss: 482Mb L: 945/239306 MS: 3 InsertRepeatedBytes-ChangeByte-PersAutoDict- DE: "\001\000\000\000\000\000\000\000"-
#17879	REDUCE cov: 1414 ft: 2643 corp: 209/10255Kb lim: 239306 exec/s: 1489 rss: 482Mb L: 1167/239306 MS: 1 CopyPart-
#17923	REDUCE cov: 1414 ft: 2643 corp: 209/10205Kb lim: 239306 exec/s: 1493 rss: 482Mb L: 89225/239306 MS: 4 ChangeBit-ChangeByte-CrossOver-EraseBytes-
#17981	REDUCE cov: 1414 ft: 2643 corp: 209/10203Kb lim: 239306 exec/s: 1498 rss: 482Mb L: 3770/239306 MS: 3 CopyPart-ShuffleBytes-EraseBytes-
#18001	NEW    cov: 1415 ft: 2644 corp: 210/10203Kb lim: 239306 exec/s: 1500 rss: 482Mb L: 162/239306 MS: 5 EraseBytes-ChangeByte-CrossOver-ShuffleBytes-InsertRepeatedBytes-
#18096	NEW    cov: 1415 ft: 2648 corp: 211/10205Kb lim: 239306 exec/s: 1508 rss: 482Mb L: 1998/239306 MS: 5 ChangeBit-CopyPart-ChangeByte-CopyPart-InsertRepeatedBytes-
#18117	REDUCE cov: 1415 ft: 2648 corp: 211/10194Kb lim: 239306 exec/s: 1509 rss: 482Mb L: 25919/239306 MS: 1 EraseBytes-
#18131	NEW    cov: 1416 ft: 2649 corp: 212/10211Kb lim: 239306 exec/s: 1510 rss: 482Mb L: 17921/239306 MS: 4 PersAutoDict-PersAutoDict-ChangeBinInt-CrossOver- DE: "\001\000\000\000\000\000\000/"-"\301\\\002\211\354-\012\221g\354\216e\241\215\353\276^U2\373\356\242\223\370\013\311B\356\220\206\301q"-
#18178	REDUCE cov: 1416 ft: 2649 corp: 212/10207Kb lim: 239306 exec/s: 1514 rss: 482Mb L: 25757/239306 MS: 2 PersAutoDict-EraseBytes- DE: "\377\377\377\377\377\377\377\002"-
#18227	REDUCE cov: 1416 ft: 2649 corp: 212/10207Kb lim: 239306 exec/s: 1518 rss: 482Mb L: 281/239306 MS: 4 ChangeBit-ShuffleBytes-InsertRepeatedBytes-EraseBytes-
#18247	REDUCE cov: 1416 ft: 2649 corp: 212/10202Kb lim: 239306 exec/s: 1520 rss: 482Mb L: 12995/239306 MS: 5 InsertByte-ChangeByte-InsertByte-ChangeASCIIInt-EraseBytes-
#18339	REDUCE cov: 1416 ft: 2652 corp: 213/10204Kb lim: 239306 exec/s: 1528 rss: 482Mb L: 1164/239306 MS: 2 InsertByte-ChangeBit-
#18352	REDUCE cov: 1416 ft: 2652 corp: 213/10203Kb lim: 239306 exec/s: 1529 rss: 482Mb L: 1353/239306 MS: 3 ChangeASCIIInt-PersAutoDict-EraseBytes- DE: "\377\377"-
#18358	REDUCE cov: 1416 ft: 2652 corp: 213/10203Kb lim: 239306 exec/s: 1529 rss: 482Mb L: 330/239306 MS: 1 EraseBytes-
#18373	REDUCE cov: 1416 ft: 2652 corp: 213/10192Kb lim: 239306 exec/s: 1531 rss: 482Mb L: 21648/239306 MS: 5 ChangeBinInt-CMP-ChangeBit-ChangeByte-EraseBytes- DE: "\000\000\000\000"-
#18394	REDUCE cov: 1416 ft: 2652 corp: 213/10192Kb lim: 239306 exec/s: 1532 rss: 482Mb L: 308/239306 MS: 1 EraseBytes-
#18397	REDUCE cov: 1416 ft: 2652 corp: 213/10192Kb lim: 239306 exec/s: 1533 rss: 482Mb L: 1723/239306 MS: 3 ChangeBit-ShuffleBytes-EraseBytes-
#18421	REDUCE cov: 1416 ft: 2652 corp: 213/10166Kb lim: 239306 exec/s: 1535 rss: 482Mb L: 62621/239306 MS: 4 PersAutoDict-ChangeByte-CopyPart-EraseBytes- DE: "\253\252\252\252\252\252\252\012"-
#18525	REDUCE cov: 1416 ft: 2652 corp: 213/10157Kb lim: 239306 exec/s: 1543 rss: 482Mb L: 13859/239306 MS: 4 ChangeBit-ChangeByte-CopyPart-EraseBytes-
#18529	REDUCE cov: 1418 ft: 2654 corp: 214/10159Kb lim: 239306 exec/s: 1544 rss: 482Mb L: 1832/239306 MS: 4 CMP-ShuffleBytes-ShuffleBytes-CopyPart- DE: "\000\000"-
#18538	REDUCE cov: 1418 ft: 2654 corp: 214/10158Kb lim: 239306 exec/s: 1544 rss: 482Mb L: 2883/239306 MS: 4 InsertRepeatedBytes-ChangeBinInt-ChangeBit-EraseBytes-
#18549	REDUCE cov: 1418 ft: 2654 corp: 214/10157Kb lim: 239306 exec/s: 1545 rss: 482Mb L: 7391/239306 MS: 1 EraseBytes-
#18555	REDUCE cov: 1418 ft: 2654 corp: 214/10149Kb lim: 239306 exec/s: 1546 rss: 482Mb L: 21403/239306 MS: 1 EraseBytes-
#18561	REDUCE cov: 1418 ft: 2654 corp: 214/10149Kb lim: 239306 exec/s: 1546 rss: 482Mb L: 18635/239306 MS: 1 EraseBytes-
#18610	REDUCE cov: 1418 ft: 2654 corp: 214/10148Kb lim: 239306 exec/s: 1550 rss: 482Mb L: 11268/239306 MS: 4 ChangeASCIIInt-PersAutoDict-ChangeASCIIInt-EraseBytes- DE: "\320\012\000\000\000\000\000\000"-
#18634	REDUCE cov: 1418 ft: 2654 corp: 214/10143Kb lim: 239306 exec/s: 1552 rss: 482Mb L: 26593/239306 MS: 4 ShuffleBytes-EraseBytes-ChangeASCIIInt-CrossOver-
#18672	REDUCE cov: 1418 ft: 2654 corp: 214/10141Kb lim: 239306 exec/s: 1556 rss: 482Mb L: 10133/239306 MS: 3 ShuffleBytes-PersAutoDict-EraseBytes- DE: "\377\377\377\377\377\377\015s"-
#18688	REDUCE cov: 1418 ft: 2654 corp: 214/10140Kb lim: 239306 exec/s: 1557 rss: 482Mb L: 5110/239306 MS: 1 EraseBytes-
#18694	REDUCE cov: 1418 ft: 2654 corp: 214/10129Kb lim: 239306 exec/s: 1557 rss: 482Mb L: 21772/239306 MS: 1 EraseBytes-
#18708	REDUCE cov: 1418 ft: 2654 corp: 214/10114Kb lim: 239306 exec/s: 1559 rss: 482Mb L: 124348/239306 MS: 4 PersAutoDict-EraseBytes-CMP-InsertByte- DE: "\004UUUUUUU"-"\001\000"-
#18740	REDUCE cov: 1418 ft: 2654 corp: 214/10111Kb lim: 239306 exec/s: 1561 rss: 482Mb L: 4221/239306 MS: 2 ChangeByte-EraseBytes-
#18746	REDUCE cov: 1418 ft: 2654 corp: 214/10110Kb lim: 239306 exec/s: 1562 rss: 482Mb L: 4021/239306 MS: 1 EraseBytes-
#18813	REDUCE cov: 1418 ft: 2654 corp: 214/10107Kb lim: 239306 exec/s: 1567 rss: 482Mb L: 6312/239306 MS: 2 CrossOver-EraseBytes-
#18869	REDUCE cov: 1418 ft: 2654 corp: 214/10107Kb lim: 239306 exec/s: 1572 rss: 482Mb L: 3740/239306 MS: 1 EraseBytes-
#18877	REDUCE cov: 1418 ft: 2654 corp: 214/10107Kb lim: 239306 exec/s: 1573 rss: 482Mb L: 87/239306 MS: 3 InsertByte-EraseBytes-ChangeByte-
#18883	REDUCE cov: 1418 ft: 2654 corp: 214/10074Kb lim: 239306 exec/s: 1573 rss: 482Mb L: 52411/239306 MS: 1 EraseBytes-
#18925	REDUCE cov: 1418 ft: 2654 corp: 214/10069Kb lim: 239306 exec/s: 1577 rss: 482Mb L: 16475/239306 MS: 2 ChangeBinInt-EraseBytes-
#18984	REDUCE cov: 1420 ft: 2656 corp: 215/10077Kb lim: 239306 exec/s: 1460 rss: 482Mb L: 7428/239306 MS: 4 InsertRepeatedBytes-EraseBytes-ChangeByte-InsertRepeatedBytes-
#18992	REDUCE cov: 1420 ft: 2656 corp: 215/10077Kb lim: 239306 exec/s: 1460 rss: 482Mb L: 183/239306 MS: 3 ChangeBinInt-InsertByte-EraseBytes-
#19001	REDUCE cov: 1420 ft: 2656 corp: 215/10076Kb lim: 239306 exec/s: 1461 rss: 482Mb L: 6933/239306 MS: 4 CopyPart-CopyPart-PersAutoDict-EraseBytes- DE: "\377\377\377\377\377\377\377\000"-
#19015	REDUCE cov: 1420 ft: 2656 corp: 215/10074Kb lim: 239306 exec/s: 1462 rss: 482Mb L: 5125/239306 MS: 4 ShuffleBytes-CopyPart-EraseBytes-EraseBytes-
#19063	REDUCE cov: 1420 ft: 2656 corp: 215/10070Kb lim: 239306 exec/s: 1466 rss: 482Mb L: 10658/239306 MS: 3 InsertByte-ShuffleBytes-EraseBytes-
#19122	REDUCE cov: 1420 ft: 2656 corp: 215/10065Kb lim: 239306 exec/s: 1470 rss: 482Mb L: 9516/239306 MS: 4 ChangeByte-ChangeASCIIInt-ShuffleBytes-EraseBytes-
#19126	REDUCE cov: 1420 ft: 2656 corp: 215/10065Kb lim: 239306 exec/s: 1471 rss: 482Mb L: 749/239306 MS: 4 ChangeASCIIInt-CopyPart-InsertByte-EraseBytes-
#19130	REDUCE cov: 1420 ft: 2656 corp: 215/10056Kb lim: 239306 exec/s: 1471 rss: 482Mb L: 24908/239306 MS: 4 ChangeByte-ShuffleBytes-CopyPart-EraseBytes-
#19177	REDUCE cov: 1420 ft: 2656 corp: 215/10044Kb lim: 239306 exec/s: 1475 rss: 482Mb L: 60190/239306 MS: 2 PersAutoDict-EraseBytes- DE: "\000\000\000\000\000\000\000\264"-
#19180	REDUCE cov: 1420 ft: 2656 corp: 215/10043Kb lim: 239306 exec/s: 1475 rss: 482Mb L: 3727/239306 MS: 3 ChangeByte-ChangeBit-EraseBytes-
#19203	REDUCE cov: 1420 ft: 2656 corp: 215/10042Kb lim: 239306 exec/s: 1477 rss: 482Mb L: 2641/239306 MS: 3 ShuffleBytes-InsertRepeatedBytes-EraseBytes-
#19324	NEW    cov: 1421 ft: 2657 corp: 216/10043Kb lim: 239306 exec/s: 1486 rss: 482Mb L: 296/239306 MS: 1 InsertRepeatedBytes-
#19336	REDUCE cov: 1421 ft: 2657 corp: 216/10033Kb lim: 239306 exec/s: 1487 rss: 482Mb L: 34426/239306 MS: 2 ShuffleBytes-EraseBytes-
#19347	REDUCE cov: 1421 ft: 2657 corp: 216/10013Kb lim: 239306 exec/s: 1488 rss: 482Mb L: 88471/239306 MS: 1 EraseBytes-
#19367	REDUCE cov: 1421 ft: 2657 corp: 216/10011Kb lim: 239306 exec/s: 1489 rss: 482Mb L: 6243/239306 MS: 5 EraseBytes-PersAutoDict-CopyPart-PersAutoDict-ChangeBinInt- DE: "\000\000\000\000\000\000\000\264"-"\000\000\000\000\377\377\377\377"-
#19385	REDUCE cov: 1421 ft: 2657 corp: 216/10011Kb lim: 239306 exec/s: 1491 rss: 482Mb L: 1727/239306 MS: 3 InsertByte-PersAutoDict-EraseBytes- DE: "\377\377\377\377"-
#19444	REDUCE cov: 1421 ft: 2657 corp: 216/10004Kb lim: 239306 exec/s: 1495 rss: 482Mb L: 55937/239306 MS: 4 ShuffleBytes-ChangeByte-ChangeBinInt-EraseBytes-
#19526	REDUCE cov: 1421 ft: 2657 corp: 216/10002Kb lim: 239306 exec/s: 1502 rss: 482Mb L: 72863/239306 MS: 2 InsertRepeatedBytes-EraseBytes-
#19558	REDUCE cov: 1421 ft: 2657 corp: 216/10002Kb lim: 239306 exec/s: 1504 rss: 482Mb L: 406/239306 MS: 2 ChangeBit-EraseBytes-
#19657	REDUCE cov: 1421 ft: 2657 corp: 216/10001Kb lim: 239306 exec/s: 1512 rss: 483Mb L: 153/239306 MS: 4 InsertByte-ShuffleBytes-InsertByte-EraseBytes-
#19743	REDUCE cov: 1421 ft: 2657 corp: 216/10000Kb lim: 239306 exec/s: 1518 rss: 486Mb L: 21368/239306 MS: 1 EraseBytes-
#19760	REDUCE cov: 1421 ft: 2657 corp: 216/9994Kb lim: 239306 exec/s: 1520 rss: 486Mb L: 78850/239306 MS: 2 InsertByte-EraseBytes-
#19790	NEW    cov: 1422 ft: 2658 corp: 217/10177Kb lim: 239306 exec/s: 1522 rss: 488Mb L: 186820/239306 MS: 5 InsertByte-ChangeByte-PersAutoDict-ChangeASCIIInt-CrossOver- DE: "\001\000\000\000\000\000\000\003"-
#19792	REDUCE cov: 1422 ft: 2658 corp: 217/10171Kb lim: 239306 exec/s: 1522 rss: 488Mb L: 9127/239306 MS: 2 CrossOver-EraseBytes-
#19820	REDUCE cov: 1422 ft: 2658 corp: 217/10170Kb lim: 239306 exec/s: 1524 rss: 494Mb L: 23537/239306 MS: 3 ChangeByte-InsertByte-EraseBytes-
#19825	REDUCE cov: 1422 ft: 2658 corp: 217/10170Kb lim: 239306 exec/s: 1525 rss: 494Mb L: 149/239306 MS: 5 PersAutoDict-InsertRepeatedBytes-InsertByte-EraseBytes-EraseBytes- DE: "\001\000"-
#19895	REDUCE cov: 1422 ft: 2658 corp: 217/10165Kb lim: 239306 exec/s: 1530 rss: 494Mb L: 50631/239306 MS: 5 ChangeByte-ShuffleBytes-ChangeByte-ShuffleBytes-EraseBytes-
#19939	REDUCE cov: 1422 ft: 2658 corp: 217/10161Kb lim: 239306 exec/s: 1533 rss: 495Mb L: 66567/239306 MS: 4 ChangeByte-ChangeBinInt-ChangeBit-EraseBytes-
#20014	REDUCE cov: 1422 ft: 2658 corp: 217/10160Kb lim: 239306 exec/s: 1539 rss: 495Mb L: 4675/239306 MS: 5 ShuffleBytes-InsertRepeatedBytes-ShuffleBytes-ChangeBinInt-EraseBytes-
#20095	REDUCE cov: 1422 ft: 2658 corp: 217/10148Kb lim: 239306 exec/s: 1545 rss: 495Mb L: 42785/239306 MS: 1 EraseBytes-
#20113	REDUCE cov: 1422 ft: 2658 corp: 217/10147Kb lim: 239306 exec/s: 1547 rss: 495Mb L: 53415/239306 MS: 3 ChangeASCIIInt-ChangeBit-EraseBytes-
#20122	REDUCE cov: 1424 ft: 2660 corp: 218/10147Kb lim: 239306 exec/s: 1547 rss: 496Mb L: 160/239306 MS: 4 InsertByte-ChangeBit-CrossOver-EraseBytes-
#20158	REDUCE cov: 1424 ft: 2660 corp: 218/10147Kb lim: 239306 exec/s: 1550 rss: 498Mb L: 17868/239306 MS: 1 EraseBytes-
#20163	REDUCE cov: 1424 ft: 2660 corp: 218/10146Kb lim: 239306 exec/s: 1551 rss: 498Mb L: 18006/239306 MS: 5 ShuffleBytes-ChangeASCIIInt-InsertRepeatedBytes-PersAutoDict-CrossOver- DE: "L\000\000\000\000\000\000\000"-
#20179	REDUCE cov: 1424 ft: 2660 corp: 218/10146Kb lim: 239306 exec/s: 1552 rss: 498Mb L: 5523/239306 MS: 1 EraseBytes-
#20205	NEW    cov: 1424 ft: 2666 corp: 219/10200Kb lim: 239306 exec/s: 1554 rss: 498Mb L: 55124/239306 MS: 1 PersAutoDict- DE: "\320\012\000\000\000\000\000\000"-
#20232	REDUCE cov: 1424 ft: 2666 corp: 219/10200Kb lim: 239306 exec/s: 1556 rss: 498Mb L: 6548/239306 MS: 2 ChangeByte-EraseBytes-
#20305	REDUCE cov: 1424 ft: 2666 corp: 219/10200Kb lim: 239306 exec/s: 1561 rss: 500Mb L: 3579/239306 MS: 3 ChangeByte-PersAutoDict-EraseBytes- DE: "\000\000\000\000\000\000\000\001"-
#20342	REDUCE cov: 1424 ft: 2666 corp: 219/10117Kb lim: 239306 exec/s: 1564 rss: 500Mb L: 102315/239306 MS: 2 CMP-EraseBytes- DE: "\000\000\000\000\000\000\000\001"-
#20448	REDUCE cov: 1424 ft: 2666 corp: 219/10106Kb lim: 239306 exec/s: 1572 rss: 500Mb L: 14916/239306 MS: 1 EraseBytes-
#20455	REDUCE cov: 1424 ft: 2666 corp: 219/10106Kb lim: 239306 exec/s: 1573 rss: 500Mb L: 2269/239306 MS: 2 ChangeBinInt-EraseBytes-
#20477	REDUCE cov: 1424 ft: 2666 corp: 219/10100Kb lim: 239306 exec/s: 1575 rss: 500Mb L: 10593/239306 MS: 2 ChangeASCIIInt-EraseBytes-
#20502	REDUCE cov: 1424 ft: 2666 corp: 219/10097Kb lim: 239306 exec/s: 1577 rss: 500Mb L: 9980/239306 MS: 5 ChangeByte-ChangeBit-ChangeBinInt-PersAutoDict-EraseBytes- DE: "\000\000\000\000"-
#20514	REDUCE cov: 1424 ft: 2666 corp: 219/10088Kb lim: 239306 exec/s: 1578 rss: 500Mb L: 17583/239306 MS: 2 ChangeBinInt-EraseBytes-
#20601	REDUCE cov: 1424 ft: 2666 corp: 219/10084Kb lim: 239306 exec/s: 1584 rss: 500Mb L: 25027/239306 MS: 2 CopyPart-EraseBytes-
#20662	REDUCE cov: 1424 ft: 2666 corp: 219/10079Kb lim: 239306 exec/s: 1589 rss: 500Mb L: 7854/239306 MS: 1 EraseBytes-
#20703	REDUCE cov: 1424 ft: 2666 corp: 219/10072Kb lim: 239306 exec/s: 1592 rss: 500Mb L: 17990/239306 MS: 1 EraseBytes-
#20821	REDUCE cov: 1425 ft: 2667 corp: 220/10073Kb lim: 239306 exec/s: 1601 rss: 500Mb L: 256/239306 MS: 3 InsertByte-InsertByte-PersAutoDict- DE: "\001\000\000\000\000\000\000\000"-
#20827	REDUCE cov: 1425 ft: 2669 corp: 221/10074Kb lim: 239306 exec/s: 1602 rss: 500Mb L: 1512/239306 MS: 1 CopyPart-
#20838	REDUCE cov: 1425 ft: 2669 corp: 221/10057Kb lim: 239306 exec/s: 1602 rss: 500Mb L: 27621/239306 MS: 1 EraseBytes-
#20843	REDUCE cov: 1425 ft: 2669 corp: 221/10056Kb lim: 239306 exec/s: 1603 rss: 500Mb L: 1494/239306 MS: 5 InsertByte-CopyPart-PersAutoDict-InsertRepeatedBytes-EraseBytes- DE: "\001\000\000\000\000\000\000/"-
#20858	REDUCE cov: 1425 ft: 2669 corp: 221/10048Kb lim: 239306 exec/s: 1604 rss: 500Mb L: 58928/239306 MS: 5 CopyPart-InsertRepeatedBytes-ChangeBit-PersAutoDict-EraseBytes- DE: "\000\000\000\000\000\000\000\000"-
#20880	REDUCE cov: 1425 ft: 2669 corp: 221/10037Kb lim: 239306 exec/s: 1606 rss: 500Mb L: 67607/239306 MS: 2 PersAutoDict-EraseBytes- DE: "\000\001"-
#20887	REDUCE cov: 1425 ft: 2669 corp: 221/10037Kb lim: 239306 exec/s: 1606 rss: 500Mb L: 146/239306 MS: 2 ShuffleBytes-EraseBytes-
#20983	REDUCE cov: 1425 ft: 2669 corp: 221/10019Kb lim: 239306 exec/s: 1498 rss: 500Mb L: 59196/239306 MS: 1 EraseBytes-
#21036	REDUCE cov: 1425 ft: 2670 corp: 222/10081Kb lim: 239306 exec/s: 1502 rss: 500Mb L: 64153/239306 MS: 3 CrossOver-CrossOver-ChangeBit-
#21062	REDUCE cov: 1425 ft: 2670 corp: 222/10079Kb lim: 239306 exec/s: 1504 rss: 500Mb L: 3431/239306 MS: 1 EraseBytes-
#21183	NEW    cov: 1425 ft: 2671 corp: 223/10079Kb lim: 239306 exec/s: 1513 rss: 500Mb L: 277/239306 MS: 1 InsertRepeatedBytes-
#21184	REDUCE cov: 1425 ft: 2671 corp: 223/10076Kb lim: 239306 exec/s: 1513 rss: 500Mb L: 3450/239306 MS: 1 EraseBytes-
#21190	REDUCE cov: 1426 ft: 2672 corp: 224/10272Kb lim: 239306 exec/s: 1513 rss: 500Mb L: 200808/239306 MS: 1 CrossOver-
#21222	REDUCE cov: 1426 ft: 2672 corp: 224/10265Kb lim: 239306 exec/s: 1515 rss: 500Mb L: 16213/239306 MS: 2 ChangeBit-EraseBytes-
#21335	REDUCE cov: 1426 ft: 2672 corp: 224/10258Kb lim: 239306 exec/s: 1523 rss: 500Mb L: 18064/239306 MS: 3 PersAutoDict-ChangeBinInt-EraseBytes- DE: "\301\\\002\211\354-\012\221g\354\216e\241\215\353\276^U2\373\356\242\223\370\013\311B\356\220\206\301q"-
#21338	REDUCE cov: 1426 ft: 2672 corp: 224/10232Kb lim: 239306 exec/s: 1524 rss: 500Mb L: 110573/239306 MS: 3 CMP-ChangeBit-EraseBytes- DE: "\001\000"-
#21349	REDUCE cov: 1426 ft: 2679 corp: 225/10232Kb lim: 239306 exec/s: 1524 rss: 500Mb L: 254/239306 MS: 1 CopyPart-
#21421	REDUCE cov: 1426 ft: 2679 corp: 225/10231Kb lim: 239306 exec/s: 1530 rss: 500Mb L: 4295/239306 MS: 2 ChangeBit-EraseBytes-
#21445	REDUCE cov: 1426 ft: 2679 corp: 225/10230Kb lim: 239306 exec/s: 1531 rss: 500Mb L: 16906/239306 MS: 4 ChangeBinInt-ChangeASCIIInt-InsertByte-EraseBytes-
#21466	REDUCE cov: 1426 ft: 2679 corp: 225/10212Kb lim: 239306 exec/s: 1533 rss: 500Mb L: 43215/239306 MS: 1 EraseBytes-
#21470	REDUCE cov: 1426 ft: 2679 corp: 225/10203Kb lim: 239306 exec/s: 1533 rss: 500Mb L: 12083/239306 MS: 4 CrossOver-InsertRepeatedBytes-ChangeBit-EraseBytes-
#21487	REDUCE cov: 1426 ft: 2679 corp: 225/10203Kb lim: 239306 exec/s: 1534 rss: 500Mb L: 249/239306 MS: 2 InsertByte-EraseBytes-
#21496	REDUCE cov: 1426 ft: 2679 corp: 225/10203Kb lim: 239306 exec/s: 1535 rss: 500Mb L: 1382/239306 MS: 4 PersAutoDict-ChangeByte-InsertRepeatedBytes-EraseBytes- DE: "\377\377\377\377\377\377\003\000"-
#21538	REDUCE cov: 1426 ft: 2679 corp: 225/10202Kb lim: 239306 exec/s: 1538 rss: 500Mb L: 1289/239306 MS: 2 CopyPart-EraseBytes-
#21642	REDUCE cov: 1426 ft: 2679 corp: 225/10201Kb lim: 239306 exec/s: 1545 rss: 500Mb L: 16710/239306 MS: 4 CMP-InsertRepeatedBytes-ChangeASCIIInt-EraseBytes- DE: "\377\377\377\377"-
#21673	REDUCE cov: 1426 ft: 2679 corp: 225/10200Kb lim: 239306 exec/s: 1548 rss: 500Mb L: 17581/239306 MS: 1 EraseBytes-
#21720	REDUCE cov: 1426 ft: 2679 corp: 225/10200Kb lim: 239306 exec/s: 1551 rss: 500Mb L: 820/239306 MS: 2 ChangeASCIIInt-EraseBytes-
#21775	REDUCE cov: 1426 ft: 2679 corp: 225/10188Kb lim: 239306 exec/s: 1555 rss: 500Mb L: 17960/239306 MS: 5 CMP-CMP-PersAutoDict-InsertRepeatedBytes-EraseBytes- DE: "^q\002\316\016\271\315\313"-"\004\000\000\000\000\000\000\000"-"\000\000\000\000\000\000\000\000"-
#21831	REDUCE cov: 1426 ft: 2679 corp: 225/10188Kb lim: 239306 exec/s: 1559 rss: 500Mb L: 75/239306 MS: 1 EraseBytes-
#21859	REDUCE cov: 1426 ft: 2679 corp: 225/10185Kb lim: 239306 exec/s: 1561 rss: 500Mb L: 10205/239306 MS: 3 InsertByte-ShuffleBytes-EraseBytes-
#21868	REDUCE cov: 1426 ft: 2679 corp: 225/10174Kb lim: 239306 exec/s: 1562 rss: 500Mb L: 53456/239306 MS: 4 ChangeByte-InsertRepeatedBytes-ChangeByte-EraseBytes-
#21889	REDUCE cov: 1426 ft: 2679 corp: 225/10174Kb lim: 239306 exec/s: 1563 rss: 500Mb L: 190/239306 MS: 1 EraseBytes-
#21940	REDUCE cov: 1426 ft: 2679 corp: 225/10171Kb lim: 239306 exec/s: 1567 rss: 500Mb L: 15529/239306 MS: 1 EraseBytes-
#22037	REDUCE cov: 1426 ft: 2679 corp: 225/10159Kb lim: 239306 exec/s: 1574 rss: 500Mb L: 92168/239306 MS: 2 InsertRepeatedBytes-EraseBytes-
#22073	REDUCE cov: 1426 ft: 2679 corp: 225/10140Kb lim: 239306 exec/s: 1576 rss: 500Mb L: 34956/239306 MS: 1 EraseBytes-
#22121	REDUCE cov: 1426 ft: 2679 corp: 225/10139Kb lim: 239306 exec/s: 1580 rss: 500Mb L: 14939/239306 MS: 3 ChangeASCIIInt-ChangeBinInt-EraseBytes-
#22124	REDUCE cov: 1426 ft: 2679 corp: 225/10139Kb lim: 239306 exec/s: 1580 rss: 500Mb L: 2172/239306 MS: 3 ChangeBinInt-ChangeBit-EraseBytes-
#22130	REDUCE cov: 1426 ft: 2679 corp: 225/10131Kb lim: 239306 exec/s: 1580 rss: 500Mb L: 11578/239306 MS: 1 EraseBytes-
#22144	REDUCE cov: 1426 ft: 2679 corp: 225/10122Kb lim: 239306 exec/s: 1581 rss: 500Mb L: 30375/239306 MS: 4 PersAutoDict-ChangeByte-CrossOver-EraseBytes- DE: "\377\377\377\377\377\377\015s"-
#22206	REDUCE cov: 1426 ft: 2679 corp: 225/10121Kb lim: 239306 exec/s: 1586 rss: 500Mb L: 923/239306 MS: 2 ShuffleBytes-EraseBytes-
#22307	REDUCE cov: 1426 ft: 2679 corp: 225/10105Kb lim: 239306 exec/s: 1593 rss: 500Mb L: 18519/239306 MS: 1 EraseBytes-
#22358	REDUCE cov: 1426 ft: 2679 corp: 225/10105Kb lim: 239306 exec/s: 1597 rss: 500Mb L: 3303/239306 MS: 1 EraseBytes-
#22397	REDUCE cov: 1426 ft: 2679 corp: 225/10100Kb lim: 239306 exec/s: 1599 rss: 500Mb L: 9709/239306 MS: 4 CMP-ChangeBit-InsertRepeatedBytes-EraseBytes- DE: "\001\000\000\000\000\000\000\000"-
#22432	REDUCE cov: 1426 ft: 2679 corp: 225/10099Kb lim: 239306 exec/s: 1602 rss: 500Mb L: 3164/239306 MS: 5 InsertRepeatedBytes-ChangeASCIIInt-PersAutoDict-CMP-EraseBytes- DE: "\377\377\377\377"-"\257\000\000\000\000\000\000\000"-
#22450	REDUCE cov: 1426 ft: 2679 corp: 225/10098Kb lim: 239306 exec/s: 1603 rss: 500Mb L: 1331/239306 MS: 3 ChangeBit-PersAutoDict-EraseBytes- DE: "\377\377\377\377"-
#22498	REDUCE cov: 1426 ft: 2679 corp: 225/10087Kb lim: 239306 exec/s: 1607 rss: 500Mb L: 75059/239306 MS: 3 ChangeByte-CopyPart-CrossOver-
#22499	NEW    cov: 1426 ft: 2680 corp: 226/10087Kb lim: 239306 exec/s: 1607 rss: 500Mb L: 199/239306 MS: 1 EraseBytes-
#22533	REDUCE cov: 1426 ft: 2680 corp: 226/10086Kb lim: 239306 exec/s: 1609 rss: 500Mb L: 9895/239306 MS: 4 PersAutoDict-PersAutoDict-InsertRepeatedBytes-EraseBytes- DE: "\253\252\252\252\252\252\252\012"-"\377\377\377\377\377\377\377\000"-
#22554	REDUCE cov: 1426 ft: 2680 corp: 226/10073Kb lim: 239306 exec/s: 1611 rss: 500Mb L: 14692/239306 MS: 1 EraseBytes-
#22574	REDUCE cov: 1426 ft: 2680 corp: 226/10072Kb lim: 239306 exec/s: 1612 rss: 500Mb L: 6035/239306 MS: 5 ChangeBinInt-ChangeBit-InsertByte-ChangeByte-EraseBytes-
#22610	REDUCE cov: 1426 ft: 2680 corp: 226/10072Kb lim: 239306 exec/s: 1615 rss: 500Mb L: 9335/239306 MS: 1 EraseBytes-
#22612	REDUCE cov: 1426 ft: 2680 corp: 226/10072Kb lim: 239306 exec/s: 1615 rss: 500Mb L: 254/239306 MS: 2 ShuffleBytes-EraseBytes-
#22631	NEW    cov: 1427 ft: 2681 corp: 227/10072Kb lim: 239306 exec/s: 1616 rss: 500Mb L: 167/239306 MS: 4 EraseBytes-InsertByte-EraseBytes-CMP- DE: "\007\000\000\000\000\000\000\000"-
#22671	REDUCE cov: 1427 ft: 2681 corp: 227/10066Kb lim: 239306 exec/s: 1619 rss: 500Mb L: 9071/239306 MS: 5 PersAutoDict-ShuffleBytes-InsertRepeatedBytes-InsertRepeatedBytes-EraseBytes- DE: "\253\252\252\252\252\252\252\012"-
#22691	NEW    cov: 1430 ft: 2684 corp: 228/10066Kb lim: 239306 exec/s: 1620 rss: 500Mb L: 170/239306 MS: 5 ShuffleBytes-ChangeBit-ChangeByte-InsertByte-ChangeByte-
#22717	REDUCE cov: 1430 ft: 2684 corp: 228/10022Kb lim: 239306 exec/s: 1622 rss: 500Mb L: 190484/239306 MS: 1 EraseBytes-
#22753	REDUCE cov: 1430 ft: 2684 corp: 228/10021Kb lim: 239306 exec/s: 1625 rss: 500Mb L: 3430/239306 MS: 1 EraseBytes-
#22802	REDUCE cov: 1430 ft: 2684 corp: 228/10020Kb lim: 239306 exec/s: 1628 rss: 500Mb L: 6038/239306 MS: 4 ChangeBit-PersAutoDict-InsertByte-EraseBytes- DE: "+0\000\000\000\000\000\000"-
#22803	REDUCE cov: 1430 ft: 2684 corp: 228/9966Kb lim: 239306 exec/s: 1628 rss: 500Mb L: 85012/239306 MS: 1 EraseBytes-
#22816	REDUCE cov: 1430 ft: 2684 corp: 228/9965Kb lim: 239306 exec/s: 1629 rss: 500Mb L: 2282/239306 MS: 3 ChangeASCIIInt-ChangeASCIIInt-EraseBytes-
#22836	REDUCE cov: 1430 ft: 2684 corp: 228/9949Kb lim: 239306 exec/s: 1631 rss: 500Mb L: 75666/239306 MS: 5 ShuffleBytes-ChangeASCIIInt-ChangeBinInt-EraseBytes-ChangeBit-
#22862	REDUCE cov: 1430 ft: 2684 corp: 228/9945Kb lim: 239306 exec/s: 1633 rss: 500Mb L: 12346/239306 MS: 1 EraseBytes-
#22867	REDUCE cov: 1430 ft: 2684 corp: 228/9922Kb lim: 239306 exec/s: 1633 rss: 500Mb L: 44576/239306 MS: 5 CMP-ChangeBit-ChangeBit-CopyPart-EraseBytes- DE: "\020\000\000\000\000\000\000\000"-
#22873	REDUCE cov: 1430 ft: 2684 corp: 228/9922Kb lim: 239306 exec/s: 1633 rss: 500Mb L: 1484/239306 MS: 1 EraseBytes-
#23053	REDUCE cov: 1430 ft: 2684 corp: 228/9922Kb lim: 239306 exec/s: 1536 rss: 500Mb L: 9227/239306 MS: 5 ChangeByte-ChangeBinInt-ChangeByte-ChangeBit-EraseBytes-
#23089	REDUCE cov: 1430 ft: 2684 corp: 228/9922Kb lim: 239306 exec/s: 1539 rss: 500Mb L: 155/239306 MS: 1 EraseBytes-
#23125	REDUCE cov: 1430 ft: 2684 corp: 228/9915Kb lim: 239306 exec/s: 1541 rss: 500Mb L: 16325/239306 MS: 1 EraseBytes-
#23146	REDUCE cov: 1430 ft: 2684 corp: 228/9856Kb lim: 239306 exec/s: 1543 rss: 500Mb L: 64424/239306 MS: 1 EraseBytes-
#23170	REDUCE cov: 1430 ft: 2684 corp: 228/9851Kb lim: 239306 exec/s: 1544 rss: 500Mb L: 12539/239306 MS: 4 ShuffleBytes-ChangeByte-PersAutoDict-EraseBytes- DE: "^q\002\316\016\271\315\313"-
#23202	REDUCE cov: 1430 ft: 2684 corp: 228/9851Kb lim: 239306 exec/s: 1546 rss: 500Mb L: 20526/239306 MS: 2 ChangeASCIIInt-EraseBytes-
#23233	REDUCE cov: 1430 ft: 2689 corp: 229/9852Kb lim: 239306 exec/s: 1548 rss: 500Mb L: 1280/239306 MS: 1 InsertRepeatedBytes-
#23245	REDUCE cov: 1430 ft: 2689 corp: 229/9851Kb lim: 239306 exec/s: 1549 rss: 500Mb L: 14745/239306 MS: 2 ChangeASCIIInt-EraseBytes-
#23253	REDUCE cov: 1430 ft: 2689 corp: 229/9851Kb lim: 239306 exec/s: 1550 rss: 500Mb L: 145/239306 MS: 3 ShuffleBytes-ChangeBinInt-EraseBytes-
#23270	REDUCE cov: 1430 ft: 2689 corp: 229/9849Kb lim: 239306 exec/s: 1551 rss: 500Mb L: 51796/239306 MS: 2 ChangeASCIIInt-CrossOver-
#23329	REDUCE cov: 1430 ft: 2689 corp: 229/9849Kb lim: 239306 exec/s: 1555 rss: 500Mb L: 112/239306 MS: 4 ChangeBit-CopyPart-ShuffleBytes-EraseBytes-
#23388	REDUCE cov: 1430 ft: 2689 corp: 229/9848Kb lim: 239306 exec/s: 1559 rss: 500Mb L: 2692/239306 MS: 4 ChangeASCIIInt-ChangeByte-ChangeASCIIInt-EraseBytes-
#23454	NEW    cov: 1430 ft: 2690 corp: 230/9932Kb lim: 239306 exec/s: 1563 rss: 500Mb L: 85564/239306 MS: 1 InsertByte-
#23518	REDUCE cov: 1430 ft: 2690 corp: 230/9929Kb lim: 239306 exec/s: 1567 rss: 500Mb L: 21865/239306 MS: 4 ChangeBit-ChangeASCIIInt-ShuffleBytes-EraseBytes-
#23520	REDUCE cov: 1430 ft: 2690 corp: 230/9928Kb lim: 239306 exec/s: 1568 rss: 500Mb L: 1156/239306 MS: 2 ChangeBinInt-EraseBytes-
#23557	REDUCE cov: 1430 ft: 2690 corp: 230/9926Kb lim: 239306 exec/s: 1570 rss: 500Mb L: 7384/239306 MS: 2 ChangeBit-EraseBytes-
#23595	REDUCE cov: 1430 ft: 2690 corp: 230/9926Kb lim: 239306 exec/s: 1573 rss: 500Mb L: 1094/239306 MS: 3 ChangeASCIIInt-InsertByte-EraseBytes-
#23693	REDUCE cov: 1430 ft: 2690 corp: 230/9926Kb lim: 239306 exec/s: 1579 rss: 500Mb L: 46/239306 MS: 3 ChangeASCIIInt-ShuffleBytes-EraseBytes-
#23736	REDUCE cov: 1430 ft: 2690 corp: 230/9925Kb lim: 239306 exec/s: 1582 rss: 500Mb L: 117/239306 MS: 3 ChangeBinInt-CMP-EraseBytes- DE: "\377\377"-
#23742	REDUCE cov: 1430 ft: 2690 corp: 230/9924Kb lim: 239306 exec/s: 1582 rss: 500Mb L: 12422/239306 MS: 1 EraseBytes-
#23776	REDUCE cov: 1430 ft: 2690 corp: 230/9920Kb lim: 239306 exec/s: 1585 rss: 500Mb L: 7938/239306 MS: 4 ChangeBit-ChangeBit-CopyPart-EraseBytes-
#23780	REDUCE cov: 1431 ft: 2691 corp: 231/10000Kb lim: 239306 exec/s: 1585 rss: 500Mb L: 81468/239306 MS: 4 CrossOver-ChangeBinInt-InsertByte-ChangeByte-
#23831	REDUCE cov: 1431 ft: 2691 corp: 231/9999Kb lim: 239306 exec/s: 1588 rss: 500Mb L: 1004/239306 MS: 1 EraseBytes-
#23907	REDUCE cov: 1431 ft: 2691 corp: 231/9998Kb lim: 239306 exec/s: 1593 rss: 500Mb L: 7707/239306 MS: 1 EraseBytes-
#23938	REDUCE cov: 1431 ft: 2691 corp: 231/9987Kb lim: 239306 exec/s: 1595 rss: 500Mb L: 32021/239306 MS: 1 EraseBytes-
#23981	REDUCE cov: 1431 ft: 2691 corp: 231/9983Kb lim: 239306 exec/s: 1598 rss: 500Mb L: 7734/239306 MS: 3 CMP-InsertByte-EraseBytes- DE: "\377\377"-
#24111	REDUCE cov: 1431 ft: 2691 corp: 231/9982Kb lim: 239306 exec/s: 1607 rss: 500Mb L: 5313/239306 MS: 5 CrossOver-ShuffleBytes-InsertRepeatedBytes-ChangeASCIIInt-EraseBytes-
#24128	REDUCE cov: 1431 ft: 2691 corp: 231/9979Kb lim: 239306 exec/s: 1608 rss: 500Mb L: 14758/239306 MS: 2 ChangeBit-EraseBytes-
#24296	NEW    cov: 1434 ft: 2694 corp: 232/9979Kb lim: 239306 exec/s: 1619 rss: 500Mb L: 399/239306 MS: 3 InsertRepeatedBytes-InsertRepeatedBytes-PersAutoDict- DE: "\007\000\000\000\000\000\000\000"-
#24308	REDUCE cov: 1434 ft: 2694 corp: 232/9979Kb lim: 239306 exec/s: 1620 rss: 500Mb L: 3390/239306 MS: 2 ChangeBit-EraseBytes-
#24309	REDUCE cov: 1434 ft: 2694 corp: 232/9979Kb lim: 239306 exec/s: 1620 rss: 500Mb L: 250/239306 MS: 1 EraseBytes-
#24430	REDUCE cov: 1434 ft: 2694 corp: 232/9979Kb lim: 239306 exec/s: 1628 rss: 500Mb L: 1279/239306 MS: 1 EraseBytes-
#24446	REDUCE cov: 1435 ft: 2695 corp: 233/9979Kb lim: 239306 exec/s: 1629 rss: 500Mb L: 172/239306 MS: 1 CopyPart-
#24518	REDUCE cov: 1435 ft: 2695 corp: 233/9978Kb lim: 239306 exec/s: 1634 rss: 500Mb L: 9917/239306 MS: 2 ChangeByte-EraseBytes-
#24525	REDUCE cov: 1435 ft: 2695 corp: 233/9977Kb lim: 239306 exec/s: 1635 rss: 500Mb L: 1931/239306 MS: 2 ChangeBinInt-EraseBytes-
#24575	REDUCE cov: 1435 ft: 2695 corp: 233/9977Kb lim: 239306 exec/s: 1638 rss: 500Mb L: 5905/239306 MS: 5 CopyPart-InsertByte-InsertRepeatedBytes-CopyPart-EraseBytes-
#24591	REDUCE cov: 1435 ft: 2695 corp: 233/9975Kb lim: 239306 exec/s: 1639 rss: 500Mb L: 7464/239306 MS: 1 EraseBytes-
#24672	REDUCE cov: 1435 ft: 2695 corp: 233/9974Kb lim: 239306 exec/s: 1644 rss: 500Mb L: 3350/239306 MS: 1 EraseBytes-
#24699	REDUCE cov: 1435 ft: 2695 corp: 233/9971Kb lim: 239306 exec/s: 1646 rss: 500Mb L: 31971/239306 MS: 2 ChangeByte-EraseBytes-
#24880	REDUCE cov: 1435 ft: 2695 corp: 233/9971Kb lim: 239306 exec/s: 1658 rss: 500Mb L: 1420/239306 MS: 1 EraseBytes-
#24939	REDUCE cov: 1435 ft: 2695 corp: 233/9967Kb lim: 239306 exec/s: 1662 rss: 500Mb L: 11702/239306 MS: 4 CopyPart-ChangeByte-ChangeBit-EraseBytes-
#24960	REDUCE cov: 1435 ft: 2695 corp: 233/9967Kb lim: 239306 exec/s: 1664 rss: 500Mb L: 772/239306 MS: 1 EraseBytes-
#25187	REDUCE cov: 1435 ft: 2695 corp: 233/9966Kb lim: 239306 exec/s: 1679 rss: 500Mb L: 242/239306 MS: 2 ChangeBinInt-EraseBytes-
#25227	REDUCE cov: 1435 ft: 2695 corp: 233/9960Kb lim: 239306 exec/s: 1681 rss: 500Mb L: 12348/239306 MS: 5 InsertByte-InsertByte-InsertRepeatedBytes-PersAutoDict-EraseBytes- DE: "\001\000\000\000\000\000\000/"-
#25265	REDUCE cov: 1435 ft: 2695 corp: 233/9953Kb lim: 239306 exec/s: 1684 rss: 500Mb L: 10364/239306 MS: 3 ChangeBit-ChangeBit-EraseBytes-
#25273	REDUCE cov: 1435 ft: 2695 corp: 233/9953Kb lim: 239306 exec/s: 1684 rss: 500Mb L: 115/239306 MS: 3 ShuffleBytes-ChangeBinInt-EraseBytes-
#25349	REDUCE cov: 1436 ft: 2696 corp: 234/10020Kb lim: 239306 exec/s: 1584 rss: 500Mb L: 69006/239306 MS: 1 EraseBytes-
#25380	REDUCE cov: 1436 ft: 2696 corp: 234/10009Kb lim: 239306 exec/s: 1586 rss: 500Mb L: 30485/239306 MS: 1 EraseBytes-
#25417	REDUCE cov: 1436 ft: 2696 corp: 234/10008Kb lim: 239306 exec/s: 1588 rss: 500Mb L: 748/239306 MS: 2 CopyPart-EraseBytes-
#25433	REDUCE cov: 1436 ft: 2696 corp: 234/10003Kb lim: 239306 exec/s: 1589 rss: 500Mb L: 9581/239306 MS: 1 EraseBytes-
#25580	REDUCE cov: 1436 ft: 2696 corp: 234/9996Kb lim: 239306 exec/s: 1598 rss: 500Mb L: 8641/239306 MS: 2 ChangeByte-EraseBytes-
#25584	REDUCE cov: 1436 ft: 2696 corp: 234/9995Kb lim: 239306 exec/s: 1599 rss: 500Mb L: 568/239306 MS: 4 ChangeBit-ChangeBinInt-InsertRepeatedBytes-EraseBytes-
#25661	REDUCE cov: 1436 ft: 2697 corp: 235/9996Kb lim: 239306 exec/s: 1603 rss: 500Mb L: 143/239306 MS: 2 InsertByte-CopyPart-
#25662	REDUCE cov: 1436 ft: 2697 corp: 235/9995Kb lim: 239306 exec/s: 1603 rss: 500Mb L: 3642/239306 MS: 1 EraseBytes-
#25794	REDUCE cov: 1436 ft: 2697 corp: 235/9994Kb lim: 239306 exec/s: 1612 rss: 500Mb L: 11730/239306 MS: 2 ShuffleBytes-EraseBytes-
#25820	NEW    cov: 1437 ft: 2698 corp: 236/9995Kb lim: 239306 exec/s: 1613 rss: 500Mb L: 502/239306 MS: 1 InsertRepeatedBytes-
#25833	REDUCE cov: 1437 ft: 2698 corp: 236/9994Kb lim: 239306 exec/s: 1614 rss: 500Mb L: 609/239306 MS: 3 ChangeByte-InsertRepeatedBytes-EraseBytes-
#25919	REDUCE cov: 1437 ft: 2698 corp: 236/9993Kb lim: 239306 exec/s: 1619 rss: 500Mb L: 4264/239306 MS: 1 EraseBytes-
#25956	REDUCE cov: 1437 ft: 2698 corp: 236/9987Kb lim: 239306 exec/s: 1622 rss: 500Mb L: 15132/239306 MS: 2 CopyPart-EraseBytes-
#25962	REDUCE cov: 1437 ft: 2698 corp: 236/9980Kb lim: 239306 exec/s: 1622 rss: 500Mb L: 7808/239306 MS: 1 EraseBytes-
#25973	REDUCE cov: 1437 ft: 2698 corp: 236/9979Kb lim: 239306 exec/s: 1623 rss: 500Mb L: 8031/239306 MS: 1 EraseBytes-
#26014	REDUCE cov: 1437 ft: 2698 corp: 236/9970Kb lim: 239306 exec/s: 1625 rss: 500Mb L: 51266/239306 MS: 1 CrossOver-
#26091	REDUCE cov: 1437 ft: 2698 corp: 236/9970Kb lim: 239306 exec/s: 1630 rss: 500Mb L: 7350/239306 MS: 2 InsertRepeatedBytes-EraseBytes-
#26121	REDUCE cov: 1437 ft: 2698 corp: 236/9934Kb lim: 239306 exec/s: 1632 rss: 500Mb L: 52538/239306 MS: 5 CopyPart-EraseBytes-EraseBytes-ChangeBinInt-InsertByte-
#26124	REDUCE cov: 1437 ft: 2698 corp: 236/9934Kb lim: 239306 exec/s: 1632 rss: 500Mb L: 61/239306 MS: 3 ShuffleBytes-CMP-EraseBytes- DE: "\365J\202\020\000\000\000\000"-
#26135	REDUCE cov: 1437 ft: 2698 corp: 236/9929Kb lim: 239306 exec/s: 1633 rss: 500Mb L: 47939/239306 MS: 1 EraseBytes-
#26223	REDUCE cov: 1437 ft: 2698 corp: 236/9929Kb lim: 239306 exec/s: 1638 rss: 500Mb L: 5564/239306 MS: 3 ShuffleBytes-ChangeByte-EraseBytes-
#26237	REDUCE cov: 1437 ft: 2698 corp: 236/9929Kb lim: 239306 exec/s: 1639 rss: 500Mb L: 43/239306 MS: 4 ChangeBit-CopyPart-CopyPart-EraseBytes-
#26263	REDUCE cov: 1437 ft: 2698 corp: 236/9913Kb lim: 239306 exec/s: 1641 rss: 500Mb L: 193603/239306 MS: 1 EraseBytes-
#26312	REDUCE cov: 1441 ft: 2702 corp: 237/9913Kb lim: 239306 exec/s: 1644 rss: 500Mb L: 353/239306 MS: 4 CopyPart-CopyPart-ChangeBinInt-CMP- DE: "\001\000\000\000"-
#26344	REDUCE cov: 1441 ft: 2702 corp: 237/9913Kb lim: 239306 exec/s: 1646 rss: 500Mb L: 6606/239306 MS: 2 InsertByte-EraseBytes-
#26375	REDUCE cov: 1441 ft: 2702 corp: 237/9913Kb lim: 239306 exec/s: 1648 rss: 500Mb L: 1072/239306 MS: 1 EraseBytes-
#26396	REDUCE cov: 1441 ft: 2702 corp: 237/9913Kb lim: 239306 exec/s: 1649 rss: 500Mb L: 998/239306 MS: 1 EraseBytes-
#26430	REDUCE cov: 1441 ft: 2702 corp: 237/9912Kb lim: 239306 exec/s: 1651 rss: 500Mb L: 4082/239306 MS: 4 InsertByte-PersAutoDict-ChangeBinInt-EraseBytes- DE: "\257\000\000\000\000\000\000\000"-
#26487	REDUCE cov: 1441 ft: 2702 corp: 237/9902Kb lim: 239306 exec/s: 1655 rss: 500Mb L: 51781/239306 MS: 2 InsertByte-EraseBytes-
#26571	REDUCE cov: 1441 ft: 2702 corp: 237/9899Kb lim: 239306 exec/s: 1660 rss: 500Mb L: 8402/239306 MS: 4 ChangeBit-ShuffleBytes-InsertByte-EraseBytes-
#26613	REDUCE cov: 1441 ft: 2702 corp: 237/9899Kb lim: 239306 exec/s: 1663 rss: 500Mb L: 1053/239306 MS: 2 InsertByte-EraseBytes-
#26652	REDUCE cov: 1441 ft: 2702 corp: 237/9899Kb lim: 239306 exec/s: 1665 rss: 500Mb L: 255/239306 MS: 4 InsertByte-CopyPart-CrossOver-EraseBytes-
#26672	REDUCE cov: 1441 ft: 2702 corp: 237/9897Kb lim: 239306 exec/s: 1667 rss: 500Mb L: 2164/239306 MS: 5 EraseBytes-PersAutoDict-ChangeBit-ChangeASCIIInt-ChangeByte- DE: "\000\000\000\000\377\377\377\377"-
#26688	REDUCE cov: 1441 ft: 2702 corp: 237/9889Kb lim: 239306 exec/s: 1668 rss: 500Mb L: 92857/239306 MS: 1 EraseBytes-
#26769	REDUCE cov: 1441 ft: 2702 corp: 237/9889Kb lim: 239306 exec/s: 1673 rss: 500Mb L: 222/239306 MS: 1 EraseBytes-
#26817	REDUCE cov: 1441 ft: 2702 corp: 237/9889Kb lim: 239306 exec/s: 1676 rss: 500Mb L: 142/239306 MS: 3 EraseBytes-ChangeBinInt-ChangeBinInt-
#26955	REDUCE cov: 1441 ft: 2702 corp: 237/9886Kb lim: 239306 exec/s: 1684 rss: 500Mb L: 3197/239306 MS: 3 InsertByte-PersAutoDict-EraseBytes- DE: "\004UUUUUUU"-
#26958	REDUCE cov: 1441 ft: 2702 corp: 237/9886Kb lim: 239306 exec/s: 1684 rss: 500Mb L: 420/239306 MS: 3 ShuffleBytes-ShuffleBytes-EraseBytes-
#27107	REDUCE cov: 1443 ft: 2704 corp: 238/9886Kb lim: 239306 exec/s: 1694 rss: 500Mb L: 61/239306 MS: 4 InsertByte-ShuffleBytes-EraseBytes-EraseBytes-
#27234	REDUCE cov: 1444 ft: 2705 corp: 239/9886Kb lim: 239306 exec/s: 1702 rss: 500Mb L: 242/239306 MS: 2 ChangeBinInt-CMP- DE: "\001\000\000\000"-
#27235	REDUCE cov: 1444 ft: 2705 corp: 239/9885Kb lim: 239306 exec/s: 1702 rss: 500Mb L: 2213/239306 MS: 1 EraseBytes-
#27342	REDUCE cov: 1444 ft: 2705 corp: 239/9883Kb lim: 239306 exec/s: 1708 rss: 500Mb L: 14229/239306 MS: 2 ChangeBit-EraseBytes-
#27410	REDUCE cov: 1444 ft: 2705 corp: 239/9882Kb lim: 239306 exec/s: 1713 rss: 500Mb L: 7355/239306 MS: 3 ShuffleBytes-ChangeByte-EraseBytes-
#27532	REDUCE cov: 1444 ft: 2705 corp: 239/9880Kb lim: 239306 exec/s: 1720 rss: 500Mb L: 2220/239306 MS: 2 ChangeByte-EraseBytes-
#27573	REDUCE cov: 1444 ft: 2705 corp: 239/9880Kb lim: 239306 exec/s: 1723 rss: 500Mb L: 30770/239306 MS: 1 EraseBytes-
#27619	REDUCE cov: 1444 ft: 2705 corp: 239/9880Kb lim: 239306 exec/s: 1726 rss: 500Mb L: 1648/239306 MS: 1 EraseBytes-
#27878	REDUCE cov: 1444 ft: 2705 corp: 239/9857Kb lim: 239306 exec/s: 1639 rss: 500Mb L: 36468/239306 MS: 4 CrossOver-ChangeBinInt-ChangeBit-EraseBytes-
#27892	REDUCE cov: 1444 ft: 2705 corp: 239/9857Kb lim: 239306 exec/s: 1640 rss: 500Mb L: 273/239306 MS: 4 ShuffleBytes-InsertRepeatedBytes-PersAutoDict-EraseBytes- DE: "^q\002\316\016\271\315\313"-
#27911	REDUCE cov: 1444 ft: 2705 corp: 239/9855Kb lim: 239306 exec/s: 1641 rss: 500Mb L: 5191/239306 MS: 4 ChangeBinInt-InsertRepeatedBytes-InsertByte-EraseBytes-
#27977	REDUCE cov: 1444 ft: 2705 corp: 239/9854Kb lim: 239306 exec/s: 1645 rss: 500Mb L: 6454/239306 MS: 1 CrossOver-
#28039	REDUCE cov: 1444 ft: 2705 corp: 239/9849Kb lim: 239306 exec/s: 1649 rss: 500Mb L: 6856/239306 MS: 2 ShuffleBytes-EraseBytes-
#28088	REDUCE cov: 1444 ft: 2705 corp: 239/9847Kb lim: 239306 exec/s: 1652 rss: 500Mb L: 4958/239306 MS: 4 InsertRepeatedBytes-ChangeBinInt-InsertRepeatedBytes-EraseBytes-
#28136	REDUCE cov: 1444 ft: 2705 corp: 239/9847Kb lim: 239306 exec/s: 1655 rss: 500Mb L: 4703/239306 MS: 3 ChangeByte-ShuffleBytes-EraseBytes-
#28148	REDUCE cov: 1444 ft: 2705 corp: 239/9842Kb lim: 239306 exec/s: 1655 rss: 500Mb L: 9742/239306 MS: 2 ShuffleBytes-EraseBytes-
#28169	REDUCE cov: 1444 ft: 2705 corp: 239/9842Kb lim: 239306 exec/s: 1657 rss: 500Mb L: 554/239306 MS: 1 EraseBytes-
#28208	REDUCE cov: 1444 ft: 2705 corp: 239/9841Kb lim: 239306 exec/s: 1659 rss: 500Mb L: 543/239306 MS: 4 InsertRepeatedBytes-InsertByte-ShuffleBytes-EraseBytes-
#28229	REDUCE cov: 1444 ft: 2705 corp: 239/9841Kb lim: 239306 exec/s: 1660 rss: 500Mb L: 7258/239306 MS: 1 EraseBytes-
#28246	REDUCE cov: 1444 ft: 2705 corp: 239/9814Kb lim: 239306 exec/s: 1661 rss: 500Mb L: 45435/239306 MS: 2 ChangeBit-EraseBytes-
#28254	REDUCE cov: 1444 ft: 2705 corp: 239/9814Kb lim: 239306 exec/s: 1662 rss: 500Mb L: 72/239306 MS: 3 ChangeASCIIInt-ChangeBinInt-EraseBytes-
#28301	REDUCE cov: 1444 ft: 2705 corp: 239/9810Kb lim: 239306 exec/s: 1664 rss: 500Mb L: 47227/239306 MS: 2 ShuffleBytes-EraseBytes-
#28392	REDUCE cov: 1444 ft: 2705 corp: 239/9810Kb lim: 239306 exec/s: 1670 rss: 500Mb L: 224/239306 MS: 1 EraseBytes-
#28403	REDUCE cov: 1444 ft: 2705 corp: 239/9810Kb lim: 239306 exec/s: 1670 rss: 500Mb L: 64093/239306 MS: 1 EraseBytes-
#28494	REDUCE cov: 1444 ft: 2705 corp: 239/9809Kb lim: 239306 exec/s: 1676 rss: 500Mb L: 22172/239306 MS: 1 EraseBytes-
#28538	REDUCE cov: 1444 ft: 2705 corp: 239/9809Kb lim: 239306 exec/s: 1678 rss: 500Mb L: 154/239306 MS: 4 InsertByte-ShuffleBytes-ChangeBit-EraseBytes-
#28540	REDUCE cov: 1444 ft: 2705 corp: 239/9809Kb lim: 239306 exec/s: 1678 rss: 500Mb L: 5545/239306 MS: 2 ChangeASCIIInt-EraseBytes-
#28550	REDUCE cov: 1444 ft: 2705 corp: 239/9800Kb lim: 239306 exec/s: 1679 rss: 500Mb L: 11799/239306 MS: 5 ChangeBit-CrossOver-CMP-InsertRepeatedBytes-EraseBytes- DE: "\377\377\377\377"-
#28746	REDUCE cov: 1444 ft: 2705 corp: 239/9782Kb lim: 239306 exec/s: 1690 rss: 500Mb L: 50208/239306 MS: 1 EraseBytes-
#28822	REDUCE cov: 1444 ft: 2705 corp: 239/9781Kb lim: 239306 exec/s: 1695 rss: 500Mb L: 2592/239306 MS: 1 EraseBytes-
#28889	REDUCE cov: 1444 ft: 2705 corp: 239/9769Kb lim: 239306 exec/s: 1699 rss: 500Mb L: 37813/239306 MS: 2 InsertRepeatedBytes-EraseBytes-
#28931	REDUCE cov: 1444 ft: 2705 corp: 239/9769Kb lim: 239306 exec/s: 1701 rss: 500Mb L: 29/239306 MS: 2 ChangeBinInt-EraseBytes-
#28958	REDUCE cov: 1444 ft: 2705 corp: 239/9767Kb lim: 239306 exec/s: 1703 rss: 500Mb L: 8583/239306 MS: 2 CMP-EraseBytes- DE: "\020\377\377\377\377\377\377\377"-
#28987	REDUCE cov: 1444 ft: 2705 corp: 239/9765Kb lim: 239306 exec/s: 1705 rss: 500Mb L: 3102/239306 MS: 4 CopyPart-ChangeBit-InsertByte-EraseBytes-
#29098	REDUCE cov: 1444 ft: 2705 corp: 239/9763Kb lim: 239306 exec/s: 1711 rss: 500Mb L: 2201/239306 MS: 1 EraseBytes-
#29130	REDUCE cov: 1444 ft: 2705 corp: 239/9744Kb lim: 239306 exec/s: 1713 rss: 500Mb L: 81250/239306 MS: 2 ChangeByte-EraseBytes-
#29218	REDUCE cov: 1445 ft: 2706 corp: 240/9744Kb lim: 239306 exec/s: 1718 rss: 500Mb L: 53/239306 MS: 3 ChangeBinInt-ChangeByte-EraseBytes-
#29232	REDUCE cov: 1445 ft: 2706 corp: 240/9743Kb lim: 239306 exec/s: 1719 rss: 500Mb L: 4748/239306 MS: 4 InsertByte-CMP-ChangeBinInt-EraseBytes- DE: "\377\377\377\377"-
#29248	REDUCE cov: 1445 ft: 2706 corp: 240/9742Kb lim: 239306 exec/s: 1720 rss: 500Mb L: 3128/239306 MS: 1 EraseBytes-
#29254	REDUCE cov: 1445 ft: 2706 corp: 240/9737Kb lim: 239306 exec/s: 1720 rss: 500Mb L: 105511/239306 MS: 1 EraseBytes-
#29262	REDUCE cov: 1445 ft: 2706 corp: 240/9737Kb lim: 239306 exec/s: 1721 rss: 500Mb L: 74947/239306 MS: 3 ChangeBit-PersAutoDict-EraseBytes- DE: "\377\377\377\377\377\377\003\000"-
#29363	REDUCE cov: 1447 ft: 2708 corp: 241/9742Kb lim: 239306 exec/s: 1727 rss: 500Mb L: 5564/239306 MS: 1 ChangeBit-
#29367	REDUCE cov: 1448 ft: 2727 corp: 242/9743Kb lim: 239306 exec/s: 1727 rss: 500Mb L: 773/239306 MS: 4 InsertByte-ShuffleBytes-CopyPart-PersAutoDict- DE: "\000\000\000\000\000\000\000\030"-
#29478	REDUCE cov: 1448 ft: 2727 corp: 242/9743Kb lim: 239306 exec/s: 1734 rss: 500Mb L: 5236/239306 MS: 1 EraseBytes-
#29492	REDUCE cov: 1448 ft: 2727 corp: 242/9723Kb lim: 239306 exec/s: 1734 rss: 500Mb L: 22567/239306 MS: 4 CrossOver-ShuffleBytes-EraseBytes-ShuffleBytes-
#29558	NEW    cov: 1449 ft: 2728 corp: 243/9723Kb lim: 239306 exec/s: 1738 rss: 500Mb L: 53/239306 MS: 1 PersAutoDict- DE: "\000\000\000\000\377\377\377\377"-
#29589	REDUCE cov: 1449 ft: 2728 corp: 243/9714Kb lim: 239306 exec/s: 1740 rss: 500Mb L: 18212/239306 MS: 1 EraseBytes-
#29662	REDUCE cov: 1449 ft: 2728 corp: 243/9714Kb lim: 239306 exec/s: 1744 rss: 500Mb L: 2645/239306 MS: 3 ChangeBit-ChangeASCIIInt-EraseBytes-
#29663	NEW    cov: 1449 ft: 2731 corp: 244/9715Kb lim: 239306 exec/s: 1744 rss: 500Mb L: 254/239306 MS: 1 ChangeByte-
#29811	REDUCE cov: 1449 ft: 2731 corp: 244/9714Kb lim: 239306 exec/s: 1753 rss: 500Mb L: 363/239306 MS: 3 PersAutoDict-CopyPart-EraseBytes- DE: "\007\000\000\000\000\000\000\000"-
#29815	REDUCE cov: 1449 ft: 2731 corp: 244/9713Kb lim: 239306 exec/s: 1753 rss: 500Mb L: 3123/239306 MS: 4 ChangeByte-ChangeBinInt-InsertByte-EraseBytes-
#29868	REDUCE cov: 1450 ft: 2732 corp: 245/9713Kb lim: 239306 exec/s: 1756 rss: 500Mb L: 89/239306 MS: 3 EraseBytes-CopyPart-CMP- DE: "\000\000\000\000\000\000\000\001"-
#29931	REDUCE cov: 1450 ft: 2732 corp: 245/9711Kb lim: 239306 exec/s: 1760 rss: 500Mb L: 6020/239306 MS: 3 CrossOver-ChangeByte-EraseBytes-
#29952	REDUCE cov: 1450 ft: 2732 corp: 245/9707Kb lim: 239306 exec/s: 1761 rss: 500Mb L: 4255/239306 MS: 1 EraseBytes-
#30057	REDUCE cov: 1450 ft: 2732 corp: 245/9705Kb lim: 239306 exec/s: 1768 rss: 500Mb L: 2933/239306 MS: 5 ChangeByte-ChangeBinInt-ChangeASCIIInt-InsertRepeatedBytes-EraseBytes-
#30108	REDUCE cov: 1450 ft: 2732 corp: 245/9705Kb lim: 239306 exec/s: 1672 rss: 500Mb L: 151/239306 MS: 1 EraseBytes-
#30148	REDUCE cov: 1450 ft: 2732 corp: 245/9704Kb lim: 239306 exec/s: 1674 rss: 500Mb L: 7294/239306 MS: 5 InsertRepeatedBytes-ChangeByte-InsertRepeatedBytes-ChangeBit-EraseBytes-
#30242	REDUCE cov: 1450 ft: 2732 corp: 245/9704Kb lim: 239306 exec/s: 1680 rss: 500Mb L: 773/239306 MS: 4 InsertRepeatedBytes-ShuffleBytes-ChangeBit-EraseBytes-
#30263	REDUCE cov: 1450 ft: 2732 corp: 245/9688Kb lim: 239306 exec/s: 1681 rss: 500Mb L: 158640/239306 MS: 1 EraseBytes-
#30270	REDUCE cov: 1450 ft: 2732 corp: 245/9688Kb lim: 239306 exec/s: 1681 rss: 500Mb L: 375/239306 MS: 2 ChangeBinInt-EraseBytes-
#30312	REDUCE cov: 1450 ft: 2732 corp: 245/9688Kb lim: 239306 exec/s: 1684 rss: 500Mb L: 1432/239306 MS: 2 ChangeByte-EraseBytes-
#30320	REDUCE cov: 1450 ft: 2732 corp: 245/9688Kb lim: 239306 exec/s: 1684 rss: 500Mb L: 765/239306 MS: 3 ChangeBinInt-CMP-EraseBytes- DE: "\000\000"-
#30326	REDUCE cov: 1450 ft: 2732 corp: 245/9687Kb lim: 239306 exec/s: 1684 rss: 500Mb L: 631/239306 MS: 1 EraseBytes-
#30429	REDUCE cov: 1450 ft: 2732 corp: 245/9685Kb lim: 239306 exec/s: 1690 rss: 500Mb L: 3809/239306 MS: 3 ChangeBit-InsertByte-EraseBytes-
#30450	REDUCE cov: 1450 ft: 2732 corp: 245/9659Kb lim: 239306 exec/s: 1691 rss: 500Mb L: 48532/239306 MS: 1 EraseBytes-
#30599	REDUCE cov: 1450 ft: 2732 corp: 245/9658Kb lim: 239306 exec/s: 1699 rss: 500Mb L: 36234/239306 MS: 4 ChangeByte-InsertRepeatedBytes-ChangeBit-EraseBytes-
#30694	REDUCE cov: 1450 ft: 2732 corp: 245/9656Kb lim: 239306 exec/s: 1705 rss: 500Mb L: 3850/239306 MS: 5 InsertByte-InsertByte-CMP-ChangeBit-EraseBytes- DE: "\000\000\000\000"-
#30705	REDUCE cov: 1450 ft: 2732 corp: 245/9656Kb lim: 239306 exec/s: 1705 rss: 500Mb L: 68/239306 MS: 1 EraseBytes-
#30766	REDUCE cov: 1450 ft: 2732 corp: 245/9656Kb lim: 239306 exec/s: 1709 rss: 500Mb L: 403/239306 MS: 1 EraseBytes-
#30779	NEW    cov: 1450 ft: 2735 corp: 246/9656Kb lim: 239306 exec/s: 1709 rss: 500Mb L: 262/239306 MS: 3 ChangeBit-ChangeBinInt-PersAutoDict- DE: "\000\000\000\000\000\000\000\004"-
#30889	REDUCE cov: 1450 ft: 2735 corp: 246/9652Kb lim: 239306 exec/s: 1716 rss: 500Mb L: 17028/239306 MS: 5 CopyPart-ChangeBinInt-ChangeBit-CopyPart-EraseBytes-
#30921	REDUCE cov: 1450 ft: 2735 corp: 246/9652Kb lim: 239306 exec/s: 1717 rss: 500Mb L: 1078/239306 MS: 2 InsertByte-EraseBytes-
#30930	REDUCE cov: 1450 ft: 2735 corp: 246/9650Kb lim: 239306 exec/s: 1718 rss: 500Mb L: 1918/239306 MS: 4 ChangeASCIIInt-ChangeByte-CMP-EraseBytes- DE: "\301\\\002\211\354-\012\221g\354\216e\241\215\353\276^U2\373\356\242\223\370\013\311B\356\220\206\301q"-
#31078	REDUCE cov: 1450 ft: 2735 corp: 246/9628Kb lim: 239306 exec/s: 1726 rss: 500Mb L: 30546/239306 MS: 3 ShuffleBytes-EraseBytes-CopyPart-
#31172	REDUCE cov: 1450 ft: 2735 corp: 246/9628Kb lim: 239306 exec/s: 1731 rss: 500Mb L: 475/239306 MS: 4 InsertByte-InsertRepeatedBytes-ChangeByte-EraseBytes-
#31230	REDUCE cov: 1450 ft: 2735 corp: 246/9628Kb lim: 239306 exec/s: 1735 rss: 500Mb L: 5631/239306 MS: 3 ChangeByte-ChangeByte-EraseBytes-
#31231	REDUCE cov: 1450 ft: 2735 corp: 246/9593Kb lim: 239306 exec/s: 1735 rss: 500Mb L: 22458/239306 MS: 1 CrossOver-
#31353	REDUCE cov: 1450 ft: 2738 corp: 247/9594Kb lim: 239306 exec/s: 1741 rss: 500Mb L: 903/239306 MS: 2 PersAutoDict-EraseBytes- DE: "\377\377\377\377\377\377\377\003"-
#31365	REDUCE cov: 1450 ft: 2738 corp: 247/9585Kb lim: 239306 exec/s: 1742 rss: 500Mb L: 22984/239306 MS: 2 PersAutoDict-EraseBytes- DE: "\377\377\377\377\377\377\015s"-
#31410	REDUCE cov: 1451 ft: 2739 corp: 248/9592Kb lim: 239306 exec/s: 1745 rss: 500Mb L: 7135/239306 MS: 5 ShuffleBytes-ShuffleBytes-ChangeBinInt-ChangeByte-ChangeByte-
#31421	REDUCE cov: 1451 ft: 2739 corp: 248/9590Kb lim: 239306 exec/s: 1745 rss: 500Mb L: 14907/239306 MS: 1 EraseBytes-
#31462	REDUCE cov: 1451 ft: 2739 corp: 248/9590Kb lim: 239306 exec/s: 1747 rss: 500Mb L: 3045/239306 MS: 1 EraseBytes-
#31468	REDUCE cov: 1451 ft: 2739 corp: 248/9590Kb lim: 239306 exec/s: 1748 rss: 500Mb L: 129/239306 MS: 1 EraseBytes-
#31544	REDUCE cov: 1451 ft: 2739 corp: 248/9582Kb lim: 239306 exec/s: 1752 rss: 500Mb L: 28004/239306 MS: 1 EraseBytes-
#31545	REDUCE cov: 1451 ft: 2739 corp: 248/9582Kb lim: 239306 exec/s: 1752 rss: 500Mb L: 589/239306 MS: 1 EraseBytes-
#31607	REDUCE cov: 1451 ft: 2739 corp: 248/9578Kb lim: 239306 exec/s: 1755 rss: 500Mb L: 23253/239306 MS: 2 ChangeByte-EraseBytes-
#31622	REDUCE cov: 1451 ft: 2739 corp: 248/9578Kb lim: 239306 exec/s: 1756 rss: 500Mb L: 126/239306 MS: 5 EraseBytes-PersAutoDict-ChangeBit-EraseBytes-InsertRepeatedBytes- DE: "\000\000"-
#31651	REDUCE cov: 1451 ft: 2739 corp: 248/9574Kb lim: 239306 exec/s: 1758 rss: 500Mb L: 8909/239306 MS: 4 InsertRepeatedBytes-ChangeBit-ShuffleBytes-EraseBytes-
#31659	REDUCE cov: 1451 ft: 2739 corp: 248/9574Kb lim: 239306 exec/s: 1758 rss: 500Mb L: 61/239306 MS: 3 PersAutoDict-ChangeBit-EraseBytes- DE: "2\005Ac\001(\025m"-
#31670	REDUCE cov: 1451 ft: 2739 corp: 248/9571Kb lim: 239306 exec/s: 1759 rss: 500Mb L: 15094/239306 MS: 1 EraseBytes-
#31694	REDUCE cov: 1451 ft: 2739 corp: 248/9568Kb lim: 239306 exec/s: 1760 rss: 500Mb L: 19068/239306 MS: 4 InsertRepeatedBytes-ChangeBinInt-ChangeByte-EraseBytes-
#31698	REDUCE cov: 1451 ft: 2739 corp: 248/9554Kb lim: 239306 exec/s: 1761 rss: 500Mb L: 54109/239306 MS: 4 ChangeBinInt-ChangeBinInt-ChangeBit-EraseBytes-
#31765	REDUCE cov: 1451 ft: 2739 corp: 248/9554Kb lim: 239306 exec/s: 1764 rss: 500Mb L: 696/239306 MS: 2 ChangeByte-EraseBytes-
#31786	REDUCE cov: 1451 ft: 2739 corp: 248/9553Kb lim: 239306 exec/s: 1765 rss: 500Mb L: 9176/239306 MS: 1 EraseBytes-
#31882	REDUCE cov: 1452 ft: 2740 corp: 249/9553Kb lim: 239306 exec/s: 1771 rss: 500Mb L: 236/239306 MS: 1 InsertRepeatedBytes-
#31883	REDUCE cov: 1452 ft: 2740 corp: 249/9553Kb lim: 239306 exec/s: 1771 rss: 500Mb L: 2486/239306 MS: 1 EraseBytes-
#31895	REDUCE cov: 1452 ft: 2740 corp: 249/9552Kb lim: 239306 exec/s: 1771 rss: 500Mb L: 1621/239306 MS: 2 ChangeBinInt-EraseBytes-
#31910	REDUCE cov: 1452 ft: 2740 corp: 249/9552Kb lim: 239306 exec/s: 1772 rss: 500Mb L: 1235/239306 MS: 5 ChangeByte-InsertRepeatedBytes-InsertByte-ChangeASCIIInt-EraseBytes-
#32056	REDUCE cov: 1452 ft: 2740 corp: 249/9552Kb lim: 239306 exec/s: 1780 rss: 500Mb L: 150/239306 MS: 1 EraseBytes-
#32165	REDUCE cov: 1452 ft: 2740 corp: 249/9549Kb lim: 239306 exec/s: 1786 rss: 500Mb L: 9180/239306 MS: 4 InsertByte-ChangeByte-ShuffleBytes-EraseBytes-
#32203	REDUCE cov: 1452 ft: 2740 corp: 249/9549Kb lim: 239306 exec/s: 1789 rss: 500Mb L: 923/239306 MS: 3 ChangeBinInt-InsertByte-EraseBytes-
#32283	REDUCE cov: 1452 ft: 2740 corp: 249/9534Kb lim: 239306 exec/s: 1793 rss: 500Mb L: 63615/239306 MS: 5 PersAutoDict-ChangeBit-ShuffleBytes-InsertByte-EraseBytes- DE: "\336y\3321\343\335\312%"-
#32302	REDUCE cov: 1452 ft: 2740 corp: 249/9533Kb lim: 239306 exec/s: 1794 rss: 500Mb L: 2569/239306 MS: 4 ChangeBinInt-CopyPart-ChangeBinInt-EraseBytes-
#32343	REDUCE cov: 1452 ft: 2740 corp: 249/9533Kb lim: 239306 exec/s: 1796 rss: 500Mb L: 25/239306 MS: 1 EraseBytes-
#32404	REDUCE cov: 1452 ft: 2740 corp: 249/9532Kb lim: 239306 exec/s: 1800 rss: 500Mb L: 5769/239306 MS: 1 EraseBytes-
#32421	REDUCE cov: 1452 ft: 2740 corp: 249/9521Kb lim: 239306 exec/s: 1706 rss: 500Mb L: 39273/239306 MS: 2 InsertByte-EraseBytes-
#32464	REDUCE cov: 1453 ft: 2741 corp: 250/9578Kb lim: 239306 exec/s: 1708 rss: 500Mb L: 58827/239306 MS: 3 ChangeASCIIInt-CrossOver-PersAutoDict- DE: "\377\377\377\377\377\377\377\377"-
#32468	REDUCE cov: 1453 ft: 2741 corp: 250/9549Kb lim: 239306 exec/s: 1708 rss: 500Mb L: 55247/239306 MS: 4 ChangeByte-ChangeASCIIInt-ChangeBit-EraseBytes-
#32478	REDUCE cov: 1453 ft: 2741 corp: 250/9549Kb lim: 239306 exec/s: 1709 rss: 500Mb L: 1077/239306 MS: 5 ChangeASCIIInt-CrossOver-InsertRepeatedBytes-ChangeBinInt-EraseBytes-
#32521	REDUCE cov: 1453 ft: 2741 corp: 250/9539Kb lim: 239306 exec/s: 1711 rss: 500Mb L: 43691/239306 MS: 3 PersAutoDict-ChangeASCIIInt-EraseBytes- DE: "\000\000\000\000\000\000\000\001"-
#32534	REDUCE cov: 1453 ft: 2741 corp: 250/9528Kb lim: 239306 exec/s: 1712 rss: 500Mb L: 48527/239306 MS: 3 ChangeASCIIInt-CMP-EraseBytes- DE: "\377\377"-
#32671	REDUCE cov: 1453 ft: 2741 corp: 250/9528Kb lim: 239306 exec/s: 1719 rss: 500Mb L: 8767/239306 MS: 2 ShuffleBytes-EraseBytes-
#32738	REDUCE cov: 1453 ft: 2741 corp: 250/9525Kb lim: 239306 exec/s: 1723 rss: 500Mb L: 10282/239306 MS: 2 ChangeASCIIInt-EraseBytes-
#32765	REDUCE cov: 1453 ft: 2741 corp: 250/9505Kb lim: 239306 exec/s: 1724 rss: 500Mb L: 25467/239306 MS: 2 InsertByte-EraseBytes-
#32768	pulse  cov: 1453 ft: 2741 corp: 250/9505Kb lim: 239306 exec/s: 1724 rss: 500Mb
#32891	REDUCE cov: 1453 ft: 2741 corp: 250/9505Kb lim: 239306 exec/s: 1731 rss: 500Mb L: 991/239306 MS: 1 EraseBytes-
#32919	REDUCE cov: 1453 ft: 2741 corp: 250/9504Kb lim: 239306 exec/s: 1732 rss: 500Mb L: 1326/239306 MS: 3 ChangeByte-CMP-EraseBytes- DE: "\002\000\000\000\377\377\377\377"-
#33132	REDUCE cov: 1453 ft: 2741 corp: 250/9503Kb lim: 239306 exec/s: 1743 rss: 500Mb L: 2093/239306 MS: 3 InsertByte-PersAutoDict-EraseBytes- DE: "\377\377\377\377"-
#33204	REDUCE cov: 1453 ft: 2741 corp: 250/9503Kb lim: 239306 exec/s: 1747 rss: 500Mb L: 1887/239306 MS: 2 ChangeASCIIInt-EraseBytes-
#33286	REDUCE cov: 1453 ft: 2741 corp: 250/9494Kb lim: 239306 exec/s: 1751 rss: 500Mb L: 55249/239306 MS: 2 CrossOver-EraseBytes-
#33324	REDUCE cov: 1453 ft: 2741 corp: 250/9493Kb lim: 239306 exec/s: 1753 rss: 500Mb L: 1906/239306 MS: 3 CopyPart-InsertRepeatedBytes-EraseBytes-
#33335	REDUCE cov: 1453 ft: 2741 corp: 250/9493Kb lim: 239306 exec/s: 1754 rss: 500Mb L: 108/239306 MS: 1 EraseBytes-
#33353	REDUCE cov: 1453 ft: 2741 corp: 250/9484Kb lim: 239306 exec/s: 1755 rss: 500Mb L: 7632/239306 MS: 3 EraseBytes-EraseBytes-ChangeByte-
#33359	REDUCE cov: 1453 ft: 2741 corp: 250/9477Kb lim: 239306 exec/s: 1755 rss: 500Mb L: 9820/239306 MS: 1 EraseBytes-
#33365	REDUCE cov: 1453 ft: 2741 corp: 250/9468Kb lim: 239306 exec/s: 1756 rss: 500Mb L: 37188/239306 MS: 1 EraseBytes-
#33405	REDUCE cov: 1453 ft: 2741 corp: 250/9468Kb lim: 239306 exec/s: 1758 rss: 500Mb L: 291/239306 MS: 5 ShuffleBytes-PersAutoDict-InsertByte-CopyPart-EraseBytes- DE: "\377\377\377\377\377\377\377\000"-
#33433	REDUCE cov: 1453 ft: 2741 corp: 250/9467Kb lim: 239306 exec/s: 1759 rss: 500Mb L: 52291/239306 MS: 3 ChangeBit-ChangeByte-EraseBytes-
#33449	REDUCE cov: 1453 ft: 2741 corp: 250/9467Kb lim: 239306 exec/s: 1760 rss: 500Mb L: 1389/239306 MS: 1 EraseBytes-
#33468	REDUCE cov: 1453 ft: 2741 corp: 250/9467Kb lim: 239306 exec/s: 1761 rss: 500Mb L: 192/239306 MS: 4 PersAutoDict-ChangeBit-PersAutoDict-EraseBytes- DE: "\000\000"-"\001\000"-
#33485	REDUCE cov: 1453 ft: 2741 corp: 250/9463Kb lim: 239306 exec/s: 1762 rss: 500Mb L: 10644/239306 MS: 2 CopyPart-EraseBytes-
#33486	REDUCE cov: 1453 ft: 2741 corp: 250/9459Kb lim: 239306 exec/s: 1762 rss: 500Mb L: 4572/239306 MS: 1 EraseBytes-
#33514	NEW    cov: 1454 ft: 2742 corp: 251/9459Kb lim: 239306 exec/s: 1763 rss: 500Mb L: 244/239306 MS: 3 ChangeByte-PersAutoDict-ChangeByte- DE: "\377\377\377\377\000\000\000\001"-
#33531	REDUCE cov: 1454 ft: 2742 corp: 251/9459Kb lim: 239306 exec/s: 1764 rss: 500Mb L: 309/239306 MS: 2 PersAutoDict-EraseBytes- DE: "^q\002\316\016\271\315\313"-
#33603	REDUCE cov: 1454 ft: 2742 corp: 251/9458Kb lim: 239306 exec/s: 1768 rss: 500Mb L: 1886/239306 MS: 2 ChangeBit-EraseBytes-
#33657	REDUCE cov: 1454 ft: 2742 corp: 251/9458Kb lim: 239306 exec/s: 1771 rss: 500Mb L: 505/239306 MS: 4 ChangeBinInt-CMP-PersAutoDict-EraseBytes- DE: "\000\000\000\000"-"\377\377"-
#33684	REDUCE cov: 1454 ft: 2742 corp: 251/9457Kb lim: 239306 exec/s: 1772 rss: 500Mb L: 3822/239306 MS: 2 PersAutoDict-EraseBytes- DE: "+0\000\000\000\000\000\000"-
#33769	REDUCE cov: 1454 ft: 2742 corp: 251/9411Kb lim: 239306 exec/s: 1777 rss: 500Mb L: 19007/239306 MS: 5 ShuffleBytes-EraseBytes-ChangeByte-EraseBytes-ChangeBinInt-
#33775	REDUCE cov: 1454 ft: 2742 corp: 251/9410Kb lim: 239306 exec/s: 1777 rss: 500Mb L: 3265/239306 MS: 1 EraseBytes-
#33905	REDUCE cov: 1454 ft: 2742 corp: 251/9406Kb lim: 239306 exec/s: 1784 rss: 500Mb L: 59139/239306 MS: 5 InsertByte-InsertByte-ChangeByte-ShuffleBytes-EraseBytes-
#33907	REDUCE cov: 1454 ft: 2742 corp: 251/9405Kb lim: 239306 exec/s: 1784 rss: 500Mb L: 878/239306 MS: 2 ChangeBit-EraseBytes-
#33923	REDUCE cov: 1454 ft: 2743 corp: 252/9406Kb lim: 239306 exec/s: 1785 rss: 500Mb L: 1235/239306 MS: 1 ChangeBit-
#33929	REDUCE cov: 1454 ft: 2743 corp: 252/9405Kb lim: 239306 exec/s: 1785 rss: 500Mb L: 2629/239306 MS: 1 EraseBytes-
#33949	REDUCE cov: 1454 ft: 2743 corp: 252/9403Kb lim: 239306 exec/s: 1786 rss: 500Mb L: 5490/239306 MS: 5 CrossOver-InsertRepeatedBytes-CopyPart-ChangeBit-EraseBytes-
#33954	REDUCE cov: 1454 ft: 2743 corp: 252/9402Kb lim: 239306 exec/s: 1787 rss: 500Mb L: 1102/239306 MS: 5 ChangeBinInt-InsertByte-CMP-PersAutoDict-EraseBytes- DE: "\001\000\000\000"-"\004UUUUUUU"-
#34161	REDUCE cov: 1454 ft: 2743 corp: 252/9401Kb lim: 239306 exec/s: 1797 rss: 500Mb L: 1369/239306 MS: 2 PersAutoDict-EraseBytes- DE: "\377\377\377\377\377\377\377\002"-
#34182	REDUCE cov: 1454 ft: 2743 corp: 252/9400Kb lim: 239306 exec/s: 1799 rss: 500Mb L: 3253/239306 MS: 1 EraseBytes-
#34294	REDUCE cov: 1454 ft: 2743 corp: 252/9399Kb lim: 239306 exec/s: 1804 rss: 500Mb L: 6988/239306 MS: 2 ChangeByte-EraseBytes-
#34360	REDUCE cov: 1454 ft: 2743 corp: 252/9399Kb lim: 239306 exec/s: 1808 rss: 500Mb L: 138/239306 MS: 1 EraseBytes-
#34378	REDUCE cov: 1454 ft: 2743 corp: 252/9399Kb lim: 239306 exec/s: 1809 rss: 500Mb L: 325/239306 MS: 3 CrossOver-PersAutoDict-EraseBytes- DE: "\377\377\377\377\377\377\015s"-
#34426	REDUCE cov: 1454 ft: 2743 corp: 252/9384Kb lim: 239306 exec/s: 1811 rss: 500Mb L: 23120/239306 MS: 3 ChangeByte-ChangeByte-EraseBytes-
#34445	REDUCE cov: 1454 ft: 2743 corp: 252/9383Kb lim: 239306 exec/s: 1812 rss: 500Mb L: 94/239306 MS: 4 CopyPart-ChangeBit-ShuffleBytes-EraseBytes-
#34532	REDUCE cov: 1454 ft: 2743 corp: 252/9383Kb lim: 239306 exec/s: 1817 rss: 500Mb L: 94/239306 MS: 2 EraseBytes-EraseBytes-
#34558	REDUCE cov: 1456 ft: 2745 corp: 253/9385Kb lim: 239306 exec/s: 1818 rss: 500Mb L: 1397/239306 MS: 1 CMP- DE: "\004\000\000\000\000\000\000\000"-
#34725	REDUCE cov: 1456 ft: 2745 corp: 253/9381Kb lim: 239306 exec/s: 1736 rss: 500Mb L: 26538/239306 MS: 2 ChangeBinInt-EraseBytes-
#34797	REDUCE cov: 1456 ft: 2745 corp: 253/9374Kb lim: 239306 exec/s: 1739 rss: 500Mb L: 24028/239306 MS: 2 ChangeBit-EraseBytes-
#34829	REDUCE cov: 1456 ft: 2745 corp: 253/9374Kb lim: 239306 exec/s: 1741 rss: 500Mb L: 468/239306 MS: 2 CMP-EraseBytes- DE: "L\000\000\000\000\000\000\000"-
#34857	REDUCE cov: 1456 ft: 2746 corp: 254/9375Kb lim: 239306 exec/s: 1742 rss: 500Mb L: 1357/239306 MS: 3 PersAutoDict-ChangeByte-ChangeByte- DE: "\000\000\000\000"-
#34874	REDUCE cov: 1456 ft: 2746 corp: 254/9370Kb lim: 239306 exec/s: 1743 rss: 500Mb L: 43074/239306 MS: 2 ChangeASCIIInt-EraseBytes-
#34895	REDUCE cov: 1456 ft: 2746 corp: 254/9370Kb lim: 239306 exec/s: 1744 rss: 500Mb L: 1046/239306 MS: 1 EraseBytes-
#34896	REDUCE cov: 1456 ft: 2746 corp: 254/9359Kb lim: 239306 exec/s: 1744 rss: 500Mb L: 70611/239306 MS: 1 EraseBytes-
#34988	REDUCE cov: 1457 ft: 2747 corp: 255/9382Kb lim: 239306 exec/s: 1749 rss: 500Mb L: 23184/239306 MS: 2 CopyPart-InsertRepeatedBytes-
#35055	REDUCE cov: 1457 ft: 2747 corp: 255/9380Kb lim: 239306 exec/s: 1752 rss: 500Mb L: 3603/239306 MS: 2 ChangeBit-EraseBytes-
#35056	REDUCE cov: 1457 ft: 2747 corp: 255/9380Kb lim: 239306 exec/s: 1752 rss: 500Mb L: 123/239306 MS: 1 EraseBytes-
#35108	REDUCE cov: 1457 ft: 2747 corp: 255/9380Kb lim: 239306 exec/s: 1755 rss: 500Mb L: 291/239306 MS: 2 PersAutoDict-EraseBytes- DE: "\000\000\000\000\000\000\000\030"-
#35134	REDUCE cov: 1457 ft: 2747 corp: 255/9380Kb lim: 239306 exec/s: 1756 rss: 500Mb L: 1936/239306 MS: 1 EraseBytes-
#35139	REDUCE cov: 1457 ft: 2747 corp: 255/9379Kb lim: 239306 exec/s: 1756 rss: 500Mb L: 4773/239306 MS: 5 InsertRepeatedBytes-ChangeByte-InsertRepeatedBytes-ChangeBit-EraseBytes-
#35165	REDUCE cov: 1457 ft: 2747 corp: 255/9379Kb lim: 239306 exec/s: 1758 rss: 500Mb L: 116/239306 MS: 1 EraseBytes-
#35216	REDUCE cov: 1457 ft: 2747 corp: 255/9377Kb lim: 239306 exec/s: 1760 rss: 500Mb L: 3095/239306 MS: 1 EraseBytes-
#35292	REDUCE cov: 1457 ft: 2747 corp: 255/9377Kb lim: 239306 exec/s: 1764 rss: 500Mb L: 121/239306 MS: 1 EraseBytes-
#35311	REDUCE cov: 1457 ft: 2747 corp: 255/9375Kb lim: 239306 exec/s: 1765 rss: 500Mb L: 15952/239306 MS: 4 ChangeBit-ChangeBit-ChangeASCIIInt-EraseBytes-
#35439	REDUCE cov: 1457 ft: 2747 corp: 255/9375Kb lim: 239306 exec/s: 1771 rss: 500Mb L: 1872/239306 MS: 3 ChangeBinInt-InsertRepeatedBytes-EraseBytes-
#35504	REDUCE cov: 1457 ft: 2747 corp: 255/9375Kb lim: 239306 exec/s: 1775 rss: 500Mb L: 1023/239306 MS: 5 ChangeASCIIInt-CopyPart-InsertByte-InsertByte-EraseBytes-
#35510	REDUCE cov: 1457 ft: 2747 corp: 255/9374Kb lim: 239306 exec/s: 1775 rss: 500Mb L: 50083/239306 MS: 1 EraseBytes-
#35516	NEW    cov: 1457 ft: 2750 corp: 256/9375Kb lim: 239306 exec/s: 1775 rss: 500Mb L: 904/239306 MS: 1 InsertByte-
#35567	REDUCE cov: 1457 ft: 2750 corp: 256/9371Kb lim: 239306 exec/s: 1778 rss: 500Mb L: 4998/239306 MS: 1 EraseBytes-
#35639	REDUCE cov: 1457 ft: 2750 corp: 256/9370Kb lim: 239306 exec/s: 1781 rss: 500Mb L: 1085/239306 MS: 2 ChangeASCIIInt-EraseBytes-
#35692	REDUCE cov: 1457 ft: 2750 corp: 256/9361Kb lim: 239306 exec/s: 1784 rss: 500Mb L: 13431/239306 MS: 3 EraseBytes-InsertByte-PersAutoDict- DE: "\001\000"-
#35699	REDUCE cov: 1457 ft: 2750 corp: 256/9361Kb lim: 239306 exec/s: 1784 rss: 500Mb L: 1406/239306 MS: 2 ChangeBit-EraseBytes-
#35710	REDUCE cov: 1457 ft: 2750 corp: 256/9358Kb lim: 239306 exec/s: 1785 rss: 500Mb L: 5982/239306 MS: 1 EraseBytes-
#35714	REDUCE cov: 1457 ft: 2750 corp: 256/9324Kb lim: 239306 exec/s: 1785 rss: 500Mb L: 37702/239306 MS: 4 EraseBytes-ShuffleBytes-CrossOver-EraseBytes-
#35728	NEW    cov: 1459 ft: 2752 corp: 257/9385Kb lim: 239306 exec/s: 1786 rss: 500Mb L: 63013/239306 MS: 4 ChangeBit-CrossOver-ChangeBit-CrossOver-
#35809	REDUCE cov: 1459 ft: 2752 corp: 257/9385Kb lim: 239306 exec/s: 1790 rss: 500Mb L: 796/239306 MS: 1 EraseBytes-
#35830	REDUCE cov: 1459 ft: 2752 corp: 257/9384Kb lim: 239306 exec/s: 1791 rss: 500Mb L: 6741/239306 MS: 1 EraseBytes-
#35847	REDUCE cov: 1459 ft: 2752 corp: 257/9382Kb lim: 239306 exec/s: 1792 rss: 500Mb L: 20407/239306 MS: 2 ShuffleBytes-EraseBytes-
#36261	REDUCE cov: 1459 ft: 2752 corp: 257/9382Kb lim: 239306 exec/s: 1813 rss: 500Mb L: 1624/239306 MS: 4 PersAutoDict-CrossOver-CrossOver-EraseBytes- DE: "\257\000\000\000\000\000\000\000"-
#36368	REDUCE cov: 1459 ft: 2752 corp: 257/9382Kb lim: 239306 exec/s: 1818 rss: 500Mb L: 248/239306 MS: 2 CMP-EraseBytes- DE: "\377\377\377\377\377\377\377\377"-
#36440	REDUCE cov: 1459 ft: 2752 corp: 257/9381Kb lim: 239306 exec/s: 1822 rss: 500Mb L: 27521/239306 MS: 2 EraseBytes-CopyPart-
#36681	REDUCE cov: 1459 ft: 2752 corp: 257/9381Kb lim: 239306 exec/s: 1834 rss: 500Mb L: 22/239306 MS: 1 EraseBytes-
#36905	REDUCE cov: 1459 ft: 2752 corp: 257/9381Kb lim: 239306 exec/s: 1845 rss: 500Mb L: 1070/239306 MS: 4 CopyPart-PersAutoDict-CrossOver-EraseBytes- DE: "\001\000\000\000"-
#36981	REDUCE cov: 1459 ft: 2752 corp: 257/9381Kb lim: 239306 exec/s: 1849 rss: 500Mb L: 120/239306 MS: 1 EraseBytes-
#36985	REDUCE cov: 1459 ft: 2752 corp: 257/9375Kb lim: 239306 exec/s: 1849 rss: 500Mb L: 14511/239306 MS: 4 ChangeByte-ShuffleBytes-InsertByte-EraseBytes-
#37029	REDUCE cov: 1459 ft: 2752 corp: 257/9374Kb lim: 239306 exec/s: 1851 rss: 500Mb L: 2783/239306 MS: 4 ChangeByte-CopyPart-ChangeASCIIInt-EraseBytes-
#37100	REDUCE cov: 1459 ft: 2752 corp: 257/9374Kb lim: 239306 exec/s: 1855 rss: 500Mb L: 214/239306 MS: 1 EraseBytes-
#37121	REDUCE cov: 1459 ft: 2752 corp: 257/9374Kb lim: 239306 exec/s: 1856 rss: 500Mb L: 19/239306 MS: 1 EraseBytes-
#37140	REDUCE cov: 1459 ft: 2752 corp: 257/9374Kb lim: 239306 exec/s: 1857 rss: 500Mb L: 170/239306 MS: 4 InsertRepeatedBytes-CopyPart-ShuffleBytes-EraseBytes-
#37217	REDUCE cov: 1459 ft: 2752 corp: 257/9372Kb lim: 239306 exec/s: 1860 rss: 500Mb L: 23690/239306 MS: 2 CrossOver-EraseBytes-
#37235	REDUCE cov: 1459 ft: 2752 corp: 257/9372Kb lim: 239306 exec/s: 1861 rss: 500Mb L: 55/239306 MS: 3 CrossOver-InsertByte-EraseBytes-
#37246	REDUCE cov: 1459 ft: 2752 corp: 257/9362Kb lim: 239306 exec/s: 1862 rss: 500Mb L: 53016/239306 MS: 1 EraseBytes-
#37312	REDUCE cov: 1459 ft: 2752 corp: 257/9362Kb lim: 239306 exec/s: 1776 rss: 500Mb L: 159/239306 MS: 1 EraseBytes-
#37454	REDUCE cov: 1459 ft: 2752 corp: 257/9361Kb lim: 239306 exec/s: 1783 rss: 500Mb L: 31242/239306 MS: 2 InsertRepeatedBytes-EraseBytes-
#37478	REDUCE cov: 1459 ft: 2752 corp: 257/9361Kb lim: 239306 exec/s: 1784 rss: 500Mb L: 97/239306 MS: 4 ChangeBinInt-InsertRepeatedBytes-ChangeByte-EraseBytes-
#37542	REDUCE cov: 1459 ft: 2752 corp: 257/9355Kb lim: 239306 exec/s: 1787 rss: 500Mb L: 230176/239306 MS: 4 ChangeBit-ChangeBit-ChangeASCIIInt-EraseBytes-
#37583	REDUCE cov: 1459 ft: 2752 corp: 257/9352Kb lim: 239306 exec/s: 1789 rss: 500Mb L: 5945/239306 MS: 1 EraseBytes-
#37644	REDUCE cov: 1459 ft: 2752 corp: 257/9352Kb lim: 239306 exec/s: 1792 rss: 500Mb L: 503/239306 MS: 1 EraseBytes-
#37693	REDUCE cov: 1459 ft: 2752 corp: 257/9352Kb lim: 239306 exec/s: 1794 rss: 500Mb L: 2794/239306 MS: 4 ChangeBit-ShuffleBytes-CopyPart-EraseBytes-
#37759	REDUCE cov: 1459 ft: 2752 corp: 257/9352Kb lim: 239306 exec/s: 1798 rss: 500Mb L: 42/239306 MS: 1 EraseBytes-
#37766	REDUCE cov: 1459 ft: 2752 corp: 257/9348Kb lim: 239306 exec/s: 1798 rss: 500Mb L: 75224/239306 MS: 2 ChangeBit-EraseBytes-
#37789	REDUCE cov: 1459 ft: 2752 corp: 257/9346Kb lim: 239306 exec/s: 1799 rss: 500Mb L: 8301/239306 MS: 3 InsertByte-CopyPart-EraseBytes-
#37836	REDUCE cov: 1459 ft: 2752 corp: 257/9345Kb lim: 239306 exec/s: 1801 rss: 500Mb L: 62025/239306 MS: 2 InsertRepeatedBytes-EraseBytes-
#37947	REDUCE cov: 1459 ft: 2752 corp: 257/9334Kb lim: 239306 exec/s: 1807 rss: 500Mb L: 74941/239306 MS: 1 EraseBytes-
#37986	REDUCE cov: 1459 ft: 2752 corp: 257/9330Kb lim: 239306 exec/s: 1808 rss: 500Mb L: 19819/239306 MS: 4 PersAutoDict-ShuffleBytes-ShuffleBytes-EraseBytes- DE: "\377\377\377\377\377\377\377\000"-
#38010	REDUCE cov: 1459 ft: 2752 corp: 257/9323Kb lim: 239306 exec/s: 1810 rss: 500Mb L: 19254/239306 MS: 4 CopyPart-PersAutoDict-CrossOver-EraseBytes- DE: "\002\000\000\000\000\000\000\000"-
#38016	REDUCE cov: 1459 ft: 2752 corp: 257/9295Kb lim: 239306 exec/s: 1810 rss: 500Mb L: 33293/239306 MS: 1 EraseBytes-
#38099	REDUCE cov: 1459 ft: 2752 corp: 257/9293Kb lim: 239306 exec/s: 1814 rss: 500Mb L: 12056/239306 MS: 3 ChangeBit-ChangeASCIIInt-EraseBytes-
#38132	REDUCE cov: 1459 ft: 2752 corp: 257/9293Kb lim: 239306 exec/s: 1815 rss: 500Mb L: 989/239306 MS: 3 ChangeBinInt-ChangeBit-EraseBytes-
#38133	REDUCE cov: 1459 ft: 2752 corp: 257/9292Kb lim: 239306 exec/s: 1815 rss: 500Mb L: 785/239306 MS: 1 EraseBytes-
#38168	REDUCE cov: 1459 ft: 2752 corp: 257/9292Kb lim: 239306 exec/s: 1817 rss: 500Mb L: 742/239306 MS: 5 CMP-InsertRepeatedBytes-ChangeASCIIInt-ShuffleBytes-EraseBytes- DE: "\230\002\000\000\000\000\000\000"-
#38195	REDUCE cov: 1459 ft: 2752 corp: 257/9287Kb lim: 239306 exec/s: 1818 rss: 500Mb L: 14801/239306 MS: 2 ChangeASCIIInt-EraseBytes-
#38196	REDUCE cov: 1459 ft: 2752 corp: 257/9287Kb lim: 239306 exec/s: 1818 rss: 500Mb L: 140/239306 MS: 1 EraseBytes-
#38282	REDUCE cov: 1459 ft: 2752 corp: 257/9287Kb lim: 239306 exec/s: 1822 rss: 500Mb L: 46/239306 MS: 1 EraseBytes-
#38290	REDUCE cov: 1459 ft: 2752 corp: 257/9286Kb lim: 239306 exec/s: 1823 rss: 500Mb L: 8591/239306 MS: 3 InsertByte-ChangeByte-EraseBytes-
#38351	REDUCE cov: 1459 ft: 2752 corp: 257/9286Kb lim: 239306 exec/s: 1826 rss: 500Mb L: 11/239306 MS: 1 EraseBytes-
#38423	REDUCE cov: 1459 ft: 2752 corp: 257/9286Kb lim: 239306 exec/s: 1829 rss: 500Mb L: 531/239306 MS: 2 InsertRepeatedBytes-EraseBytes-
#38510	REDUCE cov: 1459 ft: 2752 corp: 257/9283Kb lim: 239306 exec/s: 1833 rss: 500Mb L: 15557/239306 MS: 2 ShuffleBytes-EraseBytes-
#38523	REDUCE cov: 1459 ft: 2752 corp: 257/9270Kb lim: 239306 exec/s: 1834 rss: 500Mb L: 22716/239306 MS: 3 ShuffleBytes-ChangeBinInt-EraseBytes-
#38527	REDUCE cov: 1459 ft: 2752 corp: 257/9259Kb lim: 239306 exec/s: 1834 rss: 500Mb L: 11663/239306 MS: 4 PersAutoDict-CopyPart-ChangeASCIIInt-EraseBytes- DE: "\001\000\000\000"-
#38533	REDUCE cov: 1459 ft: 2752 corp: 257/9258Kb lim: 239306 exec/s: 1834 rss: 500Mb L: 2026/239306 MS: 1 EraseBytes-
#38584	REDUCE cov: 1459 ft: 2752 corp: 257/9258Kb lim: 239306 exec/s: 1837 rss: 500Mb L: 5742/239306 MS: 1 EraseBytes-
#38598	REDUCE cov: 1459 ft: 2752 corp: 257/9258Kb lim: 239306 exec/s: 1838 rss: 500Mb L: 279/239306 MS: 4 ChangeASCIIInt-InsertByte-PersAutoDict-EraseBytes- DE: "\347*\250\354\020Is\237"-
#38613	REDUCE cov: 1459 ft: 2754 corp: 258/9300Kb lim: 239306 exec/s: 1838 rss: 500Mb L: 42758/239306 MS: 5 ChangeASCIIInt-EraseBytes-ChangeByte-EraseBytes-InsertRepeatedBytes-
#38624	REDUCE cov: 1459 ft: 2754 corp: 258/9300Kb lim: 239306 exec/s: 1839 rss: 500Mb L: 106/239306 MS: 1 EraseBytes-
#38667	REDUCE cov: 1459 ft: 2754 corp: 258/9299Kb lim: 239306 exec/s: 1841 rss: 500Mb L: 6141/239306 MS: 3 InsertRepeatedBytes-ChangeByte-EraseBytes-
#38683	NEW    cov: 1463 ft: 2758 corp: 259/9299Kb lim: 239306 exec/s: 1842 rss: 500Mb L: 244/239306 MS: 1 ChangeBinInt-
#38711	REDUCE cov: 1463 ft: 2758 corp: 259/9299Kb lim: 239306 exec/s: 1843 rss: 500Mb L: 105/239306 MS: 3 ChangeBinInt-PersAutoDict-EraseBytes- DE: "\013\252\252\252\252\252\252\252"-
#38737	REDUCE cov: 1463 ft: 2758 corp: 259/9292Kb lim: 239306 exec/s: 1844 rss: 500Mb L: 35902/239306 MS: 1 EraseBytes-
#38755	REDUCE cov: 1463 ft: 2758 corp: 259/9291Kb lim: 239306 exec/s: 1845 rss: 500Mb L: 42545/239306 MS: 3 EraseBytes-ChangeBit-ChangeByte-
#38802	REDUCE cov: 1463 ft: 2761 corp: 260/9292Kb lim: 239306 exec/s: 1847 rss: 500Mb L: 1048/239306 MS: 2 InsertRepeatedBytes-PersAutoDict- DE: "\230\002\000\000\000\000\000\000"-
#38824	REDUCE cov: 1463 ft: 2761 corp: 260/9292Kb lim: 239306 exec/s: 1848 rss: 500Mb L: 38/239306 MS: 2 PersAutoDict-EraseBytes- DE: "\001\000\000\000\000\000\000\002"-
#38940	REDUCE cov: 1463 ft: 2761 corp: 260/9292Kb lim: 239306 exec/s: 1854 rss: 500Mb L: 35/239306 MS: 1 EraseBytes-
#39146	REDUCE cov: 1463 ft: 2761 corp: 260/9291Kb lim: 239306 exec/s: 1864 rss: 500Mb L: 13825/239306 MS: 1 EraseBytes-
#39228	REDUCE cov: 1463 ft: 2761 corp: 260/9291Kb lim: 239306 exec/s: 1868 rss: 500Mb L: 709/239306 MS: 2 ChangeBinInt-EraseBytes-
#39230	REDUCE cov: 1463 ft: 2761 corp: 260/9289Kb lim: 239306 exec/s: 1868 rss: 500Mb L: 6472/239306 MS: 2 CMP-EraseBytes- DE: "\253\252\252\252\252\252\252\012"-
#39287	REDUCE cov: 1463 ft: 2761 corp: 260/9288Kb lim: 239306 exec/s: 1870 rss: 500Mb L: 4018/239306 MS: 2 InsertRepeatedBytes-EraseBytes-
#39289	REDUCE cov: 1463 ft: 2761 corp: 260/9286Kb lim: 239306 exec/s: 1870 rss: 500Mb L: 11560/239306 MS: 2 InsertByte-EraseBytes-
#39330	REDUCE cov: 1463 ft: 2761 corp: 260/9279Kb lim: 239306 exec/s: 1872 rss: 500Mb L: 44464/239306 MS: 1 EraseBytes-
#39413	REDUCE cov: 1463 ft: 2761 corp: 260/9279Kb lim: 239306 exec/s: 1876 rss: 500Mb L: 480/239306 MS: 3 PersAutoDict-ShuffleBytes-EraseBytes- DE: "\013\252\252\252\252\252\252\252"-
#39426	REDUCE cov: 1463 ft: 2761 corp: 260/9279Kb lim: 239306 exec/s: 1877 rss: 500Mb L: 906/239306 MS: 3 ChangeASCIIInt-CopyPart-EraseBytes-
#39487	REDUCE cov: 1463 ft: 2761 corp: 260/9278Kb lim: 239306 exec/s: 1880 rss: 500Mb L: 5217/239306 MS: 1 EraseBytes-
#39519	REDUCE cov: 1463 ft: 2761 corp: 260/9275Kb lim: 239306 exec/s: 1881 rss: 500Mb L: 16259/239306 MS: 2 ChangeByte-EraseBytes-
#39615	REDUCE cov: 1463 ft: 2761 corp: 260/9273Kb lim: 239306 exec/s: 1886 rss: 500Mb L: 9506/239306 MS: 1 EraseBytes-
#39780	REDUCE cov: 1463 ft: 2761 corp: 260/9270Kb lim: 239306 exec/s: 1894 rss: 500Mb L: 3231/239306 MS: 5 ChangeByte-CopyPart-ChangeByte-PersAutoDict-EraseBytes- DE: "\001\000\000\000"-
#39786	REDUCE cov: 1463 ft: 2761 corp: 260/9270Kb lim: 239306 exec/s: 1894 rss: 500Mb L: 263/239306 MS: 1 EraseBytes-
#39831	REDUCE cov: 1463 ft: 2761 corp: 260/9266Kb lim: 239306 exec/s: 1896 rss: 500Mb L: 7750/239306 MS: 5 CopyPart-ShuffleBytes-ChangeBinInt-CrossOver-EraseBytes-
#39874	REDUCE cov: 1463 ft: 2761 corp: 260/9266Kb lim: 239306 exec/s: 1898 rss: 500Mb L: 5413/239306 MS: 3 InsertByte-ChangeByte-EraseBytes-
#39890	REDUCE cov: 1463 ft: 2761 corp: 260/9266Kb lim: 239306 exec/s: 1899 rss: 500Mb L: 45/239306 MS: 1 EraseBytes-
#39898	REDUCE cov: 1463 ft: 2761 corp: 260/9266Kb lim: 239306 exec/s: 1899 rss: 500Mb L: 1120/239306 MS: 3 ChangeBinInt-ChangeBit-EraseBytes-
#39904	REDUCE cov: 1463 ft: 2761 corp: 260/9265Kb lim: 239306 exec/s: 1900 rss: 500Mb L: 266/239306 MS: 1 EraseBytes-
#39927	REDUCE cov: 1463 ft: 2761 corp: 260/9263Kb lim: 239306 exec/s: 1901 rss: 500Mb L: 2553/239306 MS: 3 ShuffleBytes-InsertByte-EraseBytes-
#39933	REDUCE cov: 1463 ft: 2761 corp: 260/9263Kb lim: 239306 exec/s: 1901 rss: 500Mb L: 1950/239306 MS: 1 EraseBytes-
#39961	REDUCE cov: 1463 ft: 2761 corp: 260/9245Kb lim: 239306 exec/s: 1816 rss: 500Mb L: 87302/239306 MS: 3 CrossOver-ChangeBit-EraseBytes-
#40088	REDUCE cov: 1463 ft: 2761 corp: 260/9227Kb lim: 239306 exec/s: 1822 rss: 500Mb L: 33508/239306 MS: 2 InsertRepeatedBytes-EraseBytes-
#40228	REDUCE cov: 1463 ft: 2761 corp: 260/9226Kb lim: 239306 exec/s: 1828 rss: 500Mb L: 14991/239306 MS: 5 ChangeBit-ChangeBit-InsertByte-ChangeBit-EraseBytes-
#40256	REDUCE cov: 1463 ft: 2761 corp: 260/9225Kb lim: 239306 exec/s: 1829 rss: 500Mb L: 4331/239306 MS: 3 ChangeByte-InsertRepeatedBytes-EraseBytes-
#40296	REDUCE cov: 1463 ft: 2770 corp: 261/9226Kb lim: 239306 exec/s: 1831 rss: 500Mb L: 1440/239306 MS: 5 ChangeByte-PersAutoDict-ChangeBinInt-CopyPart-ChangeByte- DE: "\000\000\000\000\000\000\000\264"-
#40322	REDUCE cov: 1463 ft: 2770 corp: 261/9226Kb lim: 239306 exec/s: 1832 rss: 500Mb L: 489/239306 MS: 1 EraseBytes-
#40347	REDUCE cov: 1463 ft: 2770 corp: 261/9222Kb lim: 239306 exec/s: 1833 rss: 500Mb L: 7496/239306 MS: 5 CopyPart-InsertByte-CrossOver-InsertByte-EraseBytes-
#40444	REDUCE cov: 1463 ft: 2770 corp: 261/9218Kb lim: 239306 exec/s: 1838 rss: 500Mb L: 6127/239306 MS: 2 ChangeByte-EraseBytes-
#40453	REDUCE cov: 1463 ft: 2770 corp: 261/9217Kb lim: 239306 exec/s: 1838 rss: 500Mb L: 7224/239306 MS: 4 CopyPart-ChangeBinInt-PersAutoDict-EraseBytes- DE: "\002\000\000\000\377\377\377\377"-
#40565	REDUCE cov: 1464 ft: 2771 corp: 262/9286Kb lim: 239306 exec/s: 1843 rss: 500Mb L: 70619/239306 MS: 2 ShuffleBytes-PersAutoDict- DE: "\257\000\000\000\000\000\000\000"-
#40619	REDUCE cov: 1464 ft: 2771 corp: 262/9284Kb lim: 239306 exec/s: 1846 rss: 500Mb L: 6372/239306 MS: 4 CrossOver-InsertByte-ChangeBinInt-EraseBytes-
#40761	REDUCE cov: 1464 ft: 2771 corp: 262/9283Kb lim: 239306 exec/s: 1852 rss: 500Mb L: 8330/239306 MS: 2 CMP-EraseBytes- DE: "\000\000\000\001"-
#40774	REDUCE cov: 1464 ft: 2771 corp: 262/9282Kb lim: 239306 exec/s: 1853 rss: 500Mb L: 7271/239306 MS: 3 ChangeByte-ShuffleBytes-EraseBytes-
#40777	REDUCE cov: 1464 ft: 2771 corp: 262/9280Kb lim: 239306 exec/s: 1853 rss: 500Mb L: 21641/239306 MS: 3 InsertRepeatedBytes-ShuffleBytes-EraseBytes-
#40800	REDUCE cov: 1464 ft: 2771 corp: 262/9276Kb lim: 239306 exec/s: 1854 rss: 500Mb L: 11771/239306 MS: 3 ChangeASCIIInt-ChangeASCIIInt-EraseBytes-
#40981	REDUCE cov: 1464 ft: 2773 corp: 263/9284Kb lim: 239306 exec/s: 1862 rss: 500Mb L: 8571/239306 MS: 1 CrossOver-
#41092	REDUCE cov: 1464 ft: 2773 corp: 263/9284Kb lim: 239306 exec/s: 1867 rss: 500Mb L: 1642/239306 MS: 1 EraseBytes-
#41123	REDUCE cov: 1464 ft: 2773 corp: 263/9284Kb lim: 239306 exec/s: 1869 rss: 500Mb L: 55/239306 MS: 1 EraseBytes-
#41235	REDUCE cov: 1464 ft: 2773 corp: 263/9268Kb lim: 239306 exec/s: 1874 rss: 500Mb L: 42599/239306 MS: 2 ChangeBit-EraseBytes-
#41311	REDUCE cov: 1464 ft: 2773 corp: 263/9268Kb lim: 239306 exec/s: 1877 rss: 500Mb L: 9397/239306 MS: 1 EraseBytes-
#41449	REDUCE cov: 1464 ft: 2773 corp: 263/9267Kb lim: 239306 exec/s: 1884 rss: 500Mb L: 4347/239306 MS: 3 CrossOver-ChangeASCIIInt-EraseBytes-
#41470	REDUCE cov: 1464 ft: 2773 corp: 263/9261Kb lim: 239306 exec/s: 1885 rss: 500Mb L: 30511/239306 MS: 1 EraseBytes-
#41659	REDUCE cov: 1464 ft: 2773 corp: 263/9261Kb lim: 239306 exec/s: 1893 rss: 500Mb L: 1404/239306 MS: 4 InsertRepeatedBytes-ChangeASCIIInt-ShuffleBytes-EraseBytes-
#41660	REDUCE cov: 1464 ft: 2773 corp: 263/9258Kb lim: 239306 exec/s: 1893 rss: 500Mb L: 26573/239306 MS: 1 EraseBytes-
#41782	REDUCE cov: 1464 ft: 2773 corp: 263/9251Kb lim: 239306 exec/s: 1899 rss: 500Mb L: 30902/239306 MS: 2 ShuffleBytes-EraseBytes-
#41935	REDUCE cov: 1464 ft: 2773 corp: 263/9251Kb lim: 239306 exec/s: 1906 rss: 500Mb L: 23/239306 MS: 3 EraseBytes-PersAutoDict-EraseBytes- DE: "^q\002\316\016\271\315\313"-
#41987	REDUCE cov: 1464 ft: 2773 corp: 263/9251Kb lim: 239306 exec/s: 1908 rss: 500Mb L: 1585/239306 MS: 2 InsertByte-EraseBytes-
#42248	REDUCE cov: 1464 ft: 2773 corp: 263/9251Kb lim: 239306 exec/s: 1920 rss: 500Mb L: 33280/239306 MS: 1 EraseBytes-
#42254	REDUCE cov: 1464 ft: 2773 corp: 263/9251Kb lim: 239306 exec/s: 1920 rss: 500Mb L: 944/239306 MS: 1 EraseBytes-
#42328	REDUCE cov: 1464 ft: 2773 corp: 263/9251Kb lim: 239306 exec/s: 1924 rss: 500Mb L: 348/239306 MS: 4 PersAutoDict-InsertRepeatedBytes-EraseBytes-EraseBytes- DE: "\377\377\377\377\377\377\377\003"-
#42532	REDUCE cov: 1464 ft: 2773 corp: 263/9250Kb lim: 239306 exec/s: 1849 rss: 500Mb L: 5379/239306 MS: 4 PersAutoDict-InsertByte-InsertByte-EraseBytes- DE: "\000\000\000\000\000\000\000\001"-
#42749	REDUCE cov: 1464 ft: 2773 corp: 263/9248Kb lim: 239306 exec/s: 1858 rss: 500Mb L: 3778/239306 MS: 2 CMP-EraseBytes- DE: "\000\000"-
#42751	REDUCE cov: 1464 ft: 2773 corp: 263/9241Kb lim: 239306 exec/s: 1858 rss: 500Mb L: 25924/239306 MS: 2 ChangeByte-EraseBytes-
#42828	REDUCE cov: 1464 ft: 2773 corp: 263/9240Kb lim: 239306 exec/s: 1862 rss: 500Mb L: 2527/239306 MS: 2 CopyPart-EraseBytes-
#42864	REDUCE cov: 1464 ft: 2773 corp: 263/9240Kb lim: 239306 exec/s: 1863 rss: 500Mb L: 91/239306 MS: 1 EraseBytes-
#42912	REDUCE cov: 1464 ft: 2783 corp: 264/9240Kb lim: 239306 exec/s: 1865 rss: 500Mb L: 118/239306 MS: 3 InsertByte-ShuffleBytes-ChangeByte-
#42948	REDUCE cov: 1464 ft: 2783 corp: 264/9240Kb lim: 239306 exec/s: 1867 rss: 500Mb L: 5628/239306 MS: 1 EraseBytes-
#42973	REDUCE cov: 1464 ft: 2783 corp: 264/9234Kb lim: 239306 exec/s: 1868 rss: 500Mb L: 37522/239306 MS: 5 ChangeBit-InsertRepeatedBytes-EraseBytes-ChangeBinInt-InsertRepeatedBytes-
#42980	REDUCE cov: 1464 ft: 2783 corp: 264/9231Kb lim: 239306 exec/s: 1868 rss: 500Mb L: 7520/239306 MS: 2 ChangeBit-EraseBytes-
#43070	REDUCE cov: 1464 ft: 2783 corp: 264/9229Kb lim: 239306 exec/s: 1872 rss: 500Mb L: 4454/239306 MS: 5 InsertRepeatedBytes-ShuffleBytes-ChangeASCIIInt-InsertRepeatedBytes-EraseBytes-
#43091	REDUCE cov: 1464 ft: 2783 corp: 264/9229Kb lim: 239306 exec/s: 1873 rss: 500Mb L: 260/239306 MS: 1 EraseBytes-
#43093	REDUCE cov: 1464 ft: 2783 corp: 264/9215Kb lim: 239306 exec/s: 1873 rss: 500Mb L: 40816/239306 MS: 2 ShuffleBytes-EraseBytes-
#43095	REDUCE cov: 1464 ft: 2783 corp: 264/9213Kb lim: 239306 exec/s: 1873 rss: 500Mb L: 19771/239306 MS: 2 CopyPart-EraseBytes-
#43107	REDUCE cov: 1464 ft: 2783 corp: 264/9213Kb lim: 239306 exec/s: 1874 rss: 500Mb L: 62/239306 MS: 2 InsertRepeatedBytes-EraseBytes-
#43237	REDUCE cov: 1464 ft: 2783 corp: 264/9212Kb lim: 239306 exec/s: 1879 rss: 500Mb L: 1323/239306 MS: 5 ChangeBinInt-ShuffleBytes-ChangeBit-PersAutoDict-EraseBytes- DE: "\000\001"-
#43245	REDUCE cov: 1464 ft: 2783 corp: 264/9212Kb lim: 239306 exec/s: 1880 rss: 500Mb L: 1849/239306 MS: 3 ChangeBit-CMP-EraseBytes- DE: "TUUUUUU\005"-
#43262	REDUCE cov: 1464 ft: 2783 corp: 264/9212Kb lim: 239306 exec/s: 1880 rss: 500Mb L: 3071/239306 MS: 2 CopyPart-EraseBytes-
#43282	REDUCE cov: 1464 ft: 2783 corp: 264/9208Kb lim: 239306 exec/s: 1881 rss: 500Mb L: 4235/239306 MS: 5 EraseBytes-CrossOver-ShuffleBytes-ShuffleBytes-CMP- DE: "\000\000\000\000\000\000\000\000"-
#43397	NEW    cov: 1464 ft: 2786 corp: 265/9213Kb lim: 239306 exec/s: 1886 rss: 500Mb L: 4923/239306 MS: 5 ChangeByte-CrossOver-PersAutoDict-ChangeBit-PersAutoDict- DE: "\001\000\000\000"-"\347*\250\354\020Is\237"-
#43416	REDUCE cov: 1464 ft: 2786 corp: 265/9210Kb lim: 239306 exec/s: 1887 rss: 500Mb L: 34808/239306 MS: 4 EraseBytes-ChangeBit-InsertRepeatedBytes-CrossOver-
#43428	REDUCE cov: 1464 ft: 2786 corp: 265/9209Kb lim: 239306 exec/s: 1888 rss: 500Mb L: 3085/239306 MS: 2 InsertByte-EraseBytes-
#43445	REDUCE cov: 1464 ft: 2786 corp: 265/9209Kb lim: 239306 exec/s: 1888 rss: 500Mb L: 1271/239306 MS: 2 CopyPart-EraseBytes-
#43469	REDUCE cov: 1464 ft: 2786 corp: 265/9187Kb lim: 239306 exec/s: 1889 rss: 500Mb L: 3562/239306 MS: 4 InsertRepeatedBytes-ChangeByte-CMP-CrossOver- DE: "\001\000"-
#43510	REDUCE cov: 1464 ft: 2786 corp: 265/9187Kb lim: 239306 exec/s: 1891 rss: 500Mb L: 588/239306 MS: 1 EraseBytes-
#43521	REDUCE cov: 1464 ft: 2786 corp: 265/9187Kb lim: 239306 exec/s: 1892 rss: 500Mb L: 469/239306 MS: 1 EraseBytes-
#43552	REDUCE cov: 1464 ft: 2786 corp: 265/9187Kb lim: 239306 exec/s: 1893 rss: 500Mb L: 911/239306 MS: 1 EraseBytes-
#43565	REDUCE cov: 1464 ft: 2786 corp: 265/9186Kb lim: 239306 exec/s: 1894 rss: 500Mb L: 3365/239306 MS: 3 ChangeBit-InsertRepeatedBytes-EraseBytes-
#43596	NEW    cov: 1464 ft: 2789 corp: 266/9186Kb lim: 239306 exec/s: 1895 rss: 500Mb L: 254/239306 MS: 1 CrossOver-
#43639	REDUCE cov: 1464 ft: 2789 corp: 266/9186Kb lim: 239306 exec/s: 1897 rss: 500Mb L: 4312/239306 MS: 3 ShuffleBytes-ChangeBit-EraseBytes-
#43775	REDUCE cov: 1464 ft: 2789 corp: 266/9186Kb lim: 239306 exec/s: 1903 rss: 500Mb L: 1728/239306 MS: 1 EraseBytes-
#43838	REDUCE cov: 1464 ft: 2789 corp: 266/9185Kb lim: 239306 exec/s: 1906 rss: 500Mb L: 5606/239306 MS: 3 InsertRepeatedBytes-PersAutoDict-EraseBytes- DE: "\377\377\377\377\377\377\377\377"-
#43944	REDUCE cov: 1464 ft: 2789 corp: 266/9177Kb lim: 239306 exec/s: 1910 rss: 500Mb L: 14784/239306 MS: 1 CrossOver-
#43975	REDUCE cov: 1464 ft: 2789 corp: 266/9177Kb lim: 239306 exec/s: 1911 rss: 500Mb L: 304/239306 MS: 1 EraseBytes-
#43997	REDUCE cov: 1464 ft: 2789 corp: 266/9177Kb lim: 239306 exec/s: 1912 rss: 500Mb L: 233/239306 MS: 2 InsertByte-EraseBytes-
#44015	REDUCE cov: 1464 ft: 2789 corp: 266/9173Kb lim: 239306 exec/s: 1913 rss: 500Mb L: 4518/239306 MS: 3 ChangeBinInt-ChangeBit-EraseBytes-
#44093	REDUCE cov: 1464 ft: 2789 corp: 266/9172Kb lim: 239306 exec/s: 1917 rss: 500Mb L: 10795/239306 MS: 3 ChangeBit-ChangeASCIIInt-EraseBytes-
#44149	REDUCE cov: 1464 ft: 2789 corp: 266/9154Kb lim: 239306 exec/s: 1919 rss: 500Mb L: 19236/239306 MS: 1 EraseBytes-
#44195	NEW    cov: 1465 ft: 2790 corp: 267/9155Kb lim: 239306 exec/s: 1921 rss: 500Mb L: 903/239306 MS: 1 ChangeBinInt-
#44201	REDUCE cov: 1465 ft: 2790 corp: 267/9155Kb lim: 239306 exec/s: 1921 rss: 500Mb L: 53/239306 MS: 1 EraseBytes-
#44257	REDUCE cov: 1465 ft: 2790 corp: 267/9155Kb lim: 239306 exec/s: 1924 rss: 500Mb L: 43/239306 MS: 1 EraseBytes-
#44375	REDUCE cov: 1465 ft: 2790 corp: 267/9155Kb lim: 239306 exec/s: 1929 rss: 500Mb L: 78/239306 MS: 3 ChangeByte-ChangeBit-EraseBytes-
#44480	REDUCE cov: 1465 ft: 2790 corp: 267/9155Kb lim: 239306 exec/s: 1933 rss: 500Mb L: 87/239306 MS: 5 EraseBytes-ChangeBit-ChangeBinInt-ChangeByte-EraseBytes-
#44595	REDUCE cov: 1465 ft: 2790 corp: 267/9152Kb lim: 239306 exec/s: 1938 rss: 500Mb L: 5130/239306 MS: 5 ChangeByte-CopyPart-ChangeBit-ShuffleBytes-EraseBytes-
#44887	REDUCE cov: 1465 ft: 2790 corp: 267/9150Kb lim: 239306 exec/s: 1951 rss: 500Mb L: 1817/239306 MS: 2 ChangeBinInt-EraseBytes-
#44893	REDUCE cov: 1465 ft: 2790 corp: 267/9150Kb lim: 239306 exec/s: 1951 rss: 500Mb L: 4016/239306 MS: 1 EraseBytes-
#44919	REDUCE cov: 1465 ft: 2790 corp: 267/9150Kb lim: 239306 exec/s: 1953 rss: 500Mb L: 293/239306 MS: 1 EraseBytes-
#44981	REDUCE cov: 1465 ft: 2790 corp: 267/9147Kb lim: 239306 exec/s: 1874 rss: 500Mb L: 21111/239306 MS: 2 ChangeBit-EraseBytes-
#45009	REDUCE cov: 1465 ft: 2790 corp: 267/9144Kb lim: 239306 exec/s: 1875 rss: 500Mb L: 3375/239306 MS: 3 ChangeBit-ChangeByte-EraseBytes-
#45013	REDUCE cov: 1465 ft: 2790 corp: 267/9144Kb lim: 239306 exec/s: 1875 rss: 500Mb L: 3507/239306 MS: 4 CMP-InsertByte-ChangeByte-EraseBytes- DE: "\001\000"-
#45036	REDUCE cov: 1465 ft: 2790 corp: 267/9142Kb lim: 239306 exec/s: 1876 rss: 500Mb L: 30895/239306 MS: 3 InsertByte-ChangeBit-EraseBytes-
#45061	REDUCE cov: 1465 ft: 2790 corp: 267/9140Kb lim: 239306 exec/s: 1877 rss: 500Mb L: 2042/239306 MS: 5 CopyPart-EraseBytes-ChangeBinInt-EraseBytes-EraseBytes-
#45092	NEW    cov: 1465 ft: 2794 corp: 268/9142Kb lim: 239306 exec/s: 1878 rss: 500Mb L: 1365/239306 MS: 1 PersAutoDict- DE: "\020\000\000\000\000\000\000\000"-
#45147	REDUCE cov: 1465 ft: 2794 corp: 268/9138Kb lim: 239306 exec/s: 1881 rss: 500Mb L: 15250/239306 MS: 5 ChangeByte-CopyPart-CrossOver-InsertRepeatedBytes-EraseBytes-
#45273	REDUCE cov: 1465 ft: 2794 corp: 268/9138Kb lim: 239306 exec/s: 1886 rss: 500Mb L: 183/239306 MS: 1 EraseBytes-
#45300	REDUCE cov: 1465 ft: 2794 corp: 268/9137Kb lim: 239306 exec/s: 1887 rss: 500Mb L: 563/239306 MS: 2 ChangeBit-EraseBytes-
#45451	REDUCE cov: 1465 ft: 2794 corp: 268/9136Kb lim: 239306 exec/s: 1893 rss: 500Mb L: 3412/239306 MS: 1 EraseBytes-
#45482	REDUCE cov: 1465 ft: 2794 corp: 268/9136Kb lim: 239306 exec/s: 1895 rss: 500Mb L: 64/239306 MS: 1 EraseBytes-
#45509	REDUCE cov: 1465 ft: 2794 corp: 268/9125Kb lim: 239306 exec/s: 1896 rss: 500Mb L: 41604/239306 MS: 2 ChangeByte-EraseBytes-
#45566	REDUCE cov: 1465 ft: 2794 corp: 268/9124Kb lim: 239306 exec/s: 1898 rss: 500Mb L: 3730/239306 MS: 2 PersAutoDict-EraseBytes- DE: "TUUUUUU\005"-
#45587	REDUCE cov: 1465 ft: 2794 corp: 268/9122Kb lim: 239306 exec/s: 1899 rss: 500Mb L: 1712/239306 MS: 1 EraseBytes-
#45618	REDUCE cov: 1465 ft: 2794 corp: 268/9114Kb lim: 239306 exec/s: 1900 rss: 500Mb L: 10949/239306 MS: 1 EraseBytes-
#45629	NEW    cov: 1466 ft: 2795 corp: 269/9114Kb lim: 239306 exec/s: 1901 rss: 500Mb L: 244/239306 MS: 1 CopyPart-
#45641	REDUCE cov: 1466 ft: 2795 corp: 269/9106Kb lim: 239306 exec/s: 1901 rss: 500Mb L: 18416/239306 MS: 2 InsertRepeatedBytes-EraseBytes-
#45669	REDUCE cov: 1466 ft: 2795 corp: 269/9099Kb lim: 239306 exec/s: 1902 rss: 500Mb L: 7726/239306 MS: 3 ChangeASCIIInt-CrossOver-EraseBytes-
#45765	REDUCE cov: 1466 ft: 2795 corp: 269/9099Kb lim: 239306 exec/s: 1906 rss: 500Mb L: 145/239306 MS: 1 EraseBytes-
#45971	REDUCE cov: 1466 ft: 2795 corp: 269/9099Kb lim: 239306 exec/s: 1915 rss: 500Mb L: 1763/239306 MS: 1 EraseBytes-
#45995	REDUCE cov: 1466 ft: 2795 corp: 269/9098Kb lim: 239306 exec/s: 1916 rss: 500Mb L: 2591/239306 MS: 4 ChangeBinInt-PersAutoDict-CopyPart-EraseBytes- DE: "\001\000\000\000\000\000\000\002"-
#46224	REDUCE cov: 1466 ft: 2795 corp: 269/9067Kb lim: 239306 exec/s: 1926 rss: 500Mb L: 33636/239306 MS: 4 InsertRepeatedBytes-InsertRepeatedBytes-ChangeByte-EraseBytes-
#46276	REDUCE cov: 1466 ft: 2795 corp: 269/9066Kb lim: 239306 exec/s: 1928 rss: 500Mb L: 2197/239306 MS: 2 ShuffleBytes-EraseBytes-
#46392	REDUCE cov: 1466 ft: 2795 corp: 269/9064Kb lim: 239306 exec/s: 1933 rss: 500Mb L: 1914/239306 MS: 1 EraseBytes-
#46421	REDUCE cov: 1466 ft: 2795 corp: 269/9050Kb lim: 239306 exec/s: 1934 rss: 500Mb L: 38271/239306 MS: 4 PersAutoDict-ChangeBit-EraseBytes-InsertByte- DE: "\377\377\377\377\377\377\003\000"-
#46428	REDUCE cov: 1466 ft: 2795 corp: 269/9043Kb lim: 239306 exec/s: 1934 rss: 500Mb L: 10677/239306 MS: 2 ChangeBinInt-EraseBytes-
#46521	REDUCE cov: 1466 ft: 2795 corp: 269/9043Kb lim: 239306 exec/s: 1938 rss: 500Mb L: 2086/239306 MS: 3 CopyPart-ShuffleBytes-EraseBytes-
#46608	REDUCE cov: 1466 ft: 2795 corp: 269/9038Kb lim: 239306 exec/s: 1942 rss: 500Mb L: 13635/239306 MS: 2 ChangeASCIIInt-EraseBytes-
#46763	REDUCE cov: 1466 ft: 2795 corp: 269/9035Kb lim: 239306 exec/s: 1948 rss: 500Mb L: 4847/239306 MS: 5 ChangeBit-ChangeBit-ChangeByte-ChangeASCIIInt-EraseBytes-
#46809	REDUCE cov: 1466 ft: 2795 corp: 269/9035Kb lim: 239306 exec/s: 1950 rss: 500Mb L: 7/239306 MS: 1 EraseBytes-
#46966	REDUCE cov: 1466 ft: 2795 corp: 269/9024Kb lim: 239306 exec/s: 1956 rss: 500Mb L: 58971/239306 MS: 2 ChangeASCIIInt-EraseBytes-
#47043	REDUCE cov: 1466 ft: 2795 corp: 269/9024Kb lim: 239306 exec/s: 1960 rss: 500Mb L: 1022/239306 MS: 2 InsertByte-EraseBytes-
#47086	REDUCE cov: 1466 ft: 2795 corp: 269/9024Kb lim: 239306 exec/s: 1961 rss: 500Mb L: 873/239306 MS: 3 ChangeBit-ChangeBinInt-EraseBytes-
#47098	REDUCE cov: 1466 ft: 2795 corp: 269/9022Kb lim: 239306 exec/s: 1962 rss: 500Mb L: 13065/239306 MS: 2 InsertByte-EraseBytes-
#47125	REDUCE cov: 1466 ft: 2795 corp: 269/9022Kb lim: 239306 exec/s: 1963 rss: 500Mb L: 521/239306 MS: 2 InsertByte-EraseBytes-
#47211	REDUCE cov: 1466 ft: 2795 corp: 269/9022Kb lim: 239306 exec/s: 1967 rss: 500Mb L: 1958/239306 MS: 1 EraseBytes-
#47252	REDUCE cov: 1466 ft: 2795 corp: 269/9022Kb lim: 239306 exec/s: 1968 rss: 500Mb L: 744/239306 MS: 1 EraseBytes-
#47298	REDUCE cov: 1466 ft: 2795 corp: 269/9021Kb lim: 239306 exec/s: 1970 rss: 500Mb L: 7421/239306 MS: 1 EraseBytes-
#47302	REDUCE cov: 1466 ft: 2795 corp: 269/9021Kb lim: 239306 exec/s: 1970 rss: 500Mb L: 191/239306 MS: 4 InsertByte-CopyPart-InsertByte-EraseBytes-
#47360	REDUCE cov: 1466 ft: 2795 corp: 269/9021Kb lim: 239306 exec/s: 1973 rss: 500Mb L: 91/239306 MS: 3 ChangeByte-ChangeByte-EraseBytes-
#47397	REDUCE cov: 1466 ft: 2795 corp: 269/9019Kb lim: 239306 exec/s: 1974 rss: 500Mb L: 9412/239306 MS: 2 CrossOver-EraseBytes-
#47458	REDUCE cov: 1466 ft: 2795 corp: 269/9018Kb lim: 239306 exec/s: 1977 rss: 500Mb L: 1043/239306 MS: 1 EraseBytes-
#47489	REDUCE cov: 1466 ft: 2795 corp: 269/9001Kb lim: 239306 exec/s: 1978 rss: 500Mb L: 25630/239306 MS: 1 EraseBytes-
#47491	REDUCE cov: 1466 ft: 2795 corp: 269/9001Kb lim: 239306 exec/s: 1978 rss: 500Mb L: 758/239306 MS: 2 ShuffleBytes-EraseBytes-
#47626	REDUCE cov: 1466 ft: 2795 corp: 269/9001Kb lim: 239306 exec/s: 1984 rss: 500Mb L: 2241/239306 MS: 5 InsertByte-InsertByte-CopyPart-ShuffleBytes-EraseBytes-
#47758	REDUCE cov: 1466 ft: 2795 corp: 269/9000Kb lim: 239306 exec/s: 1910 rss: 500Mb L: 11838/239306 MS: 2 CopyPart-EraseBytes-
#47764	REDUCE cov: 1466 ft: 2795 corp: 269/8998Kb lim: 239306 exec/s: 1910 rss: 500Mb L: 1781/239306 MS: 1 EraseBytes-
#47811	REDUCE cov: 1466 ft: 2795 corp: 269/8998Kb lim: 239306 exec/s: 1912 rss: 500Mb L: 721/239306 MS: 2 ShuffleBytes-EraseBytes-
#47866	REDUCE cov: 1466 ft: 2795 corp: 269/8997Kb lim: 239306 exec/s: 1914 rss: 500Mb L: 2673/239306 MS: 5 ChangeBinInt-ShuffleBytes-InsertByte-InsertRepeatedBytes-EraseBytes-
#48050	REDUCE cov: 1467 ft: 2796 corp: 270/8997Kb lim: 239306 exec/s: 1922 rss: 500Mb L: 7/239306 MS: 4 CrossOver-CopyPart-ChangeByte-CMP- DE: "\000\000"-
#48168	REDUCE cov: 1467 ft: 2796 corp: 270/8997Kb lim: 239306 exec/s: 1926 rss: 500Mb L: 178/239306 MS: 3 ChangeBinInt-InsertByte-EraseBytes-
#48181	REDUCE cov: 1467 ft: 2796 corp: 270/8995Kb lim: 239306 exec/s: 1927 rss: 500Mb L: 1882/239306 MS: 3 InsertRepeatedBytes-ChangeByte-EraseBytes-
#48227	REDUCE cov: 1467 ft: 2796 corp: 270/8992Kb lim: 239306 exec/s: 1929 rss: 500Mb L: 9732/239306 MS: 1 EraseBytes-
#48338	REDUCE cov: 1467 ft: 2796 corp: 270/8990Kb lim: 239306 exec/s: 1933 rss: 500Mb L: 6680/239306 MS: 1 EraseBytes-
#48369	REDUCE cov: 1467 ft: 2796 corp: 270/8978Kb lim: 239306 exec/s: 1934 rss: 500Mb L: 19292/239306 MS: 1 EraseBytes-
#48410	REDUCE cov: 1467 ft: 2796 corp: 270/8976Kb lim: 239306 exec/s: 1936 rss: 500Mb L: 84566/239306 MS: 1 EraseBytes-
#48464	REDUCE cov: 1467 ft: 2796 corp: 270/8976Kb lim: 239306 exec/s: 1938 rss: 500Mb L: 577/239306 MS: 4 ChangeBit-ChangeBinInt-ShuffleBytes-EraseBytes-
#48495	REDUCE cov: 1467 ft: 2796 corp: 270/8975Kb lim: 239306 exec/s: 1939 rss: 500Mb L: 263/239306 MS: 1 EraseBytes-
#48516	REDUCE cov: 1467 ft: 2796 corp: 270/8974Kb lim: 239306 exec/s: 1940 rss: 500Mb L: 9912/239306 MS: 1 EraseBytes-
#48647	REDUCE cov: 1467 ft: 2796 corp: 270/8974Kb lim: 239306 exec/s: 1945 rss: 500Mb L: 266/239306 MS: 1 EraseBytes-
#48678	REDUCE cov: 1467 ft: 2796 corp: 270/8973Kb lim: 239306 exec/s: 1947 rss: 500Mb L: 1508/239306 MS: 1 EraseBytes-
#48737	REDUCE cov: 1467 ft: 2796 corp: 270/8973Kb lim: 239306 exec/s: 1949 rss: 500Mb L: 72/239306 MS: 4 InsertByte-ChangeBit-CopyPart-EraseBytes-
#48789	REDUCE cov: 1467 ft: 2796 corp: 270/8972Kb lim: 239306 exec/s: 1951 rss: 500Mb L: 100638/239306 MS: 2 ChangeBinInt-EraseBytes-
#48793	REDUCE cov: 1467 ft: 2796 corp: 270/8971Kb lim: 239306 exec/s: 1951 rss: 500Mb L: 1460/239306 MS: 4 InsertByte-InsertByte-ShuffleBytes-EraseBytes-
#48809	REDUCE cov: 1467 ft: 2796 corp: 270/8971Kb lim: 239306 exec/s: 1952 rss: 500Mb L: 1931/239306 MS: 1 EraseBytes-
#48861	REDUCE cov: 1467 ft: 2796 corp: 270/8971Kb lim: 239306 exec/s: 1954 rss: 500Mb L: 1316/239306 MS: 2 ShuffleBytes-EraseBytes-
#48893	REDUCE cov: 1467 ft: 2796 corp: 270/8969Kb lim: 239306 exec/s: 1955 rss: 500Mb L: 5019/239306 MS: 2 ShuffleBytes-EraseBytes-
#49099	REDUCE cov: 1467 ft: 2796 corp: 270/8959Kb lim: 239306 exec/s: 1963 rss: 500Mb L: 15578/239306 MS: 1 EraseBytes-
#49100	REDUCE cov: 1467 ft: 2796 corp: 270/8959Kb lim: 239306 exec/s: 1964 rss: 500Mb L: 2675/239306 MS: 1 EraseBytes-
#49111	REDUCE cov: 1467 ft: 2796 corp: 270/8953Kb lim: 239306 exec/s: 1964 rss: 500Mb L: 29483/239306 MS: 1 EraseBytes-
#49130	REDUCE cov: 1467 ft: 2796 corp: 270/8910Kb lim: 239306 exec/s: 1965 rss: 500Mb L: 56130/239306 MS: 4 ChangeBinInt-InsertRepeatedBytes-InsertRepeatedBytes-EraseBytes-
#49211	REDUCE cov: 1467 ft: 2796 corp: 270/8909Kb lim: 239306 exec/s: 1968 rss: 500Mb L: 789/239306 MS: 1 EraseBytes-
#49221	REDUCE cov: 1467 ft: 2796 corp: 270/8909Kb lim: 239306 exec/s: 1968 rss: 500Mb L: 765/239306 MS: 5 InsertByte-ChangeBinInt-ChangeBit-ChangeByte-EraseBytes-
#49298	REDUCE cov: 1467 ft: 2796 corp: 270/8904Kb lim: 239306 exec/s: 1971 rss: 500Mb L: 15492/239306 MS: 2 ChangeBit-EraseBytes-
#49334	REDUCE cov: 1467 ft: 2796 corp: 270/8904Kb lim: 239306 exec/s: 1973 rss: 500Mb L: 4135/239306 MS: 1 EraseBytes-
#49354	REDUCE cov: 1467 ft: 2796 corp: 270/8904Kb lim: 239306 exec/s: 1974 rss: 500Mb L: 153/239306 MS: 5 ShuffleBytes-ChangeByte-ChangeBit-CopyPart-EraseBytes-
#49361	REDUCE cov: 1467 ft: 2796 corp: 270/8903Kb lim: 239306 exec/s: 1974 rss: 500Mb L: 3212/239306 MS: 2 CrossOver-EraseBytes-
#49392	NEW    cov: 1467 ft: 2797 corp: 271/8904Kb lim: 239306 exec/s: 1975 rss: 500Mb L: 903/239306 MS: 1 CopyPart-
#49740	REDUCE cov: 1467 ft: 2797 corp: 271/8904Kb lim: 239306 exec/s: 1989 rss: 500Mb L: 89/239306 MS: 3 ChangeByte-ShuffleBytes-EraseBytes-
#49766	REDUCE cov: 1467 ft: 2797 corp: 271/8903Kb lim: 239306 exec/s: 1990 rss: 500Mb L: 1609/239306 MS: 1 EraseBytes-
#49825	REDUCE cov: 1467 ft: 2797 corp: 271/8902Kb lim: 239306 exec/s: 1993 rss: 500Mb L: 9246/239306 MS: 4 CrossOver-ShuffleBytes-ChangeByte-EraseBytes-
#49927	REDUCE cov: 1467 ft: 2797 corp: 271/8896Kb lim: 239306 exec/s: 1997 rss: 500Mb L: 9020/239306 MS: 2 ChangeBit-EraseBytes-
#49953	REDUCE cov: 1467 ft: 2797 corp: 271/8896Kb lim: 239306 exec/s: 1998 rss: 500Mb L: 101/239306 MS: 1 EraseBytes-
#49962	REDUCE cov: 1467 ft: 2797 corp: 271/8878Kb lim: 239306 exec/s: 1998 rss: 500Mb L: 22063/239306 MS: 4 PersAutoDict-CopyPart-ShuffleBytes-EraseBytes- DE: "\013\252\252\252\252\252\252\252"-
#50068	REDUCE cov: 1468 ft: 2798 corp: 272/8878Kb lim: 239306 exec/s: 2002 rss: 500Mb L: 468/239306 MS: 1 PersAutoDict- DE: "\001\000\000\000\000\000\000\003"-
#50149	REDUCE cov: 1468 ft: 2798 corp: 272/8877Kb lim: 239306 exec/s: 2005 rss: 500Mb L: 4864/239306 MS: 1 EraseBytes-
#50161	REDUCE cov: 1468 ft: 2798 corp: 272/8876Kb lim: 239306 exec/s: 2006 rss: 500Mb L: 2245/239306 MS: 2 ChangeASCIIInt-EraseBytes-
#50162	REDUCE cov: 1468 ft: 2798 corp: 272/8875Kb lim: 239306 exec/s: 2006 rss: 500Mb L: 690/239306 MS: 1 EraseBytes-
#50175	REDUCE cov: 1468 ft: 2798 corp: 272/8875Kb lim: 239306 exec/s: 2007 rss: 500Mb L: 49/239306 MS: 3 ChangeBinInt-ShuffleBytes-EraseBytes-
#50301	REDUCE cov: 1468 ft: 2798 corp: 272/8871Kb lim: 239306 exec/s: 2012 rss: 500Mb L: 4706/239306 MS: 1 EraseBytes-
#50317	REDUCE cov: 1468 ft: 2798 corp: 272/8871Kb lim: 239306 exec/s: 2012 rss: 500Mb L: 65/239306 MS: 1 EraseBytes-
#50405	REDUCE cov: 1468 ft: 2798 corp: 272/8868Kb lim: 239306 exec/s: 2016 rss: 500Mb L: 12798/239306 MS: 3 ShuffleBytes-ShuffleBytes-EraseBytes-
#50466	REDUCE cov: 1468 ft: 2798 corp: 272/8849Kb lim: 239306 exec/s: 2018 rss: 500Mb L: 55552/239306 MS: 1 EraseBytes-
#50502	REDUCE cov: 1468 ft: 2798 corp: 272/8849Kb lim: 239306 exec/s: 2020 rss: 500Mb L: 113/239306 MS: 1 EraseBytes-
#50550	REDUCE cov: 1468 ft: 2798 corp: 272/8847Kb lim: 239306 exec/s: 2022 rss: 500Mb L: 4269/239306 MS: 3 CrossOver-InsertByte-EraseBytes-
#50721	REDUCE cov: 1468 ft: 2798 corp: 272/8847Kb lim: 239306 exec/s: 1950 rss: 500Mb L: 2995/239306 MS: 1 EraseBytes-
#50982	REDUCE cov: 1468 ft: 2798 corp: 272/8840Kb lim: 239306 exec/s: 1960 rss: 500Mb L: 7610/239306 MS: 1 EraseBytes-
#51085	REDUCE cov: 1468 ft: 2798 corp: 272/8835Kb lim: 239306 exec/s: 1964 rss: 500Mb L: 36914/239306 MS: 3 CMP-ChangeBit-EraseBytes- DE: "\000\000\000\001"-
#51116	REDUCE cov: 1468 ft: 2798 corp: 272/8832Kb lim: 239306 exec/s: 1966 rss: 500Mb L: 19626/239306 MS: 1 EraseBytes-
#51194	REDUCE cov: 1468 ft: 2799 corp: 273/8832Kb lim: 239306 exec/s: 1969 rss: 500Mb L: 303/239306 MS: 3 PersAutoDict-ShuffleBytes-CopyPart- DE: "\336y\3321\343\335\312%"-
#51307	REDUCE cov: 1468 ft: 2799 corp: 273/8830Kb lim: 239306 exec/s: 1973 rss: 500Mb L: 5747/239306 MS: 3 PersAutoDict-CopyPart-EraseBytes- DE: "\242\"\002\000\000\000\000\000"-
#51338	REDUCE cov: 1468 ft: 2799 corp: 273/8829Kb lim: 239306 exec/s: 1974 rss: 500Mb L: 3766/239306 MS: 1 EraseBytes-
#51385	REDUCE cov: 1468 ft: 2799 corp: 273/8829Kb lim: 239306 exec/s: 1976 rss: 500Mb L: 516/239306 MS: 2 ShuffleBytes-EraseBytes-
#51387	REDUCE cov: 1468 ft: 2799 corp: 273/8829Kb lim: 239306 exec/s: 1976 rss: 500Mb L: 12124/239306 MS: 2 ChangeASCIIInt-EraseBytes-
#51714	REDUCE cov: 1468 ft: 2799 corp: 273/8828Kb lim: 239306 exec/s: 1989 rss: 500Mb L: 18923/239306 MS: 2 ChangeByte-EraseBytes-
#51805	REDUCE cov: 1468 ft: 2799 corp: 273/8828Kb lim: 239306 exec/s: 1992 rss: 500Mb L: 26455/239306 MS: 1 EraseBytes-
#51931	REDUCE cov: 1468 ft: 2799 corp: 273/8827Kb lim: 239306 exec/s: 1997 rss: 500Mb L: 6418/239306 MS: 1 EraseBytes-
#51973	REDUCE cov: 1468 ft: 2799 corp: 273/8827Kb lim: 239306 exec/s: 1998 rss: 500Mb L: 1970/239306 MS: 2 InsertByte-EraseBytes-
#51979	REDUCE cov: 1468 ft: 2799 corp: 273/8827Kb lim: 239306 exec/s: 1999 rss: 500Mb L: 1210/239306 MS: 1 EraseBytes-
#52010	REDUCE cov: 1468 ft: 2799 corp: 273/8824Kb lim: 239306 exec/s: 2000 rss: 500Mb L: 9332/239306 MS: 1 EraseBytes-
#52087	REDUCE cov: 1468 ft: 2799 corp: 273/8815Kb lim: 239306 exec/s: 2003 rss: 500Mb L: 72103/239306 MS: 2 InsertRepeatedBytes-EraseBytes-
#52160	REDUCE cov: 1468 ft: 2799 corp: 273/8814Kb lim: 239306 exec/s: 2006 rss: 500Mb L: 10757/239306 MS: 3 InsertByte-ChangeASCIIInt-EraseBytes-
#52181	REDUCE cov: 1468 ft: 2799 corp: 273/8813Kb lim: 239306 exec/s: 2006 rss: 500Mb L: 1440/239306 MS: 1 EraseBytes-
#52197	REDUCE cov: 1468 ft: 2799 corp: 273/8813Kb lim: 239306 exec/s: 2007 rss: 500Mb L: 20/239306 MS: 1 EraseBytes-
#52366	REDUCE cov: 1468 ft: 2799 corp: 273/8808Kb lim: 239306 exec/s: 2014 rss: 500Mb L: 7287/239306 MS: 4 InsertRepeatedBytes-ChangeBit-ShuffleBytes-EraseBytes-
#52403	REDUCE cov: 1468 ft: 2799 corp: 273/8806Kb lim: 239306 exec/s: 2015 rss: 500Mb L: 16538/239306 MS: 2 ShuffleBytes-EraseBytes-
#52470	REDUCE cov: 1468 ft: 2799 corp: 273/8805Kb lim: 239306 exec/s: 2018 rss: 500Mb L: 4965/239306 MS: 2 CopyPart-EraseBytes-
#52486	REDUCE cov: 1468 ft: 2799 corp: 273/8802Kb lim: 239306 exec/s: 2018 rss: 500Mb L: 15523/239306 MS: 1 EraseBytes-
#52490	REDUCE cov: 1468 ft: 2799 corp: 273/8801Kb lim: 239306 exec/s: 2018 rss: 500Mb L: 1708/239306 MS: 4 ChangeASCIIInt-PersAutoDict-PersAutoDict-EraseBytes- DE: "L\000\000\000\000\000\000\000"-"\377\377\377\377\377\377\377\003"-
#52576	REDUCE cov: 1468 ft: 2799 corp: 273/8801Kb lim: 239306 exec/s: 2022 rss: 500Mb L: 1401/239306 MS: 1 EraseBytes-
#52602	REDUCE cov: 1468 ft: 2799 corp: 273/8801Kb lim: 239306 exec/s: 2023 rss: 500Mb L: 1195/239306 MS: 1 EraseBytes-
#52607	REDUCE cov: 1468 ft: 2799 corp: 273/8800Kb lim: 239306 exec/s: 2023 rss: 500Mb L: 4931/239306 MS: 5 ChangeBit-ChangeBinInt-ShuffleBytes-ChangeASCIIInt-CrossOver-
#52626	REDUCE cov: 1468 ft: 2799 corp: 273/8800Kb lim: 239306 exec/s: 2024 rss: 500Mb L: 95/239306 MS: 4 ChangeByte-ChangeBinInt-ShuffleBytes-EraseBytes-
#52646	REDUCE cov: 1468 ft: 2799 corp: 273/8800Kb lim: 239306 exec/s: 2024 rss: 500Mb L: 1905/239306 MS: 5 InsertRepeatedBytes-CrossOver-ChangeASCIIInt-CMP-EraseBytes- DE: "\005\000\000\000\000\000\000\000"-
#52672	REDUCE cov: 1468 ft: 2799 corp: 273/8799Kb lim: 239306 exec/s: 2025 rss: 500Mb L: 1121/239306 MS: 1 EraseBytes-
#52712	REDUCE cov: 1468 ft: 2799 corp: 273/8799Kb lim: 239306 exec/s: 2027 rss: 500Mb L: 1559/239306 MS: 5 PersAutoDict-ShuffleBytes-ChangeASCIIInt-ChangeByte-EraseBytes- DE: "\001\000\000\000\000\000\000/"-
#52790	REDUCE cov: 1468 ft: 2799 corp: 273/8774Kb lim: 239306 exec/s: 2030 rss: 500Mb L: 33439/239306 MS: 3 InsertRepeatedBytes-InsertByte-EraseBytes-
#52855	REDUCE cov: 1468 ft: 2799 corp: 273/8774Kb lim: 239306 exec/s: 2032 rss: 500Mb L: 1460/239306 MS: 5 CopyPart-InsertByte-InsertRepeatedBytes-ShuffleBytes-EraseBytes-
#52971	NEW    cov: 1468 ft: 2800 corp: 274/8774Kb lim: 239306 exec/s: 2037 rss: 500Mb L: 254/239306 MS: 1 ChangeBinInt-
#53087	REDUCE cov: 1468 ft: 2800 corp: 274/8774Kb lim: 239306 exec/s: 2041 rss: 500Mb L: 1479/239306 MS: 1 EraseBytes-
#53133	REDUCE cov: 1468 ft: 2800 corp: 274/8771Kb lim: 239306 exec/s: 2043 rss: 500Mb L: 7022/239306 MS: 1 EraseBytes-
#53335	REDUCE cov: 1468 ft: 2801 corp: 275/8771Kb lim: 239306 exec/s: 2051 rss: 500Mb L: 87/239306 MS: 2 EraseBytes-EraseBytes-
#53468	REDUCE cov: 1468 ft: 2801 corp: 275/8771Kb lim: 239306 exec/s: 2056 rss: 500Mb L: 1209/239306 MS: 3 EraseBytes-EraseBytes-CopyPart-
#53504	REDUCE cov: 1468 ft: 2801 corp: 275/8770Kb lim: 239306 exec/s: 2057 rss: 500Mb L: 4007/239306 MS: 1 EraseBytes-
#53520	REDUCE cov: 1468 ft: 2801 corp: 275/8770Kb lim: 239306 exec/s: 2058 rss: 500Mb L: 192/239306 MS: 1 EraseBytes-
#53612	REDUCE cov: 1468 ft: 2801 corp: 275/8770Kb lim: 239306 exec/s: 1985 rss: 500Mb L: 6/239306 MS: 2 ChangeByte-EraseBytes-
#53664	REDUCE cov: 1468 ft: 2801 corp: 275/8767Kb lim: 239306 exec/s: 1987 rss: 500Mb L: 16274/239306 MS: 2 ChangeBit-EraseBytes-
#53678	REDUCE cov: 1468 ft: 2801 corp: 275/8765Kb lim: 239306 exec/s: 1988 rss: 500Mb L: 4122/239306 MS: 4 ChangeByte-InsertByte-ShuffleBytes-EraseBytes-
#53679	REDUCE cov: 1468 ft: 2801 corp: 275/8765Kb lim: 239306 exec/s: 1988 rss: 500Mb L: 77/239306 MS: 1 EraseBytes-
#53680	REDUCE cov: 1468 ft: 2801 corp: 275/8759Kb lim: 239306 exec/s: 1988 rss: 500Mb L: 24165/239306 MS: 1 EraseBytes-
#53712	REDUCE cov: 1468 ft: 2801 corp: 275/8755Kb lim: 239306 exec/s: 1989 rss: 500Mb L: 217478/239306 MS: 2 PersAutoDict-EraseBytes- DE: "\000\000\000\000\000\000\000\000"-
#53789	REDUCE cov: 1468 ft: 2801 corp: 275/8754Kb lim: 239306 exec/s: 1992 rss: 500Mb L: 1694/239306 MS: 2 CopyPart-EraseBytes-
#53817	REDUCE cov: 1468 ft: 2801 corp: 275/8754Kb lim: 239306 exec/s: 1993 rss: 500Mb L: 1060/239306 MS: 3 ChangeBinInt-PersAutoDict-EraseBytes- DE: "2\005Ac\001(\025m"-
#53865	REDUCE cov: 1468 ft: 2801 corp: 275/8753Kb lim: 239306 exec/s: 1995 rss: 500Mb L: 14702/239306 MS: 3 ShuffleBytes-ChangeBit-EraseBytes-
#53868	REDUCE cov: 1468 ft: 2801 corp: 275/8753Kb lim: 239306 exec/s: 1995 rss: 500Mb L: 289/239306 MS: 3 CopyPart-PersAutoDict-EraseBytes- DE: "\377\377\377\377\377\377\377\377"-
#53874	REDUCE cov: 1468 ft: 2801 corp: 275/8751Kb lim: 239306 exec/s: 1995 rss: 500Mb L: 27222/239306 MS: 1 EraseBytes-
#53925	REDUCE cov: 1468 ft: 2801 corp: 275/8750Kb lim: 239306 exec/s: 1997 rss: 500Mb L: 1561/239306 MS: 1 EraseBytes-
#53969	REDUCE cov: 1468 ft: 2801 corp: 275/8746Kb lim: 239306 exec/s: 1998 rss: 500Mb L: 32842/239306 MS: 4 ChangeBit-PersAutoDict-ChangeBinInt-EraseBytes- DE: "\377\377\377\377"-
#53991	REDUCE cov: 1468 ft: 2801 corp: 275/8743Kb lim: 239306 exec/s: 1999 rss: 500Mb L: 6438/239306 MS: 2 CopyPart-CrossOver-
#54007	NEW    cov: 1468 ft: 2806 corp: 276/8743Kb lim: 239306 exec/s: 2000 rss: 500Mb L: 118/239306 MS: 1 CrossOver-
#54015	REDUCE cov: 1468 ft: 2806 corp: 276/8740Kb lim: 239306 exec/s: 2000 rss: 500Mb L: 4826/239306 MS: 3 PersAutoDict-ChangeASCIIInt-EraseBytes- DE: "\000\000\000\000\377\377\377\377"-
#54069	REDUCE cov: 1468 ft: 2806 corp: 276/8740Kb lim: 239306 exec/s: 2002 rss: 500Mb L: 804/239306 MS: 4 ChangeASCIIInt-ChangeByte-InsertByte-EraseBytes-
#54139	REDUCE cov: 1468 ft: 2806 corp: 276/8739Kb lim: 239306 exec/s: 2005 rss: 500Mb L: 6482/239306 MS: 5 InsertRepeatedBytes-ChangeASCIIInt-InsertRepeatedBytes-ShuffleBytes-EraseBytes-
#54267	REDUCE cov: 1468 ft: 2806 corp: 276/8739Kb lim: 239306 exec/s: 2009 rss: 500Mb L: 70/239306 MS: 3 ChangeBit-ChangeBit-EraseBytes-
#54383	REDUCE cov: 1468 ft: 2806 corp: 276/8738Kb lim: 239306 exec/s: 2014 rss: 500Mb L: 12934/239306 MS: 1 EraseBytes-
#54395	REDUCE cov: 1468 ft: 2806 corp: 276/8738Kb lim: 239306 exec/s: 2014 rss: 500Mb L: 262/239306 MS: 2 ChangeBinInt-EraseBytes-
#54396	REDUCE cov: 1468 ft: 2806 corp: 276/8738Kb lim: 239306 exec/s: 2014 rss: 500Mb L: 95/239306 MS: 1 EraseBytes-
#54441	REDUCE cov: 1468 ft: 2806 corp: 276/8722Kb lim: 239306 exec/s: 2016 rss: 500Mb L: 39937/239306 MS: 5 PersAutoDict-ChangeByte-ChangeByte-CrossOver-EraseBytes- DE: "\377\377\377\377\377\377\015s"-
#54512	REDUCE cov: 1468 ft: 2806 corp: 276/8715Kb lim: 239306 exec/s: 2018 rss: 500Mb L: 8059/239306 MS: 1 EraseBytes-
#54544	REDUCE cov: 1468 ft: 2806 corp: 276/8715Kb lim: 239306 exec/s: 2020 rss: 500Mb L: 28/239306 MS: 2 ChangeBit-EraseBytes-
#54631	REDUCE cov: 1468 ft: 2806 corp: 276/8713Kb lim: 239306 exec/s: 2023 rss: 500Mb L: 8164/239306 MS: 2 CMP-EraseBytes- DE: "\377\377\377\377\377\377\377\003"-
#54736	REDUCE cov: 1468 ft: 2806 corp: 276/8713Kb lim: 239306 exec/s: 2027 rss: 500Mb L: 63/239306 MS: 5 ChangeBinInt-EraseBytes-InsertByte-ChangeBit-EraseBytes-
#54759	REDUCE cov: 1468 ft: 2806 corp: 276/8713Kb lim: 239306 exec/s: 2028 rss: 500Mb L: 604/239306 MS: 3 ShuffleBytes-ChangeBinInt-EraseBytes-
#54788	REDUCE cov: 1468 ft: 2806 corp: 276/8712Kb lim: 239306 exec/s: 2029 rss: 500Mb L: 1570/239306 MS: 4 ChangeBinInt-ChangeBit-PersAutoDict-EraseBytes- DE: "\377\377\377\377\377\377\003\000"-
#54840	REDUCE cov: 1468 ft: 2806 corp: 276/8712Kb lim: 239306 exec/s: 2031 rss: 500Mb L: 459/239306 MS: 2 ChangeBit-EraseBytes-
#55014	NEW    cov: 1468 ft: 2810 corp: 277/8712Kb lim: 239306 exec/s: 2037 rss: 500Mb L: 131/239306 MS: 4 ChangeBinInt-PersAutoDict-ChangeBit-EraseBytes- DE: "\001\000"-
#55090	REDUCE cov: 1468 ft: 2810 corp: 277/8711Kb lim: 239306 exec/s: 2040 rss: 500Mb L: 1189/239306 MS: 1 EraseBytes-
#55121	REDUCE cov: 1468 ft: 2813 corp: 278/8711Kb lim: 239306 exec/s: 2041 rss: 500Mb L: 36/239306 MS: 1 EraseBytes-
#55278	NEW    cov: 1468 ft: 2820 corp: 279/8712Kb lim: 239306 exec/s: 2047 rss: 500Mb L: 447/239306 MS: 2 ChangeBit-CopyPart-
#55320	REDUCE cov: 1468 ft: 2820 corp: 279/8705Kb lim: 239306 exec/s: 2048 rss: 500Mb L: 20616/239306 MS: 2 CMP-EraseBytes- DE: "\000\000\000\000\000\000\000\000\000\000\000\000\000\000\000\000\000\000\000\000\000\000\000\000\000\000\000\000\000\000\000\000"-
#55370	REDUCE cov: 1468 ft: 2820 corp: 279/8705Kb lim: 239306 exec/s: 2050 rss: 500Mb L: 1736/239306 MS: 5 ChangeASCIIInt-CopyPart-ChangeBit-ShuffleBytes-EraseBytes-
#55446	REDUCE cov: 1468 ft: 2820 corp: 279/8705Kb lim: 239306 exec/s: 2053 rss: 500Mb L: 327/239306 MS: 1 EraseBytes-
#55482	REDUCE cov: 1468 ft: 2821 corp: 280/8705Kb lim: 239306 exec/s: 2054 rss: 500Mb L: 109/239306 MS: 1 InsertByte-
#55635	REDUCE cov: 1468 ft: 2821 corp: 280/8705Kb lim: 239306 exec/s: 2060 rss: 500Mb L: 1321/239306 MS: 3 InsertByte-CrossOver-EraseBytes-
#55851	REDUCE cov: 1468 ft: 2821 corp: 280/8705Kb lim: 239306 exec/s: 2068 rss: 500Mb L: 3979/239306 MS: 1 CrossOver-
#55953	REDUCE cov: 1468 ft: 2821 corp: 280/8705Kb lim: 239306 exec/s: 2072 rss: 500Mb L: 1261/239306 MS: 2 InsertByte-EraseBytes-
#56082	REDUCE cov: 1468 ft: 2821 corp: 280/8704Kb lim: 239306 exec/s: 2077 rss: 500Mb L: 779/239306 MS: 4 CrossOver-InsertByte-InsertRepeatedBytes-EraseBytes-
#56278	REDUCE cov: 1468 ft: 2821 corp: 280/8704Kb lim: 239306 exec/s: 2084 rss: 500Mb L: 214/239306 MS: 1 EraseBytes-
#56319	REDUCE cov: 1468 ft: 2821 corp: 280/8704Kb lim: 239306 exec/s: 2085 rss: 500Mb L: 103/239306 MS: 1 EraseBytes-
#56436	REDUCE cov: 1468 ft: 2821 corp: 280/8704Kb lim: 239306 exec/s: 2090 rss: 500Mb L: 375/239306 MS: 2 CMP-EraseBytes- DE: "\377\377\377\377"-
#56472	NEW    cov: 1468 ft: 2826 corp: 281/8704Kb lim: 239306 exec/s: 2091 rss: 500Mb L: 198/239306 MS: 1 InsertRepeatedBytes-
#56478	REDUCE cov: 1468 ft: 2826 corp: 281/8704Kb lim: 239306 exec/s: 2091 rss: 500Mb L: 935/239306 MS: 1 EraseBytes-
#56521	REDUCE cov: 1468 ft: 2827 corp: 282/8705Kb lim: 239306 exec/s: 2093 rss: 500Mb L: 784/239306 MS: 3 InsertByte-ChangeByte-PersAutoDict- DE: "\000\000\000\001"-
#56726	REDUCE cov: 1468 ft: 2827 corp: 282/8704Kb lim: 239306 exec/s: 2025 rss: 500Mb L: 10137/239306 MS: 5 CrossOver-InsertRepeatedBytes-ChangeASCIIInt-ChangeASCIIInt-EraseBytes-
#56768	REDUCE cov: 1468 ft: 2827 corp: 282/8681Kb lim: 239306 exec/s: 2027 rss: 500Mb L: 14419/239306 MS: 2 EraseBytes-EraseBytes-
#56897	REDUCE cov: 1468 ft: 2827 corp: 282/8679Kb lim: 239306 exec/s: 2032 rss: 500Mb L: 5797/239306 MS: 4 CopyPart-CrossOver-CrossOver-EraseBytes-
#56912	REDUCE cov: 1468 ft: 2827 corp: 282/8679Kb lim: 239306 exec/s: 2032 rss: 500Mb L: 1238/239306 MS: 5 ShuffleBytes-CMP-ChangeASCIIInt-ChangeBit-EraseBytes- DE: "\301\\\002\211\354-\012\221g\354\216e\241\215\353\276^U2\373\356\242\223\370\013\311B\356\220\206\301q"-
#56919	REDUCE cov: 1468 ft: 2827 corp: 282/8679Kb lim: 239306 exec/s: 2032 rss: 500Mb L: 3489/239306 MS: 2 ChangeByte-EraseBytes-
#57040	REDUCE cov: 1468 ft: 2827 corp: 282/8657Kb lim: 239306 exec/s: 2037 rss: 500Mb L: 48049/239306 MS: 1 EraseBytes-
#57061	REDUCE cov: 1468 ft: 2827 corp: 282/8656Kb lim: 239306 exec/s: 2037 rss: 500Mb L: 751/239306 MS: 1 EraseBytes-
#57103	REDUCE cov: 1468 ft: 2827 corp: 282/8655Kb lim: 239306 exec/s: 2039 rss: 500Mb L: 3472/239306 MS: 2 ChangeASCIIInt-EraseBytes-
#57309	REDUCE cov: 1468 ft: 2827 corp: 282/8655Kb lim: 239306 exec/s: 2046 rss: 500Mb L: 3557/239306 MS: 1 EraseBytes-
#57321	REDUCE cov: 1468 ft: 2827 corp: 282/8654Kb lim: 239306 exec/s: 2047 rss: 500Mb L: 598/239306 MS: 2 ChangeByte-EraseBytes-
#57349	REDUCE cov: 1468 ft: 2827 corp: 282/8654Kb lim: 239306 exec/s: 2048 rss: 500Mb L: 498/239306 MS: 3 PersAutoDict-ChangeBinInt-EraseBytes- DE: "\001\000\000\000"-
#57420	REDUCE cov: 1468 ft: 2827 corp: 282/8644Kb lim: 239306 exec/s: 2050 rss: 500Mb L: 34012/239306 MS: 1 EraseBytes-
#57581	REDUCE cov: 1468 ft: 2827 corp: 282/8644Kb lim: 239306 exec/s: 2056 rss: 500Mb L: 100/239306 MS: 1 EraseBytes-
#57589	REDUCE cov: 1468 ft: 2827 corp: 282/8641Kb lim: 239306 exec/s: 2056 rss: 500Mb L: 7554/239306 MS: 3 CrossOver-ShuffleBytes-EraseBytes-
#57610	REDUCE cov: 1468 ft: 2827 corp: 282/8641Kb lim: 239306 exec/s: 2057 rss: 500Mb L: 6906/239306 MS: 1 EraseBytes-
#57714	REDUCE cov: 1468 ft: 2827 corp: 282/8641Kb lim: 239306 exec/s: 2061 rss: 500Mb L: 17425/239306 MS: 4 ChangeASCIIInt-PersAutoDict-PersAutoDict-EraseBytes- DE: "TUUUUUU\005"-"\377\377\377\377\377\377\015s"-
#57740	REDUCE cov: 1468 ft: 2827 corp: 282/8641Kb lim: 239306 exec/s: 2062 rss: 500Mb L: 34/239306 MS: 1 EraseBytes-
#57811	REDUCE cov: 1468 ft: 2827 corp: 282/8632Kb lim: 239306 exec/s: 2064 rss: 500Mb L: 70247/239306 MS: 1 EraseBytes-
#57834	REDUCE cov: 1468 ft: 2827 corp: 282/8632Kb lim: 239306 exec/s: 2065 rss: 500Mb L: 272/239306 MS: 3 ChangeByte-ChangeBinInt-EraseBytes-
#57860	REDUCE cov: 1468 ft: 2827 corp: 282/8632Kb lim: 239306 exec/s: 2066 rss: 500Mb L: 177/239306 MS: 1 EraseBytes-
#57906	REDUCE cov: 1468 ft: 2827 corp: 282/8632Kb lim: 239306 exec/s: 2068 rss: 500Mb L: 163/239306 MS: 1 EraseBytes-
#57972	REDUCE cov: 1468 ft: 2827 corp: 282/8621Kb lim: 239306 exec/s: 2070 rss: 500Mb L: 11776/239306 MS: 1 EraseBytes-
#57976	REDUCE cov: 1468 ft: 2827 corp: 282/8621Kb lim: 239306 exec/s: 2070 rss: 500Mb L: 1033/239306 MS: 4 EraseBytes-ChangeBinInt-ChangeBinInt-CopyPart-
#58086	REDUCE cov: 1468 ft: 2827 corp: 282/8621Kb lim: 239306 exec/s: 2074 rss: 500Mb L: 1408/239306 MS: 5 ChangeBinInt-ChangeBinInt-ChangeBit-ShuffleBytes-EraseBytes-
#58263	REDUCE cov: 1468 ft: 2827 corp: 282/8621Kb lim: 239306 exec/s: 2080 rss: 500Mb L: 743/239306 MS: 2 InsertRepeatedBytes-EraseBytes-
#58299	REDUCE cov: 1468 ft: 2827 corp: 282/8621Kb lim: 239306 exec/s: 2082 rss: 500Mb L: 199/239306 MS: 1 EraseBytes-
#58380	REDUCE cov: 1468 ft: 2827 corp: 282/8604Kb lim: 239306 exec/s: 2085 rss: 500Mb L: 47285/239306 MS: 1 EraseBytes-
#58409	REDUCE cov: 1468 ft: 2827 corp: 282/8604Kb lim: 239306 exec/s: 2086 rss: 500Mb L: 3823/239306 MS: 4 CMP-CopyPart-InsertRepeatedBytes-EraseBytes- DE: "\000\000\000\000\000\000\000\260"-
#58420	NEW    cov: 1468 ft: 2830 corp: 283/8605Kb lim: 239306 exec/s: 2086 rss: 500Mb L: 455/239306 MS: 1 PersAutoDict- DE: "\320\012\000\000\000\000\000\000"-
#58444	REDUCE cov: 1468 ft: 2830 corp: 283/8604Kb lim: 239306 exec/s: 2087 rss: 500Mb L: 184/239306 MS: 4 InsertByte-InsertByte-CrossOver-EraseBytes-
#58509	REDUCE cov: 1468 ft: 2830 corp: 283/8604Kb lim: 239306 exec/s: 2089 rss: 500Mb L: 1119/239306 MS: 5 ShuffleBytes-ChangeBinInt-ShuffleBytes-ChangeBinInt-EraseBytes-
#58592	REDUCE cov: 1468 ft: 2830 corp: 283/8603Kb lim: 239306 exec/s: 2092 rss: 500Mb L: 13605/239306 MS: 3 ChangeASCIIInt-ChangeByte-EraseBytes-
#58598	REDUCE cov: 1470 ft: 2832 corp: 284/8604Kb lim: 239306 exec/s: 2092 rss: 500Mb L: 253/239306 MS: 1 InsertRepeatedBytes-
#58614	REDUCE cov: 1470 ft: 2833 corp: 285/8604Kb lim: 239306 exec/s: 2093 rss: 500Mb L: 116/239306 MS: 1 CopyPart-
#58665	NEW    cov: 1470 ft: 2835 corp: 286/8604Kb lim: 239306 exec/s: 2095 rss: 500Mb L: 198/239306 MS: 1 CMP- DE: "\000\000\000\000\000\000\000\010"-
#58675	REDUCE cov: 1470 ft: 2835 corp: 286/8604Kb lim: 239306 exec/s: 2095 rss: 500Mb L: 514/239306 MS: 5 ChangeBinInt-CrossOver-PersAutoDict-ChangeBit-EraseBytes- DE: "\002\000\000\000\000\000\000\000"-
#58701	REDUCE cov: 1470 ft: 2835 corp: 286/8598Kb lim: 239306 exec/s: 2096 rss: 500Mb L: 7774/239306 MS: 1 EraseBytes-
#58774	REDUCE cov: 1470 ft: 2835 corp: 286/8598Kb lim: 239306 exec/s: 2099 rss: 500Mb L: 57/239306 MS: 3 InsertRepeatedBytes-ChangeBinInt-EraseBytes-
#58791	REDUCE cov: 1470 ft: 2835 corp: 286/8598Kb lim: 239306 exec/s: 2099 rss: 500Mb L: 3514/239306 MS: 2 ChangeBinInt-EraseBytes-
#58991	REDUCE cov: 1470 ft: 2835 corp: 286/8597Kb lim: 239306 exec/s: 2106 rss: 500Mb L: 2078/239306 MS: 5 CMP-InsertByte-ChangeByte-CopyPart-EraseBytes- DE: "\001\000\000\000"-
#59042	REDUCE cov: 1470 ft: 2835 corp: 286/8591Kb lim: 239306 exec/s: 2108 rss: 500Mb L: 9277/239306 MS: 1 EraseBytes-
#59246	REDUCE cov: 1470 ft: 2835 corp: 286/8509Kb lim: 239306 exec/s: 2115 rss: 500Mb L: 132840/239306 MS: 4 ChangeByte-CopyPart-CMP-EraseBytes- DE: "\000\000\000\000"-
#59307	REDUCE cov: 1470 ft: 2835 corp: 286/8509Kb lim: 239306 exec/s: 2118 rss: 500Mb L: 1190/239306 MS: 1 EraseBytes-
#59341	REDUCE cov: 1470 ft: 2835 corp: 286/8508Kb lim: 239306 exec/s: 2119 rss: 500Mb L: 6110/239306 MS: 4 ChangeBit-ChangeByte-InsertByte-EraseBytes-
#59422	REDUCE cov: 1470 ft: 2837 corp: 287/8509Kb lim: 239306 exec/s: 2122 rss: 500Mb L: 266/239306 MS: 1 ChangeByte-
#59542	REDUCE cov: 1470 ft: 2837 corp: 287/8509Kb lim: 239306 exec/s: 2053 rss: 500Mb L: 61/239306 MS: 5 PersAutoDict-ShuffleBytes-ShuffleBytes-ShuffleBytes-EraseBytes- DE: "^q\002\316\016\271\315\313"-
#59698	REDUCE cov: 1470 ft: 2837 corp: 287/8508Kb lim: 239306 exec/s: 2058 rss: 500Mb L: 1204/239306 MS: 1 EraseBytes-
#59722	REDUCE cov: 1470 ft: 2837 corp: 287/8502Kb lim: 239306 exec/s: 2059 rss: 500Mb L: 43988/239306 MS: 4 InsertRepeatedBytes-CrossOver-ChangeBit-EraseBytes-
#59794	REDUCE cov: 1470 ft: 2837 corp: 287/8500Kb lim: 239306 exec/s: 2061 rss: 500Mb L: 2717/239306 MS: 2 CrossOver-EraseBytes-
#59799	REDUCE cov: 1470 ft: 2837 corp: 287/8497Kb lim: 239306 exec/s: 2062 rss: 500Mb L: 3540/239306 MS: 5 ChangeBinInt-CMP-ChangeByte-ChangeBit-EraseBytes- DE: "\377\377\377\377"-
#59801	REDUCE cov: 1470 ft: 2837 corp: 287/8497Kb lim: 239306 exec/s: 2062 rss: 500Mb L: 206/239306 MS: 2 ChangeBit-EraseBytes-
#59927	REDUCE cov: 1470 ft: 2837 corp: 287/8457Kb lim: 239306 exec/s: 2066 rss: 500Mb L: 189310/239306 MS: 1 EraseBytes-
#60012	REDUCE cov: 1470 ft: 2837 corp: 287/8456Kb lim: 239306 exec/s: 2069 rss: 500Mb L: 2814/239306 MS: 5 ChangeBit-PersAutoDict-CMP-ChangeByte-EraseBytes- DE: "\377\377\377\377\377\377\377\000"-"Y\022g\372\210\373*\206"-
#60050	REDUCE cov: 1470 ft: 2837 corp: 287/8456Kb lim: 239306 exec/s: 2070 rss: 500Mb L: 60/239306 MS: 3 ChangeBinInt-ChangeBinInt-EraseBytes-
#60226	REDUCE cov: 1470 ft: 2837 corp: 287/8456Kb lim: 239306 exec/s: 2076 rss: 500Mb L: 6/239306 MS: 1 EraseBytes-
#60272	REDUCE cov: 1470 ft: 2837 corp: 287/8450Kb lim: 239306 exec/s: 2078 rss: 500Mb L: 31070/239306 MS: 1 EraseBytes-
#60329	REDUCE cov: 1470 ft: 2837 corp: 287/8448Kb lim: 239306 exec/s: 2080 rss: 500Mb L: 3479/239306 MS: 2 ChangeBinInt-EraseBytes-
#60355	REDUCE cov: 1470 ft: 2837 corp: 287/8448Kb lim: 239306 exec/s: 2081 rss: 500Mb L: 227/239306 MS: 1 EraseBytes-
#60517	REDUCE cov: 1470 ft: 2837 corp: 287/8446Kb lim: 239306 exec/s: 2086 rss: 500Mb L: 8165/239306 MS: 2 InsertByte-EraseBytes-
#60569	REDUCE cov: 1470 ft: 2837 corp: 287/8446Kb lim: 239306 exec/s: 2088 rss: 500Mb L: 3705/239306 MS: 2 ChangeASCIIInt-EraseBytes-
#60573	REDUCE cov: 1470 ft: 2837 corp: 287/8444Kb lim: 239306 exec/s: 2088 rss: 500Mb L: 32523/239306 MS: 4 ChangeASCIIInt-ChangeASCIIInt-ChangeASCIIInt-EraseBytes-
#60869	REDUCE cov: 1470 ft: 2837 corp: 287/8434Kb lim: 239306 exec/s: 2098 rss: 500Mb L: 60263/239306 MS: 1 EraseBytes-
#60901	REDUCE cov: 1470 ft: 2837 corp: 287/8369Kb lim: 239306 exec/s: 2100 rss: 500Mb L: 126633/239306 MS: 2 CMP-EraseBytes- DE: "\001\000"-
#60922	REDUCE cov: 1470 ft: 2837 corp: 287/8369Kb lim: 239306 exec/s: 2100 rss: 500Mb L: 4642/239306 MS: 1 EraseBytes-
#60954	REDUCE cov: 1470 ft: 2837 corp: 287/8367Kb lim: 239306 exec/s: 2101 rss: 500Mb L: 6304/239306 MS: 2 ChangeByte-EraseBytes-
#60961	REDUCE cov: 1470 ft: 2837 corp: 287/8367Kb lim: 239306 exec/s: 2102 rss: 500Mb L: 46/239306 MS: 2 ShuffleBytes-EraseBytes-
#61007	REDUCE cov: 1470 ft: 2837 corp: 287/8367Kb lim: 239306 exec/s: 2103 rss: 500Mb L: 37/239306 MS: 1 EraseBytes-
#61034	REDUCE cov: 1470 ft: 2837 corp: 287/8366Kb lim: 239306 exec/s: 2104 rss: 500Mb L: 125567/239306 MS: 2 ChangeByte-EraseBytes-
#61040	REDUCE cov: 1470 ft: 2837 corp: 287/8365Kb lim: 239306 exec/s: 2104 rss: 500Mb L: 2953/239306 MS: 1 EraseBytes-
#61155	REDUCE cov: 1470 ft: 2837 corp: 287/8360Kb lim: 239306 exec/s: 2108 rss: 500Mb L: 28050/239306 MS: 5 InsertByte-ChangeBit-ChangeBinInt-CrossOver-EraseBytes-
#61211	REDUCE cov: 1470 ft: 2837 corp: 287/8360Kb lim: 239306 exec/s: 2110 rss: 500Mb L: 1172/239306 MS: 1 EraseBytes-
#61268	NEW    cov: 1470 ft: 2838 corp: 288/8360Kb lim: 239306 exec/s: 2112 rss: 500Mb L: 70/239306 MS: 2 ChangeBinInt-InsertRepeatedBytes-
#61394	REDUCE cov: 1470 ft: 2838 corp: 288/8360Kb lim: 239306 exec/s: 2117 rss: 500Mb L: 415/239306 MS: 1 EraseBytes-
#61405	REDUCE cov: 1470 ft: 2838 corp: 288/8359Kb lim: 239306 exec/s: 2117 rss: 500Mb L: 956/239306 MS: 1 EraseBytes-
#61406	REDUCE cov: 1470 ft: 2838 corp: 288/8359Kb lim: 239306 exec/s: 2117 rss: 500Mb L: 1258/239306 MS: 1 EraseBytes-
#61418	REDUCE cov: 1470 ft: 2838 corp: 288/8358Kb lim: 239306 exec/s: 2117 rss: 500Mb L: 46451/239306 MS: 2 ChangeByte-EraseBytes-
#61499	REDUCE cov: 1470 ft: 2838 corp: 288/8337Kb lim: 239306 exec/s: 2120 rss: 500Mb L: 179795/239306 MS: 1 EraseBytes-
#61541	NEW    cov: 1470 ft: 2839 corp: 289/8338Kb lim: 239306 exec/s: 2122 rss: 500Mb L: 366/239306 MS: 2 CMP-InsertRepeatedBytes- DE: "\016\333\000\000\000\000\000\000"-
#61653	REDUCE cov: 1470 ft: 2839 corp: 289/8338Kb lim: 239306 exec/s: 2125 rss: 500Mb L: 170/239306 MS: 2 PersAutoDict-EraseBytes- DE: "\001\000\000\000\000\000\000\002"-
#61692	REDUCE cov: 1470 ft: 2839 corp: 289/8337Kb lim: 239306 exec/s: 2127 rss: 500Mb L: 6640/239306 MS: 4 CrossOver-InsertRepeatedBytes-EraseBytes-InsertByte-
#61746	REDUCE cov: 1470 ft: 2839 corp: 289/8337Kb lim: 239306 exec/s: 2129 rss: 500Mb L: 731/239306 MS: 4 ShuffleBytes-ChangeASCIIInt-PersAutoDict-EraseBytes- DE: "\002\000\000\000\000\000\000\000"-
#61846	REDUCE cov: 1470 ft: 2839 corp: 289/8336Kb lim: 239306 exec/s: 2132 rss: 500Mb L: 1765/239306 MS: 5 PersAutoDict-ChangeBinInt-PersAutoDict-CrossOver-EraseBytes- DE: "\000\000\000\000\000\000\000\264"-"\000\000\000\000\000\000\000\264"-
#61915	NEW    cov: 1470 ft: 2841 corp: 290/8336Kb lim: 239306 exec/s: 2135 rss: 500Mb L: 87/239306 MS: 4 PersAutoDict-ChangeByte-PersAutoDict-ChangeBinInt- DE: "\005\000\000\000\000\000\000\000"-"\000\000\000\000\377\377\377\377"-
#61934	REDUCE cov: 1470 ft: 2841 corp: 290/8336Kb lim: 239306 exec/s: 2135 rss: 500Mb L: 996/239306 MS: 4 ChangeASCIIInt-ChangeBinInt-InsertByte-EraseBytes-
#61971	REDUCE cov: 1470 ft: 2841 corp: 290/8329Kb lim: 239306 exec/s: 2136 rss: 500Mb L: 78707/239306 MS: 2 ChangeBit-EraseBytes-
#62034	REDUCE cov: 1470 ft: 2841 corp: 290/8329Kb lim: 239306 exec/s: 2139 rss: 500Mb L: 48187/239306 MS: 3 ShuffleBytes-ChangeBinInt-EraseBytes-
#62311	REDUCE cov: 1470 ft: 2841 corp: 290/8329Kb lim: 239306 exec/s: 2148 rss: 500Mb L: 1118/239306 MS: 2 ChangeByte-EraseBytes-
#62345	REDUCE cov: 1470 ft: 2841 corp: 290/8328Kb lim: 239306 exec/s: 2149 rss: 500Mb L: 6617/239306 MS: 4 ChangeBinInt-ChangeBit-ShuffleBytes-EraseBytes-
#62363	REDUCE cov: 1470 ft: 2841 corp: 290/8328Kb lim: 239306 exec/s: 2150 rss: 500Mb L: 681/239306 MS: 3 InsertByte-ChangeByte-EraseBytes-
#62367	REDUCE cov: 1470 ft: 2841 corp: 290/8328Kb lim: 239306 exec/s: 2150 rss: 500Mb L: 21/239306 MS: 4 InsertByte-CopyPart-ChangeByte-EraseBytes-
#62395	REDUCE cov: 1470 ft: 2841 corp: 290/8325Kb lim: 239306 exec/s: 2151 rss: 500Mb L: 3410/239306 MS: 3 ChangeBit-InsertRepeatedBytes-EraseBytes-
#62632	REDUCE cov: 1470 ft: 2841 corp: 290/8325Kb lim: 239306 exec/s: 2087 rss: 500Mb L: 86/239306 MS: 2 CMP-EraseBytes- DE: "\002\377\377\377\377\377\377\377"-
#62633	REDUCE cov: 1470 ft: 2841 corp: 290/8324Kb lim: 239306 exec/s: 2087 rss: 500Mb L: 1032/239306 MS: 1 EraseBytes-
#62634	REDUCE cov: 1470 ft: 2841 corp: 290/8322Kb lim: 239306 exec/s: 2087 rss: 500Mb L: 3025/239306 MS: 1 EraseBytes-
#62677	REDUCE cov: 1470 ft: 2841 corp: 290/8321Kb lim: 239306 exec/s: 2089 rss: 500Mb L: 671/239306 MS: 3 CopyPart-CopyPart-EraseBytes-
#62834	REDUCE cov: 1470 ft: 2841 corp: 290/8321Kb lim: 239306 exec/s: 2094 rss: 500Mb L: 2843/239306 MS: 2 InsertRepeatedBytes-EraseBytes-
#62990	REDUCE cov: 1470 ft: 2841 corp: 290/8321Kb lim: 239306 exec/s: 2099 rss: 500Mb L: 1174/239306 MS: 1 EraseBytes-
#62996	REDUCE cov: 1470 ft: 2841 corp: 290/8320Kb lim: 239306 exec/s: 2099 rss: 500Mb L: 1689/239306 MS: 1 EraseBytes-
#63011	REDUCE cov: 1470 ft: 2841 corp: 290/8293Kb lim: 239306 exec/s: 2100 rss: 500Mb L: 46984/239306 MS: 5 EraseBytes-ShuffleBytes-ShuffleBytes-ChangeBit-ChangeBinInt-
#63110	REDUCE cov: 1470 ft: 2841 corp: 290/8293Kb lim: 239306 exec/s: 2103 rss: 500Mb L: 529/239306 MS: 4 ChangeASCIIInt-CrossOver-ChangeByte-EraseBytes-
#63147	REDUCE cov: 1470 ft: 2843 corp: 291/8293Kb lim: 239306 exec/s: 2104 rss: 500Mb L: 100/239306 MS: 2 ChangeBit-CMP- DE: "\021\000\000\000\000\000\000\000"-
#63313	REDUCE cov: 1470 ft: 2843 corp: 291/8293Kb lim: 239306 exec/s: 2110 rss: 500Mb L: 337/239306 MS: 1 EraseBytes-
#63319	REDUCE cov: 1470 ft: 2843 corp: 291/8290Kb lim: 239306 exec/s: 2110 rss: 500Mb L: 46062/239306 MS: 1 EraseBytes-
#63418	REDUCE cov: 1470 ft: 2843 corp: 291/8290Kb lim: 239306 exec/s: 2113 rss: 500Mb L: 2653/239306 MS: 4 InsertRepeatedBytes-ChangeByte-CMP-EraseBytes- DE: "\377\377"-
#63424	REDUCE cov: 1470 ft: 2843 corp: 291/8290Kb lim: 239306 exec/s: 2114 rss: 500Mb L: 786/239306 MS: 1 EraseBytes-
#63426	REDUCE cov: 1470 ft: 2843 corp: 291/8290Kb lim: 239306 exec/s: 2114 rss: 500Mb L: 17/239306 MS: 2 ShuffleBytes-EraseBytes-
#63518	REDUCE cov: 1470 ft: 2843 corp: 291/8290Kb lim: 239306 exec/s: 2117 rss: 500Mb L: 2672/239306 MS: 2 ChangeBit-EraseBytes-
#63599	REDUCE cov: 1470 ft: 2843 corp: 291/8290Kb lim: 239306 exec/s: 2119 rss: 500Mb L: 575/239306 MS: 1 EraseBytes-
#63637	REDUCE cov: 1470 ft: 2843 corp: 291/8289Kb lim: 239306 exec/s: 2121 rss: 500Mb L: 434/239306 MS: 3 ShuffleBytes-ChangeASCIIInt-EraseBytes-
#63737	REDUCE cov: 1470 ft: 2843 corp: 291/8289Kb lim: 239306 exec/s: 2124 rss: 500Mb L: 1685/239306 MS: 5 CMP-ChangeBinInt-ChangeASCIIInt-ChangeBinInt-EraseBytes- DE: "\376\377\377\377\000\000\000\001"-
#63777	REDUCE cov: 1470 ft: 2843 corp: 291/8286Kb lim: 239306 exec/s: 2125 rss: 500Mb L: 19453/239306 MS: 5 ChangeBinInt-ChangeASCIIInt-ChangeBit-ChangeBinInt-EraseBytes-
#63920	NEW    cov: 1470 ft: 2845 corp: 292/8286Kb lim: 239306 exec/s: 2130 rss: 500Mb L: 308/239306 MS: 3 ChangeBinInt-ShuffleBytes-CopyPart-
#63931	REDUCE cov: 1470 ft: 2845 corp: 292/8286Kb lim: 239306 exec/s: 2131 rss: 500Mb L: 3472/239306 MS: 1 EraseBytes-
#64111	REDUCE cov: 1470 ft: 2846 corp: 293/8286Kb lim: 239306 exec/s: 2137 rss: 500Mb L: 24/239306 MS: 5 InsertRepeatedBytes-ChangeBinInt-ChangeASCIIInt-ChangeBinInt-ChangeByte-
#64119	REDUCE cov: 1470 ft: 2846 corp: 293/8279Kb lim: 239306 exec/s: 2137 rss: 500Mb L: 25829/239306 MS: 3 ChangeASCIIInt-CMP-EraseBytes- DE: "\001\000\000\000"-
#64175	REDUCE cov: 1470 ft: 2846 corp: 293/8279Kb lim: 239306 exec/s: 2139 rss: 500Mb L: 306/239306 MS: 1 EraseBytes-
#64176	REDUCE cov: 1470 ft: 2846 corp: 293/8279Kb lim: 239306 exec/s: 2139 rss: 500Mb L: 677/239306 MS: 1 EraseBytes-
#64242	REDUCE cov: 1470 ft: 2846 corp: 293/8270Kb lim: 239306 exec/s: 2141 rss: 500Mb L: 71065/239306 MS: 1 EraseBytes-
#64244	REDUCE cov: 1470 ft: 2846 corp: 293/8268Kb lim: 239306 exec/s: 2141 rss: 500Mb L: 1505/239306 MS: 2 ChangeByte-EraseBytes-
#64329	REDUCE cov: 1470 ft: 2846 corp: 293/8268Kb lim: 239306 exec/s: 2144 rss: 500Mb L: 145/239306 MS: 5 ShuffleBytes-CMP-CMP-InsertRepeatedBytes-EraseBytes- DE: "\001\000\000\000\000\000\000\026"-"\000\000\000\000"-
#64603	REDUCE cov: 1470 ft: 2846 corp: 293/8268Kb lim: 239306 exec/s: 2153 rss: 500Mb L: 1004/239306 MS: 4 ShuffleBytes-ChangeByte-InsertRepeatedBytes-EraseBytes-
#64647	REDUCE cov: 1470 ft: 2847 corp: 294/8268Kb lim: 239306 exec/s: 2154 rss: 500Mb L: 47/239306 MS: 4 ChangeBit-CopyPart-InsertByte-InsertByte-
#64693	REDUCE cov: 1470 ft: 2847 corp: 294/8261Kb lim: 239306 exec/s: 2156 rss: 500Mb L: 21282/239306 MS: 1 EraseBytes-
#64824	REDUCE cov: 1470 ft: 2847 corp: 294/8261Kb lim: 239306 exec/s: 2160 rss: 500Mb L: 248/239306 MS: 1 EraseBytes-
#64857	REDUCE cov: 1470 ft: 2847 corp: 294/8259Kb lim: 239306 exec/s: 2161 rss: 500Mb L: 6608/239306 MS: 3 CrossOver-ChangeByte-EraseBytes-
#64863	REDUCE cov: 1470 ft: 2847 corp: 294/8258Kb lim: 239306 exec/s: 2162 rss: 500Mb L: 1057/239306 MS: 1 EraseBytes-
#64938	REDUCE cov: 1470 ft: 2847 corp: 294/8256Kb lim: 239306 exec/s: 2164 rss: 500Mb L: 21222/239306 MS: 5 CopyPart-ChangeBinInt-EraseBytes-EraseBytes-CMP- DE: "\003\000\000\000\000\000\000\000"-
#64947	REDUCE cov: 1470 ft: 2847 corp: 294/8255Kb lim: 239306 exec/s: 2164 rss: 500Mb L: 20186/239306 MS: 4 CMP-ChangeBit-CopyPart-EraseBytes- DE: "\001\000\000\000"-
#65129	REDUCE cov: 1470 ft: 2847 corp: 294/8254Kb lim: 239306 exec/s: 2170 rss: 500Mb L: 1584/239306 MS: 2 ChangeByte-EraseBytes-
#65160	REDUCE cov: 1470 ft: 2847 corp: 294/8254Kb lim: 239306 exec/s: 2172 rss: 500Mb L: 638/239306 MS: 1 EraseBytes-
#65222	REDUCE cov: 1470 ft: 2847 corp: 294/8254Kb lim: 239306 exec/s: 2174 rss: 500Mb L: 1303/239306 MS: 2 ChangeBinInt-EraseBytes-
#65243	REDUCE cov: 1470 ft: 2848 corp: 295/8254Kb lim: 239306 exec/s: 2174 rss: 500Mb L: 103/239306 MS: 1 CopyPart-
#65259	REDUCE cov: 1470 ft: 2848 corp: 295/8254Kb lim: 239306 exec/s: 2175 rss: 500Mb L: 48/239306 MS: 1 EraseBytes-
#65266	REDUCE cov: 1470 ft: 2848 corp: 295/8253Kb lim: 239306 exec/s: 2175 rss: 500Mb L: 1049/239306 MS: 2 ChangeByte-EraseBytes-
#65302	REDUCE cov: 1470 ft: 2848 corp: 295/8253Kb lim: 239306 exec/s: 2106 rss: 500Mb L: 101/239306 MS: 1 EraseBytes-
#65348	REDUCE cov: 1470 ft: 2848 corp: 295/8253Kb lim: 239306 exec/s: 2108 rss: 500Mb L: 990/239306 MS: 1 EraseBytes-
#65354	REDUCE cov: 1470 ft: 2848 corp: 295/8253Kb lim: 239306 exec/s: 2108 rss: 500Mb L: 2260/239306 MS: 1 EraseBytes-
#65440	REDUCE cov: 1470 ft: 2848 corp: 295/8252Kb lim: 239306 exec/s: 2110 rss: 500Mb L: 1444/239306 MS: 1 EraseBytes-
#65446	REDUCE cov: 1470 ft: 2848 corp: 295/8252Kb lim: 239306 exec/s: 2111 rss: 500Mb L: 2189/239306 MS: 1 EraseBytes-
#65536	pulse  cov: 1470 ft: 2848 corp: 295/8252Kb lim: 239306 exec/s: 2114 rss: 500Mb
#65602	NEW    cov: 1470 ft: 2849 corp: 296/8252Kb lim: 239306 exec/s: 2116 rss: 500Mb L: 91/239306 MS: 1 EraseBytes-
#65663	REDUCE cov: 1470 ft: 2849 corp: 296/8252Kb lim: 239306 exec/s: 2118 rss: 500Mb L: 14/239306 MS: 1 EraseBytes-
#65732	REDUCE cov: 1470 ft: 2849 corp: 296/8249Kb lim: 239306 exec/s: 2120 rss: 500Mb L: 13658/239306 MS: 4 PersAutoDict-ChangeASCIIInt-PersAutoDict-EraseBytes- DE: "\001\000\000\000\000\000\000/"-"\253\252\252\252\252\252\252\012"-
#65765	REDUCE cov: 1470 ft: 2849 corp: 296/8249Kb lim: 239306 exec/s: 2121 rss: 500Mb L: 30/239306 MS: 3 ChangeBit-ShuffleBytes-EraseBytes-
#65792	REDUCE cov: 1470 ft: 2849 corp: 296/8249Kb lim: 239306 exec/s: 2122 rss: 500Mb L: 144/239306 MS: 2 ShuffleBytes-EraseBytes-
#65806	REDUCE cov: 1470 ft: 2849 corp: 296/8249Kb lim: 239306 exec/s: 2122 rss: 500Mb L: 443/239306 MS: 4 PersAutoDict-InsertByte-InsertByte-EraseBytes- DE: "\001\000\000\000\000\000\000/"-
#66053	REDUCE cov: 1470 ft: 2849 corp: 296/8249Kb lim: 239306 exec/s: 2130 rss: 500Mb L: 667/239306 MS: 2 ChangeBit-EraseBytes-
#66139	NEW    cov: 1470 ft: 2850 corp: 297/8249Kb lim: 239306 exec/s: 2133 rss: 500Mb L: 112/239306 MS: 1 CopyPart-
#66155	REDUCE cov: 1470 ft: 2850 corp: 297/8248Kb lim: 239306 exec/s: 2134 rss: 500Mb L: 1709/239306 MS: 1 EraseBytes-
#66166	REDUCE cov: 1470 ft: 2850 corp: 297/8248Kb lim: 239306 exec/s: 2134 rss: 500Mb L: 171/239306 MS: 1 EraseBytes-
#66175	REDUCE cov: 1470 ft: 2850 corp: 297/8245Kb lim: 239306 exec/s: 2134 rss: 500Mb L: 18501/239306 MS: 4 ShuffleBytes-ChangeBit-ChangeASCIIInt-EraseBytes-
#66282	REDUCE cov: 1470 ft: 2850 corp: 297/8245Kb lim: 239306 exec/s: 2138 rss: 500Mb L: 1454/239306 MS: 2 ChangeASCIIInt-EraseBytes-
#66290	REDUCE cov: 1470 ft: 2850 corp: 297/8239Kb lim: 239306 exec/s: 2138 rss: 500Mb L: 36977/239306 MS: 3 ChangeASCIIInt-ChangeASCIIInt-EraseBytes-
#66416	REDUCE cov: 1470 ft: 2850 corp: 297/8238Kb lim: 239306 exec/s: 2142 rss: 500Mb L: 1481/239306 MS: 1 EraseBytes-
#66481	REDUCE cov: 1470 ft: 2850 corp: 297/8227Kb lim: 239306 exec/s: 2144 rss: 500Mb L: 20079/239306 MS: 5 ShuffleBytes-InsertRepeatedBytes-ShuffleBytes-ChangeBit-EraseBytes-
#66528	REDUCE cov: 1470 ft: 2850 corp: 297/8225Kb lim: 239306 exec/s: 2146 rss: 500Mb L: 16497/239306 MS: 2 ChangeBit-EraseBytes-
#66560	REDUCE cov: 1470 ft: 2850 corp: 297/8223Kb lim: 239306 exec/s: 2147 rss: 500Mb L: 69243/239306 MS: 2 ChangeASCIIInt-EraseBytes-
#66776	REDUCE cov: 1470 ft: 2850 corp: 297/8223Kb lim: 239306 exec/s: 2154 rss: 500Mb L: 524/239306 MS: 1 EraseBytes-
#66905	REDUCE cov: 1470 ft: 2850 corp: 297/8222Kb lim: 239306 exec/s: 2158 rss: 500Mb L: 7487/239306 MS: 4 ChangeBinInt-CMP-EraseBytes-ChangeBinInt- DE: "\000\000\000\000\000\000\000\004"-
#67042	REDUCE cov: 1470 ft: 2850 corp: 297/8222Kb lim: 239306 exec/s: 2162 rss: 500Mb L: 700/239306 MS: 2 ChangeBit-EraseBytes-
#67128	REDUCE cov: 1470 ft: 2850 corp: 297/8221Kb lim: 239306 exec/s: 2165 rss: 500Mb L: 945/239306 MS: 1 EraseBytes-
#67172	REDUCE cov: 1470 ft: 2850 corp: 297/8221Kb lim: 239306 exec/s: 2166 rss: 500Mb L: 33/239306 MS: 4 InsertByte-ShuffleBytes-ShuffleBytes-EraseBytes-
#67181	REDUCE cov: 1470 ft: 2850 corp: 297/8219Kb lim: 239306 exec/s: 2167 rss: 500Mb L: 4107/239306 MS: 4 ChangeBinInt-PersAutoDict-ChangeBinInt-EraseBytes- DE: "\004UUUUUUU"-
#67293	REDUCE cov: 1470 ft: 2850 corp: 297/8219Kb lim: 239306 exec/s: 2170 rss: 500Mb L: 44/239306 MS: 2 ChangeBinInt-EraseBytes-
#67316	REDUCE cov: 1470 ft: 2850 corp: 297/8219Kb lim: 239306 exec/s: 2171 rss: 500Mb L: 1310/239306 MS: 3 ChangeBit-CopyPart-EraseBytes-
#67519	REDUCE cov: 1470 ft: 2850 corp: 297/8219Kb lim: 239306 exec/s: 2178 rss: 500Mb L: 6376/239306 MS: 3 PersAutoDict-EraseBytes-InsertByte- DE: "\001\000\000\000\000\000\000\000"-
#67576	REDUCE cov: 1474 ft: 2856 corp: 298/8219Kb lim: 239306 exec/s: 2179 rss: 500Mb L: 708/239306 MS: 2 PersAutoDict-ChangeBit- DE: "\320\012\000\000\000\000\000\000"-
#67659	REDUCE cov: 1474 ft: 2856 corp: 298/8219Kb lim: 239306 exec/s: 2182 rss: 500Mb L: 3609/239306 MS: 3 ShuffleBytes-ChangeByte-EraseBytes-
#67814	REDUCE cov: 1474 ft: 2856 corp: 298/8216Kb lim: 239306 exec/s: 2187 rss: 500Mb L: 3798/239306 MS: 5 InsertByte-CMP-InsertRepeatedBytes-InsertRepeatedBytes-EraseBytes- DE: "\335\366\016o\332\215\363\030"-
#67867	REDUCE cov: 1474 ft: 2856 corp: 298/8216Kb lim: 239306 exec/s: 2189 rss: 500Mb L: 93/239306 MS: 3 ShuffleBytes-ChangeBinInt-EraseBytes-
#67873	REDUCE cov: 1474 ft: 2856 corp: 298/8216Kb lim: 239306 exec/s: 2189 rss: 500Mb L: 68/239306 MS: 1 EraseBytes-
#67889	REDUCE cov: 1477 ft: 2884 corp: 299/8219Kb lim: 239306 exec/s: 2189 rss: 500Mb L: 3642/239306 MS: 1 InsertRepeatedBytes-
#68171	REDUCE cov: 1477 ft: 2884 corp: 299/8219Kb lim: 239306 exec/s: 2199 rss: 500Mb L: 11/239306 MS: 2 ChangeBit-EraseBytes-
#68217	REDUCE cov: 1477 ft: 2884 corp: 299/8219Kb lim: 239306 exec/s: 2200 rss: 500Mb L: 38/239306 MS: 1 EraseBytes-
#68225	REDUCE cov: 1477 ft: 2884 corp: 299/8219Kb lim: 239306 exec/s: 2200 rss: 500Mb L: 1047/239306 MS: 3 InsertByte-ChangeByte-EraseBytes-
#68329	REDUCE cov: 1477 ft: 2884 corp: 299/8211Kb lim: 239306 exec/s: 2204 rss: 500Mb L: 11503/239306 MS: 4 ChangeByte-ChangeByte-ShuffleBytes-EraseBytes-
#68347	REDUCE cov: 1477 ft: 2884 corp: 299/8210Kb lim: 239306 exec/s: 2204 rss: 500Mb L: 133/239306 MS: 3 CopyPart-ChangeBinInt-EraseBytes-
#68529	REDUCE cov: 1477 ft: 2884 corp: 299/8210Kb lim: 239306 exec/s: 2210 rss: 500Mb L: 93/239306 MS: 2 ChangeBinInt-EraseBytes-
#68569	REDUCE cov: 1477 ft: 2884 corp: 299/8207Kb lim: 239306 exec/s: 2211 rss: 500Mb L: 9070/239306 MS: 5 ShuffleBytes-InsertByte-PersAutoDict-ChangeBinInt-EraseBytes- DE: "\000\000\000\000\000\000\000\010"-
#68672	REDUCE cov: 1477 ft: 2884 corp: 299/8207Kb lim: 239306 exec/s: 2146 rss: 500Mb L: 30/239306 MS: 3 CopyPart-InsertByte-EraseBytes-
#68748	REDUCE cov: 1477 ft: 2884 corp: 299/8206Kb lim: 239306 exec/s: 2148 rss: 500Mb L: 45968/239306 MS: 1 EraseBytes-
#68847	REDUCE cov: 1477 ft: 2884 corp: 299/8206Kb lim: 239306 exec/s: 2151 rss: 500Mb L: 58/239306 MS: 4 PersAutoDict-CopyPart-EraseBytes-EraseBytes- DE: "\000\000\000\000\377\377\377\377"-
#68903	REDUCE cov: 1477 ft: 2884 corp: 299/8185Kb lim: 239306 exec/s: 2153 rss: 500Mb L: 27248/239306 MS: 1 EraseBytes-
#68915	REDUCE cov: 1477 ft: 2884 corp: 299/8185Kb lim: 239306 exec/s: 2153 rss: 500Mb L: 170/239306 MS: 2 CopyPart-EraseBytes-
#68928	REDUCE cov: 1477 ft: 2884 corp: 299/8185Kb lim: 239306 exec/s: 2154 rss: 500Mb L: 2994/239306 MS: 3 ChangeByte-ChangeByte-EraseBytes-
#68958	REDUCE cov: 1477 ft: 2884 corp: 299/8185Kb lim: 239306 exec/s: 2154 rss: 500Mb L: 587/239306 MS: 5 PersAutoDict-ChangeBinInt-ChangeByte-InsertRepeatedBytes-EraseBytes- DE: "\002\377\377\377\377\377\377\377"-
#69106	REDUCE cov: 1477 ft: 2884 corp: 299/8181Kb lim: 239306 exec/s: 2159 rss: 500Mb L: 10038/239306 MS: 3 ChangeASCIIInt-CopyPart-EraseBytes-
#69108	REDUCE cov: 1477 ft: 2884 corp: 299/8181Kb lim: 239306 exec/s: 2159 rss: 500Mb L: 1068/239306 MS: 2 PersAutoDict-EraseBytes- DE: "\242\"\002\000\000\000\000\000"-
#69233	REDUCE cov: 1477 ft: 2884 corp: 299/8181Kb lim: 239306 exec/s: 2163 rss: 500Mb L: 437/239306 MS: 5 CopyPart-ChangeByte-ChangeBinInt-ChangeASCIIInt-EraseBytes-
#69299	REDUCE cov: 1477 ft: 2884 corp: 299/8180Kb lim: 239306 exec/s: 2165 rss: 500Mb L: 789/239306 MS: 1 EraseBytes-
#69316	REDUCE cov: 1477 ft: 2884 corp: 299/8180Kb lim: 239306 exec/s: 2166 rss: 500Mb L: 71/239306 MS: 2 ShuffleBytes-EraseBytes-
#69479	REDUCE cov: 1477 ft: 2884 corp: 299/8180Kb lim: 239306 exec/s: 2171 rss: 500Mb L: 1163/239306 MS: 3 ShuffleBytes-PersAutoDict-EraseBytes- DE: "\016\333\000\000\000\000\000\000"-
#69593	REDUCE cov: 1477 ft: 2888 corp: 300/8180Kb lim: 239306 exec/s: 2174 rss: 500Mb L: 541/239306 MS: 4 PersAutoDict-ChangeASCIIInt-ChangeBinInt-EraseBytes- DE: "\000\000\000\000\000\000\000\000"-
#69640	REDUCE cov: 1477 ft: 2888 corp: 300/8180Kb lim: 239306 exec/s: 2176 rss: 500Mb L: 46/239306 MS: 2 ShuffleBytes-EraseBytes-
#69731	REDUCE cov: 1477 ft: 2888 corp: 300/8180Kb lim: 239306 exec/s: 2179 rss: 500Mb L: 379/239306 MS: 1 EraseBytes-
#69834	REDUCE cov: 1477 ft: 2888 corp: 300/8180Kb lim: 239306 exec/s: 2182 rss: 500Mb L: 59/239306 MS: 3 ChangeBinInt-ChangeBit-EraseBytes-
#69838	REDUCE cov: 1477 ft: 2888 corp: 300/8180Kb lim: 239306 exec/s: 2182 rss: 500Mb L: 1206/239306 MS: 4 ShuffleBytes-CrossOver-ShuffleBytes-EraseBytes-
#69881	REDUCE cov: 1477 ft: 2888 corp: 300/8180Kb lim: 239306 exec/s: 2183 rss: 500Mb L: 837/239306 MS: 3 CopyPart-ShuffleBytes-EraseBytes-
#69975	REDUCE cov: 1477 ft: 2888 corp: 300/8179Kb lim: 239306 exec/s: 2186 rss: 500Mb L: 2438/239306 MS: 4 CMP-ChangeASCIIInt-CopyPart-EraseBytes- DE: "\000\000"-
#69986	REDUCE cov: 1477 ft: 2888 corp: 300/8178Kb lim: 239306 exec/s: 2187 rss: 500Mb L: 2077/239306 MS: 1 EraseBytes-
#70037	REDUCE cov: 1477 ft: 2888 corp: 300/8178Kb lim: 239306 exec/s: 2188 rss: 500Mb L: 65492/239306 MS: 1 EraseBytes-
#70097	REDUCE cov: 1477 ft: 2888 corp: 300/8178Kb lim: 239306 exec/s: 2190 rss: 500Mb L: 943/239306 MS: 5 InsertRepeatedBytes-ChangeByte-CMP-ChangeBinInt-EraseBytes- DE: "\000\000\000\000\000\000\000\000"-
#70374	REDUCE cov: 1477 ft: 2888 corp: 300/8177Kb lim: 239306 exec/s: 2199 rss: 500Mb L: 555/239306 MS: 2 ChangeBit-EraseBytes-
#70395	REDUCE cov: 1477 ft: 2888 corp: 300/8127Kb lim: 239306 exec/s: 2199 rss: 500Mb L: 128294/239306 MS: 1 EraseBytes-
#70451	REDUCE cov: 1477 ft: 2888 corp: 300/8127Kb lim: 239306 exec/s: 2201 rss: 500Mb L: 489/239306 MS: 1 EraseBytes-
#70646	REDUCE cov: 1477 ft: 2888 corp: 300/8127Kb lim: 239306 exec/s: 2207 rss: 500Mb L: 827/239306 MS: 5 ChangeBit-ShuffleBytes-CrossOver-ChangeBinInt-EraseBytes-
#70707	REDUCE cov: 1477 ft: 2888 corp: 300/8126Kb lim: 239306 exec/s: 2209 rss: 500Mb L: 1159/239306 MS: 1 EraseBytes-
#70752	REDUCE cov: 1477 ft: 2888 corp: 300/8126Kb lim: 239306 exec/s: 2211 rss: 500Mb L: 753/239306 MS: 5 ChangeBinInt-ChangeBinInt-ChangeBit-InsertRepeatedBytes-EraseBytes-
#71028	REDUCE cov: 1477 ft: 2888 corp: 300/8126Kb lim: 239306 exec/s: 2219 rss: 500Mb L: 99/239306 MS: 1 EraseBytes-
#71089	REDUCE cov: 1477 ft: 2888 corp: 300/8126Kb lim: 239306 exec/s: 2221 rss: 500Mb L: 602/239306 MS: 1 EraseBytes-
#71415	REDUCE cov: 1477 ft: 2888 corp: 300/8126Kb lim: 239306 exec/s: 2231 rss: 500Mb L: 210/239306 MS: 1 EraseBytes-
#71437	REDUCE cov: 1477 ft: 2889 corp: 301/8126Kb lim: 239306 exec/s: 2232 rss: 500Mb L: 7/239306 MS: 2 ChangeBinInt-EraseBytes-
#71551	REDUCE cov: 1477 ft: 2889 corp: 301/8126Kb lim: 239306 exec/s: 2235 rss: 500Mb L: 604/239306 MS: 4 ChangeBit-ChangeByte-ChangeBit-EraseBytes-
#71817	REDUCE cov: 1477 ft: 2889 corp: 301/8126Kb lim: 239306 exec/s: 2244 rss: 500Mb L: 205/239306 MS: 1 EraseBytes-
#71819	REDUCE cov: 1477 ft: 2889 corp: 301/8126Kb lim: 239306 exec/s: 2244 rss: 500Mb L: 628/239306 MS: 2 InsertRepeatedBytes-EraseBytes-
#71904	REDUCE cov: 1477 ft: 2889 corp: 301/8125Kb lim: 239306 exec/s: 2178 rss: 500Mb L: 896/239306 MS: 5 ShuffleBytes-ChangeBit-ChangeASCIIInt-ChangeByte-EraseBytes-
#72079	REDUCE cov: 1477 ft: 2889 corp: 301/8125Kb lim: 239306 exec/s: 2184 rss: 500Mb L: 599/239306 MS: 5 InsertByte-InsertByte-ChangeBit-ChangeASCIIInt-EraseBytes-
#72095	REDUCE cov: 1477 ft: 2889 corp: 301/8125Kb lim: 239306 exec/s: 2184 rss: 500Mb L: 984/239306 MS: 1 EraseBytes-
#72107	REDUCE cov: 1477 ft: 2889 corp: 301/8125Kb lim: 239306 exec/s: 2185 rss: 500Mb L: 332/239306 MS: 2 InsertRepeatedBytes-EraseBytes-
#72123	REDUCE cov: 1477 ft: 2889 corp: 301/8124Kb lim: 239306 exec/s: 2185 rss: 500Mb L: 499/239306 MS: 1 EraseBytes-
#72134	REDUCE cov: 1477 ft: 2889 corp: 301/8124Kb lim: 239306 exec/s: 2185 rss: 500Mb L: 245/239306 MS: 1 EraseBytes-
#72166	REDUCE cov: 1477 ft: 2889 corp: 301/8080Kb lim: 239306 exec/s: 2186 rss: 500Mb L: 155276/239306 MS: 2 ChangeBit-EraseBytes-
#72227	REDUCE cov: 1477 ft: 2889 corp: 301/8076Kb lim: 239306 exec/s: 2188 rss: 500Mb L: 10152/239306 MS: 1 EraseBytes-
#72379	REDUCE cov: 1477 ft: 2889 corp: 301/8076Kb lim: 239306 exec/s: 2193 rss: 500Mb L: 659/239306 MS: 2 ChangeBit-EraseBytes-
#72465	REDUCE cov: 1477 ft: 2889 corp: 301/8076Kb lim: 239306 exec/s: 2195 rss: 500Mb L: 2001/239306 MS: 1 EraseBytes-
#72609	REDUCE cov: 1477 ft: 2889 corp: 301/8076Kb lim: 239306 exec/s: 2200 rss: 500Mb L: 907/239306 MS: 4 PersAutoDict-CopyPart-EraseBytes-PersAutoDict- DE: "\230\002\000\000\000\000\000\000"-"\013\252\252\252\252\252\252\252"-
#72628	REDUCE cov: 1477 ft: 2889 corp: 301/8075Kb lim: 239306 exec/s: 2200 rss: 500Mb L: 1064/239306 MS: 4 CrossOver-CrossOver-ChangeBinInt-EraseBytes-
#72644	REDUCE cov: 1477 ft: 2889 corp: 301/8075Kb lim: 239306 exec/s: 2201 rss: 500Mb L: 18/239306 MS: 1 EraseBytes-
#72775	REDUCE cov: 1477 ft: 2889 corp: 301/8072Kb lim: 239306 exec/s: 2205 rss: 500Mb L: 5477/239306 MS: 1 EraseBytes-
#72806	REDUCE cov: 1477 ft: 2889 corp: 301/8072Kb lim: 239306 exec/s: 2206 rss: 500Mb L: 1068/239306 MS: 1 EraseBytes-
#72852	REDUCE cov: 1477 ft: 2889 corp: 301/8072Kb lim: 239306 exec/s: 2207 rss: 500Mb L: 460/239306 MS: 1 EraseBytes-
#72933	REDUCE cov: 1477 ft: 2889 corp: 301/8072Kb lim: 239306 exec/s: 2210 rss: 500Mb L: 3335/239306 MS: 1 EraseBytes-
#72974	REDUCE cov: 1477 ft: 2889 corp: 301/8066Kb lim: 239306 exec/s: 2211 rss: 500Mb L: 14238/239306 MS: 1 EraseBytes-
#73243	REDUCE cov: 1477 ft: 2889 corp: 301/8066Kb lim: 239306 exec/s: 2219 rss: 500Mb L: 1264/239306 MS: 4 InsertRepeatedBytes-ChangeASCIIInt-ShuffleBytes-EraseBytes-
#73320	REDUCE cov: 1477 ft: 2889 corp: 301/8065Kb lim: 239306 exec/s: 2221 rss: 500Mb L: 353/239306 MS: 2 ChangeByte-EraseBytes-
#73387	REDUCE cov: 1477 ft: 2889 corp: 301/8065Kb lim: 239306 exec/s: 2223 rss: 500Mb L: 1645/239306 MS: 2 CrossOver-EraseBytes-
#73488	REDUCE cov: 1477 ft: 2889 corp: 301/8065Kb lim: 239306 exec/s: 2226 rss: 500Mb L: 784/239306 MS: 1 EraseBytes-
#73549	REDUCE cov: 1477 ft: 2889 corp: 301/8065Kb lim: 239306 exec/s: 2228 rss: 500Mb L: 231/239306 MS: 1 EraseBytes-
#73554	REDUCE cov: 1479 ft: 2891 corp: 302/8066Kb lim: 239306 exec/s: 2228 rss: 500Mb L: 1163/239306 MS: 5 InsertRepeatedBytes-ChangeBit-InsertByte-PersAutoDict-ChangeByte- DE: "\301\\\002\211\354-\012\221g\354\216e\241\215\353\276^U2\373\356\242\223\370\013\311B\356\220\206\301q"-
#73575	REDUCE cov: 1479 ft: 2891 corp: 302/8066Kb lim: 239306 exec/s: 2229 rss: 500Mb L: 260/239306 MS: 1 EraseBytes-
#73697	REDUCE cov: 1479 ft: 2891 corp: 302/8064Kb lim: 239306 exec/s: 2233 rss: 500Mb L: 9511/239306 MS: 2 ChangeASCIIInt-EraseBytes-
#73700	REDUCE cov: 1479 ft: 2891 corp: 302/8064Kb lim: 239306 exec/s: 2233 rss: 500Mb L: 10649/239306 MS: 3 CopyPart-ChangeBinInt-EraseBytes-
#73742	REDUCE cov: 1479 ft: 2891 corp: 302/8062Kb lim: 239306 exec/s: 2234 rss: 500Mb L: 2536/239306 MS: 2 InsertByte-EraseBytes-
#74143	REDUCE cov: 1479 ft: 2891 corp: 302/8062Kb lim: 239306 exec/s: 2246 rss: 500Mb L: 10/239306 MS: 1 EraseBytes-
#74144	REDUCE cov: 1479 ft: 2891 corp: 302/8062Kb lim: 239306 exec/s: 2246 rss: 500Mb L: 54/239306 MS: 1 EraseBytes-
#74175	REDUCE cov: 1479 ft: 2891 corp: 302/8062Kb lim: 239306 exec/s: 2247 rss: 500Mb L: 196/239306 MS: 1 EraseBytes-
#74434	REDUCE cov: 1479 ft: 2891 corp: 302/8062Kb lim: 239306 exec/s: 2255 rss: 500Mb L: 3348/239306 MS: 4 ChangeASCIIInt-CopyPart-ShuffleBytes-EraseBytes-
#74435	REDUCE cov: 1479 ft: 2891 corp: 302/8062Kb lim: 239306 exec/s: 2255 rss: 500Mb L: 3449/239306 MS: 1 EraseBytes-
#74648	REDUCE cov: 1479 ft: 2891 corp: 302/8062Kb lim: 239306 exec/s: 2262 rss: 500Mb L: 88/239306 MS: 3 CopyPart-InsertByte-EraseBytes-
#74670	REDUCE cov: 1479 ft: 2891 corp: 302/8062Kb lim: 239306 exec/s: 2262 rss: 500Mb L: 320/239306 MS: 2 ShuffleBytes-EraseBytes-
#74721	REDUCE cov: 1479 ft: 2891 corp: 302/8060Kb lim: 239306 exec/s: 2264 rss: 500Mb L: 2037/239306 MS: 1 EraseBytes-
#74821	REDUCE cov: 1479 ft: 2891 corp: 302/8060Kb lim: 239306 exec/s: 2267 rss: 500Mb L: 645/239306 MS: 5 ChangeBinInt-CMP-PersAutoDict-ChangeBit-EraseBytes- DE: "\377\377\377\377"-"+0\000\000\000\000\000\000"-
#74835	REDUCE cov: 1479 ft: 2891 corp: 302/8060Kb lim: 239306 exec/s: 2267 rss: 500Mb L: 323/239306 MS: 4 ChangeBinInt-InsertByte-PersAutoDict-EraseBytes- DE: "\000\001"-
#74884	REDUCE cov: 1479 ft: 2891 corp: 302/8059Kb lim: 239306 exec/s: 2269 rss: 500Mb L: 1227/239306 MS: 4 CMP-InsertRepeatedBytes-InsertByte-EraseBytes- DE: "\377\377\377\377\377\377\377\377"-
#75011	REDUCE cov: 1479 ft: 2891 corp: 302/8059Kb lim: 239306 exec/s: 2206 rss: 500Mb L: 430/239306 MS: 2 ChangeBit-EraseBytes-
#75017	REDUCE cov: 1479 ft: 2891 corp: 302/8059Kb lim: 239306 exec/s: 2206 rss: 500Mb L: 688/239306 MS: 1 EraseBytes-
#75239	REDUCE cov: 1479 ft: 2891 corp: 302/8059Kb lim: 239306 exec/s: 2212 rss: 500Mb L: 289/239306 MS: 2 ChangeByte-EraseBytes-
#75280	REDUCE cov: 1479 ft: 2891 corp: 302/8059Kb lim: 239306 exec/s: 2214 rss: 500Mb L: 4733/239306 MS: 1 EraseBytes-
#75351	REDUCE cov: 1479 ft: 2891 corp: 302/8058Kb lim: 239306 exec/s: 2216 rss: 500Mb L: 2243/239306 MS: 1 EraseBytes-
#75442	REDUCE cov: 1479 ft: 2891 corp: 302/8058Kb lim: 239306 exec/s: 2218 rss: 500Mb L: 86/239306 MS: 1 EraseBytes-
#75450	REDUCE cov: 1479 ft: 2891 corp: 302/8058Kb lim: 239306 exec/s: 2219 rss: 500Mb L: 918/239306 MS: 3 ChangeBit-PersAutoDict-EraseBytes- DE: "\000\000\000\000\000\000\000\010"-
#75566	REDUCE cov: 1479 ft: 2891 corp: 302/8058Kb lim: 239306 exec/s: 2222 rss: 500Mb L: 1131/239306 MS: 1 EraseBytes-
#75692	REDUCE cov: 1480 ft: 2892 corp: 303/8058Kb lim: 239306 exec/s: 2226 rss: 500Mb L: 18/239306 MS: 1 ChangeBinInt-
#75703	REDUCE cov: 1480 ft: 2892 corp: 303/8058Kb lim: 239306 exec/s: 2226 rss: 500Mb L: 1088/239306 MS: 1 EraseBytes-
#75813	REDUCE cov: 1480 ft: 2892 corp: 303/8056Kb lim: 239306 exec/s: 2229 rss: 500Mb L: 4794/239306 MS: 5 ShuffleBytes-ChangeByte-ChangeASCIIInt-EraseBytes-CrossOver-
#75964	REDUCE cov: 1480 ft: 2892 corp: 303/8056Kb lim: 239306 exec/s: 2234 rss: 500Mb L: 7/239306 MS: 1 EraseBytes-
#75969	NEW    cov: 1480 ft: 2902 corp: 304/8056Kb lim: 239306 exec/s: 2234 rss: 500Mb L: 109/239306 MS: 5 PersAutoDict-InsertRepeatedBytes-ChangeBinInt-InsertByte-ChangeBinInt- DE: "\001\000\000\000\000\000\000/"-
#75970	REDUCE cov: 1480 ft: 2902 corp: 304/8052Kb lim: 239306 exec/s: 2234 rss: 500Mb L: 21453/239306 MS: 1 EraseBytes-
#75979	REDUCE cov: 1480 ft: 2902 corp: 304/8052Kb lim: 239306 exec/s: 2234 rss: 500Mb L: 1096/239306 MS: 4 ChangeByte-ShuffleBytes-InsertByte-EraseBytes-
#76037	REDUCE cov: 1480 ft: 2902 corp: 304/8052Kb lim: 239306 exec/s: 2236 rss: 500Mb L: 2444/239306 MS: 3 ChangeByte-ChangeBit-EraseBytes-
#76089	REDUCE cov: 1480 ft: 2902 corp: 304/8052Kb lim: 239306 exec/s: 2237 rss: 500Mb L: 205/239306 MS: 2 ChangeBit-EraseBytes-
#76105	REDUCE cov: 1480 ft: 2902 corp: 304/8051Kb lim: 239306 exec/s: 2238 rss: 500Mb L: 7373/239306 MS: 1 EraseBytes-
#76197	REDUCE cov: 1480 ft: 2902 corp: 304/8051Kb lim: 239306 exec/s: 2241 rss: 500Mb L: 454/239306 MS: 2 ChangeBit-EraseBytes-
#76273	NEW    cov: 1481 ft: 2903 corp: 305/8051Kb lim: 239306 exec/s: 2243 rss: 500Mb L: 28/239306 MS: 1 CMP- DE: "\001\000\000\000"-
#76479	REDUCE cov: 1481 ft: 2903 corp: 305/8051Kb lim: 239306 exec/s: 2249 rss: 500Mb L: 226/239306 MS: 1 EraseBytes-
#76526	REDUCE cov: 1481 ft: 2903 corp: 305/8051Kb lim: 239306 exec/s: 2250 rss: 500Mb L: 222/239306 MS: 2 ChangeBinInt-EraseBytes-
#76537	REDUCE cov: 1481 ft: 2903 corp: 305/8051Kb lim: 239306 exec/s: 2251 rss: 500Mb L: 2820/239306 MS: 1 EraseBytes-
#76621	REDUCE cov: 1481 ft: 2903 corp: 305/8051Kb lim: 239306 exec/s: 2253 rss: 500Mb L: 19/239306 MS: 4 InsertByte-InsertRepeatedBytes-ChangeBinInt-EraseBytes-
#76634	REDUCE cov: 1481 ft: 2903 corp: 305/8046Kb lim: 239306 exec/s: 2253 rss: 500Mb L: 35742/239306 MS: 3 CrossOver-ChangeASCIIInt-EraseBytes-
#76701	REDUCE cov: 1481 ft: 2903 corp: 305/8045Kb lim: 239306 exec/s: 2255 rss: 500Mb L: 7098/239306 MS: 2 CMP-EraseBytes- DE: "\000\000\000\000\000\000\000\000"-
#76772	REDUCE cov: 1481 ft: 2903 corp: 305/8045Kb lim: 239306 exec/s: 2258 rss: 500Mb L: 21/239306 MS: 1 EraseBytes-
#76808	REDUCE cov: 1481 ft: 2903 corp: 305/8040Kb lim: 239306 exec/s: 2259 rss: 500Mb L: 77125/239306 MS: 1 EraseBytes-
#76842	REDUCE cov: 1481 ft: 2903 corp: 305/8037Kb lim: 239306 exec/s: 2260 rss: 500Mb L: 6760/239306 MS: 4 PersAutoDict-ChangeBit-InsertByte-EraseBytes- DE: "\021\000\000\000\000\000\000\000"-
#77082	REDUCE cov: 1481 ft: 2903 corp: 305/8028Kb lim: 239306 exec/s: 2267 rss: 500Mb L: 26547/239306 MS: 5 ChangeByte-ChangeByte-ChangeByte-InsertRepeatedBytes-EraseBytes-
#77145	REDUCE cov: 1481 ft: 2903 corp: 305/8028Kb lim: 239306 exec/s: 2268 rss: 500Mb L: 145/239306 MS: 3 CMP-ShuffleBytes-EraseBytes- DE: "\000\000"-
#77222	REDUCE cov: 1481 ft: 2903 corp: 305/8028Kb lim: 239306 exec/s: 2271 rss: 500Mb L: 549/239306 MS: 2 ChangeBit-EraseBytes-
#77240	REDUCE cov: 1481 ft: 2903 corp: 305/8028Kb lim: 239306 exec/s: 2271 rss: 500Mb L: 206/239306 MS: 3 InsertByte-InsertByte-EraseBytes-
#77318	REDUCE cov: 1481 ft: 2903 corp: 305/8010Kb lim: 239306 exec/s: 2274 rss: 500Mb L: 40047/239306 MS: 3 EraseBytes-ChangeBit-EraseBytes-
#77325	REDUCE cov: 1481 ft: 2903 corp: 305/8009Kb lim: 239306 exec/s: 2274 rss: 500Mb L: 1520/239306 MS: 2 InsertByte-EraseBytes-
#77411	REDUCE cov: 1481 ft: 2903 corp: 305/8009Kb lim: 239306 exec/s: 2276 rss: 500Mb L: 395/239306 MS: 1 EraseBytes-
#77427	REDUCE cov: 1481 ft: 2903 corp: 305/8007Kb lim: 239306 exec/s: 2277 rss: 500Mb L: 24177/239306 MS: 1 EraseBytes-
#77673	REDUCE cov: 1481 ft: 2903 corp: 305/8007Kb lim: 239306 exec/s: 2284 rss: 500Mb L: 1864/239306 MS: 1 EraseBytes-
#77740	REDUCE cov: 1481 ft: 2903 corp: 305/7994Kb lim: 239306 exec/s: 2286 rss: 500Mb L: 71835/239306 MS: 2 PersAutoDict-EraseBytes- DE: "\001\000\000\000\000\000\000\003"-
#77747	REDUCE cov: 1481 ft: 2903 corp: 305/7990Kb lim: 239306 exec/s: 2286 rss: 500Mb L: 12040/239306 MS: 2 ChangeASCIIInt-EraseBytes-
#78205	REDUCE cov: 1481 ft: 2903 corp: 305/7981Kb lim: 239306 exec/s: 2300 rss: 500Mb L: 36946/239306 MS: 3 ChangeByte-ShuffleBytes-EraseBytes-
#78230	REDUCE cov: 1481 ft: 2903 corp: 305/7981Kb lim: 239306 exec/s: 2300 rss: 500Mb L: 17/239306 MS: 5 CopyPart-ShuffleBytes-ChangeByte-ChangeBit-EraseBytes-
#78241	REDUCE cov: 1481 ft: 2903 corp: 305/7981Kb lim: 239306 exec/s: 2301 rss: 500Mb L: 73/239306 MS: 1 EraseBytes-
#78312	REDUCE cov: 1481 ft: 2903 corp: 305/7980Kb lim: 239306 exec/s: 2237 rss: 500Mb L: 2480/239306 MS: 1 EraseBytes-
#78343	REDUCE cov: 1481 ft: 2903 corp: 305/7980Kb lim: 239306 exec/s: 2238 rss: 500Mb L: 242/239306 MS: 1 EraseBytes-
#78499	REDUCE cov: 1481 ft: 2903 corp: 305/7980Kb lim: 239306 exec/s: 2242 rss: 500Mb L: 413/239306 MS: 1 EraseBytes-
#78609	REDUCE cov: 1481 ft: 2903 corp: 305/7980Kb lim: 239306 exec/s: 2245 rss: 500Mb L: 21/239306 MS: 5 ShuffleBytes-ChangeBit-ChangeByte-EraseBytes-EraseBytes-
#78860	REDUCE cov: 1481 ft: 2903 corp: 305/7975Kb lim: 239306 exec/s: 2253 rss: 500Mb L: 39523/239306 MS: 1 EraseBytes-
#78866	REDUCE cov: 1481 ft: 2903 corp: 305/7970Kb lim: 239306 exec/s: 2253 rss: 500Mb L: 4569/239306 MS: 1 EraseBytes-
#78871	REDUCE cov: 1481 ft: 2903 corp: 305/7970Kb lim: 239306 exec/s: 2253 rss: 500Mb L: 170/239306 MS: 5 ChangeASCIIInt-ChangeByte-CMP-ChangeBinInt-EraseBytes- DE: "\001\000"-
#79012	REDUCE cov: 1481 ft: 2903 corp: 305/7970Kb lim: 239306 exec/s: 2257 rss: 500Mb L: 379/239306 MS: 1 EraseBytes-
#79116	REDUCE cov: 1481 ft: 2903 corp: 305/7942Kb lim: 239306 exec/s: 2260 rss: 500Mb L: 75288/239306 MS: 4 PersAutoDict-ChangeBinInt-CMP-EraseBytes- DE: "\000\000\000\000\377\377\377\377"-"\000\000\000\000"-
#79259	REDUCE cov: 1481 ft: 2903 corp: 305/7942Kb lim: 239306 exec/s: 2264 rss: 500Mb L: 952/239306 MS: 3 CMP-InsertByte-EraseBytes- DE: "N\000\000\000\000\000\000\000"-
#79290	REDUCE cov: 1481 ft: 2903 corp: 305/7933Kb lim: 239306 exec/s: 2265 rss: 500Mb L: 17952/239306 MS: 1 EraseBytes-
#79567	REDUCE cov: 1481 ft: 2903 corp: 305/7931Kb lim: 239306 exec/s: 2273 rss: 500Mb L: 13376/239306 MS: 2 ChangeByte-EraseBytes-
#79854	REDUCE cov: 1481 ft: 2903 corp: 305/7917Kb lim: 239306 exec/s: 2281 rss: 500Mb L: 61210/239306 MS: 2 ChangeByte-EraseBytes-
#80022	REDUCE cov: 1481 ft: 2903 corp: 305/7917Kb lim: 239306 exec/s: 2286 rss: 500Mb L: 579/239306 MS: 3 PersAutoDict-ChangeBinInt-EraseBytes- DE: "\000\000\000\000\377\377\377\377"-
#80115	REDUCE cov: 1481 ft: 2903 corp: 305/7913Kb lim: 239306 exec/s: 2289 rss: 500Mb L: 41786/239306 MS: 3 ChangeBit-PersAutoDict-EraseBytes- DE: "\001\000\000\000\000\000\000\000"-
#80311	REDUCE cov: 1481 ft: 2903 corp: 305/7913Kb lim: 239306 exec/s: 2294 rss: 500Mb L: 1077/239306 MS: 1 EraseBytes-
#80330	REDUCE cov: 1481 ft: 2903 corp: 305/7913Kb lim: 239306 exec/s: 2295 rss: 500Mb L: 966/239306 MS: 4 ChangeBinInt-PersAutoDict-ChangeByte-EraseBytes- DE: "\001\000\000\000\000\000\000\002"-
#80346	REDUCE cov: 1481 ft: 2903 corp: 305/7912Kb lim: 239306 exec/s: 2295 rss: 500Mb L: 258/239306 MS: 1 EraseBytes-
#80395	REDUCE cov: 1481 ft: 2903 corp: 305/7912Kb lim: 239306 exec/s: 2297 rss: 500Mb L: 1134/239306 MS: 4 CopyPart-ChangeASCIIInt-ShuffleBytes-EraseBytes-
#80492	REDUCE cov: 1481 ft: 2903 corp: 305/7912Kb lim: 239306 exec/s: 2299 rss: 500Mb L: 451/239306 MS: 2 ShuffleBytes-EraseBytes-
#80647	REDUCE cov: 1481 ft: 2903 corp: 305/7912Kb lim: 239306 exec/s: 2304 rss: 500Mb L: 4585/239306 MS: 5 ChangeASCIIInt-ShuffleBytes-ChangeASCIIInt-InsertByte-EraseBytes-
#80901	REDUCE cov: 1481 ft: 2903 corp: 305/7912Kb lim: 239306 exec/s: 2311 rss: 500Mb L: 5/239306 MS: 4 EraseBytes-EraseBytes-CMP-EraseBytes- DE: "\020\000\000\000\000\000\000\000"-
#80911	REDUCE cov: 1481 ft: 2903 corp: 305/7902Kb lim: 239306 exec/s: 2311 rss: 500Mb L: 64845/239306 MS: 5 ChangeASCIIInt-ChangeByte-ChangeBinInt-ChangeBinInt-EraseBytes-
#80943	REDUCE cov: 1481 ft: 2903 corp: 305/7902Kb lim: 239306 exec/s: 2312 rss: 500Mb L: 1472/239306 MS: 2 CopyPart-EraseBytes-
#80984	REDUCE cov: 1481 ft: 2903 corp: 305/7902Kb lim: 239306 exec/s: 2313 rss: 500Mb L: 187/239306 MS: 1 EraseBytes-
#81171	REDUCE cov: 1481 ft: 2903 corp: 305/7901Kb lim: 239306 exec/s: 2319 rss: 500Mb L: 1711/239306 MS: 2 ChangeBinInt-EraseBytes-
#81195	REDUCE cov: 1481 ft: 2903 corp: 305/7901Kb lim: 239306 exec/s: 2319 rss: 500Mb L: 15/239306 MS: 4 ChangeByte-CopyPart-InsertByte-EraseBytes-
#81217	REDUCE cov: 1481 ft: 2903 corp: 305/7900Kb lim: 239306 exec/s: 2320 rss: 500Mb L: 1230/239306 MS: 2 EraseBytes-PersAutoDict- DE: "\365J\202\020\000\000\000\000"-
#81269	REDUCE cov: 1481 ft: 2903 corp: 305/7889Kb lim: 239306 exec/s: 2321 rss: 500Mb L: 36621/239306 MS: 2 ChangeBit-EraseBytes-
#81400	REDUCE cov: 1481 ft: 2903 corp: 305/7885Kb lim: 239306 exec/s: 2325 rss: 500Mb L: 20254/239306 MS: 1 EraseBytes-
#81581	REDUCE cov: 1481 ft: 2903 corp: 305/7885Kb lim: 239306 exec/s: 2266 rss: 500Mb L: 13263/239306 MS: 1 EraseBytes-
#81594	REDUCE cov: 1481 ft: 2903 corp: 305/7883Kb lim: 239306 exec/s: 2266 rss: 500Mb L: 7337/239306 MS: 3 ChangeBit-ChangeByte-EraseBytes-
#81620	REDUCE cov: 1481 ft: 2903 corp: 305/7883Kb lim: 239306 exec/s: 2267 rss: 500Mb L: 1225/239306 MS: 1 EraseBytes-
#81716	REDUCE cov: 1481 ft: 2903 corp: 305/7883Kb lim: 239306 exec/s: 2269 rss: 500Mb L: 77/239306 MS: 1 EraseBytes-
#81771	REDUCE cov: 1481 ft: 2903 corp: 305/7873Kb lim: 239306 exec/s: 2271 rss: 500Mb L: 32064/239306 MS: 5 ChangeBinInt-ChangeByte-ShuffleBytes-EraseBytes-PersAutoDict- DE: "L\000\000\000\000\000\000\000"-
#81977	NEW    cov: 1481 ft: 2907 corp: 306/7874Kb lim: 239306 exec/s: 2277 rss: 500Mb L: 541/239306 MS: 1 ChangeBinInt-
#82016	REDUCE cov: 1481 ft: 2907 corp: 306/7874Kb lim: 239306 exec/s: 2278 rss: 500Mb L: 563/239306 MS: 4 InsertByte-CrossOver-ChangeBinInt-EraseBytes-
#82095	REDUCE cov: 1481 ft: 2907 corp: 306/7874Kb lim: 239306 exec/s: 2280 rss: 500Mb L: 85/239306 MS: 4 InsertByte-PersAutoDict-ChangeBinInt-EraseBytes- DE: "TUUUUUU\005"-
#82118	REDUCE cov: 1481 ft: 2907 corp: 306/7830Kb lim: 239306 exec/s: 2281 rss: 500Mb L: 110308/239306 MS: 3 ChangeBinInt-InsertByte-EraseBytes-
#82174	REDUCE cov: 1481 ft: 2907 corp: 306/7825Kb lim: 239306 exec/s: 2282 rss: 500Mb L: 15550/239306 MS: 1 EraseBytes-
#82208	REDUCE cov: 1481 ft: 2907 corp: 306/7822Kb lim: 239306 exec/s: 2283 rss: 500Mb L: 51631/239306 MS: 4 InsertByte-CMP-EraseBytes-ChangeByte- DE: "\377\377\377\377"-
#82347	REDUCE cov: 1481 ft: 2907 corp: 306/7821Kb lim: 239306 exec/s: 2287 rss: 500Mb L: 394/239306 MS: 4 ChangeBinInt-ChangeByte-ChangeBit-EraseBytes-
#82352	REDUCE cov: 1481 ft: 2907 corp: 306/7821Kb lim: 239306 exec/s: 2287 rss: 500Mb L: 215/239306 MS: 5 ChangeBinInt-ShuffleBytes-ChangeASCIIInt-CopyPart-EraseBytes-
#82468	REDUCE cov: 1481 ft: 2907 corp: 306/7819Kb lim: 239306 exec/s: 2290 rss: 500Mb L: 7683/239306 MS: 1 EraseBytes-
#82772	REDUCE cov: 1481 ft: 2907 corp: 306/7819Kb lim: 239306 exec/s: 2299 rss: 500Mb L: 250/239306 MS: 4 ShuffleBytes-InsertByte-ChangeASCIIInt-EraseBytes-
#82804	REDUCE cov: 1481 ft: 2907 corp: 306/7802Kb lim: 239306 exec/s: 2300 rss: 500Mb L: 34715/239306 MS: 2 ChangeASCIIInt-CrossOver-
#82926	REDUCE cov: 1481 ft: 2907 corp: 306/7802Kb lim: 239306 exec/s: 2303 rss: 500Mb L: 45/239306 MS: 2 ChangeBit-EraseBytes-
#82951	REDUCE cov: 1481 ft: 2907 corp: 306/7802Kb lim: 239306 exec/s: 2304 rss: 500Mb L: 5681/239306 MS: 5 ShuffleBytes-PersAutoDict-ChangeASCIIInt-CopyPart-EraseBytes- DE: "\002\377\377\377\377\377\377\377"-
#83012	REDUCE cov: 1481 ft: 2907 corp: 306/7802Kb lim: 239306 exec/s: 2305 rss: 500Mb L: 23/239306 MS: 1 EraseBytes-
#83063	REDUCE cov: 1481 ft: 2907 corp: 306/7799Kb lim: 239306 exec/s: 2307 rss: 500Mb L: 4264/239306 MS: 1 EraseBytes-
#83101	REDUCE cov: 1481 ft: 2907 corp: 306/7798Kb lim: 239306 exec/s: 2308 rss: 500Mb L: 3687/239306 MS: 3 ShuffleBytes-InsertRepeatedBytes-EraseBytes-
#83403	REDUCE cov: 1481 ft: 2907 corp: 306/7798Kb lim: 239306 exec/s: 2316 rss: 500Mb L: 435/239306 MS: 2 ChangeBit-EraseBytes-
#83564	REDUCE cov: 1481 ft: 2907 corp: 306/7798Kb lim: 239306 exec/s: 2321 rss: 500Mb L: 560/239306 MS: 1 EraseBytes-
#83574	REDUCE cov: 1481 ft: 2907 corp: 306/7796Kb lim: 239306 exec/s: 2321 rss: 500Mb L: 14454/239306 MS: 5 ChangeASCIIInt-ChangeBinInt-ChangeBit-InsertByte-EraseBytes-
#83587	REDUCE cov: 1481 ft: 2907 corp: 306/7796Kb lim: 239306 exec/s: 2321 rss: 500Mb L: 337/239306 MS: 3 ShuffleBytes-ChangeBinInt-EraseBytes-
#83694	REDUCE cov: 1481 ft: 2907 corp: 306/7792Kb lim: 239306 exec/s: 2324 rss: 500Mb L: 4633/239306 MS: 2 CMP-EraseBytes- DE: "\031\000\000\000\000\000\000\000"-
#83715	REDUCE cov: 1481 ft: 2907 corp: 306/7787Kb lim: 239306 exec/s: 2325 rss: 500Mb L: 31833/239306 MS: 1 EraseBytes-
#84081	REDUCE cov: 1481 ft: 2907 corp: 306/7778Kb lim: 239306 exec/s: 2335 rss: 500Mb L: 119165/239306 MS: 1 CrossOver-
#84123	REDUCE cov: 1481 ft: 2907 corp: 306/7772Kb lim: 239306 exec/s: 2336 rss: 500Mb L: 31402/239306 MS: 2 PersAutoDict-EraseBytes- DE: "\336y\3321\343\335\312%"-
#84251	REDUCE cov: 1481 ft: 2907 corp: 306/7771Kb lim: 239306 exec/s: 2340 rss: 500Mb L: 5864/239306 MS: 3 PersAutoDict-ChangeByte-EraseBytes- DE: "\020\000\000\000\000\000\000\000"-
#84464	REDUCE cov: 1481 ft: 2907 corp: 306/7770Kb lim: 239306 exec/s: 2282 rss: 500Mb L: 2110/239306 MS: 3 ChangeByte-PersAutoDict-EraseBytes- DE: "\377\377\377\377\377\377\015s"-
#84591	REDUCE cov: 1481 ft: 2907 corp: 306/7770Kb lim: 239306 exec/s: 2286 rss: 500Mb L: 6544/239306 MS: 2 ChangeBinInt-EraseBytes-
#84603	REDUCE cov: 1481 ft: 2907 corp: 306/7770Kb lim: 239306 exec/s: 2286 rss: 500Mb L: 50/239306 MS: 2 ChangeByte-EraseBytes-
#84942	REDUCE cov: 1481 ft: 2907 corp: 306/7763Kb lim: 239306 exec/s: 2295 rss: 500Mb L: 12720/239306 MS: 4 ChangeBinInt-ShuffleBytes-CopyPart-EraseBytes-
#85008	REDUCE cov: 1481 ft: 2907 corp: 306/7750Kb lim: 239306 exec/s: 2297 rss: 500Mb L: 47030/239306 MS: 1 EraseBytes-
#85031	REDUCE cov: 1481 ft: 2907 corp: 306/7750Kb lim: 239306 exec/s: 2298 rss: 500Mb L: 1037/239306 MS: 3 CopyPart-InsertRepeatedBytes-EraseBytes-
#85205	REDUCE cov: 1481 ft: 2907 corp: 306/7737Kb lim: 239306 exec/s: 2302 rss: 500Mb L: 26143/239306 MS: 4 CMP-CopyPart-EraseBytes-EraseBytes- DE: "\377\377\377\377"-
#85287	REDUCE cov: 1481 ft: 2907 corp: 306/7737Kb lim: 239306 exec/s: 2305 rss: 500Mb L: 10553/239306 MS: 2 ShuffleBytes-EraseBytes-
#85318	REDUCE cov: 1481 ft: 2907 corp: 306/7737Kb lim: 239306 exec/s: 2305 rss: 500Mb L: 47/239306 MS: 1 EraseBytes-
#85324	REDUCE cov: 1481 ft: 2907 corp: 306/7737Kb lim: 239306 exec/s: 2306 rss: 500Mb L: 1208/239306 MS: 1 EraseBytes-
#85391	REDUCE cov: 1481 ft: 2907 corp: 306/7737Kb lim: 239306 exec/s: 2307 rss: 500Mb L: 866/239306 MS: 2 ChangeBinInt-EraseBytes-
#85443	REDUCE cov: 1481 ft: 2907 corp: 306/7730Kb lim: 239306 exec/s: 2309 rss: 500Mb L: 18779/239306 MS: 2 InsertByte-EraseBytes-
#85504	REDUCE cov: 1481 ft: 2907 corp: 306/7729Kb lim: 239306 exec/s: 2310 rss: 500Mb L: 973/239306 MS: 1 EraseBytes-
#85522	REDUCE cov: 1481 ft: 2907 corp: 306/7729Kb lim: 239306 exec/s: 2311 rss: 500Mb L: 392/239306 MS: 3 InsertRepeatedBytes-CrossOver-EraseBytes-
#85533	REDUCE cov: 1481 ft: 2907 corp: 306/7729Kb lim: 239306 exec/s: 2311 rss: 500Mb L: 37/239306 MS: 1 EraseBytes-
#85628	REDUCE cov: 1481 ft: 2907 corp: 306/7729Kb lim: 239306 exec/s: 2314 rss: 500Mb L: 470/239306 MS: 5 ChangeBit-PersAutoDict-ChangeBit-ChangeBinInt-EraseBytes- DE: "\001\000\000\000\000\000\000\000"-
#86054	REDUCE cov: 1481 ft: 2907 corp: 306/7729Kb lim: 239306 exec/s: 2325 rss: 500Mb L: 390/239306 MS: 1 EraseBytes-
#86147	REDUCE cov: 1481 ft: 2907 corp: 306/7729Kb lim: 239306 exec/s: 2328 rss: 500Mb L: 15/239306 MS: 3 ChangeByte-CopyPart-EraseBytes-
#86189	REDUCE cov: 1481 ft: 2907 corp: 306/7729Kb lim: 239306 exec/s: 2329 rss: 500Mb L: 180/239306 MS: 2 InsertByte-EraseBytes-
#86244	REDUCE cov: 1481 ft: 2907 corp: 306/7729Kb lim: 239306 exec/s: 2330 rss: 500Mb L: 6197/239306 MS: 5 CopyPart-PersAutoDict-PersAutoDict-ShuffleBytes-EraseBytes- DE: "\005\000\000\000\000\000\000\000"-"\257\000\000\000\000\000\000\000"-
#86250	REDUCE cov: 1481 ft: 2907 corp: 306/7729Kb lim: 239306 exec/s: 2331 rss: 500Mb L: 332/239306 MS: 1 EraseBytes-
#86406	REDUCE cov: 1481 ft: 2907 corp: 306/7729Kb lim: 239306 exec/s: 2335 rss: 500Mb L: 13/239306 MS: 1 EraseBytes-
#86407	REDUCE cov: 1481 ft: 2907 corp: 306/7729Kb lim: 239306 exec/s: 2335 rss: 500Mb L: 12/239306 MS: 1 EraseBytes-
#86854	REDUCE cov: 1481 ft: 2907 corp: 306/7729Kb lim: 239306 exec/s: 2347 rss: 500Mb L: 259/239306 MS: 2 CopyPart-EraseBytes-
#86975	REDUCE cov: 1481 ft: 2907 corp: 306/7729Kb lim: 239306 exec/s: 2350 rss: 500Mb L: 4749/239306 MS: 1 EraseBytes-
#87063	REDUCE cov: 1481 ft: 2907 corp: 306/7728Kb lim: 239306 exec/s: 2353 rss: 500Mb L: 636/239306 MS: 3 ChangeBit-CopyPart-EraseBytes-
#87262	REDUCE cov: 1481 ft: 2907 corp: 306/7728Kb lim: 239306 exec/s: 2358 rss: 500Mb L: 601/239306 MS: 4 CrossOver-ChangeBinInt-InsertByte-EraseBytes-
#87323	REDUCE cov: 1481 ft: 2907 corp: 306/7728Kb lim: 239306 exec/s: 2360 rss: 500Mb L: 140/239306 MS: 1 EraseBytes-
#87461	REDUCE cov: 1482 ft: 2908 corp: 307/7728Kb lim: 239306 exec/s: 2363 rss: 500Mb L: 109/239306 MS: 3 ChangeByte-PersAutoDict-EraseBytes- DE: "\001\000"-
#87478	REDUCE cov: 1482 ft: 2908 corp: 307/7728Kb lim: 239306 exec/s: 2364 rss: 500Mb L: 1029/239306 MS: 2 CrossOver-EraseBytes-
#87481	REDUCE cov: 1482 ft: 2908 corp: 307/7727Kb lim: 239306 exec/s: 2364 rss: 500Mb L: 985/239306 MS: 3 InsertRepeatedBytes-CopyPart-EraseBytes-
#87512	REDUCE cov: 1482 ft: 2908 corp: 307/7727Kb lim: 239306 exec/s: 2365 rss: 500Mb L: 12/239306 MS: 1 EraseBytes-
#87554	REDUCE cov: 1482 ft: 2908 corp: 307/7727Kb lim: 239306 exec/s: 2366 rss: 500Mb L: 70/239306 MS: 2 InsertRepeatedBytes-EraseBytes-
#87641	REDUCE cov: 1482 ft: 2908 corp: 307/7727Kb lim: 239306 exec/s: 2368 rss: 500Mb L: 6/239306 MS: 2 CrossOver-EraseBytes-
#87697	REDUCE cov: 1482 ft: 2908 corp: 307/7726Kb lim: 239306 exec/s: 2370 rss: 500Mb L: 1623/239306 MS: 1 EraseBytes-
#87730	REDUCE cov: 1482 ft: 2908 corp: 307/7713Kb lim: 239306 exec/s: 2371 rss: 500Mb L: 61092/239306 MS: 3 ChangeByte-ChangeBit-EraseBytes-
#88065	REDUCE cov: 1482 ft: 2908 corp: 307/7711Kb lim: 239306 exec/s: 2317 rss: 500Mb L: 4403/239306 MS: 5 InsertByte-ChangeBit-InsertRepeatedBytes-EraseBytes-EraseBytes-
#88296	REDUCE cov: 1482 ft: 2908 corp: 307/7711Kb lim: 239306 exec/s: 2323 rss: 500Mb L: 77/239306 MS: 1 EraseBytes-
#88467	REDUCE cov: 1482 ft: 2908 corp: 307/7711Kb lim: 239306 exec/s: 2328 rss: 500Mb L: 1815/239306 MS: 1 EraseBytes-
#88719	REDUCE cov: 1482 ft: 2908 corp: 307/7711Kb lim: 239306 exec/s: 2334 rss: 500Mb L: 4271/239306 MS: 2 ChangeBinInt-EraseBytes-
#88756	REDUCE cov: 1482 ft: 2908 corp: 307/7711Kb lim: 239306 exec/s: 2335 rss: 500Mb L: 385/239306 MS: 2 ChangeASCIIInt-EraseBytes-
#88762	REDUCE cov: 1482 ft: 2908 corp: 307/7711Kb lim: 239306 exec/s: 2335 rss: 500Mb L: 161/239306 MS: 1 EraseBytes-
#88853	REDUCE cov: 1482 ft: 2908 corp: 307/7711Kb lim: 239306 exec/s: 2338 rss: 500Mb L: 80/239306 MS: 1 EraseBytes-
#89016	REDUCE cov: 1482 ft: 2908 corp: 307/7711Kb lim: 239306 exec/s: 2342 rss: 500Mb L: 769/239306 MS: 3 ShuffleBytes-ChangeBinInt-EraseBytes-
#89032	REDUCE cov: 1482 ft: 2908 corp: 307/7711Kb lim: 239306 exec/s: 2342 rss: 500Mb L: 827/239306 MS: 1 EraseBytes-
#89043	REDUCE cov: 1482 ft: 2908 corp: 307/7709Kb lim: 239306 exec/s: 2343 rss: 500Mb L: 3952/239306 MS: 1 EraseBytes-
#89217	REDUCE cov: 1482 ft: 2908 corp: 307/7708Kb lim: 239306 exec/s: 2347 rss: 500Mb L: 5668/239306 MS: 4 ChangeBit-ChangeBit-ChangeASCIIInt-EraseBytes-
#89278	REDUCE cov: 1482 ft: 2908 corp: 307/7708Kb lim: 239306 exec/s: 2349 rss: 500Mb L: 466/239306 MS: 1 EraseBytes-
#89290	REDUCE cov: 1482 ft: 2908 corp: 307/7707Kb lim: 239306 exec/s: 2349 rss: 500Mb L: 18716/239306 MS: 2 ShuffleBytes-EraseBytes-
#89341	REDUCE cov: 1482 ft: 2908 corp: 307/7703Kb lim: 239306 exec/s: 2351 rss: 500Mb L: 115910/239306 MS: 1 EraseBytes-
#89498	REDUCE cov: 1482 ft: 2908 corp: 307/7703Kb lim: 239306 exec/s: 2355 rss: 500Mb L: 539/239306 MS: 2 ShuffleBytes-EraseBytes-
#89920	REDUCE cov: 1482 ft: 2908 corp: 307/7703Kb lim: 239306 exec/s: 2366 rss: 500Mb L: 22/239306 MS: 2 ChangeBit-EraseBytes-
#90331	REDUCE cov: 1482 ft: 2908 corp: 307/7701Kb lim: 239306 exec/s: 2377 rss: 500Mb L: 7335/239306 MS: 1 EraseBytes-
#90474	REDUCE cov: 1482 ft: 2908 corp: 307/7701Kb lim: 239306 exec/s: 2380 rss: 500Mb L: 586/239306 MS: 3 InsertRepeatedBytes-ChangeASCIIInt-EraseBytes-
#90736	REDUCE cov: 1482 ft: 2908 corp: 307/7701Kb lim: 239306 exec/s: 2387 rss: 500Mb L: 93/239306 MS: 2 InsertByte-EraseBytes-
#90838	REDUCE cov: 1482 ft: 2908 corp: 307/7701Kb lim: 239306 exec/s: 2390 rss: 500Mb L: 313/239306 MS: 2 ChangeByte-EraseBytes-
#91119	REDUCE cov: 1482 ft: 2908 corp: 307/7701Kb lim: 239306 exec/s: 2397 rss: 500Mb L: 841/239306 MS: 1 EraseBytes-
#91445	REDUCE cov: 1483 ft: 2909 corp: 308/7701Kb lim: 239306 exec/s: 2406 rss: 500Mb L: 12/239306 MS: 1 PersAutoDict- DE: "L\000\000\000\000\000\000\000"-
#91490	REDUCE cov: 1483 ft: 2909 corp: 308/7700Kb lim: 239306 exec/s: 2407 rss: 500Mb L: 4843/239306 MS: 5 InsertByte-ChangeBit-CopyPart-ChangeBinInt-EraseBytes-
#91556	REDUCE cov: 1483 ft: 2909 corp: 308/7700Kb lim: 239306 exec/s: 2347 rss: 500Mb L: 938/239306 MS: 1 EraseBytes-
#91959	REDUCE cov: 1483 ft: 2909 corp: 308/7699Kb lim: 239306 exec/s: 2357 rss: 500Mb L: 4667/239306 MS: 3 ChangeBinInt-CopyPart-EraseBytes-
#91980	REDUCE cov: 1483 ft: 2909 corp: 308/7698Kb lim: 239306 exec/s: 2358 rss: 500Mb L: 690/239306 MS: 1 EraseBytes-
#92137	REDUCE cov: 1483 ft: 2909 corp: 308/7697Kb lim: 239306 exec/s: 2362 rss: 500Mb L: 2981/239306 MS: 2 CMP-EraseBytes- DE: "\001\000\000\000\000\000\000\004"-
#92163	REDUCE cov: 1483 ft: 2909 corp: 308/7696Kb lim: 239306 exec/s: 2363 rss: 500Mb L: 30842/239306 MS: 1 EraseBytes-
#92205	REDUCE cov: 1483 ft: 2909 corp: 308/7696Kb lim: 239306 exec/s: 2364 rss: 500Mb L: 16/239306 MS: 2 ChangeBinInt-EraseBytes-
#92737	REDUCE cov: 1484 ft: 2910 corp: 309/7696Kb lim: 239306 exec/s: 2377 rss: 500Mb L: 9/239306 MS: 2 CopyPart-CopyPart-
#92867	REDUCE cov: 1484 ft: 2910 corp: 309/7692Kb lim: 239306 exec/s: 2381 rss: 500Mb L: 5922/239306 MS: 5 ChangeBinInt-InsertByte-ChangeByte-ChangeByte-EraseBytes-
#92893	REDUCE cov: 1484 ft: 2910 corp: 309/7688Kb lim: 239306 exec/s: 2381 rss: 500Mb L: 105510/239306 MS: 1 EraseBytes-
#93006	REDUCE cov: 1484 ft: 2910 corp: 309/7686Kb lim: 239306 exec/s: 2384 rss: 500Mb L: 10732/239306 MS: 3 ChangeASCIIInt-InsertByte-EraseBytes-
#93032	REDUCE cov: 1484 ft: 2910 corp: 309/7686Kb lim: 239306 exec/s: 2385 rss: 500Mb L: 208/239306 MS: 1 EraseBytes-
#93255	REDUCE cov: 1484 ft: 2910 corp: 309/7685Kb lim: 239306 exec/s: 2391 rss: 500Mb L: 1333/239306 MS: 3 CrossOver-CrossOver-EraseBytes-
#93276	REDUCE cov: 1484 ft: 2910 corp: 309/7685Kb lim: 239306 exec/s: 2391 rss: 500Mb L: 319/239306 MS: 1 EraseBytes-
#93689	REDUCE cov: 1484 ft: 2911 corp: 310/7685Kb lim: 239306 exec/s: 2402 rss: 500Mb L: 337/239306 MS: 3 ShuffleBytes-CMP-ChangeBinInt- DE: "\000\000\000\000"-
#93866	REDUCE cov: 1484 ft: 2911 corp: 310/7685Kb lim: 239306 exec/s: 2406 rss: 500Mb L: 171/239306 MS: 2 ChangeBit-EraseBytes-
#93883	REDUCE cov: 1484 ft: 2911 corp: 310/7685Kb lim: 239306 exec/s: 2407 rss: 500Mb L: 3681/239306 MS: 2 InsertRepeatedBytes-EraseBytes-
#94334	REDUCE cov: 1484 ft: 2911 corp: 310/7678Kb lim: 239306 exec/s: 2418 rss: 500Mb L: 10380/239306 MS: 1 EraseBytes-
#94355	REDUCE cov: 1484 ft: 2911 corp: 310/7676Kb lim: 239306 exec/s: 2419 rss: 500Mb L: 14318/239306 MS: 1 EraseBytes-
#94529	REDUCE cov: 1484 ft: 2911 corp: 310/7676Kb lim: 239306 exec/s: 2423 rss: 500Mb L: 5834/239306 MS: 4 InsertRepeatedBytes-CrossOver-ChangeBit-EraseBytes-
#94676	REDUCE cov: 1484 ft: 2911 corp: 310/7676Kb lim: 239306 exec/s: 2427 rss: 500Mb L: 411/239306 MS: 2 PersAutoDict-EraseBytes- DE: "\320\012\000\000\000\000\000\000"-
#94797	REDUCE cov: 1484 ft: 2911 corp: 310/7676Kb lim: 239306 exec/s: 2430 rss: 500Mb L: 21/239306 MS: 1 EraseBytes-
#95043	REDUCE cov: 1484 ft: 2911 corp: 310/7676Kb lim: 239306 exec/s: 2376 rss: 500Mb L: 632/239306 MS: 1 EraseBytes-
#95107	NEW    cov: 1484 ft: 2912 corp: 311/7676Kb lim: 239306 exec/s: 2377 rss: 500Mb L: 39/239306 MS: 4 CopyPart-ChangeBit-InsertByte-EraseBytes-
#95138	REDUCE cov: 1484 ft: 2912 corp: 311/7676Kb lim: 239306 exec/s: 2378 rss: 500Mb L: 393/239306 MS: 1 EraseBytes-
#95404	REDUCE cov: 1484 ft: 2912 corp: 311/7676Kb lim: 239306 exec/s: 2385 rss: 500Mb L: 1186/239306 MS: 1 EraseBytes-
#95460	REDUCE cov: 1484 ft: 2912 corp: 311/7675Kb lim: 239306 exec/s: 2386 rss: 500Mb L: 3996/239306 MS: 1 EraseBytes-
#95560	REDUCE cov: 1484 ft: 2912 corp: 311/7675Kb lim: 239306 exec/s: 2389 rss: 500Mb L: 10168/239306 MS: 5 ChangeASCIIInt-EraseBytes-EraseBytes-ShuffleBytes-InsertByte-
#95842	REDUCE cov: 1484 ft: 2912 corp: 311/7675Kb lim: 239306 exec/s: 2396 rss: 500Mb L: 115/239306 MS: 2 EraseBytes-InsertByte-
#95883	REDUCE cov: 1484 ft: 2912 corp: 311/7675Kb lim: 239306 exec/s: 2397 rss: 500Mb L: 10/239306 MS: 1 EraseBytes-
#96005	REDUCE cov: 1484 ft: 2912 corp: 311/7675Kb lim: 239306 exec/s: 2400 rss: 500Mb L: 309/239306 MS: 2 ChangeByte-EraseBytes-
#96212	REDUCE cov: 1484 ft: 2912 corp: 311/7675Kb lim: 239306 exec/s: 2405 rss: 500Mb L: 334/239306 MS: 2 EraseBytes-ChangeByte-
#96442	REDUCE cov: 1484 ft: 2912 corp: 311/7668Kb lim: 239306 exec/s: 2411 rss: 500Mb L: 14144/239306 MS: 5 ChangeASCIIInt-ChangeBit-ChangeBinInt-ChangeBinInt-EraseBytes-
#96483	REDUCE cov: 1484 ft: 2912 corp: 311/7667Kb lim: 239306 exec/s: 2412 rss: 500Mb L: 194/239306 MS: 1 EraseBytes-
#96605	REDUCE cov: 1484 ft: 2912 corp: 311/7667Kb lim: 239306 exec/s: 2415 rss: 500Mb L: 884/239306 MS: 2 CopyPart-EraseBytes-
#96716	REDUCE cov: 1484 ft: 2912 corp: 311/7667Kb lim: 239306 exec/s: 2417 rss: 500Mb L: 139/239306 MS: 1 EraseBytes-
#96768	REDUCE cov: 1484 ft: 2912 corp: 311/7667Kb lim: 239306 exec/s: 2419 rss: 500Mb L: 708/239306 MS: 2 ChangeByte-EraseBytes-
#96796	REDUCE cov: 1484 ft: 2912 corp: 311/7667Kb lim: 239306 exec/s: 2419 rss: 500Mb L: 375/239306 MS: 3 EraseBytes-ChangeBinInt-CrossOver-
#97050	REDUCE cov: 1484 ft: 2912 corp: 311/7656Kb lim: 239306 exec/s: 2426 rss: 500Mb L: 167081/239306 MS: 4 ChangeBinInt-ChangeByte-ChangeBit-EraseBytes-
#97209	REDUCE cov: 1484 ft: 2912 corp: 311/7656Kb lim: 239306 exec/s: 2430 rss: 500Mb L: 6/239306 MS: 4 ChangeByte-InsertByte-InsertByte-EraseBytes-
#97343	REDUCE cov: 1484 ft: 2912 corp: 311/7640Kb lim: 239306 exec/s: 2433 rss: 500Mb L: 31459/239306 MS: 4 CopyPart-EraseBytes-EraseBytes-CrossOver-
#97450	REDUCE cov: 1484 ft: 2912 corp: 311/7640Kb lim: 239306 exec/s: 2436 rss: 500Mb L: 814/239306 MS: 2 ChangeBinInt-EraseBytes-
#97692	REDUCE cov: 1484 ft: 2912 corp: 311/7640Kb lim: 239306 exec/s: 2442 rss: 500Mb L: 343/239306 MS: 2 InsertRepeatedBytes-EraseBytes-
#97700	REDUCE cov: 1484 ft: 2912 corp: 311/7640Kb lim: 239306 exec/s: 2442 rss: 500Mb L: 5366/239306 MS: 3 ChangeBit-ChangeBinInt-EraseBytes-
#97852	REDUCE cov: 1484 ft: 2912 corp: 311/7637Kb lim: 239306 exec/s: 2446 rss: 500Mb L: 2831/239306 MS: 2 ChangeBinInt-EraseBytes-
#97928	REDUCE cov: 1484 ft: 2912 corp: 311/7637Kb lim: 239306 exec/s: 2448 rss: 500Mb L: 3814/239306 MS: 1 EraseBytes-
#98494	REDUCE cov: 1484 ft: 2912 corp: 311/7637Kb lim: 239306 exec/s: 2402 rss: 500Mb L: 5/239306 MS: 1 EraseBytes-
#98502	REDUCE cov: 1484 ft: 2912 corp: 311/7637Kb lim: 239306 exec/s: 2402 rss: 500Mb L: 104/239306 MS: 3 InsertByte-ChangeByte-EraseBytes-
#98510	REDUCE cov: 1484 ft: 2912 corp: 311/7637Kb lim: 239306 exec/s: 2402 rss: 500Mb L: 4/239306 MS: 3 ChangeByte-InsertByte-EraseBytes-
#98674	REDUCE cov: 1484 ft: 2912 corp: 311/7637Kb lim: 239306 exec/s: 2406 rss: 500Mb L: 1058/239306 MS: 4 InsertRepeatedBytes-InsertByte-ChangeByte-EraseBytes-
#98720	REDUCE cov: 1484 ft: 2912 corp: 311/7637Kb lim: 239306 exec/s: 2407 rss: 500Mb L: 211/239306 MS: 1 EraseBytes-
#98888	REDUCE cov: 1484 ft: 2912 corp: 311/7628Kb lim: 239306 exec/s: 2411 rss: 500Mb L: 25304/239306 MS: 3 CopyPart-PersAutoDict-EraseBytes- DE: "\007\000\000\000\000\000\000\000"-
#98949	REDUCE cov: 1484 ft: 2912 corp: 311/7628Kb lim: 239306 exec/s: 2413 rss: 500Mb L: 11/239306 MS: 1 EraseBytes-
#99003	REDUCE cov: 1484 ft: 2912 corp: 311/7624Kb lim: 239306 exec/s: 2414 rss: 500Mb L: 7151/239306 MS: 4 InsertByte-CrossOver-PersAutoDict-EraseBytes- DE: "\377\377\377\377\377\377\377\002"-
#99085	REDUCE cov: 1484 ft: 2912 corp: 311/7624Kb lim: 239306 exec/s: 2416 rss: 500Mb L: 1053/239306 MS: 2 InsertRepeatedBytes-EraseBytes-
#99161	REDUCE cov: 1484 ft: 2912 corp: 311/7624Kb lim: 239306 exec/s: 2418 rss: 500Mb L: 40/239306 MS: 1 EraseBytes-
#99193	REDUCE cov: 1484 ft: 2912 corp: 311/7624Kb lim: 239306 exec/s: 2419 rss: 500Mb L: 18/239306 MS: 2 ChangeBit-EraseBytes-
#99247	REDUCE cov: 1484 ft: 2912 corp: 311/7624Kb lim: 239306 exec/s: 2420 rss: 500Mb L: 120/239306 MS: 4 PersAutoDict-CopyPart-PersAutoDict-EraseBytes- DE: "\001\000\000\000\000\000\000\003"-"\013\252\252\252\252\252\252\252"-
#99289	REDUCE cov: 1484 ft: 2912 corp: 311/7624Kb lim: 239306 exec/s: 2421 rss: 500Mb L: 489/239306 MS: 2 InsertRepeatedBytes-EraseBytes-
#99347	REDUCE cov: 1484 ft: 2912 corp: 311/7624Kb lim: 239306 exec/s: 2423 rss: 500Mb L: 114/239306 MS: 3 ChangeBinInt-ChangeBit-EraseBytes-
#99348	REDUCE cov: 1484 ft: 2912 corp: 311/7624Kb lim: 239306 exec/s: 2423 rss: 500Mb L: 5/239306 MS: 1 EraseBytes-
#99519	REDUCE cov: 1484 ft: 2912 corp: 311/7622Kb lim: 239306 exec/s: 2427 rss: 500Mb L: 2761/239306 MS: 1 EraseBytes-
#99560	REDUCE cov: 1484 ft: 2912 corp: 311/7622Kb lim: 239306 exec/s: 2428 rss: 500Mb L: 419/239306 MS: 1 EraseBytes-
#99651	REDUCE cov: 1484 ft: 2912 corp: 311/7622Kb lim: 239306 exec/s: 2430 rss: 500Mb L: 847/239306 MS: 1 EraseBytes-
#99653	REDUCE cov: 1484 ft: 2912 corp: 311/7622Kb lim: 239306 exec/s: 2430 rss: 500Mb L: 611/239306 MS: 2 InsertRepeatedBytes-EraseBytes-
#99966	REDUCE cov: 1484 ft: 2912 corp: 311/7620Kb lim: 239306 exec/s: 2438 rss: 500Mb L: 3590/239306 MS: 3 ChangeASCIIInt-ShuffleBytes-EraseBytes-
#99984	REDUCE cov: 1484 ft: 2912 corp: 311/7611Kb lim: 239306 exec/s: 2438 rss: 500Mb L: 10431/239306 MS: 3 PersAutoDict-EraseBytes-CrossOver- DE: "\230\002\000\000\000\000\000\000"-
#99990	REDUCE cov: 1484 ft: 2912 corp: 311/7611Kb lim: 239306 exec/s: 2438 rss: 500Mb L: 4218/239306 MS: 1 EraseBytes-
#100041	REDUCE cov: 1484 ft: 2912 corp: 311/7611Kb lim: 239306 exec/s: 2440 rss: 500Mb L: 167/239306 MS: 1 EraseBytes-
#100042	REDUCE cov: 1484 ft: 2912 corp: 311/7610Kb lim: 239306 exec/s: 2440 rss: 500Mb L: 984/239306 MS: 1 EraseBytes-
#100119	REDUCE cov: 1484 ft: 2912 corp: 311/7610Kb lim: 239306 exec/s: 2441 rss: 500Mb L: 207/239306 MS: 2 ChangeBit-EraseBytes-
#100364	REDUCE cov: 1484 ft: 2912 corp: 311/7610Kb lim: 239306 exec/s: 2447 rss: 500Mb L: 893/239306 MS: 5 ChangeBinInt-ShuffleBytes-ChangeBinInt-EraseBytes-ChangeBit-
#100740	REDUCE cov: 1484 ft: 2912 corp: 311/7610Kb lim: 239306 exec/s: 2457 rss: 500Mb L: 12/239306 MS: 1 EraseBytes-
#101081	REDUCE cov: 1485 ft: 2913 corp: 312/7610Kb lim: 239306 exec/s: 2465 rss: 500Mb L: 14/239306 MS: 1 CMP- DE: "\000\000\000\000"-
#101107	REDUCE cov: 1485 ft: 2913 corp: 312/7608Kb lim: 239306 exec/s: 2466 rss: 500Mb L: 17418/239306 MS: 1 EraseBytes-
#101163	REDUCE cov: 1485 ft: 2913 corp: 312/7608Kb lim: 239306 exec/s: 2467 rss: 500Mb L: 393/239306 MS: 1 EraseBytes-
#101439	REDUCE cov: 1485 ft: 2913 corp: 312/7608Kb lim: 239306 exec/s: 2474 rss: 500Mb L: 39/239306 MS: 1 EraseBytes-
#101488	REDUCE cov: 1485 ft: 2913 corp: 312/7607Kb lim: 239306 exec/s: 2475 rss: 500Mb L: 4094/239306 MS: 4 PersAutoDict-ChangeASCIIInt-ShuffleBytes-EraseBytes- DE: "\001\000\000\000\000\000\000\002"-
#101490	REDUCE cov: 1485 ft: 2913 corp: 312/7605Kb lim: 239306 exec/s: 2475 rss: 500Mb L: 1281/239306 MS: 2 InsertByte-EraseBytes-
#101529	REDUCE cov: 1485 ft: 2913 corp: 312/7602Kb lim: 239306 exec/s: 2476 rss: 500Mb L: 10761/239306 MS: 4 ChangeByte-ChangeByte-CrossOver-EraseBytes-
#101540	REDUCE cov: 1485 ft: 2913 corp: 312/7602Kb lim: 239306 exec/s: 2476 rss: 500Mb L: 51/239306 MS: 1 EraseBytes-
#101641	REDUCE cov: 1485 ft: 2913 corp: 312/7599Kb lim: 239306 exec/s: 2479 rss: 500Mb L: 5294/239306 MS: 1 EraseBytes-
#101653	REDUCE cov: 1485 ft: 2913 corp: 312/7599Kb lim: 239306 exec/s: 2479 rss: 500Mb L: 233/239306 MS: 2 CopyPart-EraseBytes-
#101718	REDUCE cov: 1485 ft: 2913 corp: 312/7598Kb lim: 239306 exec/s: 2480 rss: 500Mb L: 16477/239306 MS: 5 CrossOver-ChangeASCIIInt-ChangeASCIIInt-ChangeByte-EraseBytes-
#101822	REDUCE cov: 1485 ft: 2913 corp: 312/7598Kb lim: 239306 exec/s: 2483 rss: 500Mb L: 3836/239306 MS: 4 InsertRepeatedBytes-ShuffleBytes-InsertRepeatedBytes-EraseBytes-
#101855	REDUCE cov: 1485 ft: 2913 corp: 312/7598Kb lim: 239306 exec/s: 2484 rss: 500Mb L: 986/239306 MS: 3 ChangeByte-ChangeBinInt-EraseBytes-
#101870	REDUCE cov: 1485 ft: 2913 corp: 312/7592Kb lim: 239306 exec/s: 2484 rss: 500Mb L: 63104/239306 MS: 5 ChangeBinInt-InsertRepeatedBytes-CMP-PersAutoDict-CrossOver- DE: "\017\377\377\377\377\377\377\377"-"\000\000\000\000\377\377\377\377"-
#101918	REDUCE cov: 1485 ft: 2913 corp: 312/7591Kb lim: 239306 exec/s: 2426 rss: 500Mb L: 5308/239306 MS: 3 ChangeASCIIInt-InsertByte-EraseBytes-
#101949	REDUCE cov: 1485 ft: 2913 corp: 312/7591Kb lim: 239306 exec/s: 2427 rss: 500Mb L: 66/239306 MS: 1 EraseBytes-
#102125	REDUCE cov: 1485 ft: 2913 corp: 312/7591Kb lim: 239306 exec/s: 2431 rss: 500Mb L: 199/239306 MS: 1 EraseBytes-
#102161	REDUCE cov: 1485 ft: 2913 corp: 312/7591Kb lim: 239306 exec/s: 2432 rss: 500Mb L: 24/239306 MS: 1 EraseBytes-
#102184	REDUCE cov: 1485 ft: 2913 corp: 312/7590Kb lim: 239306 exec/s: 2432 rss: 500Mb L: 174/239306 MS: 3 ShuffleBytes-ChangeByte-EraseBytes-
#102446	REDUCE cov: 1485 ft: 2913 corp: 312/7590Kb lim: 239306 exec/s: 2439 rss: 500Mb L: 95/239306 MS: 2 ChangeBit-EraseBytes-
#102467	REDUCE cov: 1485 ft: 2913 corp: 312/7590Kb lim: 239306 exec/s: 2439 rss: 500Mb L: 37/239306 MS: 1 EraseBytes-
#102624	REDUCE cov: 1485 ft: 2913 corp: 312/7590Kb lim: 239306 exec/s: 2443 rss: 500Mb L: 2504/239306 MS: 2 CMP-EraseBytes- DE: "\377\377"-
#102646	REDUCE cov: 1485 ft: 2913 corp: 312/7583Kb lim: 239306 exec/s: 2443 rss: 500Mb L: 56002/239306 MS: 2 InsertByte-EraseBytes-
#102861	REDUCE cov: 1485 ft: 2913 corp: 312/7570Kb lim: 239306 exec/s: 2449 rss: 500Mb L: 71308/239306 MS: 5 ChangeBit-ChangeASCIIInt-CrossOver-InsertByte-CrossOver-
#102872	REDUCE cov: 1485 ft: 2913 corp: 312/7570Kb lim: 239306 exec/s: 2449 rss: 500Mb L: 332/239306 MS: 1 EraseBytes-
#102897	REDUCE cov: 1485 ft: 2913 corp: 312/7554Kb lim: 239306 exec/s: 2449 rss: 500Mb L: 42730/239306 MS: 5 InsertRepeatedBytes-ChangeBinInt-InsertByte-ShuffleBytes-EraseBytes-
#103177	REDUCE cov: 1485 ft: 2913 corp: 312/7554Kb lim: 239306 exec/s: 2456 rss: 500Mb L: 158/239306 MS: 5 InsertByte-ChangeBinInt-InsertRepeatedBytes-CopyPart-EraseBytes-
#103264	REDUCE cov: 1485 ft: 2913 corp: 312/7554Kb lim: 239306 exec/s: 2458 rss: 500Mb L: 361/239306 MS: 2 PersAutoDict-EraseBytes- DE: "\336y\3321\343\335\312%"-
#103396	REDUCE cov: 1485 ft: 2913 corp: 312/7554Kb lim: 239306 exec/s: 2461 rss: 500Mb L: 7/239306 MS: 2 InsertByte-EraseBytes-
#103407	REDUCE cov: 1485 ft: 2913 corp: 312/7554Kb lim: 239306 exec/s: 2462 rss: 500Mb L: 337/239306 MS: 1 EraseBytes-
#103420	REDUCE cov: 1485 ft: 2913 corp: 312/7534Kb lim: 239306 exec/s: 2462 rss: 500Mb L: 56653/239306 MS: 3 InsertByte-ChangeByte-EraseBytes-
#103693	REDUCE cov: 1485 ft: 2913 corp: 312/7534Kb lim: 239306 exec/s: 2468 rss: 500Mb L: 62/239306 MS: 3 ChangeBinInt-CopyPart-EraseBytes-
#103808	REDUCE cov: 1485 ft: 2913 corp: 312/7527Kb lim: 239306 exec/s: 2471 rss: 500Mb L: 57910/239306 MS: 5 InsertRepeatedBytes-CrossOver-ShuffleBytes-CMP-EraseBytes- DE: "\000\000\000\000"-
#103894	REDUCE cov: 1485 ft: 2913 corp: 312/7527Kb lim: 239306 exec/s: 2473 rss: 500Mb L: 239/239306 MS: 1 EraseBytes-
#103942	REDUCE cov: 1485 ft: 2913 corp: 312/7525Kb lim: 239306 exec/s: 2474 rss: 500Mb L: 4946/239306 MS: 3 ChangeBinInt-ChangeBinInt-EraseBytes-
#104004	REDUCE cov: 1485 ft: 2913 corp: 312/7525Kb lim: 239306 exec/s: 2476 rss: 500Mb L: 24045/239306 MS: 2 ChangeASCIIInt-EraseBytes-
#104035	REDUCE cov: 1485 ft: 2913 corp: 312/7524Kb lim: 239306 exec/s: 2477 rss: 500Mb L: 1654/239306 MS: 1 EraseBytes-
#104456	REDUCE cov: 1485 ft: 2913 corp: 312/7524Kb lim: 239306 exec/s: 2487 rss: 500Mb L: 222/239306 MS: 1 EraseBytes-
#104913	REDUCE cov: 1485 ft: 2913 corp: 312/7523Kb lim: 239306 exec/s: 2497 rss: 500Mb L: 3874/239306 MS: 2 ChangeBit-EraseBytes-
#104946	REDUCE cov: 1485 ft: 2913 corp: 312/7523Kb lim: 239306 exec/s: 2498 rss: 500Mb L: 25/239306 MS: 3 PersAutoDict-ChangeBit-EraseBytes- DE: "2\005Ac\001(\025m"-
#105109	REDUCE cov: 1485 ft: 2913 corp: 312/7523Kb lim: 239306 exec/s: 2502 rss: 500Mb L: 158/239306 MS: 3 ChangeBinInt-InsertRepeatedBytes-EraseBytes-
#105175	REDUCE cov: 1485 ft: 2913 corp: 312/7519Kb lim: 239306 exec/s: 2504 rss: 500Mb L: 26952/239306 MS: 1 EraseBytes-
#105202	REDUCE cov: 1485 ft: 2913 corp: 312/7517Kb lim: 239306 exec/s: 2504 rss: 500Mb L: 12709/239306 MS: 2 ChangeBinInt-EraseBytes-
#105561	REDUCE cov: 1485 ft: 2913 corp: 312/7517Kb lim: 239306 exec/s: 2513 rss: 500Mb L: 250/239306 MS: 4 CopyPart-ChangeBit-ShuffleBytes-EraseBytes-
#106237	REDUCE cov: 1485 ft: 2913 corp: 312/7517Kb lim: 239306 exec/s: 2470 rss: 500Mb L: 826/239306 MS: 1 EraseBytes-
#106336	REDUCE cov: 1485 ft: 2913 corp: 312/7507Kb lim: 239306 exec/s: 2472 rss: 500Mb L: 11059/239306 MS: 4 ChangeASCIIInt-ShuffleBytes-InsertRepeatedBytes-EraseBytes-
#106452	REDUCE cov: 1485 ft: 2913 corp: 312/7507Kb lim: 239306 exec/s: 2475 rss: 500Mb L: 76/239306 MS: 1 EraseBytes-
#106490	REDUCE cov: 1485 ft: 2913 corp: 312/7506Kb lim: 239306 exec/s: 2476 rss: 500Mb L: 5974/239306 MS: 3 InsertByte-ChangeBit-EraseBytes-
#106513	REDUCE cov: 1485 ft: 2913 corp: 312/7506Kb lim: 239306 exec/s: 2477 rss: 500Mb L: 782/239306 MS: 3 InsertRepeatedBytes-CrossOver-EraseBytes-
#106607	REDUCE cov: 1485 ft: 2913 corp: 312/7501Kb lim: 239306 exec/s: 2479 rss: 500Mb L: 5690/239306 MS: 4 InsertRepeatedBytes-InsertRepeatedBytes-ChangeBit-EraseBytes-
#106624	REDUCE cov: 1485 ft: 2913 corp: 312/7501Kb lim: 239306 exec/s: 2479 rss: 500Mb L: 88/239306 MS: 2 ShuffleBytes-EraseBytes-
#106643	REDUCE cov: 1485 ft: 2913 corp: 312/7486Kb lim: 239306 exec/s: 2480 rss: 500Mb L: 63645/239306 MS: 4 InsertRepeatedBytes-EraseBytes-ChangeBinInt-InsertByte-
#106879	REDUCE cov: 1485 ft: 2913 corp: 312/7486Kb lim: 239306 exec/s: 2485 rss: 500Mb L: 288/239306 MS: 1 EraseBytes-
#106896	REDUCE cov: 1485 ft: 2913 corp: 312/7484Kb lim: 239306 exec/s: 2485 rss: 500Mb L: 13890/239306 MS: 2 CMP-EraseBytes- DE: "\377\377\377\377"-
#106958	REDUCE cov: 1485 ft: 2913 corp: 312/7484Kb lim: 239306 exec/s: 2487 rss: 500Mb L: 87/239306 MS: 2 ShuffleBytes-EraseBytes-
#107044	REDUCE cov: 1485 ft: 2913 corp: 312/7484Kb lim: 239306 exec/s: 2489 rss: 500Mb L: 143/239306 MS: 1 EraseBytes-
#107072	REDUCE cov: 1485 ft: 2913 corp: 312/7484Kb lim: 239306 exec/s: 2490 rss: 500Mb L: 106/239306 MS: 3 CopyPart-CMP-EraseBytes- DE: "\000\000"-
#107274	REDUCE cov: 1485 ft: 2913 corp: 312/7471Kb lim: 239306 exec/s: 2494 rss: 500Mb L: 34285/239306 MS: 2 InsertRepeatedBytes-EraseBytes-
#107360	REDUCE cov: 1485 ft: 2913 corp: 312/7471Kb lim: 239306 exec/s: 2496 rss: 500Mb L: 127/239306 MS: 1 EraseBytes-
#107508	REDUCE cov: 1485 ft: 2913 corp: 312/7471Kb lim: 239306 exec/s: 2500 rss: 500Mb L: 64/239306 MS: 3 ShuffleBytes-ShuffleBytes-EraseBytes-
#107556	REDUCE cov: 1485 ft: 2913 corp: 312/7471Kb lim: 239306 exec/s: 2501 rss: 500Mb L: 22/239306 MS: 3 ChangeBit-ShuffleBytes-EraseBytes-
#107683	REDUCE cov: 1485 ft: 2913 corp: 312/7444Kb lim: 239306 exec/s: 2504 rss: 500Mb L: 29689/239306 MS: 2 ChangeByte-EraseBytes-
#107759	REDUCE cov: 1485 ft: 2913 corp: 312/7444Kb lim: 239306 exec/s: 2506 rss: 500Mb L: 1350/239306 MS: 1 EraseBytes-
#107836	REDUCE cov: 1485 ft: 2913 corp: 312/7444Kb lim: 239306 exec/s: 2507 rss: 500Mb L: 130/239306 MS: 2 ChangeBinInt-EraseBytes-
#107922	REDUCE cov: 1485 ft: 2913 corp: 312/7422Kb lim: 239306 exec/s: 2509 rss: 500Mb L: 167484/239306 MS: 1 EraseBytes-
#107949	REDUCE cov: 1485 ft: 2913 corp: 312/7422Kb lim: 239306 exec/s: 2510 rss: 500Mb L: 450/239306 MS: 2 InsertByte-EraseBytes-
#108048	REDUCE cov: 1485 ft: 2913 corp: 312/7420Kb lim: 239306 exec/s: 2512 rss: 500Mb L: 4123/239306 MS: 4 ChangeByte-PersAutoDict-CrossOver-EraseBytes- DE: "\377\377\377\377\377\377\015s"-
#108129	REDUCE cov: 1485 ft: 2913 corp: 312/7420Kb lim: 239306 exec/s: 2514 rss: 500Mb L: 236/239306 MS: 1 EraseBytes-
#108134	REDUCE cov: 1485 ft: 2913 corp: 312/7416Kb lim: 239306 exec/s: 2514 rss: 500Mb L: 19729/239306 MS: 5 CopyPart-InsertByte-ChangeASCIIInt-InsertByte-EraseBytes-
#108287	REDUCE cov: 1485 ft: 2913 corp: 312/7408Kb lim: 239306 exec/s: 2518 rss: 500Mb L: 43314/239306 MS: 3 PersAutoDict-EraseBytes-InsertRepeatedBytes- DE: "\230\002\000\000\000\000\000\000"-
#108494	REDUCE cov: 1485 ft: 2913 corp: 312/7338Kb lim: 239306 exec/s: 2523 rss: 500Mb L: 95405/239306 MS: 2 ChangeASCIIInt-EraseBytes-
#108535	REDUCE cov: 1485 ft: 2913 corp: 312/7338Kb lim: 239306 exec/s: 2524 rss: 500Mb L: 151/239306 MS: 1 EraseBytes-
#108671	REDUCE cov: 1485 ft: 2913 corp: 312/7338Kb lim: 239306 exec/s: 2527 rss: 500Mb L: 3813/239306 MS: 1 EraseBytes-
#108743	REDUCE cov: 1485 ft: 2913 corp: 312/7336Kb lim: 239306 exec/s: 2528 rss: 500Mb L: 69356/239306 MS: 2 InsertRepeatedBytes-EraseBytes-
#108902	REDUCE cov: 1485 ft: 2913 corp: 312/7334Kb lim: 239306 exec/s: 2532 rss: 500Mb L: 3104/239306 MS: 4 ChangeBit-PersAutoDict-ChangeByte-EraseBytes- DE: "\377\377\377\377\377\377\015s"-
#108908	REDUCE cov: 1485 ft: 2913 corp: 312/7334Kb lim: 239306 exec/s: 2532 rss: 500Mb L: 3478/239306 MS: 1 EraseBytes-
#109226	REDUCE cov: 1485 ft: 2913 corp: 312/7334Kb lim: 239306 exec/s: 2482 rss: 500Mb L: 475/239306 MS: 3 InsertByte-ChangeByte-EraseBytes-
#109308	REDUCE cov: 1485 ft: 2913 corp: 312/7334Kb lim: 239306 exec/s: 2484 rss: 500Mb L: 1600/239306 MS: 2 PersAutoDict-EraseBytes- DE: "\001\000\000\000\000\000\000\000"-
#109333	REDUCE cov: 1485 ft: 2913 corp: 312/7333Kb lim: 239306 exec/s: 2484 rss: 500Mb L: 721/239306 MS: 5 ChangeBinInt-InsertRepeatedBytes-ChangeASCIIInt-CMP-EraseBytes- DE: "\000\000\000\000\000\000\000\023"-
#109365	REDUCE cov: 1485 ft: 2913 corp: 312/7333Kb lim: 239306 exec/s: 2485 rss: 500Mb L: 139/239306 MS: 2 ChangeBit-EraseBytes-
#109437	REDUCE cov: 1485 ft: 2913 corp: 312/7333Kb lim: 239306 exec/s: 2487 rss: 500Mb L: 97/239306 MS: 2 CMP-EraseBytes- DE: "\000\000\000\000\000\000\000\020"-
#109496	REDUCE cov: 1485 ft: 2913 corp: 312/7333Kb lim: 239306 exec/s: 2488 rss: 500Mb L: 861/239306 MS: 4 ShuffleBytes-ChangeByte-InsertByte-EraseBytes-
#109647	REDUCE cov: 1485 ft: 2913 corp: 312/7333Kb lim: 239306 exec/s: 2491 rss: 500Mb L: 19568/239306 MS: 1 EraseBytes-
#109838	REDUCE cov: 1485 ft: 2913 corp: 312/7332Kb lim: 239306 exec/s: 2496 rss: 500Mb L: 10520/239306 MS: 1 EraseBytes-
#109906	REDUCE cov: 1485 ft: 2913 corp: 312/7318Kb lim: 239306 exec/s: 2497 rss: 500Mb L: 18621/239306 MS: 3 CrossOver-ShuffleBytes-EraseBytes-
#109992	REDUCE cov: 1485 ft: 2913 corp: 312/7318Kb lim: 239306 exec/s: 2499 rss: 500Mb L: 17/239306 MS: 1 EraseBytes-
#110043	REDUCE cov: 1485 ft: 2913 corp: 312/7318Kb lim: 239306 exec/s: 2500 rss: 500Mb L: 266/239306 MS: 1 EraseBytes-
#110159	REDUCE cov: 1485 ft: 2913 corp: 312/7318Kb lim: 239306 exec/s: 2503 rss: 500Mb L: 3417/239306 MS: 1 EraseBytes-
#110165	REDUCE cov: 1485 ft: 2913 corp: 312/7318Kb lim: 239306 exec/s: 2503 rss: 500Mb L: 2488/239306 MS: 1 EraseBytes-
#110331	REDUCE cov: 1485 ft: 2913 corp: 312/7318Kb lim: 239306 exec/s: 2507 rss: 500Mb L: 65/239306 MS: 1 EraseBytes-
#110396	REDUCE cov: 1485 ft: 2913 corp: 312/7318Kb lim: 239306 exec/s: 2509 rss: 500Mb L: 93/239306 MS: 5 CopyPart-ChangeBit-ChangeByte-ChangeBit-EraseBytes-
#110452	REDUCE cov: 1485 ft: 2913 corp: 312/7318Kb lim: 239306 exec/s: 2510 rss: 500Mb L: 168/239306 MS: 1 EraseBytes-
#110457	REDUCE cov: 1485 ft: 2913 corp: 312/7317Kb lim: 239306 exec/s: 2510 rss: 500Mb L: 526/239306 MS: 5 CrossOver-PersAutoDict-InsertByte-ShuffleBytes-EraseBytes- DE: "\253\252\252\252\252\252\252\012"-
#110473	REDUCE cov: 1485 ft: 2913 corp: 312/7317Kb lim: 239306 exec/s: 2510 rss: 500Mb L: 55/239306 MS: 1 EraseBytes-
#110529	REDUCE cov: 1485 ft: 2913 corp: 312/7317Kb lim: 239306 exec/s: 2512 rss: 500Mb L: 36/239306 MS: 1 EraseBytes-
#110620	REDUCE cov: 1485 ft: 2913 corp: 312/7317Kb lim: 239306 exec/s: 2514 rss: 500Mb L: 3345/239306 MS: 1 EraseBytes-
#110631	REDUCE cov: 1485 ft: 2913 corp: 312/7317Kb lim: 239306 exec/s: 2514 rss: 500Mb L: 28/239306 MS: 1 EraseBytes-
#110650	REDUCE cov: 1485 ft: 2913 corp: 312/7314Kb lim: 239306 exec/s: 2514 rss: 500Mb L: 69022/239306 MS: 4 PersAutoDict-ShuffleBytes-CopyPart-EraseBytes- DE: "\017\377\377\377\377\377\377\377"-
#110697	REDUCE cov: 1485 ft: 2913 corp: 312/7314Kb lim: 239306 exec/s: 2515 rss: 500Mb L: 176/239306 MS: 2 ChangeBinInt-EraseBytes-
#110763	REDUCE cov: 1485 ft: 2913 corp: 312/7314Kb lim: 239306 exec/s: 2517 rss: 502Mb L: 10/239306 MS: 1 EraseBytes-
#110825	REDUCE cov: 1485 ft: 2913 corp: 312/7314Kb lim: 239306 exec/s: 2518 rss: 502Mb L: 380/239306 MS: 2 ChangeByte-EraseBytes-
#111016	REDUCE cov: 1485 ft: 2913 corp: 312/7313Kb lim: 239306 exec/s: 2523 rss: 502Mb L: 1907/239306 MS: 1 EraseBytes-
#111400	REDUCE cov: 1485 ft: 2913 corp: 312/7269Kb lim: 239306 exec/s: 2531 rss: 502Mb L: 26806/239306 MS: 4 ChangeBit-CopyPart-EraseBytes-EraseBytes-
#111644	REDUCE cov: 1485 ft: 2913 corp: 312/7269Kb lim: 239306 exec/s: 2537 rss: 502Mb L: 357/239306 MS: 4 CopyPart-InsertRepeatedBytes-ChangeByte-EraseBytes-
#111806	REDUCE cov: 1485 ft: 2913 corp: 312/7263Kb lim: 239306 exec/s: 2541 rss: 502Mb L: 6959/239306 MS: 2 InsertRepeatedBytes-EraseBytes-
#111845	REDUCE cov: 1485 ft: 2913 corp: 312/7263Kb lim: 239306 exec/s: 2541 rss: 502Mb L: 4/239306 MS: 4 ShuffleBytes-EraseBytes-ChangeBinInt-ChangeByte-
#111967	REDUCE cov: 1485 ft: 2922 corp: 313/7264Kb lim: 239306 exec/s: 2544 rss: 502Mb L: 702/239306 MS: 2 ChangeBinInt-InsertRepeatedBytes-
#112033	REDUCE cov: 1485 ft: 2922 corp: 313/7264Kb lim: 239306 exec/s: 2546 rss: 502Mb L: 988/239306 MS: 1 EraseBytes-
#112110	REDUCE cov: 1485 ft: 2922 corp: 313/7263Kb lim: 239306 exec/s: 2547 rss: 502Mb L: 1627/239306 MS: 2 ShuffleBytes-EraseBytes-
#112193	REDUCE cov: 1485 ft: 2931 corp: 314/7264Kb lim: 239306 exec/s: 2549 rss: 502Mb L: 649/239306 MS: 3 ChangeBit-CopyPart-InsertRepeatedBytes-
#112390	REDUCE cov: 1485 ft: 2931 corp: 314/7264Kb lim: 239306 exec/s: 2554 rss: 502Mb L: 32/239306 MS: 2 ShuffleBytes-EraseBytes-
#112436	REDUCE cov: 1485 ft: 2931 corp: 314/7263Kb lim: 239306 exec/s: 2555 rss: 502Mb L: 2262/239306 MS: 1 EraseBytes-
#112452	REDUCE cov: 1485 ft: 2931 corp: 314/7263Kb lim: 239306 exec/s: 2498 rss: 502Mb L: 1507/239306 MS: 1 EraseBytes-
#113290	REDUCE cov: 1485 ft: 2931 corp: 314/7249Kb lim: 239306 exec/s: 2517 rss: 502Mb L: 15425/239306 MS: 3 InsertRepeatedBytes-ChangeBit-EraseBytes-
#113606	REDUCE cov: 1485 ft: 2931 corp: 314/7249Kb lim: 239306 exec/s: 2524 rss: 502Mb L: 1894/239306 MS: 1 EraseBytes-
#113647	REDUCE cov: 1485 ft: 2931 corp: 314/7246Kb lim: 239306 exec/s: 2525 rss: 502Mb L: 53207/239306 MS: 1 EraseBytes-
#113901	REDUCE cov: 1485 ft: 2931 corp: 314/7242Kb lim: 239306 exec/s: 2531 rss: 502Mb L: 6265/239306 MS: 4 CMP-CopyPart-ChangeBinInt-EraseBytes- DE: "\377\377%\233\217E\227p"-
#113945	REDUCE cov: 1487 ft: 2933 corp: 315/7242Kb lim: 239306 exec/s: 2532 rss: 502Mb L: 353/239306 MS: 4 PersAutoDict-EraseBytes-ShuffleBytes-CMP- DE: "\001\000\000\000\000\000\000/"-"\000\000\000\000\001\000\000\001"-
#114021	REDUCE cov: 1487 ft: 2933 corp: 315/7242Kb lim: 239306 exec/s: 2533 rss: 502Mb L: 1209/239306 MS: 1 EraseBytes-
#114204	REDUCE cov: 1487 ft: 2933 corp: 315/7241Kb lim: 239306 exec/s: 2537 rss: 502Mb L: 69013/239306 MS: 3 CopyPart-ChangeBinInt-EraseBytes-
#114331	REDUCE cov: 1487 ft: 2933 corp: 315/7241Kb lim: 239306 exec/s: 2540 rss: 502Mb L: 538/239306 MS: 2 ChangeByte-EraseBytes-
#114927	REDUCE cov: 1487 ft: 2933 corp: 315/7241Kb lim: 239306 exec/s: 2553 rss: 502Mb L: 79/239306 MS: 1 EraseBytes-
#114944	REDUCE cov: 1487 ft: 2933 corp: 315/7241Kb lim: 239306 exec/s: 2554 rss: 502Mb L: 3679/239306 MS: 2 ChangeASCIIInt-EraseBytes-
#115005	REDUCE cov: 1487 ft: 2933 corp: 315/7241Kb lim: 239306 exec/s: 2555 rss: 502Mb L: 72/239306 MS: 1 EraseBytes-
#115012	REDUCE cov: 1487 ft: 2933 corp: 315/7241Kb lim: 239306 exec/s: 2555 rss: 502Mb L: 842/239306 MS: 2 InsertByte-EraseBytes-
#115013	REDUCE cov: 1487 ft: 2933 corp: 315/7240Kb lim: 239306 exec/s: 2555 rss: 502Mb L: 7181/239306 MS: 1 EraseBytes-
#115025	REDUCE cov: 1487 ft: 2933 corp: 315/7240Kb lim: 239306 exec/s: 2556 rss: 502Mb L: 27/239306 MS: 2 ChangeBinInt-EraseBytes-
#115329	REDUCE cov: 1487 ft: 2933 corp: 315/7240Kb lim: 239306 exec/s: 2562 rss: 502Mb L: 3/239306 MS: 4 EraseBytes-ChangeBinInt-InsertByte-CopyPart-
#115395	REDUCE cov: 1487 ft: 2933 corp: 315/7240Kb lim: 239306 exec/s: 2564 rss: 502Mb L: 75/239306 MS: 1 EraseBytes-
#115401	REDUCE cov: 1487 ft: 2933 corp: 315/7240Kb lim: 239306 exec/s: 2564 rss: 502Mb L: 95/239306 MS: 1 EraseBytes-
#115484	REDUCE cov: 1487 ft: 2933 corp: 315/7239Kb lim: 239306 exec/s: 2566 rss: 502Mb L: 4328/239306 MS: 3 ChangeBit-CopyPart-EraseBytes-
#115556	REDUCE cov: 1487 ft: 2933 corp: 315/7238Kb lim: 239306 exec/s: 2567 rss: 502Mb L: 2628/239306 MS: 2 InsertRepeatedBytes-EraseBytes-
#115705	REDUCE cov: 1487 ft: 2933 corp: 315/7237Kb lim: 239306 exec/s: 2571 rss: 502Mb L: 1048/239306 MS: 4 ChangeASCIIInt-ChangeBinInt-CopyPart-EraseBytes-
#116076	REDUCE cov: 1487 ft: 2933 corp: 315/7237Kb lim: 239306 exec/s: 2579 rss: 502Mb L: 112/239306 MS: 1 EraseBytes-
#116293	REDUCE cov: 1487 ft: 2933 corp: 315/7237Kb lim: 239306 exec/s: 2528 rss: 502Mb L: 70/239306 MS: 2 PersAutoDict-EraseBytes- DE: "\001\000\000\000\000\000\000\026"-
#116364	REDUCE cov: 1487 ft: 2933 corp: 315/7237Kb lim: 239306 exec/s: 2529 rss: 502Mb L: 687/239306 MS: 1 EraseBytes-
#116805	REDUCE cov: 1487 ft: 2933 corp: 315/7237Kb lim: 239306 exec/s: 2539 rss: 502Mb L: 171/239306 MS: 1 EraseBytes-
#117130	REDUCE cov: 1487 ft: 2933 corp: 315/7222Kb lim: 239306 exec/s: 2546 rss: 502Mb L: 40877/239306 MS: 5 PersAutoDict-ShuffleBytes-ChangeByte-ShuffleBytes-EraseBytes- DE: "\377\377\377\377\000\000\000\001"-
#117407	REDUCE cov: 1487 ft: 2933 corp: 315/7216Kb lim: 239306 exec/s: 2552 rss: 502Mb L: 7934/239306 MS: 2 EraseBytes-InsertRepeatedBytes-
#118078	REDUCE cov: 1487 ft: 2933 corp: 315/7216Kb lim: 239306 exec/s: 2566 rss: 502Mb L: 63/239306 MS: 1 EraseBytes-
#118440	REDUCE cov: 1487 ft: 2933 corp: 315/7215Kb lim: 239306 exec/s: 2574 rss: 502Mb L: 2459/239306 MS: 2 ShuffleBytes-EraseBytes-
#118441	REDUCE cov: 1487 ft: 2933 corp: 315/7215Kb lim: 239306 exec/s: 2574 rss: 502Mb L: 3520/239306 MS: 1 EraseBytes-
#118716	REDUCE cov: 1487 ft: 2933 corp: 315/7215Kb lim: 239306 exec/s: 2580 rss: 502Mb L: 64/239306 MS: 5 CopyPart-EraseBytes-InsertByte-PersAutoDict-ChangeByte- DE: "\001\000\000\000\000\000\000\000"-
#119047	REDUCE cov: 1487 ft: 2933 corp: 315/7214Kb lim: 239306 exec/s: 2587 rss: 502Mb L: 32433/239306 MS: 1 EraseBytes-
#119154	REDUCE cov: 1487 ft: 2933 corp: 315/7214Kb lim: 239306 exec/s: 2590 rss: 502Mb L: 55/239306 MS: 2 InsertByte-EraseBytes-
#119225	REDUCE cov: 1487 ft: 2933 corp: 315/7214Kb lim: 239306 exec/s: 2591 rss: 502Mb L: 258/239306 MS: 1 EraseBytes-
#119612	REDUCE cov: 1487 ft: 2933 corp: 315/7214Kb lim: 239306 exec/s: 2600 rss: 502Mb L: 274/239306 MS: 2 ChangeBit-EraseBytes-
#119835	REDUCE cov: 1487 ft: 2933 corp: 315/7213Kb lim: 239306 exec/s: 2605 rss: 502Mb L: 30790/239306 MS: 3 ShuffleBytes-CMP-EraseBytes- DE: "\377\377\377\377\377\377\377\003"-
#120195	REDUCE cov: 1487 ft: 2933 corp: 315/7212Kb lim: 239306 exec/s: 2557 rss: 502Mb L: 2738/239306 MS: 5 InsertRepeatedBytes-InsertRepeatedBytes-CopyPart-ChangeByte-EraseBytes-
#120621	REDUCE cov: 1487 ft: 2933 corp: 315/7212Kb lim: 239306 exec/s: 2566 rss: 502Mb L: 215/239306 MS: 1 EraseBytes-
#120628	REDUCE cov: 1487 ft: 2933 corp: 315/7212Kb lim: 239306 exec/s: 2566 rss: 502Mb L: 766/239306 MS: 2 CrossOver-EraseBytes-
#120694	REDUCE cov: 1487 ft: 2933 corp: 315/7212Kb lim: 239306 exec/s: 2567 rss: 502Mb L: 299/239306 MS: 1 EraseBytes-
#120741	REDUCE cov: 1487 ft: 2933 corp: 315/7209Kb lim: 239306 exec/s: 2568 rss: 502Mb L: 4401/239306 MS: 2 ChangeASCIIInt-EraseBytes-
#120775	REDUCE cov: 1487 ft: 2933 corp: 315/7208Kb lim: 239306 exec/s: 2569 rss: 502Mb L: 931/239306 MS: 4 PersAutoDict-ChangeByte-InsertByte-EraseBytes- DE: "\001\000\000\000\000\000\000\026"-
#120894	REDUCE cov: 1487 ft: 2933 corp: 315/7208Kb lim: 239306 exec/s: 2572 rss: 502Mb L: 337/239306 MS: 4 ChangeByte-ChangeByte-ChangeBit-EraseBytes-
#120945	REDUCE cov: 1487 ft: 2933 corp: 315/7185Kb lim: 239306 exec/s: 2573 rss: 502Mb L: 143426/239306 MS: 1 EraseBytes-
#120976	REDUCE cov: 1487 ft: 2933 corp: 315/7184Kb lim: 239306 exec/s: 2573 rss: 502Mb L: 1886/239306 MS: 1 EraseBytes-
#120998	REDUCE cov: 1487 ft: 2933 corp: 315/7184Kb lim: 239306 exec/s: 2574 rss: 502Mb L: 2753/239306 MS: 2 ShuffleBytes-EraseBytes-
#121026	REDUCE cov: 1487 ft: 2933 corp: 315/7184Kb lim: 239306 exec/s: 2575 rss: 502Mb L: 92/239306 MS: 3 CopyPart-CopyPart-EraseBytes-
#121107	REDUCE cov: 1487 ft: 2933 corp: 315/7184Kb lim: 239306 exec/s: 2576 rss: 502Mb L: 143/239306 MS: 1 EraseBytes-
#121175	REDUCE cov: 1487 ft: 2933 corp: 315/7182Kb lim: 239306 exec/s: 2578 rss: 502Mb L: 2423/239306 MS: 3 ChangeBinInt-ChangeByte-EraseBytes-
#121186	REDUCE cov: 1487 ft: 2933 corp: 315/7181Kb lim: 239306 exec/s: 2578 rss: 502Mb L: 1536/239306 MS: 1 EraseBytes-
#121247	REDUCE cov: 1487 ft: 2933 corp: 315/7181Kb lim: 239306 exec/s: 2579 rss: 502Mb L: 539/239306 MS: 1 EraseBytes-
#121380	REDUCE cov: 1487 ft: 2933 corp: 315/7179Kb lim: 239306 exec/s: 2582 rss: 502Mb L: 4421/239306 MS: 3 ChangeBit-InsertByte-EraseBytes-
#121436	REDUCE cov: 1487 ft: 2933 corp: 315/7178Kb lim: 239306 exec/s: 2583 rss: 502Mb L: 10008/239306 MS: 1 EraseBytes-
#121678	REDUCE cov: 1487 ft: 2933 corp: 315/7174Kb lim: 239306 exec/s: 2588 rss: 502Mb L: 5630/239306 MS: 2 ChangeByte-EraseBytes-
#121706	REDUCE cov: 1487 ft: 2933 corp: 315/7174Kb lim: 239306 exec/s: 2589 rss: 502Mb L: 85/239306 MS: 3 ChangeBinInt-ChangeBinInt-EraseBytes-
#121832	REDUCE cov: 1487 ft: 2933 corp: 315/7173Kb lim: 239306 exec/s: 2592 rss: 502Mb L: 115206/239306 MS: 1 EraseBytes-
#122044	REDUCE cov: 1487 ft: 2933 corp: 315/7173Kb lim: 239306 exec/s: 2596 rss: 502Mb L: 21/239306 MS: 2 ChangeBinInt-EraseBytes-
#122295	REDUCE cov: 1487 ft: 2933 corp: 315/7173Kb lim: 239306 exec/s: 2602 rss: 502Mb L: 63/239306 MS: 1 EraseBytes-
#122331	REDUCE cov: 1487 ft: 2933 corp: 315/7173Kb lim: 239306 exec/s: 2602 rss: 502Mb L: 357/239306 MS: 1 EraseBytes-
#122693	REDUCE cov: 1487 ft: 2933 corp: 315/7173Kb lim: 239306 exec/s: 2610 rss: 502Mb L: 2983/239306 MS: 2 ChangeBinInt-EraseBytes-
#122806	REDUCE cov: 1487 ft: 2933 corp: 315/7173Kb lim: 239306 exec/s: 2612 rss: 502Mb L: 285/239306 MS: 3 ShuffleBytes-PersAutoDict-EraseBytes- DE: "\001\000"-
#122939	REDUCE cov: 1487 ft: 2933 corp: 315/7173Kb lim: 239306 exec/s: 2615 rss: 502Mb L: 32/239306 MS: 3 ChangeBit-EraseBytes-PersAutoDict- DE: "\000\000\000\000\000\000\000\000"-
#122945	REDUCE cov: 1487 ft: 2933 corp: 315/7173Kb lim: 239306 exec/s: 2615 rss: 502Mb L: 640/239306 MS: 1 EraseBytes-
#123021	REDUCE cov: 1487 ft: 2933 corp: 315/7173Kb lim: 239306 exec/s: 2617 rss: 502Mb L: 515/239306 MS: 1 EraseBytes-
#123225	REDUCE cov: 1487 ft: 2933 corp: 315/7173Kb lim: 239306 exec/s: 2621 rss: 502Mb L: 15/239306 MS: 4 ChangeByte-EraseBytes-ChangeBinInt-EraseBytes-
#123299	REDUCE cov: 1487 ft: 2933 corp: 315/7172Kb lim: 239306 exec/s: 2568 rss: 502Mb L: 1879/239306 MS: 4 ChangeByte-ChangeBinInt-CrossOver-EraseBytes-
#123401	REDUCE cov: 1487 ft: 2933 corp: 315/7172Kb lim: 239306 exec/s: 2570 rss: 502Mb L: 827/239306 MS: 2 ChangeByte-EraseBytes-
#123613	REDUCE cov: 1487 ft: 2933 corp: 315/7172Kb lim: 239306 exec/s: 2575 rss: 502Mb L: 2480/239306 MS: 2 PersAutoDict-EraseBytes- DE: "\000\000\000\000\377\377\377\377"-
#123865	REDUCE cov: 1487 ft: 2933 corp: 315/7172Kb lim: 239306 exec/s: 2580 rss: 502Mb L: 369/239306 MS: 2 InsertByte-EraseBytes-
#123966	REDUCE cov: 1487 ft: 2933 corp: 315/7170Kb lim: 239306 exec/s: 2582 rss: 502Mb L: 25134/239306 MS: 1 EraseBytes-
#124000	REDUCE cov: 1487 ft: 2933 corp: 315/7165Kb lim: 239306 exec/s: 2583 rss: 502Mb L: 27476/239306 MS: 4 ChangeBit-ChangeBit-ChangeByte-EraseBytes-
#124130	REDUCE cov: 1487 ft: 2933 corp: 315/7165Kb lim: 239306 exec/s: 2586 rss: 502Mb L: 442/239306 MS: 5 ShuffleBytes-InsertByte-ShuffleBytes-ChangeByte-EraseBytes-
#124166	REDUCE cov: 1487 ft: 2933 corp: 315/7165Kb lim: 239306 exec/s: 2586 rss: 502Mb L: 164/239306 MS: 1 EraseBytes-
#124202	REDUCE cov: 1487 ft: 2933 corp: 315/7165Kb lim: 239306 exec/s: 2587 rss: 502Mb L: 2230/239306 MS: 1 EraseBytes-
#124344	REDUCE cov: 1487 ft: 2933 corp: 315/7164Kb lim: 239306 exec/s: 2590 rss: 502Mb L: 468/239306 MS: 2 ChangeASCIIInt-EraseBytes-
#124379	REDUCE cov: 1487 ft: 2933 corp: 315/7125Kb lim: 239306 exec/s: 2591 rss: 502Mb L: 55503/239306 MS: 5 ChangeASCIIInt-InsertByte-ChangeBinInt-ShuffleBytes-EraseBytes-
#124488	REDUCE cov: 1487 ft: 2933 corp: 315/7123Kb lim: 239306 exec/s: 2593 rss: 502Mb L: 8315/239306 MS: 4 ShuffleBytes-ChangeBit-ChangeByte-EraseBytes-
#124759	REDUCE cov: 1487 ft: 2933 corp: 315/7123Kb lim: 239306 exec/s: 2599 rss: 502Mb L: 2205/239306 MS: 1 EraseBytes-
#125015	REDUCE cov: 1487 ft: 2933 corp: 315/7123Kb lim: 239306 exec/s: 2604 rss: 502Mb L: 31/239306 MS: 1 EraseBytes-
#125160	REDUCE cov: 1487 ft: 2933 corp: 315/7123Kb lim: 239306 exec/s: 2607 rss: 502Mb L: 350/239306 MS: 5 InsertRepeatedBytes-ChangeByte-CMP-PersAutoDict-EraseBytes- DE: "\377\377\377\377\377\377\377\000"-"\002\000\000\000\000\000\000\000"-
#125279	REDUCE cov: 1487 ft: 2933 corp: 315/7123Kb lim: 239306 exec/s: 2609 rss: 502Mb L: 95/239306 MS: 4 ChangeBinInt-EraseBytes-ShuffleBytes-InsertByte-
#125626	REDUCE cov: 1487 ft: 2933 corp: 315/7123Kb lim: 239306 exec/s: 2617 rss: 502Mb L: 4/239306 MS: 2 ShuffleBytes-EraseBytes-
#125647	REDUCE cov: 1487 ft: 2933 corp: 315/7106Kb lim: 239306 exec/s: 2617 rss: 502Mb L: 16829/239306 MS: 1 EraseBytes-
#125663	REDUCE cov: 1487 ft: 2933 corp: 315/7106Kb lim: 239306 exec/s: 2617 rss: 502Mb L: 5657/239306 MS: 1 EraseBytes-
#125809	REDUCE cov: 1487 ft: 2933 corp: 315/7106Kb lim: 239306 exec/s: 2621 rss: 502Mb L: 306/239306 MS: 1 EraseBytes-
#125810	REDUCE cov: 1487 ft: 2933 corp: 315/7106Kb lim: 239306 exec/s: 2621 rss: 502Mb L: 1091/239306 MS: 1 EraseBytes-
#125901	REDUCE cov: 1487 ft: 2933 corp: 315/7104Kb lim: 239306 exec/s: 2622 rss: 502Mb L: 13714/239306 MS: 1 EraseBytes-
#126026	REDUCE cov: 1487 ft: 2933 corp: 315/7104Kb lim: 239306 exec/s: 2625 rss: 502Mb L: 165/239306 MS: 5 CMP-CopyPart-ShuffleBytes-PersAutoDict-EraseBytes- DE: "\000\000\000\000\000\000\000\000"-"\000\000\000\000\000\000\000\000\000\000\000\000\000\000\000\000\000\000\000\000\000\000\000\000\000\000\000\000\000\000\000\000"-
#126097	REDUCE cov: 1487 ft: 2933 corp: 315/7104Kb lim: 239306 exec/s: 2627 rss: 502Mb L: 90/239306 MS: 1 EraseBytes-
#126160	REDUCE cov: 1487 ft: 2933 corp: 315/7104Kb lim: 239306 exec/s: 2628 rss: 502Mb L: 43/239306 MS: 3 PersAutoDict-ChangeBinInt-EraseBytes- DE: "\377\377\377\377\377\377\377\377"-
#126267	REDUCE cov: 1487 ft: 2933 corp: 315/7103Kb lim: 239306 exec/s: 2630 rss: 502Mb L: 1763/239306 MS: 2 EraseBytes-InsertRepeatedBytes-
#126293	REDUCE cov: 1487 ft: 2933 corp: 315/7103Kb lim: 239306 exec/s: 2631 rss: 502Mb L: 1763/239306 MS: 1 EraseBytes-
#126524	REDUCE cov: 1487 ft: 2933 corp: 315/7095Kb lim: 239306 exec/s: 2635 rss: 502Mb L: 22822/239306 MS: 1 EraseBytes-
#126648	REDUCE cov: 1487 ft: 2933 corp: 315/7095Kb lim: 239306 exec/s: 2638 rss: 502Mb L: 2275/239306 MS: 4 ChangeByte-ChangeBit-InsertByte-EraseBytes-
#126784	REDUCE cov: 1487 ft: 2933 corp: 315/7095Kb lim: 239306 exec/s: 2641 rss: 502Mb L: 65/239306 MS: 1 EraseBytes-
#126981	REDUCE cov: 1487 ft: 2933 corp: 315/7095Kb lim: 239306 exec/s: 2591 rss: 502Mb L: 38/239306 MS: 2 ChangeBinInt-EraseBytes-
#127047	REDUCE cov: 1487 ft: 2933 corp: 315/7095Kb lim: 239306 exec/s: 2592 rss: 502Mb L: 57/239306 MS: 1 EraseBytes-
#127069	REDUCE cov: 1487 ft: 2933 corp: 315/7095Kb lim: 239306 exec/s: 2593 rss: 502Mb L: 13/239306 MS: 2 ShuffleBytes-EraseBytes-
#127220	REDUCE cov: 1487 ft: 2933 corp: 315/7095Kb lim: 239306 exec/s: 2596 rss: 502Mb L: 27/239306 MS: 1 EraseBytes-
#127259	REDUCE cov: 1487 ft: 2933 corp: 315/7095Kb lim: 239306 exec/s: 2597 rss: 502Mb L: 15/239306 MS: 4 ChangeASCIIInt-ChangeBit-CrossOver-EraseBytes-
#127550	REDUCE cov: 1487 ft: 2933 corp: 315/7095Kb lim: 239306 exec/s: 2603 rss: 502Mb L: 5486/239306 MS: 1 EraseBytes-
#128166	REDUCE cov: 1487 ft: 2933 corp: 315/7095Kb lim: 239306 exec/s: 2615 rss: 502Mb L: 79/239306 MS: 1 EraseBytes-
#128344	REDUCE cov: 1487 ft: 2933 corp: 315/7092Kb lim: 239306 exec/s: 2619 rss: 502Mb L: 11699/239306 MS: 3 InsertByte-EraseBytes-CMP- DE: "\001\000\000\000\000\000\000\004"-
#128515	REDUCE cov: 1487 ft: 2933 corp: 315/7092Kb lim: 239306 exec/s: 2622 rss: 502Mb L: 3/239306 MS: 1 EraseBytes-
#128596	REDUCE cov: 1487 ft: 2933 corp: 315/7092Kb lim: 239306 exec/s: 2624 rss: 502Mb L: 349/239306 MS: 1 EraseBytes-
#128782	REDUCE cov: 1487 ft: 2933 corp: 315/7080Kb lim: 239306 exec/s: 2628 rss: 502Mb L: 18385/239306 MS: 1 EraseBytes-
#128830	REDUCE cov: 1487 ft: 2933 corp: 315/7080Kb lim: 239306 exec/s: 2629 rss: 502Mb L: 22/239306 MS: 3 PersAutoDict-EraseBytes-EraseBytes- DE: "\005\000\000\000\000\000\000\000"-
#128893	REDUCE cov: 1487 ft: 2933 corp: 315/7079Kb lim: 239306 exec/s: 2630 rss: 502Mb L: 2097/239306 MS: 3 ChangeByte-ChangeByte-EraseBytes-
#129100	REDUCE cov: 1487 ft: 2933 corp: 315/7079Kb lim: 239306 exec/s: 2634 rss: 502Mb L: 10360/239306 MS: 2 ChangeByte-EraseBytes-
#129236	REDUCE cov: 1487 ft: 2933 corp: 315/7079Kb lim: 239306 exec/s: 2637 rss: 502Mb L: 3045/239306 MS: 1 EraseBytes-
#129340	REDUCE cov: 1487 ft: 2933 corp: 315/7079Kb lim: 239306 exec/s: 2639 rss: 502Mb L: 12/239306 MS: 4 ChangeByte-PersAutoDict-CopyPart-EraseBytes- DE: "\320\012\000\000\000\000\000\000"-
#129366	REDUCE cov: 1487 ft: 2933 corp: 315/7075Kb lim: 239306 exec/s: 2640 rss: 502Mb L: 10047/239306 MS: 1 EraseBytes-
#129490	REDUCE cov: 1487 ft: 2933 corp: 315/7075Kb lim: 239306 exec/s: 2642 rss: 502Mb L: 1728/239306 MS: 4 ShuffleBytes-InsertByte-CrossOver-EraseBytes-
#129521	REDUCE cov: 1487 ft: 2933 corp: 315/7074Kb lim: 239306 exec/s: 2643 rss: 502Mb L: 9626/239306 MS: 1 EraseBytes-
#129529	REDUCE cov: 1487 ft: 2933 corp: 315/7065Kb lim: 239306 exec/s: 2643 rss: 502Mb L: 18683/239306 MS: 3 ChangeBit-CMP-EraseBytes- DE: "\377\377\377\377"-
#129596	REDUCE cov: 1487 ft: 2933 corp: 315/7063Kb lim: 239306 exec/s: 2644 rss: 502Mb L: 19943/239306 MS: 2 InsertByte-EraseBytes-
#129614	REDUCE cov: 1487 ft: 2933 corp: 315/7063Kb lim: 239306 exec/s: 2645 rss: 502Mb L: 433/239306 MS: 3 CMP-InsertRepeatedBytes-EraseBytes- DE: "\001\000\000\000\000\000\000\013"-
#129730	REDUCE cov: 1487 ft: 2933 corp: 315/7057Kb lim: 239306 exec/s: 2647 rss: 502Mb L: 35248/239306 MS: 1 CrossOver-
#129752	REDUCE cov: 1487 ft: 2933 corp: 315/7057Kb lim: 239306 exec/s: 2648 rss: 502Mb L: 145/239306 MS: 2 ShuffleBytes-EraseBytes-
#130023	REDUCE cov: 1487 ft: 2933 corp: 315/7057Kb lim: 239306 exec/s: 2653 rss: 502Mb L: 376/239306 MS: 1 EraseBytes-
#130058	REDUCE cov: 1487 ft: 2933 corp: 315/7038Kb lim: 239306 exec/s: 2654 rss: 502Mb L: 23817/239306 MS: 5 ChangeBinInt-CopyPart-InsertByte-ChangeByte-EraseBytes-
#130175	REDUCE cov: 1487 ft: 2933 corp: 315/7038Kb lim: 239306 exec/s: 2656 rss: 502Mb L: 737/239306 MS: 2 ChangeByte-EraseBytes-
#130477	REDUCE cov: 1487 ft: 2933 corp: 315/7038Kb lim: 239306 exec/s: 2662 rss: 502Mb L: 260/239306 MS: 2 InsertRepeatedBytes-EraseBytes-
#130725	REDUCE cov: 1487 ft: 2933 corp: 315/7038Kb lim: 239306 exec/s: 2614 rss: 502Mb L: 211/239306 MS: 3 ShuffleBytes-ChangeBit-EraseBytes-
#131072	pulse  cov: 1487 ft: 2933 corp: 315/7038Kb lim: 239306 exec/s: 2621 rss: 502Mb
#131097	REDUCE cov: 1487 ft: 2933 corp: 315/7038Kb lim: 239306 exec/s: 2621 rss: 502Mb L: 2303/239306 MS: 2 InsertRepeatedBytes-EraseBytes-
#131585	REDUCE cov: 1487 ft: 2933 corp: 315/7038Kb lim: 239306 exec/s: 2631 rss: 502Mb L: 224/239306 MS: 3 InsertRepeatedBytes-ChangeBinInt-EraseBytes-
#132027	REDUCE cov: 1487 ft: 2933 corp: 315/7037Kb lim: 239306 exec/s: 2640 rss: 502Mb L: 730/239306 MS: 2 CMP-EraseBytes- DE: "\000\000\000\000\000\000\000\000"-
#132043	REDUCE cov: 1487 ft: 2933 corp: 315/7037Kb lim: 239306 exec/s: 2640 rss: 502Mb L: 160/239306 MS: 1 EraseBytes-
#132219	REDUCE cov: 1487 ft: 2933 corp: 315/7036Kb lim: 239306 exec/s: 2644 rss: 502Mb L: 3102/239306 MS: 1 EraseBytes-
#132252	REDUCE cov: 1487 ft: 2933 corp: 315/7035Kb lim: 239306 exec/s: 2645 rss: 502Mb L: 4461/239306 MS: 3 CMP-InsertRepeatedBytes-EraseBytes- DE: "\001\000"-
#132625	REDUCE cov: 1487 ft: 2933 corp: 315/7017Kb lim: 239306 exec/s: 2652 rss: 502Mb L: 25971/239306 MS: 3 ShuffleBytes-InsertByte-EraseBytes-
#132800	REDUCE cov: 1487 ft: 2933 corp: 315/7008Kb lim: 239306 exec/s: 2656 rss: 502Mb L: 30639/239306 MS: 5 ChangeBinInt-ChangeBinInt-PersAutoDict-EraseBytes-EraseBytes- DE: "\001\000\000\000\000\000\000\026"-
#132868	REDUCE cov: 1487 ft: 2933 corp: 315/7008Kb lim: 239306 exec/s: 2657 rss: 502Mb L: 218/239306 MS: 3 ChangeByte-ChangeBinInt-EraseBytes-
#133046	REDUCE cov: 1487 ft: 2933 corp: 315/7004Kb lim: 239306 exec/s: 2660 rss: 502Mb L: 22648/239306 MS: 3 ChangeByte-ShuffleBytes-EraseBytes-
#133057	REDUCE cov: 1487 ft: 2933 corp: 315/7004Kb lim: 239306 exec/s: 2661 rss: 502Mb L: 969/239306 MS: 1 EraseBytes-
#133131	REDUCE cov: 1487 ft: 2933 corp: 315/7003Kb lim: 239306 exec/s: 2662 rss: 502Mb L: 672/239306 MS: 4 CMP-ShuffleBytes-ChangeBinInt-EraseBytes- DE: "\377\377"-
#133263	REDUCE cov: 1487 ft: 2933 corp: 315/7003Kb lim: 239306 exec/s: 2665 rss: 502Mb L: 726/239306 MS: 2 ChangeBit-EraseBytes-
#133337	REDUCE cov: 1487 ft: 2933 corp: 315/7003Kb lim: 239306 exec/s: 2666 rss: 502Mb L: 56/239306 MS: 4 CMP-PersAutoDict-InsertByte-EraseBytes- DE: "\377\377"-"\002\000\000\000\000\000\000\000"-
#133633	REDUCE cov: 1487 ft: 2933 corp: 315/7003Kb lim: 239306 exec/s: 2672 rss: 502Mb L: 1161/239306 MS: 1 EraseBytes-
#133855	REDUCE cov: 1487 ft: 2933 corp: 315/6997Kb lim: 239306 exec/s: 2677 rss: 502Mb L: 45707/239306 MS: 2 InsertByte-EraseBytes-
#133861	REDUCE cov: 1487 ft: 2933 corp: 315/6997Kb lim: 239306 exec/s: 2677 rss: 502Mb L: 335/239306 MS: 1 EraseBytes-
#133927	REDUCE cov: 1487 ft: 2933 corp: 315/6997Kb lim: 239306 exec/s: 2678 rss: 502Mb L: 180/239306 MS: 1 EraseBytes-
#133983	REDUCE cov: 1487 ft: 2933 corp: 315/6997Kb lim: 239306 exec/s: 2679 rss: 502Mb L: 325/239306 MS: 1 EraseBytes-
#134249	REDUCE cov: 1487 ft: 2933 corp: 315/6992Kb lim: 239306 exec/s: 2684 rss: 502Mb L: 31550/239306 MS: 1 EraseBytes-
#134435	REDUCE cov: 1487 ft: 2933 corp: 315/6992Kb lim: 239306 exec/s: 2635 rss: 502Mb L: 2/239306 MS: 1 EraseBytes-
#134611	REDUCE cov: 1487 ft: 2933 corp: 315/6992Kb lim: 239306 exec/s: 2639 rss: 502Mb L: 90/239306 MS: 1 EraseBytes-
#134803	REDUCE cov: 1487 ft: 2933 corp: 315/6987Kb lim: 239306 exec/s: 2643 rss: 502Mb L: 19749/239306 MS: 2 CMP-EraseBytes- DE: "\017\377\377\377\377\377\377\377"-
#134974	REDUCE cov: 1487 ft: 2933 corp: 315/6987Kb lim: 239306 exec/s: 2646 rss: 502Mb L: 293/239306 MS: 1 EraseBytes-
#135278	REDUCE cov: 1487 ft: 2933 corp: 315/6987Kb lim: 239306 exec/s: 2652 rss: 502Mb L: 93/239306 MS: 4 ShuffleBytes-ChangeBit-ShuffleBytes-EraseBytes-
#135460	REDUCE cov: 1487 ft: 2933 corp: 315/6987Kb lim: 239306 exec/s: 2656 rss: 502Mb L: 9/239306 MS: 2 EraseBytes-ChangeBinInt-
#135506	REDUCE cov: 1487 ft: 2933 corp: 315/6987Kb lim: 239306 exec/s: 2656 rss: 502Mb L: 2136/239306 MS: 1 EraseBytes-
#135877	REDUCE cov: 1487 ft: 2933 corp: 315/6987Kb lim: 239306 exec/s: 2664 rss: 502Mb L: 63/239306 MS: 1 EraseBytes-
#136039	REDUCE cov: 1487 ft: 2933 corp: 315/6987Kb lim: 239306 exec/s: 2667 rss: 502Mb L: 14/239306 MS: 2 PersAutoDict-EraseBytes- DE: "\001\000\000\000\000\000\000\026"-
#136204	REDUCE cov: 1487 ft: 2933 corp: 315/6985Kb lim: 239306 exec/s: 2670 rss: 502Mb L: 3335/239306 MS: 5 ChangeBit-CrossOver-InsertByte-ChangeBinInt-EraseBytes-
#136270	REDUCE cov: 1487 ft: 2933 corp: 315/6984Kb lim: 239306 exec/s: 2671 rss: 502Mb L: 1269/239306 MS: 1 EraseBytes-
#136271	REDUCE cov: 1487 ft: 2933 corp: 315/6984Kb lim: 239306 exec/s: 2671 rss: 502Mb L: 298/239306 MS: 1 EraseBytes-
#136528	REDUCE cov: 1487 ft: 2933 corp: 315/6972Kb lim: 239306 exec/s: 2677 rss: 502Mb L: 119680/239306 MS: 2 PersAutoDict-EraseBytes- DE: "\377\377\377\377\377\377\003\000"-
#136529	REDUCE cov: 1487 ft: 2933 corp: 315/6972Kb lim: 239306 exec/s: 2677 rss: 502Mb L: 290/239306 MS: 1 EraseBytes-
#136624	REDUCE cov: 1487 ft: 2933 corp: 315/6971Kb lim: 239306 exec/s: 2678 rss: 502Mb L: 17299/239306 MS: 5 ChangeByte-PersAutoDict-ChangeBit-ChangeBinInt-EraseBytes- DE: "\001\000\000\000"-
#136672	REDUCE cov: 1487 ft: 2933 corp: 315/6971Kb lim: 239306 exec/s: 2679 rss: 502Mb L: 223/239306 MS: 3 ShuffleBytes-InsertByte-EraseBytes-
#136683	REDUCE cov: 1487 ft: 2933 corp: 315/6968Kb lim: 239306 exec/s: 2680 rss: 502Mb L: 4762/239306 MS: 1 EraseBytes-
#136794	REDUCE cov: 1487 ft: 2933 corp: 315/6968Kb lim: 239306 exec/s: 2682 rss: 502Mb L: 23948/239306 MS: 1 EraseBytes-
#136925	REDUCE cov: 1487 ft: 2933 corp: 315/6967Kb lim: 239306 exec/s: 2684 rss: 502Mb L: 3353/239306 MS: 1 EraseBytes-
#137288	REDUCE cov: 1487 ft: 2933 corp: 315/6964Kb lim: 239306 exec/s: 2691 rss: 502Mb L: 10872/239306 MS: 3 ChangeBinInt-PersAutoDict-EraseBytes- DE: "N\000\000\000\000\000\000\000"-
#137289	REDUCE cov: 1487 ft: 2933 corp: 315/6963Kb lim: 239306 exec/s: 2691 rss: 502Mb L: 800/239306 MS: 1 EraseBytes-
#137365	REDUCE cov: 1487 ft: 2933 corp: 315/6963Kb lim: 239306 exec/s: 2693 rss: 502Mb L: 233/239306 MS: 1 EraseBytes-
#137508	REDUCE cov: 1487 ft: 2933 corp: 315/6963Kb lim: 239306 exec/s: 2696 rss: 502Mb L: 41/239306 MS: 3 InsertByte-ShuffleBytes-EraseBytes-
#137539	REDUCE cov: 1487 ft: 2933 corp: 315/6963Kb lim: 239306 exec/s: 2696 rss: 502Mb L: 655/239306 MS: 1 EraseBytes-
#137771	REDUCE cov: 1487 ft: 2933 corp: 315/6963Kb lim: 239306 exec/s: 2701 rss: 502Mb L: 2229/239306 MS: 2 ChangeASCIIInt-EraseBytes-
#137880	REDUCE cov: 1487 ft: 2933 corp: 315/6958Kb lim: 239306 exec/s: 2703 rss: 502Mb L: 30529/239306 MS: 4 CopyPart-ShuffleBytes-EraseBytes-CrossOver-
#138036	REDUCE cov: 1487 ft: 2933 corp: 315/6958Kb lim: 239306 exec/s: 2706 rss: 502Mb L: 90/239306 MS: 1 EraseBytes-
#138179	REDUCE cov: 1487 ft: 2933 corp: 315/6958Kb lim: 239306 exec/s: 2709 rss: 502Mb L: 18/239306 MS: 3 ChangeBinInt-ShuffleBytes-EraseBytes-
#138555	REDUCE cov: 1487 ft: 2933 corp: 315/6956Kb lim: 239306 exec/s: 2664 rss: 502Mb L: 2943/239306 MS: 1 EraseBytes-
#138890	REDUCE cov: 1487 ft: 2933 corp: 315/6954Kb lim: 239306 exec/s: 2670 rss: 502Mb L: 7899/239306 MS: 5 InsertByte-CrossOver-ChangeASCIIInt-CMP-EraseBytes- DE: "\000\000\000\000\000\000\000\260"-
#138902	REDUCE cov: 1487 ft: 2933 corp: 315/6953Kb lim: 239306 exec/s: 2671 rss: 502Mb L: 139/239306 MS: 2 ChangeBinInt-EraseBytes-
#139353	REDUCE cov: 1487 ft: 2933 corp: 315/6953Kb lim: 239306 exec/s: 2679 rss: 502Mb L: 559/239306 MS: 1 EraseBytes-
#139367	REDUCE cov: 1487 ft: 2933 corp: 315/6953Kb lim: 239306 exec/s: 2680 rss: 502Mb L: 27/239306 MS: 4 ChangeByte-ChangeBinInt-ShuffleBytes-EraseBytes-
#139489	REDUCE cov: 1487 ft: 2933 corp: 315/6953Kb lim: 239306 exec/s: 2682 rss: 502Mb L: 2720/239306 MS: 2 ChangeBit-EraseBytes-
#139755	REDUCE cov: 1487 ft: 2933 corp: 315/6952Kb lim: 239306 exec/s: 2687 rss: 502Mb L: 5140/239306 MS: 1 EraseBytes-
#139837	REDUCE cov: 1487 ft: 2933 corp: 315/6952Kb lim: 239306 exec/s: 2689 rss: 502Mb L: 10/239306 MS: 2 ChangeBinInt-EraseBytes-
#140065	REDUCE cov: 1487 ft: 2933 corp: 315/6952Kb lim: 239306 exec/s: 2693 rss: 502Mb L: 1416/239306 MS: 3 ChangeASCIIInt-PersAutoDict-EraseBytes- DE: "\000\000\000\000"-
#140202	REDUCE cov: 1487 ft: 2933 corp: 315/6952Kb lim: 239306 exec/s: 2696 rss: 502Mb L: 9/239306 MS: 2 InsertByte-EraseBytes-
#140240	REDUCE cov: 1487 ft: 2933 corp: 315/6952Kb lim: 239306 exec/s: 2696 rss: 502Mb L: 17/239306 MS: 3 ShuffleBytes-ShuffleBytes-EraseBytes-
#140317	REDUCE cov: 1487 ft: 2933 corp: 315/6950Kb lim: 239306 exec/s: 2698 rss: 502Mb L: 42906/239306 MS: 2 ChangeByte-EraseBytes-
#140633	NEW    cov: 1488 ft: 2934 corp: 316/6950Kb lim: 239306 exec/s: 2704 rss: 502Mb L: 337/239306 MS: 1 ShuffleBytes-
#140717	REDUCE cov: 1488 ft: 2934 corp: 316/6950Kb lim: 239306 exec/s: 2706 rss: 502Mb L: 8/239306 MS: 4 InsertByte-EraseBytes-PersAutoDict-EraseBytes- DE: "\000\000\000\001"-
#140964	REDUCE cov: 1488 ft: 2934 corp: 316/6948Kb lim: 239306 exec/s: 2710 rss: 502Mb L: 6134/239306 MS: 2 InsertRepeatedBytes-EraseBytes-
#140977	REDUCE cov: 1488 ft: 2934 corp: 316/6948Kb lim: 239306 exec/s: 2711 rss: 502Mb L: 1375/239306 MS: 3 InsertRepeatedBytes-PersAutoDict-EraseBytes- DE: "\000\000\000\000"-
#141050	REDUCE cov: 1488 ft: 2934 corp: 316/6948Kb lim: 239306 exec/s: 2712 rss: 502Mb L: 6/239306 MS: 3 CMP-PersAutoDict-EraseBytes- DE: "\377\377"-"\000\000\000\000\000\000\000\000"-
#141061	REDUCE cov: 1488 ft: 2934 corp: 316/6947Kb lim: 239306 exec/s: 2712 rss: 502Mb L: 22810/239306 MS: 1 EraseBytes-
#141204	REDUCE cov: 1488 ft: 2934 corp: 316/6947Kb lim: 239306 exec/s: 2715 rss: 502Mb L: 1413/239306 MS: 3 ShuffleBytes-ChangeBit-EraseBytes-
#141230	REDUCE cov: 1488 ft: 2934 corp: 316/6947Kb lim: 239306 exec/s: 2715 rss: 502Mb L: 41/239306 MS: 1 EraseBytes-
#141366	REDUCE cov: 1488 ft: 2934 corp: 316/6946Kb lim: 239306 exec/s: 2718 rss: 502Mb L: 4176/239306 MS: 1 EraseBytes-
#141821	REDUCE cov: 1488 ft: 2934 corp: 316/6946Kb lim: 239306 exec/s: 2675 rss: 502Mb L: 19/239306 MS: 5 ChangeBinInt-EraseBytes-CopyPart-ChangeBinInt-InsertByte-
#141867	REDUCE cov: 1488 ft: 2934 corp: 316/6945Kb lim: 239306 exec/s: 2676 rss: 502Mb L: 2299/239306 MS: 1 EraseBytes-
#141993	REDUCE cov: 1488 ft: 2934 corp: 316/6945Kb lim: 239306 exec/s: 2679 rss: 502Mb L: 320/239306 MS: 1 EraseBytes-
#142029	REDUCE cov: 1488 ft: 2934 corp: 316/6945Kb lim: 239306 exec/s: 2679 rss: 502Mb L: 1789/239306 MS: 1 EraseBytes-
#142044	REDUCE cov: 1488 ft: 2934 corp: 316/6937Kb lim: 239306 exec/s: 2680 rss: 502Mb L: 47339/239306 MS: 5 ChangeBinInt-PersAutoDict-CopyPart-ChangeBit-EraseBytes- DE: "\365J\202\020\000\000\000\000"-
#142093	REDUCE cov: 1488 ft: 2934 corp: 316/6937Kb lim: 239306 exec/s: 2681 rss: 502Mb L: 133/239306 MS: 4 InsertRepeatedBytes-ShuffleBytes-ChangeBinInt-EraseBytes-
#142499	REDUCE cov: 1488 ft: 2934 corp: 316/6937Kb lim: 239306 exec/s: 2688 rss: 502Mb L: 37/239306 MS: 1 EraseBytes-
#142640	REDUCE cov: 1488 ft: 2934 corp: 316/6935Kb lim: 239306 exec/s: 2691 rss: 502Mb L: 6074/239306 MS: 1 EraseBytes-
#142877	REDUCE cov: 1488 ft: 2934 corp: 316/6935Kb lim: 239306 exec/s: 2695 rss: 502Mb L: 1120/239306 MS: 2 CMP-EraseBytes- DE: "\000\000\000\000"-
#143068	REDUCE cov: 1488 ft: 2934 corp: 316/6935Kb lim: 239306 exec/s: 2699 rss: 502Mb L: 358/239306 MS: 1 EraseBytes-
#143439	REDUCE cov: 1488 ft: 2934 corp: 316/6935Kb lim: 239306 exec/s: 2706 rss: 502Mb L: 5/239306 MS: 1 EraseBytes-
#143638	REDUCE cov: 1488 ft: 2934 corp: 316/6935Kb lim: 239306 exec/s: 2710 rss: 502Mb L: 141/239306 MS: 4 InsertByte-ChangeBinInt-ChangeByte-EraseBytes-
#143649	REDUCE cov: 1488 ft: 2934 corp: 316/6935Kb lim: 239306 exec/s: 2710 rss: 502Mb L: 243/239306 MS: 1 EraseBytes-
#143777	REDUCE cov: 1488 ft: 2934 corp: 316/6935Kb lim: 239306 exec/s: 2712 rss: 502Mb L: 87/239306 MS: 3 ShuffleBytes-InsertByte-EraseBytes-
#144138	REDUCE cov: 1488 ft: 2934 corp: 316/6935Kb lim: 239306 exec/s: 2719 rss: 502Mb L: 160/239306 MS: 1 EraseBytes-
#144149	REDUCE cov: 1488 ft: 2936 corp: 317/6935Kb lim: 239306 exec/s: 2719 rss: 502Mb L: 151/239306 MS: 1 InsertRepeatedBytes-
#144171	REDUCE cov: 1488 ft: 2936 corp: 317/6935Kb lim: 239306 exec/s: 2720 rss: 502Mb L: 25/239306 MS: 2 ChangeByte-EraseBytes-
#144438	REDUCE cov: 1488 ft: 2936 corp: 317/6935Kb lim: 239306 exec/s: 2725 rss: 502Mb L: 16/239306 MS: 2 EraseBytes-ChangeBinInt-
#144444	REDUCE cov: 1488 ft: 2936 corp: 317/6935Kb lim: 239306 exec/s: 2725 rss: 502Mb L: 888/239306 MS: 1 EraseBytes-
#144515	REDUCE cov: 1488 ft: 2936 corp: 317/6935Kb lim: 239306 exec/s: 2726 rss: 502Mb L: 62/239306 MS: 1 EraseBytes-
#144517	REDUCE cov: 1488 ft: 2936 corp: 317/6933Kb lim: 239306 exec/s: 2726 rss: 502Mb L: 2292/239306 MS: 2 InsertRepeatedBytes-EraseBytes-
#144751	REDUCE cov: 1488 ft: 2936 corp: 317/6933Kb lim: 239306 exec/s: 2731 rss: 502Mb L: 32/239306 MS: 4 InsertByte-EraseBytes-ChangeBinInt-CrossOver-
#144793	REDUCE cov: 1488 ft: 2936 corp: 317/6933Kb lim: 239306 exec/s: 2731 rss: 502Mb L: 422/239306 MS: 2 ChangeBit-EraseBytes-
#144864	REDUCE cov: 1488 ft: 2936 corp: 317/6933Kb lim: 239306 exec/s: 2733 rss: 502Mb L: 4/239306 MS: 1 EraseBytes-
#144927	REDUCE cov: 1488 ft: 2936 corp: 317/6933Kb lim: 239306 exec/s: 2734 rss: 502Mb L: 9/239306 MS: 3 ChangeBit-CMP-EraseBytes- DE: "\377\377\377\377"-
#144981	REDUCE cov: 1488 ft: 2936 corp: 317/6933Kb lim: 239306 exec/s: 2735 rss: 502Mb L: 124/239306 MS: 4 CopyPart-ShuffleBytes-ChangeBit-EraseBytes-
#145947	REDUCE cov: 1488 ft: 2937 corp: 318/6934Kb lim: 239306 exec/s: 2702 rss: 502Mb L: 453/239306 MS: 1 InsertRepeatedBytes-
#145977	REDUCE cov: 1488 ft: 2937 corp: 318/6924Kb lim: 239306 exec/s: 2703 rss: 502Mb L: 36952/239306 MS: 5 InsertByte-ChangeASCIIInt-CMP-ChangeASCIIInt-EraseBytes- DE: "\001\000\000\000\000\000\000\000"-
#146045	REDUCE cov: 1488 ft: 2937 corp: 318/6924Kb lim: 239306 exec/s: 2704 rss: 502Mb L: 13/239306 MS: 3 CMP-ChangeBinInt-EraseBytes- DE: "\000\000"-
#146136	REDUCE cov: 1488 ft: 2937 corp: 318/6924Kb lim: 239306 exec/s: 2706 rss: 502Mb L: 30/239306 MS: 1 EraseBytes-
#146552	REDUCE cov: 1488 ft: 2937 corp: 318/6924Kb lim: 239306 exec/s: 2713 rss: 503Mb L: 15/239306 MS: 1 EraseBytes-
#146571	REDUCE cov: 1488 ft: 2937 corp: 318/6924Kb lim: 239306 exec/s: 2714 rss: 503Mb L: 110/239306 MS: 4 CrossOver-EraseBytes-PersAutoDict-InsertByte- DE: "\000\000\000\000\001\000\000\001"-
#146620	REDUCE cov: 1488 ft: 2937 corp: 318/6924Kb lim: 239306 exec/s: 2715 rss: 504Mb L: 211/239306 MS: 4 ShuffleBytes-ShuffleBytes-PersAutoDict-EraseBytes- DE: "\377\377\377\377\000\000\000\001"-
#146771	REDUCE cov: 1488 ft: 2937 corp: 318/6924Kb lim: 239306 exec/s: 2717 rss: 507Mb L: 89/239306 MS: 1 EraseBytes-
#146889	REDUCE cov: 1488 ft: 2937 corp: 318/6921Kb lim: 239306 exec/s: 2720 rss: 508Mb L: 65856/239306 MS: 3 ChangeBit-InsertRepeatedBytes-EraseBytes-
#147395	REDUCE cov: 1488 ft: 2937 corp: 318/6921Kb lim: 239306 exec/s: 2729 rss: 508Mb L: 126/239306 MS: 1 EraseBytes-
#147861	REDUCE cov: 1488 ft: 2937 corp: 318/6921Kb lim: 239306 exec/s: 2738 rss: 508Mb L: 92/239306 MS: 1 EraseBytes-
#147970	REDUCE cov: 1488 ft: 2937 corp: 318/6921Kb lim: 239306 exec/s: 2740 rss: 508Mb L: 1027/239306 MS: 4 ShuffleBytes-ChangeByte-InsertRepeatedBytes-EraseBytes-
#148046	REDUCE cov: 1488 ft: 2937 corp: 318/6920Kb lim: 239306 exec/s: 2741 rss: 508Mb L: 62879/239306 MS: 1 EraseBytes-
#148112	REDUCE cov: 1488 ft: 2937 corp: 318/6920Kb lim: 239306 exec/s: 2742 rss: 508Mb L: 68/239306 MS: 1 EraseBytes-
#148253	REDUCE cov: 1488 ft: 2937 corp: 318/6920Kb lim: 239306 exec/s: 2745 rss: 508Mb L: 41/239306 MS: 1 EraseBytes-
#148257	REDUCE cov: 1488 ft: 2937 corp: 318/6920Kb lim: 239306 exec/s: 2745 rss: 508Mb L: 23/239306 MS: 4 ChangeBinInt-EraseBytes-InsertByte-EraseBytes-
#148283	NEW    cov: 1489 ft: 2938 corp: 319/6920Kb lim: 239306 exec/s: 2745 rss: 508Mb L: 97/239306 MS: 1 EraseBytes-
#148285	REDUCE cov: 1489 ft: 2938 corp: 319/6919Kb lim: 239306 exec/s: 2746 rss: 508Mb L: 16846/239306 MS: 2 ChangeBit-EraseBytes-
#148655	REDUCE cov: 1489 ft: 2938 corp: 319/6912Kb lim: 239306 exec/s: 2752 rss: 508Mb L: 13419/239306 MS: 5 CMP-ShuffleBytes-InsertByte-ChangeBit-EraseBytes- DE: "\377\377"-
#148712	REDUCE cov: 1489 ft: 2938 corp: 319/6910Kb lim: 239306 exec/s: 2753 rss: 508Mb L: 3914/239306 MS: 2 ChangeByte-EraseBytes-
#148923	REDUCE cov: 1489 ft: 2938 corp: 319/6910Kb lim: 239306 exec/s: 2757 rss: 508Mb L: 8538/239306 MS: 1 EraseBytes-
#149043	REDUCE cov: 1489 ft: 2938 corp: 319/6910Kb lim: 239306 exec/s: 2760 rss: 508Mb L: 30731/239306 MS: 5 ChangeByte-EraseBytes-ChangeBit-ChangeASCIIInt-InsertRepeatedBytes-
#149084	REDUCE cov: 1489 ft: 2938 corp: 319/6910Kb lim: 239306 exec/s: 2760 rss: 508Mb L: 4364/239306 MS: 1 EraseBytes-
#149101	REDUCE cov: 1489 ft: 2938 corp: 319/6910Kb lim: 239306 exec/s: 2761 rss: 508Mb L: 90/239306 MS: 2 ChangeByte-EraseBytes-
#149123	REDUCE cov: 1489 ft: 2938 corp: 319/6910Kb lim: 239306 exec/s: 2761 rss: 508Mb L: 61/239306 MS: 2 ChangeBit-EraseBytes-
#149209	REDUCE cov: 1489 ft: 2938 corp: 319/6910Kb lim: 239306 exec/s: 2763 rss: 508Mb L: 1659/239306 MS: 1 EraseBytes-
#149575	REDUCE cov: 1489 ft: 2938 corp: 319/6910Kb lim: 239306 exec/s: 2719 rss: 508Mb L: 4699/239306 MS: 1 EraseBytes-
#149611	REDUCE cov: 1489 ft: 2938 corp: 319/6856Kb lim: 239306 exec/s: 2720 rss: 508Mb L: 65038/239306 MS: 1 EraseBytes-
#149728	REDUCE cov: 1489 ft: 2938 corp: 319/6856Kb lim: 239306 exec/s: 2722 rss: 508Mb L: 1249/239306 MS: 2 InsertRepeatedBytes-EraseBytes-
#149830	REDUCE cov: 1489 ft: 2938 corp: 319/6855Kb lim: 239306 exec/s: 2724 rss: 508Mb L: 3240/239306 MS: 2 PersAutoDict-EraseBytes- DE: "\000\000\000\000\000\000\000\000\000\000\000\000\000\000\000\000\000\000\000\000\000\000\000\000\000\000\000\000\000\000\000\000"-
#149921	REDUCE cov: 1489 ft: 2938 corp: 319/6842Kb lim: 239306 exec/s: 2725 rss: 508Mb L: 16769/239306 MS: 1 EraseBytes-
#150032	REDUCE cov: 1489 ft: 2938 corp: 319/6840Kb lim: 239306 exec/s: 2727 rss: 508Mb L: 66883/239306 MS: 1 EraseBytes-
#150105	REDUCE cov: 1489 ft: 2938 corp: 319/6840Kb lim: 239306 exec/s: 2729 rss: 508Mb L: 82/239306 MS: 3 InsertByte-ChangeBinInt-EraseBytes-
#150366	REDUCE cov: 1489 ft: 2938 corp: 319/6840Kb lim: 239306 exec/s: 2733 rss: 508Mb L: 103/239306 MS: 1 EraseBytes-
#151005	REDUCE cov: 1489 ft: 2938 corp: 319/6840Kb lim: 239306 exec/s: 2745 rss: 508Mb L: 909/239306 MS: 4 CrossOver-CrossOver-ChangeBit-EraseBytes-
#151042	REDUCE cov: 1489 ft: 2938 corp: 319/6840Kb lim: 239306 exec/s: 2746 rss: 508Mb L: 164/239306 MS: 2 ShuffleBytes-EraseBytes-
#151233	REDUCE cov: 1489 ft: 2938 corp: 319/6839Kb lim: 239306 exec/s: 2749 rss: 508Mb L: 2691/239306 MS: 1 EraseBytes-
#151479	REDUCE cov: 1489 ft: 2938 corp: 319/6839Kb lim: 239306 exec/s: 2754 rss: 508Mb L: 1327/239306 MS: 1 EraseBytes-
#151498	REDUCE cov: 1489 ft: 2938 corp: 319/6834Kb lim: 239306 exec/s: 2754 rss: 508Mb L: 7972/239306 MS: 4 ChangeASCIIInt-EraseBytes-ChangeByte-EraseBytes-
#151815	REDUCE cov: 1489 ft: 2938 corp: 319/6834Kb lim: 239306 exec/s: 2760 rss: 508Mb L: 11/239306 MS: 2 InsertByte-EraseBytes-
#151882	REDUCE cov: 1489 ft: 2938 corp: 319/6833Kb lim: 239306 exec/s: 2761 rss: 508Mb L: 2181/239306 MS: 2 ChangeASCIIInt-EraseBytes-
#151924	REDUCE cov: 1489 ft: 2938 corp: 319/6833Kb lim: 239306 exec/s: 2762 rss: 508Mb L: 12/239306 MS: 2 ChangeByte-EraseBytes-
#152457	REDUCE cov: 1489 ft: 2938 corp: 319/6833Kb lim: 239306 exec/s: 2771 rss: 508Mb L: 1572/239306 MS: 3 CopyPart-CopyPart-EraseBytes-
#152469	REDUCE cov: 1489 ft: 2939 corp: 320/6835Kb lim: 239306 exec/s: 2772 rss: 508Mb L: 1789/239306 MS: 2 ChangeBinInt-CMP- DE: "\000\000\000\000\000\000\000\020"-
#152645	REDUCE cov: 1489 ft: 2939 corp: 320/6835Kb lim: 239306 exec/s: 2775 rss: 508Mb L: 65/239306 MS: 1 EraseBytes-
#152748	REDUCE cov: 1489 ft: 2939 corp: 320/6834Kb lim: 239306 exec/s: 2777 rss: 508Mb L: 1574/239306 MS: 3 ChangeBinInt-InsertByte-EraseBytes-
#152984	REDUCE cov: 1489 ft: 2939 corp: 320/6834Kb lim: 239306 exec/s: 2781 rss: 508Mb L: 73/239306 MS: 1 EraseBytes-
#153101	REDUCE cov: 1489 ft: 2939 corp: 320/6834Kb lim: 239306 exec/s: 2783 rss: 508Mb L: 831/239306 MS: 2 PersAutoDict-EraseBytes- DE: "^q\002\316\016\271\315\313"-
#153102	REDUCE cov: 1489 ft: 2939 corp: 320/6833Kb lim: 239306 exec/s: 2783 rss: 508Mb L: 524/239306 MS: 1 EraseBytes-
#153106	REDUCE cov: 1489 ft: 2939 corp: 320/6833Kb lim: 239306 exec/s: 2783 rss: 508Mb L: 135/239306 MS: 4 ChangeBit-ChangeBit-ShuffleBytes-EraseBytes-
#153107	REDUCE cov: 1489 ft: 2939 corp: 320/6828Kb lim: 239306 exec/s: 2783 rss: 508Mb L: 99905/239306 MS: 1 EraseBytes-
#153108	REDUCE cov: 1489 ft: 2939 corp: 320/6828Kb lim: 239306 exec/s: 2783 rss: 508Mb L: 166/239306 MS: 1 EraseBytes-
#153114	REDUCE cov: 1489 ft: 2939 corp: 320/6828Kb lim: 239306 exec/s: 2783 rss: 508Mb L: 848/239306 MS: 1 EraseBytes-
#153153	REDUCE cov: 1489 ft: 2939 corp: 320/6828Kb lim: 239306 exec/s: 2784 rss: 508Mb L: 40/239306 MS: 4 EraseBytes-InsertRepeatedBytes-EraseBytes-ChangeByte-
#153162	REDUCE cov: 1489 ft: 2939 corp: 320/6789Kb lim: 239306 exec/s: 2784 rss: 508Mb L: 86920/239306 MS: 4 EraseBytes-CrossOver-CrossOver-ShuffleBytes-
#153237	REDUCE cov: 1489 ft: 2939 corp: 320/6789Kb lim: 239306 exec/s: 2786 rss: 508Mb L: 670/239306 MS: 5 InsertRepeatedBytes-ChangeBit-ChangeBinInt-ChangeByte-EraseBytes-
#153345	REDUCE cov: 1489 ft: 2939 corp: 320/6789Kb lim: 239306 exec/s: 2788 rss: 508Mb L: 246/239306 MS: 3 ShuffleBytes-PersAutoDict-EraseBytes- DE: "^q\002\316\016\271\315\313"-
#153546	REDUCE cov: 1489 ft: 2939 corp: 320/6789Kb lim: 239306 exec/s: 2791 rss: 508Mb L: 434/239306 MS: 1 EraseBytes-
#153593	REDUCE cov: 1489 ft: 2939 corp: 320/6789Kb lim: 239306 exec/s: 2792 rss: 508Mb L: 15/239306 MS: 2 ShuffleBytes-EraseBytes-
#153650	REDUCE cov: 1489 ft: 2939 corp: 320/6789Kb lim: 239306 exec/s: 2743 rss: 508Mb L: 34/239306 MS: 2 CopyPart-EraseBytes-
#153691	REDUCE cov: 1489 ft: 2939 corp: 320/6786Kb lim: 239306 exec/s: 2744 rss: 508Mb L: 129947/239306 MS: 1 EraseBytes-
#154034	REDUCE cov: 1489 ft: 2939 corp: 320/6781Kb lim: 239306 exec/s: 2750 rss: 508Mb L: 8083/239306 MS: 3 InsertByte-CrossOver-EraseBytes-
#154171	REDUCE cov: 1489 ft: 2939 corp: 320/6781Kb lim: 239306 exec/s: 2753 rss: 508Mb L: 66/239306 MS: 2 ShuffleBytes-EraseBytes-
#154232	REDUCE cov: 1489 ft: 2939 corp: 320/6780Kb lim: 239306 exec/s: 2754 rss: 508Mb L: 2303/239306 MS: 1 EraseBytes-
#154354	REDUCE cov: 1489 ft: 2939 corp: 320/6776Kb lim: 239306 exec/s: 2756 rss: 508Mb L: 12223/239306 MS: 2 CMP-CrossOver- DE: "\001\000\000\000\000\000\000\004"-
#154520	REDUCE cov: 1489 ft: 2939 corp: 320/6776Kb lim: 239306 exec/s: 2759 rss: 508Mb L: 42/239306 MS: 1 EraseBytes-
#155043	REDUCE cov: 1489 ft: 2939 corp: 320/6775Kb lim: 239306 exec/s: 2768 rss: 508Mb L: 1146/239306 MS: 3 InsertByte-ChangeByte-EraseBytes-
#155090	REDUCE cov: 1489 ft: 2939 corp: 320/6775Kb lim: 239306 exec/s: 2769 rss: 508Mb L: 285/239306 MS: 2 InsertByte-EraseBytes-
#155106	REDUCE cov: 1489 ft: 2939 corp: 320/6774Kb lim: 239306 exec/s: 2769 rss: 508Mb L: 950/239306 MS: 1 EraseBytes-
#155234	REDUCE cov: 1489 ft: 2939 corp: 320/6774Kb lim: 239306 exec/s: 2772 rss: 508Mb L: 165/239306 MS: 3 ChangeBit-ShuffleBytes-EraseBytes-
#155415	REDUCE cov: 1489 ft: 2949 corp: 321/6775Kb lim: 239306 exec/s: 2775 rss: 508Mb L: 377/239306 MS: 1 CrossOver-
#155481	REDUCE cov: 1489 ft: 2949 corp: 321/6775Kb lim: 239306 exec/s: 2776 rss: 508Mb L: 40/239306 MS: 1 EraseBytes-
#155588	REDUCE cov: 1489 ft: 2949 corp: 321/6770Kb lim: 239306 exec/s: 2778 rss: 508Mb L: 41454/239306 MS: 2 ShuffleBytes-EraseBytes-
#156045	REDUCE cov: 1489 ft: 2949 corp: 321/6765Kb lim: 239306 exec/s: 2786 rss: 508Mb L: 11474/239306 MS: 2 ChangeByte-EraseBytes-
#156289	REDUCE cov: 1489 ft: 2949 corp: 321/6763Kb lim: 239306 exec/s: 2790 rss: 508Mb L: 5617/239306 MS: 4 InsertByte-PersAutoDict-CMP-EraseBytes- DE: "\000\001"-"\304-\370\001}\274Z\317"-
#156340	REDUCE cov: 1489 ft: 2949 corp: 321/6763Kb lim: 239306 exec/s: 2791 rss: 508Mb L: 78/239306 MS: 1 EraseBytes-
#156649	REDUCE cov: 1489 ft: 2949 corp: 321/6763Kb lim: 239306 exec/s: 2797 rss: 508Mb L: 13/239306 MS: 4 ShuffleBytes-CopyPart-PersAutoDict-EraseBytes- DE: "\001\000\000\000"-
#156880	REDUCE cov: 1489 ft: 2949 corp: 321/6763Kb lim: 239306 exec/s: 2801 rss: 508Mb L: 705/239306 MS: 1 EraseBytes-
#157132	REDUCE cov: 1489 ft: 2949 corp: 321/6760Kb lim: 239306 exec/s: 2805 rss: 508Mb L: 8550/239306 MS: 2 InsertByte-EraseBytes-
#157299	REDUCE cov: 1489 ft: 2949 corp: 321/6760Kb lim: 239306 exec/s: 2808 rss: 508Mb L: 197/239306 MS: 2 InsertRepeatedBytes-EraseBytes-
#157400	REDUCE cov: 1489 ft: 2949 corp: 321/6760Kb lim: 239306 exec/s: 2761 rss: 508Mb L: 29/239306 MS: 1 EraseBytes-
#157816	REDUCE cov: 1489 ft: 2949 corp: 321/6760Kb lim: 239306 exec/s: 2768 rss: 508Mb L: 36065/239306 MS: 1 EraseBytes-
#158059	REDUCE cov: 1489 ft: 2949 corp: 321/6760Kb lim: 239306 exec/s: 2772 rss: 508Mb L: 871/239306 MS: 3 EraseBytes-ChangeBit-ChangeByte-
#158347	REDUCE cov: 1489 ft: 2949 corp: 321/6758Kb lim: 239306 exec/s: 2778 rss: 508Mb L: 7011/239306 MS: 3 InsertRepeatedBytes-CrossOver-EraseBytes-
#158364	REDUCE cov: 1489 ft: 2949 corp: 321/6758Kb lim: 239306 exec/s: 2778 rss: 508Mb L: 15/239306 MS: 2 EraseBytes-PersAutoDict- DE: "\000\000\000\000"-
#158367	REDUCE cov: 1489 ft: 2949 corp: 321/6755Kb lim: 239306 exec/s: 2778 rss: 508Mb L: 23727/239306 MS: 3 InsertRepeatedBytes-ChangeBit-EraseBytes-
#158558	REDUCE cov: 1489 ft: 2949 corp: 321/6755Kb lim: 239306 exec/s: 2781 rss: 508Mb L: 549/239306 MS: 1 EraseBytes-
#158819	REDUCE cov: 1489 ft: 2949 corp: 321/6755Kb lim: 239306 exec/s: 2786 rss: 508Mb L: 11753/239306 MS: 1 EraseBytes-
#158972	REDUCE cov: 1489 ft: 2949 corp: 321/6754Kb lim: 239306 exec/s: 2788 rss: 508Mb L: 6699/239306 MS: 3 ChangeASCIIInt-ChangeASCIIInt-EraseBytes-
#159408	REDUCE cov: 1489 ft: 2949 corp: 321/6754Kb lim: 239306 exec/s: 2796 rss: 508Mb L: 368/239306 MS: 1 EraseBytes-
#159521	REDUCE cov: 1489 ft: 2949 corp: 321/6753Kb lim: 239306 exec/s: 2798 rss: 508Mb L: 4727/239306 MS: 3 CrossOver-ShuffleBytes-EraseBytes-
#159544	REDUCE cov: 1489 ft: 2949 corp: 321/6752Kb lim: 239306 exec/s: 2799 rss: 508Mb L: 110639/239306 MS: 3 PersAutoDict-InsertByte-EraseBytes- DE: "2\005Ac\001(\025m"-
#159735	REDUCE cov: 1489 ft: 2949 corp: 321/6752Kb lim: 239306 exec/s: 2802 rss: 508Mb L: 59/239306 MS: 1 EraseBytes-
#159766	REDUCE cov: 1489 ft: 2949 corp: 321/6752Kb lim: 239306 exec/s: 2802 rss: 508Mb L: 115/239306 MS: 1 EraseBytes-
#159798	REDUCE cov: 1489 ft: 2949 corp: 321/6752Kb lim: 239306 exec/s: 2803 rss: 508Mb L: 158/239306 MS: 2 PersAutoDict-EraseBytes- DE: "\002\000\000\000\000\000\000\000"-
#159970	REDUCE cov: 1489 ft: 2949 corp: 321/6752Kb lim: 239306 exec/s: 2806 rss: 508Mb L: 130/239306 MS: 2 CrossOver-EraseBytes-
#160024	REDUCE cov: 1489 ft: 2949 corp: 321/6750Kb lim: 239306 exec/s: 2807 rss: 508Mb L: 4854/239306 MS: 4 ShuffleBytes-ChangeASCIIInt-CMP-EraseBytes- DE: "\002\000\000\000\377\377\377\377"-
#160173	REDUCE cov: 1489 ft: 2949 corp: 321/6749Kb lim: 239306 exec/s: 2810 rss: 508Mb L: 7685/239306 MS: 4 InsertRepeatedBytes-PersAutoDict-CMP-EraseBytes- DE: "\000\000\000\000\377\377\377\377"-"\377\377\377\377"-
#160208	REDUCE cov: 1489 ft: 2949 corp: 321/6748Kb lim: 239306 exec/s: 2810 rss: 508Mb L: 3967/239306 MS: 5 ChangeByte-PersAutoDict-ChangeBit-ChangeBinInt-EraseBytes- DE: "\000\000\000\000\000\000\000\004"-
#160291	REDUCE cov: 1489 ft: 2949 corp: 321/6748Kb lim: 239306 exec/s: 2812 rss: 508Mb L: 392/239306 MS: 3 ChangeBinInt-ShuffleBytes-EraseBytes-
#160307	REDUCE cov: 1489 ft: 2949 corp: 321/6748Kb lim: 239306 exec/s: 2812 rss: 508Mb L: 181/239306 MS: 1 EraseBytes-
#160444	REDUCE cov: 1489 ft: 2949 corp: 321/6747Kb lim: 239306 exec/s: 2814 rss: 508Mb L: 1390/239306 MS: 2 ChangeByte-EraseBytes-
#160562	REDUCE cov: 1489 ft: 2949 corp: 321/6724Kb lim: 239306 exec/s: 2816 rss: 508Mb L: 23802/239306 MS: 3 ChangeBit-ShuffleBytes-EraseBytes-
#160659	REDUCE cov: 1489 ft: 2949 corp: 321/6724Kb lim: 239306 exec/s: 2818 rss: 508Mb L: 309/239306 MS: 2 ChangeBinInt-EraseBytes-
#160685	REDUCE cov: 1489 ft: 2949 corp: 321/6724Kb lim: 239306 exec/s: 2819 rss: 508Mb L: 71/239306 MS: 1 EraseBytes-
#160871	REDUCE cov: 1489 ft: 2949 corp: 321/6689Kb lim: 239306 exec/s: 2822 rss: 508Mb L: 50610/239306 MS: 1 EraseBytes-
#161047	REDUCE cov: 1489 ft: 2949 corp: 321/6688Kb lim: 239306 exec/s: 2825 rss: 508Mb L: 2888/239306 MS: 1 EraseBytes-
#161189	REDUCE cov: 1489 ft: 2949 corp: 321/6688Kb lim: 239306 exec/s: 2827 rss: 508Mb L: 27/239306 MS: 2 PersAutoDict-EraseBytes- DE: "\020\000\000\000\000\000\000\000"-
#161339	REDUCE cov: 1489 ft: 2949 corp: 321/6673Kb lim: 239306 exec/s: 2781 rss: 508Mb L: 36407/239306 MS: 5 CrossOver-CopyPart-CrossOver-ChangeByte-EraseBytes-
#161371	REDUCE cov: 1489 ft: 2949 corp: 321/6672Kb lim: 239306 exec/s: 2782 rss: 508Mb L: 1500/239306 MS: 2 InsertRepeatedBytes-EraseBytes-
#161463	REDUCE cov: 1489 ft: 2949 corp: 321/6667Kb lim: 239306 exec/s: 2783 rss: 508Mb L: 94664/239306 MS: 2 ChangeASCIIInt-CrossOver-
#161491	REDUCE cov: 1489 ft: 2949 corp: 321/6667Kb lim: 239306 exec/s: 2784 rss: 508Mb L: 5/239306 MS: 3 ShuffleBytes-ChangeByte-EraseBytes-
#161747	REDUCE cov: 1489 ft: 2949 corp: 321/6659Kb lim: 239306 exec/s: 2788 rss: 508Mb L: 59403/239306 MS: 1 EraseBytes-
#161808	REDUCE cov: 1489 ft: 2949 corp: 321/6622Kb lim: 239306 exec/s: 2789 rss: 508Mb L: 91490/239306 MS: 1 EraseBytes-
#161835	REDUCE cov: 1489 ft: 2949 corp: 321/6621Kb lim: 239306 exec/s: 2790 rss: 508Mb L: 2853/239306 MS: 2 ChangeByte-EraseBytes-
#161953	REDUCE cov: 1489 ft: 2949 corp: 321/6621Kb lim: 239306 exec/s: 2792 rss: 508Mb L: 2225/239306 MS: 3 ChangeBinInt-ShuffleBytes-EraseBytes-
#161989	REDUCE cov: 1489 ft: 2949 corp: 321/6621Kb lim: 239306 exec/s: 2792 rss: 508Mb L: 214/239306 MS: 1 EraseBytes-
#162216	REDUCE cov: 1489 ft: 2949 corp: 321/6621Kb lim: 239306 exec/s: 2796 rss: 508Mb L: 335/239306 MS: 2 ShuffleBytes-EraseBytes-
#162378	REDUCE cov: 1489 ft: 2949 corp: 321/6620Kb lim: 239306 exec/s: 2799 rss: 508Mb L: 22553/239306 MS: 2 ChangeBinInt-EraseBytes-
#162452	REDUCE cov: 1489 ft: 2949 corp: 321/6620Kb lim: 239306 exec/s: 2800 rss: 508Mb L: 7/239306 MS: 4 CrossOver-ChangeByte-ChangeBit-EraseBytes-
#162657	REDUCE cov: 1489 ft: 2949 corp: 321/6620Kb lim: 239306 exec/s: 2804 rss: 508Mb L: 753/239306 MS: 5 ChangeBit-ChangeASCIIInt-ChangeBit-InsertByte-EraseBytes-
#162793	REDUCE cov: 1489 ft: 2949 corp: 321/6618Kb lim: 239306 exec/s: 2806 rss: 508Mb L: 89514/239306 MS: 1 CrossOver-
#162903	REDUCE cov: 1489 ft: 2949 corp: 321/6618Kb lim: 239306 exec/s: 2808 rss: 508Mb L: 2074/239306 MS: 5 ChangeBinInt-ChangeByte-EraseBytes-InsertRepeatedBytes-CrossOver-
#163049	REDUCE cov: 1489 ft: 2949 corp: 321/6618Kb lim: 239306 exec/s: 2811 rss: 508Mb L: 135/239306 MS: 1 EraseBytes-
#163050	REDUCE cov: 1489 ft: 2949 corp: 321/6618Kb lim: 239306 exec/s: 2811 rss: 508Mb L: 275/239306 MS: 1 EraseBytes-
#163055	REDUCE cov: 1489 ft: 2949 corp: 321/6618Kb lim: 239306 exec/s: 2811 rss: 508Mb L: 55/239306 MS: 5 ChangeByte-PersAutoDict-InsertByte-EraseBytes-PersAutoDict- DE: "\335\366\016o\332\215\363\030"-"Y\022g\372\210\373*\206"-
#163081	REDUCE cov: 1489 ft: 2949 corp: 321/6617Kb lim: 239306 exec/s: 2811 rss: 508Mb L: 37202/239306 MS: 1 EraseBytes-
#163273	REDUCE cov: 1489 ft: 2949 corp: 321/6617Kb lim: 239306 exec/s: 2815 rss: 508Mb L: 125/239306 MS: 2 EraseBytes-PersAutoDict- DE: "\005\000\000\000\000\000\000\000"-
#163279	REDUCE cov: 1489 ft: 2949 corp: 321/6617Kb lim: 239306 exec/s: 2815 rss: 508Mb L: 6/239306 MS: 1 EraseBytes-
#163538	REDUCE cov: 1489 ft: 2949 corp: 321/6617Kb lim: 239306 exec/s: 2819 rss: 508Mb L: 247/239306 MS: 4 ChangeBinInt-InsertByte-ChangeByte-EraseBytes-
#163755	REDUCE cov: 1489 ft: 2949 corp: 321/6616Kb lim: 239306 exec/s: 2823 rss: 508Mb L: 1856/239306 MS: 2 CrossOver-EraseBytes-
#163789	REDUCE cov: 1489 ft: 2949 corp: 321/6616Kb lim: 239306 exec/s: 2823 rss: 508Mb L: 6/239306 MS: 4 ChangeBit-EraseBytes-PersAutoDict-EraseBytes- DE: "\377\377"-
#164105	REDUCE cov: 1489 ft: 2949 corp: 321/6616Kb lim: 239306 exec/s: 2829 rss: 508Mb L: 324/239306 MS: 1 EraseBytes-
#164246	REDUCE cov: 1489 ft: 2949 corp: 321/6615Kb lim: 239306 exec/s: 2831 rss: 508Mb L: 1621/239306 MS: 1 EraseBytes-
#164339	REDUCE cov: 1489 ft: 2949 corp: 321/6615Kb lim: 239306 exec/s: 2833 rss: 508Mb L: 929/239306 MS: 3 InsertRepeatedBytes-ChangeByte-EraseBytes-
#164481	REDUCE cov: 1489 ft: 2949 corp: 321/6614Kb lim: 239306 exec/s: 2835 rss: 508Mb L: 5577/239306 MS: 2 CMP-EraseBytes- DE: "\001\000\000\000"-
#164522	NEW    cov: 1489 ft: 2953 corp: 322/6615Kb lim: 239306 exec/s: 2836 rss: 508Mb L: 773/239306 MS: 1 CopyPart-
#164822	REDUCE cov: 1489 ft: 2953 corp: 322/6586Kb lim: 239306 exec/s: 2841 rss: 508Mb L: 95395/239306 MS: 5 ChangeByte-InsertRepeatedBytes-InsertByte-ChangeBinInt-EraseBytes-
#165418	REDUCE cov: 1489 ft: 2953 corp: 322/6586Kb lim: 239306 exec/s: 2803 rss: 508Mb L: 1342/239306 MS: 1 EraseBytes-
#165449	REDUCE cov: 1489 ft: 2953 corp: 322/6585Kb lim: 239306 exec/s: 2804 rss: 508Mb L: 15334/239306 MS: 1 EraseBytes-
#165508	REDUCE cov: 1489 ft: 2953 corp: 322/6585Kb lim: 239306 exec/s: 2805 rss: 508Mb L: 602/239306 MS: 4 PersAutoDict-CrossOver-ChangeBinInt-EraseBytes- DE: "\031\000\000\000\000\000\000\000"-
#165604	REDUCE cov: 1489 ft: 2953 corp: 322/6567Kb lim: 239306 exec/s: 2806 rss: 508Mb L: 70858/239306 MS: 1 EraseBytes-
#165668	REDUCE cov: 1489 ft: 2953 corp: 322/6567Kb lim: 239306 exec/s: 2807 rss: 508Mb L: 2043/239306 MS: 4 ChangeByte-InsertRepeatedBytes-CMP-EraseBytes- DE: "\000\000\000\000"-
#165823	REDUCE cov: 1489 ft: 2953 corp: 322/6503Kb lim: 239306 exec/s: 2810 rss: 508Mb L: 45271/239306 MS: 5 EraseBytes-ShuffleBytes-InsertRepeatedBytes-CrossOver-EraseBytes-
#165843	REDUCE cov: 1489 ft: 2953 corp: 322/6501Kb lim: 239306 exec/s: 2810 rss: 508Mb L: 7067/239306 MS: 5 ChangeASCIIInt-ChangeBit-InsertByte-ChangeByte-EraseBytes-
#166180	REDUCE cov: 1489 ft: 2953 corp: 322/6490Kb lim: 239306 exec/s: 2816 rss: 508Mb L: 25084/239306 MS: 2 CMP-EraseBytes- DE: "\001\000"-
#166366	REDUCE cov: 1489 ft: 2953 corp: 322/6490Kb lim: 239306 exec/s: 2819 rss: 508Mb L: 125/239306 MS: 1 EraseBytes-
#166449	REDUCE cov: 1489 ft: 2953 corp: 322/6490Kb lim: 239306 exec/s: 2821 rss: 508Mb L: 2/239306 MS: 3 CopyPart-CopyPart-EraseBytes-
#166549	REDUCE cov: 1489 ft: 2953 corp: 322/6490Kb lim: 239306 exec/s: 2822 rss: 508Mb L: 840/239306 MS: 5 PersAutoDict-ChangeByte-InsertRepeatedBytes-InsertRepeatedBytes-EraseBytes- DE: "\002\377\377\377\377\377\377\377"-
#166615	REDUCE cov: 1489 ft: 2953 corp: 322/6489Kb lim: 239306 exec/s: 2823 rss: 508Mb L: 3283/239306 MS: 1 EraseBytes-
#166937	REDUCE cov: 1489 ft: 2953 corp: 322/6489Kb lim: 239306 exec/s: 2829 rss: 508Mb L: 163/239306 MS: 2 ShuffleBytes-EraseBytes-
#167148	REDUCE cov: 1489 ft: 2953 corp: 322/6489Kb lim: 239306 exec/s: 2833 rss: 508Mb L: 120/239306 MS: 1 EraseBytes-
#167437	REDUCE cov: 1489 ft: 2953 corp: 322/6489Kb lim: 239306 exec/s: 2837 rss: 508Mb L: 16827/239306 MS: 4 ShuffleBytes-PersAutoDict-ChangeByte-EraseBytes- DE: "\365J\202\020\000\000\000\000"-
#167481	REDUCE cov: 1489 ft: 2953 corp: 322/6489Kb lim: 239306 exec/s: 2838 rss: 508Mb L: 130/239306 MS: 4 ChangeBit-ShuffleBytes-ShuffleBytes-EraseBytes-
#167497	REDUCE cov: 1489 ft: 2953 corp: 322/6489Kb lim: 239306 exec/s: 2838 rss: 508Mb L: 858/239306 MS: 1 EraseBytes-
#167708	REDUCE cov: 1489 ft: 2953 corp: 322/6489Kb lim: 239306 exec/s: 2842 rss: 508Mb L: 1664/239306 MS: 1 EraseBytes-
#167884	REDUCE cov: 1489 ft: 2953 corp: 322/6489Kb lim: 239306 exec/s: 2845 rss: 508Mb L: 935/239306 MS: 1 EraseBytes-
#167887	REDUCE cov: 1489 ft: 2953 corp: 322/6483Kb lim: 239306 exec/s: 2845 rss: 508Mb L: 13275/239306 MS: 3 ChangeBit-PersAutoDict-EraseBytes- DE: "\335\366\016o\332\215\363\030"-
#168378	REDUCE cov: 1489 ft: 2953 corp: 322/6483Kb lim: 239306 exec/s: 2853 rss: 508Mb L: 1/239306 MS: 1 EraseBytes-
#168845	REDUCE cov: 1489 ft: 2953 corp: 322/6483Kb lim: 239306 exec/s: 2861 rss: 508Mb L: 3038/239306 MS: 2 ChangeBit-EraseBytes-
#168910	REDUCE cov: 1489 ft: 2953 corp: 322/6467Kb lim: 239306 exec/s: 2862 rss: 508Mb L: 34213/239306 MS: 5 ChangeByte-ShuffleBytes-ChangeByte-ShuffleBytes-EraseBytes-
#169203	REDUCE cov: 1489 ft: 2953 corp: 322/6467Kb lim: 239306 exec/s: 2820 rss: 508Mb L: 807/239306 MS: 3 ChangeByte-CopyPart-EraseBytes-
#169241	REDUCE cov: 1489 ft: 2953 corp: 322/6457Kb lim: 239306 exec/s: 2820 rss: 508Mb L: 43159/239306 MS: 3 InsertRepeatedBytes-ChangeBinInt-EraseBytes-
#169963	REDUCE cov: 1489 ft: 2953 corp: 322/6457Kb lim: 239306 exec/s: 2832 rss: 508Mb L: 541/239306 MS: 2 ChangeBinInt-EraseBytes-
#170036	REDUCE cov: 1489 ft: 2953 corp: 322/6457Kb lim: 239306 exec/s: 2833 rss: 508Mb L: 566/239306 MS: 3 CrossOver-ChangeASCIIInt-EraseBytes-
#170173	REDUCE cov: 1489 ft: 2953 corp: 322/6457Kb lim: 239306 exec/s: 2836 rss: 508Mb L: 106/239306 MS: 2 ShuffleBytes-EraseBytes-
#170445	REDUCE cov: 1489 ft: 2953 corp: 322/6457Kb lim: 239306 exec/s: 2840 rss: 508Mb L: 771/239306 MS: 2 InsertByte-EraseBytes-
#170586	REDUCE cov: 1489 ft: 2953 corp: 322/6457Kb lim: 239306 exec/s: 2843 rss: 508Mb L: 1/239306 MS: 1 EraseBytes-
#170847	REDUCE cov: 1489 ft: 2953 corp: 322/6456Kb lim: 239306 exec/s: 2847 rss: 508Mb L: 1033/239306 MS: 1 EraseBytes-
#170870	REDUCE cov: 1489 ft: 2953 corp: 322/6455Kb lim: 239306 exec/s: 2847 rss: 508Mb L: 3486/239306 MS: 3 ChangeBit-CMP-EraseBytes- DE: "e\001\000\000\000\000\000\000"-
#170926	REDUCE cov: 1489 ft: 2953 corp: 322/6455Kb lim: 239306 exec/s: 2848 rss: 508Mb L: 239/239306 MS: 1 EraseBytes-
#171322	REDUCE cov: 1489 ft: 2953 corp: 322/6444Kb lim: 239306 exec/s: 2855 rss: 508Mb L: 22609/239306 MS: 1 EraseBytes-
#171458	REDUCE cov: 1489 ft: 2953 corp: 322/6444Kb lim: 239306 exec/s: 2857 rss: 508Mb L: 70761/239306 MS: 1 EraseBytes-
#171930	REDUCE cov: 1489 ft: 2953 corp: 322/6444Kb lim: 239306 exec/s: 2865 rss: 508Mb L: 1204/239306 MS: 2 ShuffleBytes-EraseBytes-
#172096	REDUCE cov: 1489 ft: 2953 corp: 322/6444Kb lim: 239306 exec/s: 2868 rss: 508Mb L: 62/239306 MS: 1 EraseBytes-
#172452	REDUCE cov: 1489 ft: 2953 corp: 322/6444Kb lim: 239306 exec/s: 2874 rss: 508Mb L: 949/239306 MS: 1 EraseBytes-
#172623	REDUCE cov: 1489 ft: 2953 corp: 322/6443Kb lim: 239306 exec/s: 2877 rss: 508Mb L: 1149/239306 MS: 1 EraseBytes-
#172629	REDUCE cov: 1489 ft: 2953 corp: 322/6439Kb lim: 239306 exec/s: 2877 rss: 508Mb L: 61400/239306 MS: 1 EraseBytes-
#172653	REDUCE cov: 1489 ft: 2953 corp: 322/6439Kb lim: 239306 exec/s: 2877 rss: 508Mb L: 70/239306 MS: 4 InsertByte-ChangeBinInt-CrossOver-EraseBytes-
#172973	DONE   cov: 1489 ft: 2953 corp: 322/6439Kb lim: 239306 exec/s: 2835 rss: 508Mb
###### Recommended dictionary. ######
"\001\000\000\000\000\000\000\003" # Uses: 315
"\000\000\000\000" # Uses: 309
"\377\377\377\377\377\377\377\002" # Uses: 299
"\000\000\000\000\000\000\000\030" # Uses: 334
"\001\000\000\000\000\000\000\000" # Uses: 302
"\001\000\000\000" # Uses: 328
"\000\000\000\000\000\000\000\000" # Uses: 292
"\000\000\000\000\000\000\000\001" # Uses: 310
"\001\000" # Uses: 308
"\377\377\377\377\377\377\003\000" # Uses: 311
"\320\012\000\000\000\000\000\000" # Uses: 273
"\377\377\377\377" # Uses: 294
"\301\\\002\211\354-\012\221g\354\216e\241\215\353\276^U2\373\356\242\223\370\013\311B\356\220\206\301q" # Uses: 297
"\000\000\000\000\377\377\377\377" # Uses: 302
"\253\252\252\252\252\252\252\012" # Uses: 286
"\002\377\377\377\377\377\377\377" # Uses: 284
"\000\000" # Uses: 303
"\000\000\000\000\000\000\000\004" # Uses: 293
"\001\000\000\000\000\000\000\002" # Uses: 286
"\013\252\252\252\252\252\252\252" # Uses: 312
"\377\377\377\377\377\377\015s" # Uses: 308
"\000\001" # Uses: 282
"\377\377\377\377\000\000\000\001" # Uses: 275
"\377\377" # Uses: 281
"\004UUUUUUU" # Uses: 237
"\242\"\002\000\000\000\000\000" # Uses: 263
"+0\000\000\000\000\000\000" # Uses: 246
"\377\377\377\377\377\377\377\003" # Uses: 268
"\000\000\000\000\000\000\000\264" # Uses: 262
"\347*\250\354\020Is\237" # Uses: 240
"2\005Ac\001(\025m" # Uses: 265
"\002\000\000\000\000\000\000\000" # Uses: 259
"\001\000\000\000\000\000\000/" # Uses: 263
"L\000\000\000\000\000\000\000" # Uses: 240
"\377\377\377\377\377\377\377\000" # Uses: 249
"\377\377\377\377\377\377\377\377" # Uses: 238
"\336y\3321\343\335\312%" # Uses: 258
"^q\002\316\016\271\315\313" # Uses: 241
"\004\000\000\000\000\000\000\000" # Uses: 211
"\257\000\000\000\000\000\000\000" # Uses: 204
"\007\000\000\000\000\000\000\000" # Uses: 256
"\020\000\000\000\000\000\000\000" # Uses: 211
"\365J\202\020\000\000\000\000" # Uses: 245
"\020\377\377\377\377\377\377\377" # Uses: 190
"\002\000\000\000\377\377\377\377" # Uses: 221
"\230\002\000\000\000\000\000\000" # Uses: 181
"\000\000\000\001" # Uses: 175
"TUUUUUU\005" # Uses: 182
"\005\000\000\000\000\000\000\000" # Uses: 158
"\000\000\000\000\000\000\000\000\000\000\000\000\000\000\000\000\000\000\000\000\000\000\000\000\000\000\000\000\000\000\000\000" # Uses: 157
"\000\000\000\000\000\000\000\260" # Uses: 159
"\000\000\000\000\000\000\000\010" # Uses: 158
"Y\022g\372\210\373*\206" # Uses: 163
"\016\333\000\000\000\000\000\000" # Uses: 176
"\021\000\000\000\000\000\000\000" # Uses: 128
"\376\377\377\377\000\000\000\001" # Uses: 133
"\001\000\000\000\000\000\000\026" # Uses: 153
"\003\000\000\000\000\000\000\000" # Uses: 155
"\335\366\016o\332\215\363\030" # Uses: 145
"N\000\000\000\000\000\000\000" # Uses: 116
"\031\000\000\000\000\000\000\000" # Uses: 126
"\001\000\000\000\000\000\000\004" # Uses: 115
"\017\377\377\377\377\377\377\377" # Uses: 101
"\000\000\000\000\000\000\000\023" # Uses: 84
"\000\000\000\000\000\000\000\020" # Uses: 85
"\377\377%\233\217E\227p" # Uses: 74
"\000\000\000\000\001\000\000\001" # Uses: 84
"\001\000\000\000\000\000\000\013" # Uses: 65
"\304-\370\001}\274Z\317" # Uses: 14
"e\001\000\000\000\000\000\000" # Uses: 3
###### End of recommended dictionary. ######
Done 172973 runs in 61 second(s)
stat::number_of_executed_units: 172973
stat::average_exec_per_sec:     2835
stat::new_units_added:          2454
stat::slowest_unit_time_sec:    0
stat::peak_rss_mb:              508
