tinyzkp-fuzz-target-v1 target=plonky3_proof_bytes_v1 corpus_sha256=fc1d33984ab9ff9c0a44480359ed28f2974d2422ac8d787180691d6f7e4a3356 toolchain=nightly-2026-04-15
   Compiling hc-fuzz v0.0.0 (/home/runner/work/hc-stark/hc-stark/raw-reports/immutable-source/fuzz)
    Finished `release` profile [optimized + debuginfo] target(s) in 0.39s
INFO: Running with entropic power schedule (0xFF, 100).
INFO: Seed: 1954477494
INFO: Loaded 1 modules   (14602 inline 8-bit counters): 14602 [0x55c0a28811d0, 0x55c0a2884ada), 
INFO: Loaded 1 PC tables (14602 PCs): 14602 [0x55c0a2884ae0,0x55c0a28bdb80), 
INFO:        0 files found in /home/runner/work/hc-stark/hc-stark/raw-reports/fuzz-logs/execution-corpus/plonky3_proof_bytes_v1
INFO:        2 files found in /home/runner/work/hc-stark/hc-stark/raw-reports/fuzz-logs/smoke-corpus/plonky3_proof_bytes_v1
INFO: -max_len is not provided; libFuzzer will not generate inputs larger than 239306 bytes
INFO: seed corpus: files: 2 min: 89737b max: 239306b total: 329043b rss: 46Mb
#3	INITED cov: 1139 ft: 1228 corp: 2/321Kb exec/s: 0 rss: 53Mb
	NEW_FUNC[1/3]: 0x55c0a27ff3c0  (/home/runner/work/hc-stark/hc-stark/raw-reports/cargo-target/x86_64-unknown-linux-gnu/release/plonky3_proof_bytes_v1+0x28b3c0) (BuildId: 93b0a3be9bf8948c6041fb18af8421d78e04255e)
	NEW_FUNC[2/3]: 0x55c0a2808630  (/home/runner/work/hc-stark/hc-stark/raw-reports/cargo-target/x86_64-unknown-linux-gnu/release/plonky3_proof_bytes_v1+0x294630) (BuildId: 93b0a3be9bf8948c6041fb18af8421d78e04255e)
#4	NEW    cov: 1173 ft: 1345 corp: 3/408Kb lim: 239306 exec/s: 0 rss: 53Mb L: 89737/239306 MS: 1 CopyPart-
#6	NEW    cov: 1181 ft: 1374 corp: 4/615Kb lim: 239306 exec/s: 0 rss: 56Mb L: 211130/239306 MS: 2 ChangeBinInt-EraseBytes-
#7	NEW    cov: 1182 ft: 1403 corp: 5/835Kb lim: 239306 exec/s: 0 rss: 57Mb L: 225640/239306 MS: 1 CrossOver-
#8	NEW    cov: 1183 ft: 1406 corp: 6/938Kb lim: 239306 exec/s: 0 rss: 58Mb L: 105774/239306 MS: 1 CopyPart-
#11	NEW    cov: 1184 ft: 1415 corp: 7/1165Kb lim: 239306 exec/s: 0 rss: 61Mb L: 232573/239306 MS: 3 ChangeASCIIInt-EraseBytes-CrossOver-
#12	NEW    cov: 1193 ft: 1433 corp: 8/1399Kb lim: 239306 exec/s: 0 rss: 63Mb L: 239306/239306 MS: 1 ChangeByte-
	NEW_FUNC[1/1]: 0x55c0a27cf600  (/home/runner/work/hc-stark/hc-stark/raw-reports/cargo-target/x86_64-unknown-linux-gnu/release/plonky3_proof_bytes_v1+0x25b600) (BuildId: 93b0a3be9bf8948c6041fb18af8421d78e04255e)
#20	NEW    cov: 1216 ft: 1543 corp: 9/1620Kb lim: 239306 exec/s: 0 rss: 66Mb L: 225770/239306 MS: 3 EraseBytes-InsertByte-InsertRepeatedBytes-
#22	NEW    cov: 1220 ft: 1551 corp: 10/1853Kb lim: 239306 exec/s: 0 rss: 69Mb L: 239306/239306 MS: 2 ChangeBit-ChangeByte-
#25	NEW    cov: 1220 ft: 1552 corp: 11/2087Kb lim: 239306 exec/s: 0 rss: 73Mb L: 239306/239306 MS: 3 ChangeASCIIInt-ChangeBinInt-CrossOver-
#29	NEW    cov: 1221 ft: 1587 corp: 12/2201Kb lim: 239306 exec/s: 0 rss: 75Mb L: 116529/239306 MS: 4 CrossOver-InsertRepeatedBytes-InsertByte-ChangeBinInt-
#30	NEW    cov: 1222 ft: 1603 corp: 13/2288Kb lim: 239306 exec/s: 0 rss: 76Mb L: 89738/239306 MS: 1 InsertByte-
#31	NEW    cov: 1224 ft: 1607 corp: 14/2446Kb lim: 239306 exec/s: 0 rss: 77Mb L: 160903/239306 MS: 1 CrossOver-
#36	NEW    cov: 1226 ft: 1630 corp: 15/2637Kb lim: 239306 exec/s: 0 rss: 81Mb L: 196273/239306 MS: 5 ChangeASCIIInt-ChangeBit-ChangeBit-CMP-EraseBytes- DE: "\000\000\000\000"-
#37	NEW    cov: 1227 ft: 1631 corp: 16/2871Kb lim: 239306 exec/s: 0 rss: 82Mb L: 239306/239306 MS: 1 ChangeByte-
#38	NEW    cov: 1227 ft: 1634 corp: 17/2959Kb lim: 239306 exec/s: 0 rss: 83Mb L: 89737/239306 MS: 1 ChangeBinInt-
#39	NEW    cov: 1227 ft: 1641 corp: 18/3192Kb lim: 239306 exec/s: 0 rss: 85Mb L: 239151/239306 MS: 1 CopyPart-
#42	NEW    cov: 1228 ft: 1684 corp: 19/3412Kb lim: 239306 exec/s: 0 rss: 87Mb L: 225640/239306 MS: 3 ChangeBinInt-ChangeASCIIInt-CopyPart-
#50	NEW    cov: 1229 ft: 1686 corp: 20/3629Kb lim: 239306 exec/s: 0 rss: 93Mb L: 221956/239306 MS: 3 CrossOver-ChangeBinInt-CrossOver-
#62	NEW    cov: 1229 ft: 1689 corp: 21/3734Kb lim: 239306 exec/s: 0 rss: 101Mb L: 106963/239306 MS: 2 ChangeASCIIInt-CrossOver-
#69	NEW    cov: 1229 ft: 1698 corp: 22/3795Kb lim: 239306 exec/s: 0 rss: 103Mb L: 62617/239306 MS: 2 CopyPart-EraseBytes-
#71	NEW    cov: 1229 ft: 1699 corp: 23/4029Kb lim: 239306 exec/s: 0 rss: 106Mb L: 239306/239306 MS: 2 ChangeBit-CopyPart-
#72	NEW    cov: 1229 ft: 1737 corp: 24/4256Kb lim: 239306 exec/s: 0 rss: 107Mb L: 232573/239306 MS: 1 ShuffleBytes-
#78	NEW    cov: 1229 ft: 1743 corp: 25/4343Kb lim: 239306 exec/s: 0 rss: 110Mb L: 89737/239306 MS: 1 CMP- DE: "\265\000\000\000\000\000\000\000"-
#82	NEW    cov: 1230 ft: 1752 corp: 26/4383Kb lim: 239306 exec/s: 0 rss: 111Mb L: 41083/239306 MS: 4 ChangeByte-ChangeBit-PersAutoDict-EraseBytes- DE: "\265\000\000\000\000\000\000\000"-
#86	NEW    cov: 1231 ft: 1753 corp: 27/4594Kb lim: 239306 exec/s: 0 rss: 114Mb L: 215857/239306 MS: 4 CMP-ChangeASCIIInt-PersAutoDict-EraseBytes- DE: "\000\000"-"\265\000\000\000\000\000\000\000"-
#97	NEW    cov: 1231 ft: 1754 corp: 28/4800Kb lim: 239306 exec/s: 0 rss: 122Mb L: 211130/239306 MS: 1 PersAutoDict- DE: "\000\000"-
#100	NEW    cov: 1231 ft: 1755 corp: 29/4858Kb lim: 239306 exec/s: 0 rss: 123Mb L: 59032/239306 MS: 3 ChangeASCIIInt-PersAutoDict-EraseBytes- DE: "\000\000\000\000"-
#109	NEW    cov: 1231 ft: 1756 corp: 30/5064Kb lim: 239306 exec/s: 0 rss: 129Mb L: 211138/239306 MS: 4 CopyPart-PersAutoDict-ChangeByte-ChangeByte- DE: "\265\000\000\000\000\000\000\000"-
#112	NEW    cov: 1231 ft: 1757 corp: 31/5278Kb lim: 239306 exec/s: 0 rss: 132Mb L: 219354/239306 MS: 3 EraseBytes-ShuffleBytes-CopyPart-
#123	NEW    cov: 1231 ft: 1762 corp: 32/5485Kb lim: 239306 exec/s: 0 rss: 137Mb L: 211131/239306 MS: 1 InsertByte-
#124	NEW    cov: 1231 ft: 1763 corp: 33/5718Kb lim: 239306 exec/s: 0 rss: 139Mb L: 239306/239306 MS: 1 CrossOver-
#128	REDUCE cov: 1231 ft: 1763 corp: 33/5690Kb lim: 239306 exec/s: 0 rss: 142Mb L: 167443/239306 MS: 4 ChangeBit-PersAutoDict-InsertByte-EraseBytes- DE: "\000\000\000\000"-
#139	NEW    cov: 1231 ft: 1764 corp: 34/5778Kb lim: 239306 exec/s: 0 rss: 147Mb L: 89737/239306 MS: 1 ChangeByte-
#145	NEW    cov: 1231 ft: 1765 corp: 35/6011Kb lim: 239306 exec/s: 0 rss: 151Mb L: 239306/239306 MS: 1 CrossOver-
#148	NEW    cov: 1231 ft: 1774 corp: 36/6245Kb lim: 239306 exec/s: 0 rss: 155Mb L: 239306/239306 MS: 3 PersAutoDict-ChangeBit-ShuffleBytes- DE: "\000\000\000\000"-
#152	NEW    cov: 1231 ft: 1777 corp: 37/6451Kb lim: 239306 exec/s: 0 rss: 158Mb L: 211130/239306 MS: 4 ChangeASCIIInt-ShuffleBytes-ChangeBit-PersAutoDict- DE: "\000\000"-
#167	NEW    cov: 1231 ft: 1839 corp: 38/6676Kb lim: 239306 exec/s: 0 rss: 168Mb L: 230245/239306 MS: 5 InsertRepeatedBytes-CopyPart-CrossOver-ChangeASCIIInt-CopyPart-
#171	NEW    cov: 1232 ft: 1841 corp: 39/6751Kb lim: 239306 exec/s: 0 rss: 170Mb L: 76501/239306 MS: 4 ChangeASCIIInt-ChangeBit-EraseBytes-InsertRepeatedBytes-
#179	NEW    cov: 1233 ft: 1842 corp: 40/6817Kb lim: 239306 exec/s: 0 rss: 175Mb L: 68075/239306 MS: 3 ChangeByte-ChangeASCIIInt-CrossOver-
	NEW_FUNC[1/1]: 0x55c0a27cf790  (/home/runner/work/hc-stark/hc-stark/raw-reports/cargo-target/x86_64-unknown-linux-gnu/release/plonky3_proof_bytes_v1+0x25b790) (BuildId: 93b0a3be9bf8948c6041fb18af8421d78e04255e)
#180	NEW    cov: 1236 ft: 1851 corp: 41/6905Kb lim: 239306 exec/s: 0 rss: 176Mb L: 89738/239306 MS: 1 InsertByte-
#181	NEW    cov: 1236 ft: 1855 corp: 42/6993Kb lim: 239306 exec/s: 0 rss: 177Mb L: 89821/239306 MS: 1 InsertRepeatedBytes-
#202	NEW    cov: 1236 ft: 1874 corp: 43/7080Kb lim: 239306 exec/s: 0 rss: 193Mb L: 89738/239306 MS: 1 ChangeByte-
#205	REDUCE cov: 1236 ft: 1874 corp: 43/7012Kb lim: 239306 exec/s: 0 rss: 195Mb L: 168659/239306 MS: 3 InsertRepeatedBytes-ChangeByte-EraseBytes-
#206	NEW    cov: 1236 ft: 1877 corp: 44/7218Kb lim: 239306 exec/s: 0 rss: 197Mb L: 211212/239306 MS: 1 InsertRepeatedBytes-
#207	NEW    cov: 1236 ft: 1878 corp: 45/7305Kb lim: 239306 exec/s: 0 rss: 198Mb L: 89739/239306 MS: 1 InsertByte-
#218	NEW    cov: 1236 ft: 1879 corp: 46/7512Kb lim: 239306 exec/s: 0 rss: 206Mb L: 211138/239306 MS: 1 ChangeBinInt-
#219	NEW    cov: 1236 ft: 1881 corp: 47/7718Kb lim: 239306 exec/s: 0 rss: 207Mb L: 211131/239306 MS: 1 ShuffleBytes-
#225	NEW    cov: 1236 ft: 1884 corp: 48/7806Kb lim: 239306 exec/s: 0 rss: 210Mb L: 89853/239306 MS: 1 InsertRepeatedBytes-
#236	NEW    cov: 1236 ft: 1897 corp: 49/7893Kb lim: 239306 exec/s: 0 rss: 216Mb L: 89845/239306 MS: 1 InsertRepeatedBytes-
#242	NEW    cov: 1236 ft: 1898 corp: 50/8099Kb lim: 239306 exec/s: 0 rss: 219Mb L: 211130/239306 MS: 1 ChangeByte-
#246	NEW    cov: 1236 ft: 1900 corp: 51/8225Kb lim: 239306 exec/s: 0 rss: 221Mb L: 128551/239306 MS: 4 EraseBytes-InsertByte-ChangeByte-ShuffleBytes-
#252	NEW    cov: 1236 ft: 1902 corp: 52/8459Kb lim: 239306 exec/s: 0 rss: 225Mb L: 239306/239306 MS: 1 CrossOver-
#253	NEW    cov: 1236 ft: 1917 corp: 53/8665Kb lim: 239306 exec/s: 0 rss: 226Mb L: 211139/239306 MS: 1 PersAutoDict- DE: "\265\000\000\000\000\000\000\000"-
#254	REDUCE cov: 1236 ft: 1917 corp: 53/8664Kb lim: 239306 exec/s: 0 rss: 227Mb L: 105799/239306 MS: 1 EraseBytes-
#260	NEW    cov: 1237 ft: 1924 corp: 54/8812Kb lim: 239306 exec/s: 0 rss: 232Mb L: 152133/239306 MS: 1 EraseBytes-
#266	NEW    cov: 1238 ft: 1927 corp: 55/8986Kb lim: 239306 exec/s: 0 rss: 237Mb L: 178229/239306 MS: 1 CopyPart-
#268	NEW    cov: 1238 ft: 1928 corp: 56/9186Kb lim: 239306 exec/s: 0 rss: 239Mb L: 204420/239306 MS: 2 CMP-EraseBytes- DE: "\260\000\000\000\000\000\000\000"-
#276	REDUCE cov: 1238 ft: 1928 corp: 56/9181Kb lim: 239306 exec/s: 0 rss: 242Mb L: 57189/239306 MS: 3 ChangeByte-ChangeBit-EraseBytes-
#288	NEW    cov: 1238 ft: 1932 corp: 57/9395Kb lim: 239306 exec/s: 0 rss: 254Mb L: 219372/239306 MS: 2 ChangeByte-InsertRepeatedBytes-
#291	NEW    cov: 1238 ft: 1933 corp: 58/9455Kb lim: 239306 exec/s: 0 rss: 255Mb L: 61970/239306 MS: 3 ShuffleBytes-CrossOver-EraseBytes-
#299	NEW    cov: 1238 ft: 1935 corp: 59/9489Kb lim: 239306 exec/s: 0 rss: 258Mb L: 34832/239306 MS: 3 ShuffleBytes-ShuffleBytes-EraseBytes-
#306	NEW    cov: 1238 ft: 1936 corp: 60/9577Kb lim: 239306 exec/s: 0 rss: 263Mb L: 89737/239306 MS: 2 ChangeBit-ChangeBinInt-
#311	NEW    cov: 1245 ft: 1954 corp: 61/9734Kb lim: 239306 exec/s: 0 rss: 267Mb L: 160551/239306 MS: 5 EraseBytes-ShuffleBytes-ChangeASCIIInt-EraseBytes-PersAutoDict- DE: "\000\000"-
#315	NEW    cov: 1245 ft: 1965 corp: 62/9822Kb lim: 239306 exec/s: 0 rss: 268Mb L: 89818/239306 MS: 4 ChangeBit-PersAutoDict-ChangeBit-InsertRepeatedBytes- DE: "\260\000\000\000\000\000\000\000"-
#337	NEW    cov: 1245 ft: 1969 corp: 63/9909Kb lim: 239306 exec/s: 0 rss: 281Mb L: 89242/239306 MS: 2 CrossOver-CrossOver-
#340	NEW    cov: 1245 ft: 1971 corp: 64/10031Kb lim: 239306 exec/s: 0 rss: 284Mb L: 125105/239306 MS: 3 ChangeASCIIInt-InsertRepeatedBytes-EraseBytes-
#343	NEW    cov: 1245 ft: 1972 corp: 65/10119Kb lim: 239306 exec/s: 0 rss: 286Mb L: 89845/239306 MS: 3 ChangeBit-ChangeByte-CopyPart-
#344	NEW    cov: 1247 ft: 1974 corp: 66/10340Kb lim: 239306 exec/s: 0 rss: 288Mb L: 226775/239306 MS: 1 EraseBytes-
#345	REDUCE cov: 1247 ft: 1974 corp: 66/10332Kb lim: 239306 exec/s: 0 rss: 290Mb L: 231341/239306 MS: 1 EraseBytes-
#346	NEW    cov: 1247 ft: 1984 corp: 67/10539Kb lim: 239306 exec/s: 0 rss: 292Mb L: 211145/239306 MS: 1 InsertRepeatedBytes-
#355	NEW    cov: 1247 ft: 1985 corp: 68/10631Kb lim: 239306 exec/s: 0 rss: 296Mb L: 94474/239306 MS: 4 CrossOver-EraseBytes-ChangeASCIIInt-CrossOver-
#359	REDUCE cov: 1247 ft: 1985 corp: 68/10555Kb lim: 239306 exec/s: 0 rss: 298Mb L: 126657/239306 MS: 4 ChangeByte-CopyPart-ChangeByte-EraseBytes-
#366	NEW    cov: 1247 ft: 1986 corp: 69/10784Kb lim: 239306 exec/s: 0 rss: 303Mb L: 234567/239306 MS: 2 ChangeByte-EraseBytes-
#369	NEW    cov: 1247 ft: 1990 corp: 70/10958Kb lim: 239306 exec/s: 0 rss: 307Mb L: 178339/239306 MS: 3 ChangeASCIIInt-ChangeByte-InsertRepeatedBytes-
#376	NEW    cov: 1250 ft: 1994 corp: 71/11094Kb lim: 239306 exec/s: 0 rss: 310Mb L: 139313/239306 MS: 2 ChangeBit-EraseBytes-
#388	REDUCE cov: 1250 ft: 1994 corp: 71/11061Kb lim: 239306 exec/s: 0 rss: 317Mb L: 71419/239306 MS: 2 ChangeByte-EraseBytes-
#389	NEW    cov: 1254 ft: 1999 corp: 72/11148Kb lim: 239306 exec/s: 0 rss: 318Mb L: 89741/239306 MS: 1 PersAutoDict- DE: "\000\000\000\000"-
#406	NEW    cov: 1254 ft: 2006 corp: 73/11354Kb lim: 239306 exec/s: 0 rss: 328Mb L: 211242/239306 MS: 2 ChangeBit-InsertRepeatedBytes-
#415	REDUCE cov: 1254 ft: 2006 corp: 73/11338Kb lim: 239306 exec/s: 0 rss: 332Mb L: 99204/239306 MS: 4 ChangeBinInt-CrossOver-CMP-EraseBytes- DE: "\001\000\000\000\000\000\000\000"-
#434	NEW    cov: 1254 ft: 2007 corp: 74/11412Kb lim: 239306 exec/s: 0 rss: 340Mb L: 76501/239306 MS: 4 ShuffleBytes-ChangeBinInt-ChangeBit-ChangeByte-
#440	REDUCE cov: 1254 ft: 2007 corp: 74/11363Kb lim: 239306 exec/s: 0 rss: 345Mb L: 55614/239306 MS: 1 EraseBytes-
#449	NEW    cov: 1254 ft: 2010 corp: 75/11451Kb lim: 239306 exec/s: 0 rss: 353Mb L: 89748/239306 MS: 4 ChangeASCIIInt-ChangeASCIIInt-InsertByte-PersAutoDict- DE: "\260\000\000\000\000\000\000\000"-
#452	REDUCE cov: 1254 ft: 2010 corp: 75/11363Kb lim: 239306 exec/s: 0 rss: 355Mb L: 125826/239306 MS: 3 CrossOver-ChangeBinInt-EraseBytes-
#455	NEW    cov: 1254 ft: 2012 corp: 76/11451Kb lim: 239306 exec/s: 0 rss: 357Mb L: 89852/239306 MS: 3 InsertByte-ChangeASCIIInt-InsertRepeatedBytes-
#457	NEW    cov: 1254 ft: 2021 corp: 77/11517Kb lim: 239306 exec/s: 0 rss: 358Mb L: 68075/239306 MS: 2 CMP-ChangeBinInt- DE: "Q\023\000\000\000\000\000\000"-
#463	NEW    cov: 1254 ft: 2036 corp: 78/11575Kb lim: 239306 exec/s: 0 rss: 360Mb L: 59032/239306 MS: 1 ShuffleBytes-
#473	NEW    cov: 1254 ft: 2037 corp: 79/11663Kb lim: 239306 exec/s: 0 rss: 368Mb L: 89868/239306 MS: 5 ChangeASCIIInt-CopyPart-InsertRepeatedBytes-CrossOver-PersAutoDict- DE: "\265\000\000\000\000\000\000\000"-
#475	NEW    cov: 1254 ft: 2038 corp: 80/11750Kb lim: 239306 exec/s: 0 rss: 369Mb L: 89775/239306 MS: 2 CopyPart-InsertRepeatedBytes-
#485	REDUCE cov: 1254 ft: 2038 corp: 80/11746Kb lim: 239306 exec/s: 0 rss: 373Mb L: 36488/239306 MS: 5 ChangeBinInt-InsertByte-ChangeBinInt-ChangeBinInt-EraseBytes-
#502	NEW    cov: 1254 ft: 2041 corp: 81/11980Kb lim: 239306 exec/s: 502 rss: 374Mb L: 239306/239306 MS: 2 CopyPart-ChangeBinInt-
#506	NEW    cov: 1254 ft: 2043 corp: 82/12186Kb lim: 239306 exec/s: 506 rss: 374Mb L: 211145/239306 MS: 4 ChangeBit-ChangeBinInt-ShuffleBytes-ShuffleBytes-
#527	NEW    cov: 1254 ft: 2044 corp: 83/12273Kb lim: 239306 exec/s: 527 rss: 385Mb L: 89749/239306 MS: 1 InsertByte-
	NEW_FUNC[1/2]: 0x55c0a27f7f70  (/home/runner/work/hc-stark/hc-stark/raw-reports/cargo-target/x86_64-unknown-linux-gnu/release/plonky3_proof_bytes_v1+0x283f70) (BuildId: 93b0a3be9bf8948c6041fb18af8421d78e04255e)
	NEW_FUNC[2/2]: 0x55c0a27ff650  (/home/runner/work/hc-stark/hc-stark/raw-reports/cargo-target/x86_64-unknown-linux-gnu/release/plonky3_proof_bytes_v1+0x28b650) (BuildId: 93b0a3be9bf8948c6041fb18af8421d78e04255e)
#535	NEW    cov: 1267 ft: 2169 corp: 84/12361Kb lim: 239306 exec/s: 535 rss: 385Mb L: 89777/239306 MS: 3 ShuffleBytes-ChangeByte-CMP- DE: "\000\000"-
#537	REDUCE cov: 1267 ft: 2169 corp: 84/12327Kb lim: 239306 exec/s: 537 rss: 385Mb L: 53869/239306 MS: 2 InsertByte-EraseBytes-
#560	REDUCE cov: 1267 ft: 2169 corp: 84/12280Kb lim: 239306 exec/s: 560 rss: 385Mb L: 163681/239306 MS: 3 ShuffleBytes-ShuffleBytes-EraseBytes-
#596	NEW    cov: 1267 ft: 2170 corp: 85/12368Kb lim: 239306 exec/s: 596 rss: 385Mb L: 89749/239306 MS: 1 ChangeByte-
#603	NEW    cov: 1267 ft: 2171 corp: 86/12574Kb lim: 239306 exec/s: 603 rss: 385Mb L: 211142/239306 MS: 2 PersAutoDict-PersAutoDict- DE: "\000\000\000\000"-"\265\000\000\000\000\000\000\000"-
#609	REDUCE cov: 1267 ft: 2171 corp: 86/12486Kb lim: 239306 exec/s: 609 rss: 385Mb L: 135206/239306 MS: 1 CrossOver-
#617	NEW    cov: 1267 ft: 2172 corp: 87/12606Kb lim: 239306 exec/s: 617 rss: 385Mb L: 123123/239306 MS: 3 CrossOver-InsertByte-PersAutoDict- DE: "\260\000\000\000\000\000\000\000"-
#633	REDUCE cov: 1267 ft: 2172 corp: 87/12598Kb lim: 239306 exec/s: 633 rss: 385Mb L: 81405/239306 MS: 1 EraseBytes-
#634	NEW    cov: 1267 ft: 2173 corp: 88/12718Kb lim: 239306 exec/s: 634 rss: 385Mb L: 123123/239306 MS: 1 CopyPart-
#638	REDUCE cov: 1267 ft: 2173 corp: 88/12606Kb lim: 239306 exec/s: 638 rss: 385Mb L: 118401/239306 MS: 4 ChangeByte-PersAutoDict-PersAutoDict-EraseBytes- DE: "Q\023\000\000\000\000\000\000"-"\001\000\000\000\000\000\000\000"-
#680	NEW    cov: 1267 ft: 2176 corp: 89/12694Kb lim: 239306 exec/s: 680 rss: 385Mb L: 89749/239306 MS: 2 PersAutoDict-InsertByte- DE: "\000\000\000\000"-
#686	REDUCE cov: 1267 ft: 2184 corp: 90/12748Kb lim: 239306 exec/s: 686 rss: 385Mb L: 55703/239306 MS: 1 InsertRepeatedBytes-
#690	REDUCE cov: 1267 ft: 2184 corp: 90/12719Kb lim: 239306 exec/s: 690 rss: 385Mb L: 60146/239306 MS: 4 InsertRepeatedBytes-ChangeASCIIInt-InsertRepeatedBytes-EraseBytes-
#691	NEW    cov: 1267 ft: 2188 corp: 91/12807Kb lim: 239306 exec/s: 691 rss: 385Mb L: 89737/239306 MS: 1 ChangeByte-
#717	NEW    cov: 1267 ft: 2190 corp: 92/12841Kb lim: 239306 exec/s: 717 rss: 385Mb L: 34840/239306 MS: 1 PersAutoDict- DE: "\265\000\000\000\000\000\000\000"-
#718	NEW    cov: 1267 ft: 2191 corp: 93/12929Kb lim: 239306 exec/s: 718 rss: 385Mb L: 89822/239306 MS: 1 InsertByte-
#746	NEW    cov: 1267 ft: 2192 corp: 94/13016Kb lim: 239306 exec/s: 746 rss: 385Mb L: 89749/239306 MS: 3 ChangeBit-ChangeBit-ChangeBinInt-
#747	REDUCE cov: 1267 ft: 2192 corp: 94/12963Kb lim: 239306 exec/s: 747 rss: 385Mb L: 156393/239306 MS: 1 EraseBytes-
#748	REDUCE cov: 1267 ft: 2192 corp: 94/12898Kb lim: 239306 exec/s: 748 rss: 385Mb L: 173053/239306 MS: 1 CrossOver-
#749	REDUCE cov: 1267 ft: 2192 corp: 94/12880Kb lim: 239306 exec/s: 749 rss: 385Mb L: 120589/239306 MS: 1 EraseBytes-
#765	REDUCE cov: 1267 ft: 2192 corp: 94/12827Kb lim: 239306 exec/s: 765 rss: 385Mb L: 113538/239306 MS: 1 EraseBytes-
#777	NEW    cov: 1267 ft: 2194 corp: 95/12915Kb lim: 239306 exec/s: 777 rss: 385Mb L: 89749/239306 MS: 2 ChangeBinInt-CMP- DE: "\000\000\000\000"-
#797	NEW    cov: 1267 ft: 2196 corp: 96/13055Kb lim: 239306 exec/s: 797 rss: 385Mb L: 143388/239306 MS: 5 CrossOver-ChangeBinInt-CMP-ShuffleBytes-PersAutoDict- DE: "\001\000"-"\265\000\000\000\000\000\000\000"-
#802	REDUCE cov: 1267 ft: 2204 corp: 97/13086Kb lim: 239306 exec/s: 802 rss: 385Mb L: 32130/239306 MS: 5 ShuffleBytes-ChangeBit-PersAutoDict-CopyPart-EraseBytes- DE: "\001\000\000\000\000\000\000\000"-
#823	NEW    cov: 1267 ft: 2205 corp: 98/13174Kb lim: 239306 exec/s: 823 rss: 389Mb L: 89876/239306 MS: 1 PersAutoDict- DE: "Q\023\000\000\000\000\000\000"-
#827	NEW    cov: 1267 ft: 2206 corp: 99/13267Kb lim: 239306 exec/s: 827 rss: 389Mb L: 94919/239306 MS: 4 EraseBytes-ShuffleBytes-InsertByte-EraseBytes-
#846	REDUCE cov: 1267 ft: 2208 corp: 100/13295Kb lim: 239306 exec/s: 846 rss: 389Mb L: 29205/239306 MS: 4 ChangeByte-PersAutoDict-InsertRepeatedBytes-EraseBytes- DE: "\260\000\000\000\000\000\000\000"-
#847	REDUCE cov: 1267 ft: 2208 corp: 100/13246Kb lim: 239306 exec/s: 847 rss: 389Mb L: 160772/239306 MS: 1 EraseBytes-
#850	NEW    cov: 1267 ft: 2211 corp: 101/13280Kb lim: 239306 exec/s: 850 rss: 389Mb L: 34840/239306 MS: 3 CopyPart-ChangeASCIIInt-CopyPart-
#856	REDUCE cov: 1267 ft: 2214 corp: 102/13335Kb lim: 239306 exec/s: 856 rss: 391Mb L: 55614/239306 MS: 1 ChangeByte-
#882	NEW    cov: 1269 ft: 2216 corp: 103/13422Kb lim: 239306 exec/s: 882 rss: 392Mb L: 89745/239306 MS: 1 PersAutoDict- DE: "\001\000\000\000\000\000\000\000"-
#883	NEW    cov: 1269 ft: 2227 corp: 104/13510Kb lim: 239306 exec/s: 883 rss: 392Mb L: 89819/239306 MS: 1 InsertByte-
#890	REDUCE cov: 1269 ft: 2231 corp: 105/13546Kb lim: 239306 exec/s: 890 rss: 392Mb L: 36496/239306 MS: 2 ChangeBit-PersAutoDict- DE: "\265\000\000\000\000\000\000\000"-
#894	NEW    cov: 1269 ft: 2232 corp: 106/13638Kb lim: 239306 exec/s: 894 rss: 392Mb L: 95044/239306 MS: 4 PersAutoDict-CMP-ChangeASCIIInt-CopyPart- DE: "\260\000\000\000\000\000\000\000"-"\000\000"-
#899	NEW    cov: 1269 ft: 2248 corp: 107/13681Kb lim: 239306 exec/s: 899 rss: 392Mb L: 43605/239306 MS: 5 ChangeByte-CrossOver-CrossOver-ChangeByte-EraseBytes-
#926	REDUCE cov: 1269 ft: 2248 corp: 107/13611Kb lim: 239306 exec/s: 926 rss: 394Mb L: 139359/239306 MS: 2 ChangeBinInt-EraseBytes-
#935	NEW    cov: 1275 ft: 2262 corp: 108/13696Kb lim: 239306 exec/s: 935 rss: 394Mb L: 87103/239306 MS: 4 CopyPart-PersAutoDict-CopyPart-EraseBytes- DE: "\260\000\000\000\000\000\000\000"-
#975	NEW    cov: 1275 ft: 2265 corp: 109/13781Kb lim: 239306 exec/s: 975 rss: 394Mb L: 87253/239306 MS: 5 ChangeASCIIInt-CopyPart-PersAutoDict-EraseBytes-InsertRepeatedBytes- DE: "\001\000"-
#992	NEW    cov: 1275 ft: 2266 corp: 110/13856Kb lim: 239306 exec/s: 992 rss: 396Mb L: 76537/239306 MS: 2 ShuffleBytes-InsertRepeatedBytes-
#1001	NEW    cov: 1275 ft: 2267 corp: 111/14033Kb lim: 239306 exec/s: 1001 rss: 396Mb L: 181240/239306 MS: 4 InsertRepeatedBytes-CrossOver-ChangeByte-CopyPart-
#1007	NEW    cov: 1275 ft: 2268 corp: 112/14147Kb lim: 239306 exec/s: 1007 rss: 396Mb L: 116550/239306 MS: 1 EraseBytes-
#1008	NEW    cov: 1275 ft: 2271 corp: 113/14380Kb lim: 239306 exec/s: 1008 rss: 396Mb L: 239306/239306 MS: 1 ChangeBinInt-
#1013	NEW    cov: 1275 ft: 2274 corp: 114/14444Kb lim: 239306 exec/s: 1013 rss: 396Mb L: 65064/239306 MS: 5 PersAutoDict-ChangeBinInt-CopyPart-EraseBytes-ChangeBit- DE: "\000\000"-
#1014	NEW    cov: 1275 ft: 2275 corp: 115/14467Kb lim: 239306 exec/s: 1014 rss: 396Mb L: 24002/239306 MS: 1 CrossOver-
#1015	REDUCE cov: 1275 ft: 2275 corp: 115/14443Kb lim: 239306 exec/s: 1015 rss: 396Mb L: 65199/239306 MS: 1 EraseBytes-
#1039	REDUCE cov: 1275 ft: 2275 corp: 115/14404Kb lim: 239306 exec/s: 1039 rss: 396Mb L: 49900/239306 MS: 4 InsertByte-PersAutoDict-ChangeASCIIInt-EraseBytes- DE: "\260\000\000\000\000\000\000\000"-
#1092	REDUCE cov: 1275 ft: 2275 corp: 115/14391Kb lim: 239306 exec/s: 546 rss: 396Mb L: 197040/239306 MS: 3 ChangeByte-CMP-EraseBytes- DE: "\001\000\000\000"-
#1109	REDUCE cov: 1275 ft: 2275 corp: 115/14330Kb lim: 239306 exec/s: 554 rss: 398Mb L: 116063/239306 MS: 2 InsertByte-EraseBytes-
#1115	NEW    cov: 1275 ft: 2276 corp: 116/14422Kb lim: 239306 exec/s: 557 rss: 398Mb L: 94919/239306 MS: 1 ChangeByte-
#1122	REDUCE cov: 1275 ft: 2276 corp: 116/14398Kb lim: 239306 exec/s: 561 rss: 400Mb L: 42738/239306 MS: 2 CrossOver-EraseBytes-
#1123	REDUCE cov: 1275 ft: 2276 corp: 116/14360Kb lim: 239306 exec/s: 561 rss: 400Mb L: 51348/239306 MS: 1 EraseBytes-
#1126	NEW    cov: 1275 ft: 2280 corp: 117/14448Kb lim: 239306 exec/s: 563 rss: 400Mb L: 89739/239306 MS: 3 PersAutoDict-ChangeByte-PersAutoDict- DE: "\001\000\000\000"-"\000\000"-
#1134	REDUCE cov: 1275 ft: 2280 corp: 117/14432Kb lim: 239306 exec/s: 567 rss: 400Mb L: 42951/239306 MS: 3 ChangeASCIIInt-ChangeASCIIInt-EraseBytes-
#1151	REDUCE cov: 1275 ft: 2282 corp: 118/14487Kb lim: 239306 exec/s: 575 rss: 400Mb L: 56187/239306 MS: 2 ChangeBinInt-EraseBytes-
#1154	NEW    cov: 1275 ft: 2285 corp: 119/14521Kb lim: 239306 exec/s: 577 rss: 400Mb L: 34840/239306 MS: 3 ChangeByte-ChangeByte-PersAutoDict- DE: "\000\000\000\000"-
#1173	NEW    cov: 1275 ft: 2289 corp: 120/14555Kb lim: 239306 exec/s: 586 rss: 400Mb L: 34841/239306 MS: 4 ChangeByte-ChangeBinInt-InsertByte-ChangeBinInt-
	NEW_FUNC[1/1]: 0x55c0a27cfab0  (/home/runner/work/hc-stark/hc-stark/raw-reports/cargo-target/x86_64-unknown-linux-gnu/release/plonky3_proof_bytes_v1+0x25bab0) (BuildId: 93b0a3be9bf8948c6041fb18af8421d78e04255e)
#1184	NEW    cov: 1278 ft: 2295 corp: 121/14604Kb lim: 239306 exec/s: 592 rss: 400Mb L: 50406/239306 MS: 1 CrossOver-
#1194	REDUCE cov: 1278 ft: 2295 corp: 121/14592Kb lim: 239306 exec/s: 597 rss: 400Mb L: 105871/239306 MS: 5 CMP-CMP-ShuffleBytes-InsertRepeatedBytes-EraseBytes- DE: "\000\000\000\000"-"\030\000\000\000\000\000\000\000"-
#1202	REDUCE cov: 1278 ft: 2295 corp: 121/14506Kb lim: 239306 exec/s: 601 rss: 400Mb L: 137439/239306 MS: 3 InsertRepeatedBytes-ChangeASCIIInt-EraseBytes-
#1239	NEW    cov: 1278 ft: 2299 corp: 122/14568Kb lim: 239306 exec/s: 619 rss: 400Mb L: 64157/239306 MS: 2 CopyPart-EraseBytes-
#1240	REDUCE cov: 1278 ft: 2299 corp: 122/14536Kb lim: 239306 exec/s: 620 rss: 400Mb L: 93117/239306 MS: 1 EraseBytes-
#1272	REDUCE cov: 1278 ft: 2299 corp: 122/14534Kb lim: 239306 exec/s: 636 rss: 400Mb L: 88079/239306 MS: 2 InsertByte-EraseBytes-
#1299	REDUCE cov: 1278 ft: 2299 corp: 122/14529Kb lim: 239306 exec/s: 649 rss: 400Mb L: 19343/239306 MS: 2 InsertRepeatedBytes-EraseBytes-
#1305	NEW    cov: 1278 ft: 2300 corp: 123/14563Kb lim: 239306 exec/s: 652 rss: 400Mb L: 34840/239306 MS: 1 PersAutoDict- DE: "\260\000\000\000\000\000\000\000"-
#1333	REDUCE cov: 1278 ft: 2300 corp: 123/14554Kb lim: 239306 exec/s: 666 rss: 400Mb L: 22029/239306 MS: 3 ChangeBinInt-InsertByte-EraseBytes-
#1344	REDUCE cov: 1278 ft: 2300 corp: 123/14458Kb lim: 239306 exec/s: 672 rss: 400Mb L: 121191/239306 MS: 1 EraseBytes-
#1353	REDUCE cov: 1278 ft: 2300 corp: 123/14438Kb lim: 239306 exec/s: 676 rss: 400Mb L: 66674/239306 MS: 4 CrossOver-InsertRepeatedBytes-PersAutoDict-EraseBytes- DE: "Q\023\000\000\000\000\000\000"-
#1356	REDUCE cov: 1278 ft: 2301 corp: 124/14478Kb lim: 239306 exec/s: 678 rss: 400Mb L: 41397/239306 MS: 3 EraseBytes-PersAutoDict-PersAutoDict- DE: "\260\000\000\000\000\000\000\000"-"Q\023\000\000\000\000\000\000"-
#1422	REDUCE cov: 1278 ft: 2301 corp: 124/14445Kb lim: 239306 exec/s: 711 rss: 400Mb L: 53326/239306 MS: 1 CrossOver-
#1435	REDUCE cov: 1278 ft: 2314 corp: 125/14454Kb lim: 239306 exec/s: 717 rss: 400Mb L: 8852/239306 MS: 3 InsertRepeatedBytes-ChangeBit-CrossOver-
#1437	REDUCE cov: 1278 ft: 2314 corp: 125/14317Kb lim: 239306 exec/s: 718 rss: 400Mb L: 90019/239306 MS: 2 CrossOver-CrossOver-
#1503	REDUCE cov: 1278 ft: 2314 corp: 125/14309Kb lim: 239306 exec/s: 751 rss: 400Mb L: 81466/239306 MS: 1 CrossOver-
#1516	NEW    cov: 1278 ft: 2317 corp: 126/14423Kb lim: 239306 exec/s: 758 rss: 400Mb L: 116550/239306 MS: 3 CopyPart-ChangeBit-ShuffleBytes-
#1532	REDUCE cov: 1278 ft: 2317 corp: 126/14418Kb lim: 239306 exec/s: 766 rss: 400Mb L: 130541/239306 MS: 1 EraseBytes-
#1541	REDUCE cov: 1278 ft: 2317 corp: 126/14415Kb lim: 239306 exec/s: 770 rss: 400Mb L: 15999/239306 MS: 4 CopyPart-ChangeByte-PersAutoDict-EraseBytes- DE: "\000\000"-
#1547	REDUCE cov: 1281 ft: 2323 corp: 127/14484Kb lim: 239306 exec/s: 773 rss: 400Mb L: 71419/239306 MS: 1 ChangeBinInt-
#1572	NEW    cov: 1282 ft: 2325 corp: 128/14548Kb lim: 239306 exec/s: 786 rss: 400Mb L: 65043/239306 MS: 5 ChangeASCIIInt-ChangeBinInt-EraseBytes-PersAutoDict-ChangeBinInt- DE: "\265\000\000\000\000\000\000\000"-
#1584	REDUCE cov: 1282 ft: 2325 corp: 128/14541Kb lim: 239306 exec/s: 792 rss: 400Mb L: 130437/239306 MS: 2 ChangeASCIIInt-EraseBytes-
#1620	NEW    cov: 1282 ft: 2326 corp: 129/14575Kb lim: 239306 exec/s: 810 rss: 400Mb L: 34840/239306 MS: 1 ChangeBinInt-
#1631	NEW    cov: 1282 ft: 2327 corp: 130/14781Kb lim: 239306 exec/s: 815 rss: 400Mb L: 211130/239306 MS: 1 PersAutoDict- DE: "\265\000\000\000\000\000\000\000"-
#1657	REDUCE cov: 1282 ft: 2327 corp: 130/14764Kb lim: 239306 exec/s: 828 rss: 400Mb L: 71951/239306 MS: 1 CrossOver-
#1696	NEW    cov: 1283 ft: 2328 corp: 131/14855Kb lim: 239306 exec/s: 848 rss: 400Mb L: 93105/239306 MS: 4 CrossOver-InsertRepeatedBytes-CrossOver-ChangeBinInt-
#1718	REDUCE cov: 1283 ft: 2329 corp: 132/14866Kb lim: 239306 exec/s: 859 rss: 400Mb L: 11024/239306 MS: 2 ChangeBit-EraseBytes-
#1755	REDUCE cov: 1283 ft: 2330 corp: 133/14906Kb lim: 239306 exec/s: 585 rss: 400Mb L: 40986/239306 MS: 2 CrossOver-InsertRepeatedBytes-
#1756	REDUCE cov: 1283 ft: 2330 corp: 133/14888Kb lim: 239306 exec/s: 585 rss: 400Mb L: 46152/239306 MS: 1 EraseBytes-
#1763	REDUCE cov: 1283 ft: 2330 corp: 133/14844Kb lim: 239306 exec/s: 587 rss: 400Mb L: 48158/239306 MS: 2 ChangeASCIIInt-CrossOver-
#1785	NEW    cov: 1284 ft: 2331 corp: 134/14890Kb lim: 239306 exec/s: 595 rss: 400Mb L: 47261/239306 MS: 2 EraseBytes-InsertRepeatedBytes-
#1791	NEW    cov: 1284 ft: 2333 corp: 135/15124Kb lim: 239306 exec/s: 597 rss: 400Mb L: 239306/239306 MS: 1 CMP- DE: "J\222$I\222$I\002"-
#1799	REDUCE cov: 1284 ft: 2333 corp: 135/15084Kb lim: 239306 exec/s: 599 rss: 400Mb L: 48684/239306 MS: 3 ChangeByte-ChangeASCIIInt-EraseBytes-
#1902	REDUCE cov: 1284 ft: 2333 corp: 135/15078Kb lim: 239306 exec/s: 634 rss: 414Mb L: 28485/239306 MS: 3 ChangeByte-CMP-EraseBytes- DE: "\000\000\000\000\000\000\000\000\000\000\000\000\000\000\000\000\000\000\000\000\000\000\000\000\000\000\000\000\000\000\000\000"-
#1940	REDUCE cov: 1284 ft: 2333 corp: 135/15066Kb lim: 239306 exec/s: 646 rss: 416Mb L: 77627/239306 MS: 3 CMP-ChangeBinInt-EraseBytes- DE: "\377\377"-
#1962	NEW    cov: 1284 ft: 2336 corp: 136/15100Kb lim: 239306 exec/s: 654 rss: 416Mb L: 34840/239306 MS: 2 ChangeBit-PersAutoDict- DE: "\265\000\000\000\000\000\000\000"-
#2037	REDUCE cov: 1284 ft: 2341 corp: 137/15106Kb lim: 239306 exec/s: 679 rss: 416Mb L: 6380/239306 MS: 5 ChangeBinInt-PersAutoDict-InsertByte-InsertRepeatedBytes-CrossOver- DE: "\001\000\000\000\000\000\000\000"-
#2043	NEW    cov: 1288 ft: 2349 corp: 138/15161Kb lim: 239306 exec/s: 681 rss: 419Mb L: 56187/239306 MS: 1 CMP- DE: "\001\000"-
#2046	REDUCE cov: 1288 ft: 2349 corp: 138/15160Kb lim: 239306 exec/s: 682 rss: 419Mb L: 47623/239306 MS: 3 InsertByte-ChangeBit-EraseBytes-
#2048	pulse  cov: 1288 ft: 2349 corp: 138/15160Kb lim: 239306 exec/s: 682 rss: 419Mb
#2050	NEW    cov: 1288 ft: 2350 corp: 139/15253Kb lim: 239306 exec/s: 683 rss: 419Mb L: 95045/239306 MS: 4 InsertByte-ChangeByte-PersAutoDict-CMP- DE: "\265\000\000\000\000\000\000\000"-"\000\000\000\000\000\000\000\000"-
#2058	REDUCE cov: 1288 ft: 2350 corp: 139/15239Kb lim: 239306 exec/s: 686 rss: 419Mb L: 39101/239306 MS: 3 ChangeBit-ChangeBinInt-EraseBytes-
#2097	REDUCE cov: 1288 ft: 2350 corp: 139/15215Kb lim: 239306 exec/s: 699 rss: 419Mb L: 147982/239306 MS: 4 ChangeBit-ChangeBit-ChangeByte-EraseBytes-
#2108	NEW    cov: 1289 ft: 2351 corp: 140/15243Kb lim: 239306 exec/s: 702 rss: 419Mb L: 29213/239306 MS: 1 PersAutoDict- DE: "\001\000\000\000\000\000\000\000"-
#2117	NEW    cov: 1289 ft: 2356 corp: 141/15331Kb lim: 239306 exec/s: 705 rss: 421Mb L: 89765/239306 MS: 4 InsertByte-ChangeBinInt-CrossOver-InsertRepeatedBytes-
#2133	NEW    cov: 1289 ft: 2360 corp: 142/15380Kb lim: 239306 exec/s: 711 rss: 423Mb L: 50414/239306 MS: 1 CMP- DE: "\001\000\000\000\000\000\000\000"-
#2141	NEW    cov: 1289 ft: 2361 corp: 143/15614Kb lim: 239306 exec/s: 713 rss: 423Mb L: 239306/239306 MS: 3 ChangeByte-ShuffleBytes-CopyPart-
#2176	REDUCE cov: 1289 ft: 2361 corp: 143/15603Kb lim: 239306 exec/s: 725 rss: 423Mb L: 82565/239306 MS: 5 InsertByte-InsertByte-ShuffleBytes-CrossOver-EraseBytes-
#2217	REDUCE cov: 1289 ft: 2361 corp: 143/15594Kb lim: 239306 exec/s: 739 rss: 425Mb L: 73293/239306 MS: 1 EraseBytes-
#2222	REDUCE cov: 1289 ft: 2361 corp: 143/15561Kb lim: 239306 exec/s: 740 rss: 425Mb L: 53383/239306 MS: 5 ShuffleBytes-InsertRepeatedBytes-ChangeBinInt-ChangeBinInt-EraseBytes-
#2227	NEW    cov: 1290 ft: 2362 corp: 144/15562Kb lim: 239306 exec/s: 742 rss: 425Mb L: 1089/239306 MS: 5 ShuffleBytes-ChangeBinInt-InsertByte-ChangeByte-CrossOver-
#2249	NEW    cov: 1290 ft: 2363 corp: 145/15611Kb lim: 239306 exec/s: 749 rss: 425Mb L: 50406/239306 MS: 2 ShuffleBytes-CrossOver-
#2276	REDUCE cov: 1290 ft: 2363 corp: 145/15591Kb lim: 239306 exec/s: 758 rss: 425Mb L: 198836/239306 MS: 2 InsertByte-EraseBytes-
#2297	REDUCE cov: 1290 ft: 2363 corp: 145/15588Kb lim: 239306 exec/s: 765 rss: 425Mb L: 158152/239306 MS: 1 EraseBytes-
#2305	NEW    cov: 1290 ft: 2364 corp: 146/15728Kb lim: 239306 exec/s: 768 rss: 429Mb L: 143356/239306 MS: 3 ChangeBinInt-PersAutoDict-EraseBytes- DE: "\000\000\000\000\000\000\000\000\000\000\000\000\000\000\000\000\000\000\000\000\000\000\000\000\000\000\000\000\000\000\000\000"-
#2331	REDUCE cov: 1290 ft: 2364 corp: 146/15720Kb lim: 239306 exec/s: 777 rss: 435Mb L: 63177/239306 MS: 1 EraseBytes-
#2347	REDUCE cov: 1290 ft: 2364 corp: 146/15695Kb lim: 239306 exec/s: 782 rss: 435Mb L: 91048/239306 MS: 1 EraseBytes-
#2349	REDUCE cov: 1290 ft: 2364 corp: 146/15626Kb lim: 239306 exec/s: 783 rss: 435Mb L: 93446/239306 MS: 2 InsertRepeatedBytes-EraseBytes-
#2375	NEW    cov: 1291 ft: 2365 corp: 147/15790Kb lim: 239306 exec/s: 791 rss: 435Mb L: 167168/239306 MS: 1 CrossOver-
#2382	REDUCE cov: 1291 ft: 2365 corp: 147/15789Kb lim: 239306 exec/s: 794 rss: 435Mb L: 125030/239306 MS: 2 InsertRepeatedBytes-EraseBytes-
#2408	NEW    cov: 1291 ft: 2366 corp: 148/15877Kb lim: 239306 exec/s: 602 rss: 435Mb L: 89769/239306 MS: 1 CMP- DE: "\377\377\377\377"-
#2431	NEW    cov: 1295 ft: 2370 corp: 149/15886Kb lim: 239306 exec/s: 607 rss: 435Mb L: 9354/239306 MS: 3 CopyPart-ChangeBinInt-EraseBytes-
#2452	REDUCE cov: 1295 ft: 2370 corp: 149/15860Kb lim: 239306 exec/s: 613 rss: 435Mb L: 129620/239306 MS: 1 EraseBytes-
#2457	NEW    cov: 1299 ft: 2374 corp: 150/15907Kb lim: 239306 exec/s: 614 rss: 435Mb L: 48850/239306 MS: 5 ChangeBit-EraseBytes-ChangeByte-EraseBytes-CMP- DE: "\001\003"-
#2484	REDUCE cov: 1299 ft: 2374 corp: 150/15864Kb lim: 239306 exec/s: 621 rss: 435Mb L: 122730/239306 MS: 2 PersAutoDict-EraseBytes- DE: "\265\000\000\000\000\000\000\000"-
#2487	REDUCE cov: 1312 ft: 2387 corp: 151/15870Kb lim: 239306 exec/s: 621 rss: 435Mb L: 6510/239306 MS: 3 ChangeByte-EraseBytes-CrossOver-
#2500	REDUCE cov: 1312 ft: 2387 corp: 151/15869Kb lim: 239306 exec/s: 625 rss: 435Mb L: 45993/239306 MS: 3 ChangeBit-ChangeASCIIInt-EraseBytes-
#2511	REDUCE cov: 1312 ft: 2387 corp: 151/15863Kb lim: 239306 exec/s: 627 rss: 435Mb L: 23209/239306 MS: 1 EraseBytes-
#2522	REDUCE cov: 1312 ft: 2387 corp: 151/15836Kb lim: 239306 exec/s: 630 rss: 435Mb L: 27982/239306 MS: 1 EraseBytes-
#2560	REDUCE cov: 1312 ft: 2387 corp: 151/15835Kb lim: 239306 exec/s: 640 rss: 435Mb L: 89361/239306 MS: 3 ShuffleBytes-ChangeBinInt-EraseBytes-
#2598	REDUCE cov: 1312 ft: 2389 corp: 152/15955Kb lim: 239306 exec/s: 649 rss: 435Mb L: 122730/239306 MS: 3 CrossOver-PersAutoDict-ShuffleBytes- DE: "\001\000"-
#2626	REDUCE cov: 1312 ft: 2389 corp: 152/15953Kb lim: 239306 exec/s: 656 rss: 435Mb L: 6527/239306 MS: 3 CrossOver-PersAutoDict-EraseBytes- DE: "\260\000\000\000\000\000\000\000"-
#2653	REDUCE cov: 1312 ft: 2389 corp: 152/15951Kb lim: 239306 exec/s: 663 rss: 435Mb L: 4713/239306 MS: 2 ChangeByte-EraseBytes-
#2696	REDUCE cov: 1312 ft: 2389 corp: 152/15950Kb lim: 239306 exec/s: 674 rss: 435Mb L: 27808/239306 MS: 3 ChangeBinInt-InsertByte-EraseBytes-
#2704	REDUCE cov: 1312 ft: 2389 corp: 152/15923Kb lim: 239306 exec/s: 676 rss: 435Mb L: 102314/239306 MS: 3 CopyPart-ChangeBinInt-EraseBytes-
#2712	REDUCE cov: 1312 ft: 2389 corp: 152/15841Kb lim: 239306 exec/s: 678 rss: 435Mb L: 147382/239306 MS: 3 ChangeASCIIInt-InsertByte-EraseBytes-
#2752	REDUCE cov: 1312 ft: 2389 corp: 152/15822Kb lim: 239306 exec/s: 688 rss: 435Mb L: 70387/239306 MS: 5 PersAutoDict-ChangeBit-ShuffleBytes-PersAutoDict-EraseBytes- DE: "\000\000\000\000"-"\265\000\000\000\000\000\000\000"-
#2785	REDUCE cov: 1312 ft: 2389 corp: 152/15769Kb lim: 239306 exec/s: 696 rss: 435Mb L: 92916/239306 MS: 3 ShuffleBytes-InsertRepeatedBytes-EraseBytes-
#2796	REDUCE cov: 1312 ft: 2389 corp: 152/15735Kb lim: 239306 exec/s: 699 rss: 435Mb L: 54959/239306 MS: 1 EraseBytes-
#2809	NEW    cov: 1312 ft: 2390 corp: 153/15823Kb lim: 239306 exec/s: 702 rss: 435Mb L: 89760/239306 MS: 3 InsertRepeatedBytes-ChangeBit-CrossOver-
#2813	REDUCE cov: 1312 ft: 2390 corp: 153/15805Kb lim: 239306 exec/s: 703 rss: 435Mb L: 52858/239306 MS: 4 ChangeBinInt-ChangeBinInt-ChangeByte-EraseBytes-
#2834	REDUCE cov: 1312 ft: 2390 corp: 153/15790Kb lim: 239306 exec/s: 708 rss: 435Mb L: 31309/239306 MS: 1 EraseBytes-
#2854	REDUCE cov: 1312 ft: 2390 corp: 153/15764Kb lim: 239306 exec/s: 713 rss: 435Mb L: 50044/239306 MS: 5 ChangeBinInt-EraseBytes-ChangeASCIIInt-ShuffleBytes-EraseBytes-
#2867	REDUCE cov: 1312 ft: 2390 corp: 153/15764Kb lim: 239306 exec/s: 716 rss: 435Mb L: 21334/239306 MS: 3 EraseBytes-InsertByte-CopyPart-
#2890	REDUCE cov: 1312 ft: 2390 corp: 153/15761Kb lim: 239306 exec/s: 722 rss: 435Mb L: 13255/239306 MS: 3 ShuffleBytes-ChangeASCIIInt-EraseBytes-
#2999	REDUCE cov: 1312 ft: 2390 corp: 153/15759Kb lim: 239306 exec/s: 749 rss: 435Mb L: 29723/239306 MS: 4 ChangeASCIIInt-ChangeBinInt-ChangeASCIIInt-EraseBytes-
#3013	REDUCE cov: 1312 ft: 2390 corp: 153/15756Kb lim: 239306 exec/s: 753 rss: 435Mb L: 38917/239306 MS: 4 InsertRepeatedBytes-InsertByte-ChangeASCIIInt-EraseBytes-
#3035	REDUCE cov: 1312 ft: 2390 corp: 153/15741Kb lim: 239306 exec/s: 758 rss: 435Mb L: 28567/239306 MS: 2 ChangeBit-EraseBytes-
#3071	REDUCE cov: 1312 ft: 2390 corp: 153/15694Kb lim: 239306 exec/s: 767 rss: 435Mb L: 99813/239306 MS: 1 EraseBytes-
#3125	REDUCE cov: 1312 ft: 2390 corp: 153/15674Kb lim: 239306 exec/s: 781 rss: 435Mb L: 32782/239306 MS: 4 ChangeByte-ChangeBit-ChangeASCIIInt-EraseBytes-
#3162	REDUCE cov: 1312 ft: 2390 corp: 153/15662Kb lim: 239306 exec/s: 790 rss: 435Mb L: 186846/239306 MS: 2 ChangeBinInt-EraseBytes-
#3163	REDUCE cov: 1312 ft: 2391 corp: 154/15782Kb lim: 239306 exec/s: 790 rss: 435Mb L: 122730/239306 MS: 1 CMP- DE: "\000\000"-
#3179	REDUCE cov: 1312 ft: 2391 corp: 154/15755Kb lim: 239306 exec/s: 794 rss: 435Mb L: 67948/239306 MS: 1 EraseBytes-
#3187	REDUCE cov: 1312 ft: 2391 corp: 154/15736Kb lim: 239306 exec/s: 796 rss: 435Mb L: 39925/239306 MS: 3 ChangeBinInt-CopyPart-EraseBytes-
#3188	REDUCE cov: 1312 ft: 2391 corp: 154/15727Kb lim: 239306 exec/s: 797 rss: 435Mb L: 20715/239306 MS: 1 EraseBytes-
#3237	REDUCE cov: 1312 ft: 2391 corp: 154/15699Kb lim: 239306 exec/s: 809 rss: 435Mb L: 61018/239306 MS: 4 ChangeByte-InsertByte-ChangeASCIIInt-EraseBytes-
#3244	REDUCE cov: 1312 ft: 2391 corp: 154/15696Kb lim: 239306 exec/s: 811 rss: 435Mb L: 87342/239306 MS: 2 ChangeBit-EraseBytes-
#3285	REDUCE cov: 1312 ft: 2391 corp: 154/15669Kb lim: 239306 exec/s: 821 rss: 435Mb L: 74185/239306 MS: 1 EraseBytes-
#3352	NEW    cov: 1312 ft: 2392 corp: 155/15903Kb lim: 239306 exec/s: 670 rss: 435Mb L: 239306/239306 MS: 2 ChangeBit-ShuffleBytes-
#3356	REDUCE cov: 1312 ft: 2392 corp: 155/15900Kb lim: 239306 exec/s: 671 rss: 435Mb L: 25364/239306 MS: 4 PersAutoDict-InsertRepeatedBytes-PersAutoDict-EraseBytes- DE: "\265\000\000\000\000\000\000\000"-"\000\000\000\000"-
#3383	REDUCE cov: 1312 ft: 2392 corp: 155/15840Kb lim: 239306 exec/s: 676 rss: 435Mb L: 81931/239306 MS: 2 CMP-EraseBytes- DE: "\001\000\000\000\000\000\000\026"-
#3425	NEW    cov: 1313 ft: 2396 corp: 156/15841Kb lim: 239306 exec/s: 685 rss: 435Mb L: 1256/239306 MS: 2 EraseBytes-CrossOver-
#3428	REDUCE cov: 1315 ft: 2398 corp: 157/15880Kb lim: 239306 exec/s: 685 rss: 435Mb L: 39193/239306 MS: 3 ChangeByte-ShuffleBytes-InsertRepeatedBytes-
#3434	REDUCE cov: 1315 ft: 2398 corp: 157/15879Kb lim: 239306 exec/s: 686 rss: 435Mb L: 10464/239306 MS: 1 EraseBytes-
#3440	NEW    cov: 1317 ft: 2401 corp: 158/15934Kb lim: 239306 exec/s: 688 rss: 435Mb L: 56095/239306 MS: 1 CrossOver-
#3441	REDUCE cov: 1317 ft: 2401 corp: 158/15915Kb lim: 239306 exec/s: 688 rss: 435Mb L: 48860/239306 MS: 1 EraseBytes-
#3457	REDUCE cov: 1319 ft: 2403 corp: 159/16035Kb lim: 239306 exec/s: 691 rss: 435Mb L: 122812/239306 MS: 1 InsertRepeatedBytes-
#3475	NEW    cov: 1319 ft: 2404 corp: 160/16036Kb lim: 239306 exec/s: 695 rss: 435Mb L: 1269/239306 MS: 3 InsertByte-PersAutoDict-CMP- DE: "J\222$I\222$I\002"-"\377\377\377\377"-
#3483	REDUCE cov: 1319 ft: 2404 corp: 160/16036Kb lim: 239306 exec/s: 696 rss: 435Mb L: 112939/239306 MS: 3 ChangeBit-ChangeByte-EraseBytes-
#3487	REDUCE cov: 1319 ft: 2404 corp: 160/16032Kb lim: 239306 exec/s: 697 rss: 435Mb L: 17018/239306 MS: 4 PersAutoDict-ChangeASCIIInt-ChangeASCIIInt-EraseBytes- DE: "Q\023\000\000\000\000\000\000"-
#3501	REDUCE cov: 1319 ft: 2404 corp: 160/15986Kb lim: 239306 exec/s: 700 rss: 435Mb L: 164005/239306 MS: 4 ChangeBit-ChangeASCIIInt-CMP-CrossOver- DE: "\000\000\000\000\000\000\000\000\000\000\000\000\000\000\000\000\000\000\000\000\000\000\000\000\000\000\000\000\000\000\000\000"-
#3504	NEW    cov: 1324 ft: 2409 corp: 161/15987Kb lim: 239306 exec/s: 700 rss: 435Mb L: 1256/239306 MS: 3 ChangeBit-ShuffleBytes-CMP- DE: "\000\000\000\000\000\000\000\000"-
#3521	NEW    cov: 1324 ft: 2410 corp: 162/15989Kb lim: 239306 exec/s: 704 rss: 435Mb L: 1256/239306 MS: 2 CopyPart-PersAutoDict- DE: "Q\023\000\000\000\000\000\000"-
#3557	REDUCE cov: 1324 ft: 2410 corp: 162/15988Kb lim: 239306 exec/s: 711 rss: 435Mb L: 130119/239306 MS: 1 EraseBytes-
#3654	NEW    cov: 1325 ft: 2411 corp: 163/16130Kb lim: 239306 exec/s: 730 rss: 435Mb L: 145293/239306 MS: 2 CopyPart-CopyPart-
#3670	REDUCE cov: 1325 ft: 2411 corp: 163/16126Kb lim: 239306 exec/s: 734 rss: 435Mb L: 9021/239306 MS: 1 EraseBytes-
#3705	NEW    cov: 1325 ft: 2413 corp: 164/16162Kb lim: 239306 exec/s: 741 rss: 435Mb L: 36504/239306 MS: 5 PersAutoDict-ChangeASCIIInt-ChangeByte-ChangeBinInt-ChangeBinInt- DE: "\260\000\000\000\000\000\000\000"-
#3731	REDUCE cov: 1325 ft: 2413 corp: 164/16149Kb lim: 239306 exec/s: 746 rss: 435Mb L: 30277/239306 MS: 1 EraseBytes-
#3756	REDUCE cov: 1325 ft: 2414 corp: 165/16257Kb lim: 239306 exec/s: 751 rss: 435Mb L: 110399/239306 MS: 5 CopyPart-ChangeASCIIInt-ChangeByte-EraseBytes-PersAutoDict- DE: "\000\000\000\000"-
#3792	REDUCE cov: 1325 ft: 2414 corp: 165/16249Kb lim: 239306 exec/s: 758 rss: 435Mb L: 44511/239306 MS: 1 EraseBytes-
#3813	REDUCE cov: 1325 ft: 2414 corp: 165/16244Kb lim: 239306 exec/s: 762 rss: 435Mb L: 27318/239306 MS: 1 EraseBytes-
#3825	REDUCE cov: 1325 ft: 2414 corp: 165/16228Kb lim: 239306 exec/s: 765 rss: 435Mb L: 22510/239306 MS: 2 ChangeASCIIInt-EraseBytes-
#3827	REDUCE cov: 1325 ft: 2414 corp: 165/16133Kb lim: 239306 exec/s: 765 rss: 435Mb L: 129639/239306 MS: 2 EraseBytes-InsertByte-
#3849	REDUCE cov: 1325 ft: 2414 corp: 165/16101Kb lim: 239306 exec/s: 769 rss: 435Mb L: 62683/239306 MS: 2 CopyPart-EraseBytes-
#3854	REDUCE cov: 1325 ft: 2414 corp: 165/16054Kb lim: 239306 exec/s: 770 rss: 435Mb L: 76569/239306 MS: 5 InsertByte-ChangeASCIIInt-CrossOver-CMP-EraseBytes- DE: "\000\000"-
#3868	REDUCE cov: 1326 ft: 2415 corp: 166/16054Kb lim: 239306 exec/s: 773 rss: 435Mb L: 587/239306 MS: 4 InsertRepeatedBytes-ChangeByte-ChangeByte-CrossOver-
#3897	NEW    cov: 1326 ft: 2418 corp: 167/16281Kb lim: 239306 exec/s: 779 rss: 435Mb L: 231495/239306 MS: 4 ShuffleBytes-InsertByte-ShuffleBytes-CopyPart-
#3941	REDUCE cov: 1326 ft: 2418 corp: 167/16163Kb lim: 239306 exec/s: 788 rss: 435Mb L: 91185/239306 MS: 4 InsertRepeatedBytes-EraseBytes-ChangeASCIIInt-EraseBytes-
#3981	REDUCE cov: 1326 ft: 2418 corp: 167/16159Kb lim: 239306 exec/s: 796 rss: 435Mb L: 227403/239306 MS: 5 PersAutoDict-PersAutoDict-PersAutoDict-InsertRepeatedBytes-EraseBytes- DE: "\265\000\000\000\000\000\000\000"-"\001\000\000\000"-"\265\000\000\000\000\000\000\000"-
#3987	NEW    cov: 1326 ft: 2419 corp: 168/16161Kb lim: 239306 exec/s: 797 rss: 435Mb L: 1273/239306 MS: 1 PersAutoDict- DE: "\377\377\377\377"-
#4010	REDUCE cov: 1326 ft: 2419 corp: 168/16141Kb lim: 239306 exec/s: 802 rss: 435Mb L: 28013/239306 MS: 3 ChangeByte-ChangeASCIIInt-EraseBytes-
#4054	REDUCE cov: 1326 ft: 2419 corp: 168/16141Kb lim: 239306 exec/s: 810 rss: 439Mb L: 5760/239306 MS: 4 ShuffleBytes-PersAutoDict-CrossOver-EraseBytes- DE: "\001\000\000\000"-
#4070	REDUCE cov: 1326 ft: 2419 corp: 168/16135Kb lim: 239306 exec/s: 814 rss: 439Mb L: 232934/239306 MS: 1 EraseBytes-
#4081	REDUCE cov: 1326 ft: 2420 corp: 169/16220Kb lim: 239306 exec/s: 816 rss: 439Mb L: 87436/239306 MS: 1 InsertRepeatedBytes-
#4096	pulse  cov: 1326 ft: 2420 corp: 169/16220Kb lim: 239306 exec/s: 819 rss: 439Mb
#4102	REDUCE cov: 1326 ft: 2420 corp: 169/16199Kb lim: 239306 exec/s: 820 rss: 439Mb L: 32274/239306 MS: 1 EraseBytes-
#4106	REDUCE cov: 1326 ft: 2420 corp: 169/16173Kb lim: 239306 exec/s: 821 rss: 439Mb L: 38959/239306 MS: 4 ShuffleBytes-ChangeBit-ChangeBit-EraseBytes-
#4140	NEW    cov: 1326 ft: 2425 corp: 170/16177Kb lim: 239306 exec/s: 828 rss: 439Mb L: 3629/239306 MS: 4 ChangeByte-ChangeASCIIInt-InsertRepeatedBytes-CrossOver-
#4180	REDUCE cov: 1326 ft: 2425 corp: 170/16166Kb lim: 239306 exec/s: 696 rss: 439Mb L: 20788/239306 MS: 5 CopyPart-InsertByte-ChangeBit-ChangeBinInt-EraseBytes-
#4206	NEW    cov: 1326 ft: 2427 corp: 171/16253Kb lim: 239306 exec/s: 701 rss: 439Mb L: 89857/239306 MS: 1 InsertRepeatedBytes-
#4244	REDUCE cov: 1326 ft: 2427 corp: 171/16224Kb lim: 239306 exec/s: 707 rss: 439Mb L: 52467/239306 MS: 3 InsertByte-ChangeASCIIInt-EraseBytes-
#4247	REDUCE cov: 1326 ft: 2427 corp: 171/16206Kb lim: 239306 exec/s: 707 rss: 439Mb L: 104131/239306 MS: 3 InsertRepeatedBytes-PersAutoDict-EraseBytes- DE: "\001\000"-
#4255	REDUCE cov: 1326 ft: 2427 corp: 171/16206Kb lim: 239306 exec/s: 709 rss: 439Mb L: 732/239306 MS: 3 ChangeBit-ChangeByte-EraseBytes-
#4316	REDUCE cov: 1326 ft: 2427 corp: 171/16205Kb lim: 239306 exec/s: 719 rss: 439Mb L: 221247/239306 MS: 1 EraseBytes-
#4343	REDUCE cov: 1326 ft: 2427 corp: 171/16201Kb lim: 239306 exec/s: 723 rss: 439Mb L: 6302/239306 MS: 2 ChangeByte-EraseBytes-
	NEW_FUNC[1/1]: 0x55c0a27cf920  (/home/runner/work/hc-stark/hc-stark/raw-reports/cargo-target/x86_64-unknown-linux-gnu/release/plonky3_proof_bytes_v1+0x25b920) (BuildId: 93b0a3be9bf8948c6041fb18af8421d78e04255e)
#4370	NEW    cov: 1329 ft: 2430 corp: 172/16205Kb lim: 239306 exec/s: 728 rss: 439Mb L: 3629/239306 MS: 2 ChangeBit-PersAutoDict- DE: "\001\000\000\000"-
#4439	REDUCE cov: 1329 ft: 2430 corp: 172/16198Kb lim: 239306 exec/s: 739 rss: 439Mb L: 20163/239306 MS: 4 ChangeBit-ChangeASCIIInt-ChangeBinInt-EraseBytes-
#4440	REDUCE cov: 1329 ft: 2430 corp: 172/16190Kb lim: 239306 exec/s: 740 rss: 439Mb L: 28416/239306 MS: 1 EraseBytes-
#4471	REDUCE cov: 1329 ft: 2430 corp: 172/16186Kb lim: 239306 exec/s: 745 rss: 444Mb L: 17030/239306 MS: 1 EraseBytes-
#4479	REDUCE cov: 1329 ft: 2430 corp: 172/16185Kb lim: 239306 exec/s: 746 rss: 444Mb L: 6296/239306 MS: 3 ShuffleBytes-CopyPart-EraseBytes-
#4520	REDUCE cov: 1329 ft: 2430 corp: 172/16175Kb lim: 239306 exec/s: 753 rss: 444Mb L: 29660/239306 MS: 1 EraseBytes-
#4579	REDUCE cov: 1329 ft: 2430 corp: 172/16173Kb lim: 239306 exec/s: 763 rss: 444Mb L: 27936/239306 MS: 4 CopyPart-ChangeBit-ChangeByte-EraseBytes-
#4597	NEW    cov: 1331 ft: 2432 corp: 173/16269Kb lim: 239306 exec/s: 766 rss: 444Mb L: 97958/239306 MS: 3 ShuffleBytes-CopyPart-InsertRepeatedBytes-
#4656	REDUCE cov: 1331 ft: 2432 corp: 173/16260Kb lim: 239306 exec/s: 776 rss: 444Mb L: 47922/239306 MS: 4 ChangeByte-ChangeBinInt-ShuffleBytes-EraseBytes-
#4661	REDUCE cov: 1332 ft: 2433 corp: 174/16331Kb lim: 239306 exec/s: 776 rss: 444Mb L: 73220/239306 MS: 5 PersAutoDict-ChangeASCIIInt-EraseBytes-CopyPart-ChangeBinInt- DE: "\001\000\000\000\000\000\000\026"-
#4700	NEW    cov: 1335 ft: 2436 corp: 175/16333Kb lim: 239306 exec/s: 783 rss: 444Mb L: 1258/239306 MS: 4 PersAutoDict-CrossOver-ShuffleBytes-CrossOver- DE: "\001\000"-
#4709	REDUCE cov: 1335 ft: 2436 corp: 175/16311Kb lim: 239306 exec/s: 784 rss: 444Mb L: 75991/239306 MS: 4 InsertRepeatedBytes-ShuffleBytes-InsertByte-EraseBytes-
#4760	REDUCE cov: 1335 ft: 2436 corp: 175/16300Kb lim: 239306 exec/s: 793 rss: 444Mb L: 17242/239306 MS: 1 EraseBytes-
#4799	REDUCE cov: 1335 ft: 2436 corp: 175/16279Kb lim: 239306 exec/s: 799 rss: 444Mb L: 27144/239306 MS: 4 ChangeByte-ChangeBinInt-PersAutoDict-EraseBytes- DE: "\001\000\000\000\000\000\000\026"-
#4827	REDUCE cov: 1335 ft: 2436 corp: 175/16265Kb lim: 239306 exec/s: 804 rss: 444Mb L: 26977/239306 MS: 3 ChangeBinInt-CMP-EraseBytes- DE: "\000\000\000\000\000\000\000\002"-
	NEW_FUNC[1/1]: 0x55c0a27feab0  (/home/runner/work/hc-stark/hc-stark/raw-reports/cargo-target/x86_64-unknown-linux-gnu/release/plonky3_proof_bytes_v1+0x28aab0) (BuildId: 93b0a3be9bf8948c6041fb18af8421d78e04255e)
#4853	NEW    cov: 1342 ft: 2443 corp: 176/16266Kb lim: 239306 exec/s: 808 rss: 444Mb L: 595/239306 MS: 1 PersAutoDict- DE: "\001\000\000\000\000\000\000\026"-
#4879	NEW    cov: 1342 ft: 2450 corp: 177/16267Kb lim: 239306 exec/s: 813 rss: 444Mb L: 1089/239306 MS: 1 PersAutoDict- DE: "\000\000\000\000"-
#4885	REDUCE cov: 1342 ft: 2450 corp: 177/16267Kb lim: 239306 exec/s: 814 rss: 444Mb L: 522/239306 MS: 1 EraseBytes-
#4890	REDUCE cov: 1342 ft: 2450 corp: 177/16229Kb lim: 239306 exec/s: 815 rss: 444Mb L: 74349/239306 MS: 5 CopyPart-CopyPart-ChangeASCIIInt-PersAutoDict-EraseBytes- DE: "\260\000\000\000\000\000\000\000"-
#4891	REDUCE cov: 1344 ft: 2452 corp: 178/16249Kb lim: 239306 exec/s: 815 rss: 444Mb L: 20163/239306 MS: 1 ShuffleBytes-
#4896	REDUCE cov: 1344 ft: 2452 corp: 178/16157Kb lim: 239306 exec/s: 816 rss: 444Mb L: 92315/239306 MS: 5 CopyPart-ChangeBinInt-CopyPart-CrossOver-CrossOver-
#4900	NEW    cov: 1347 ft: 2455 corp: 179/16244Kb lim: 239306 exec/s: 816 rss: 444Mb L: 89769/239306 MS: 4 PersAutoDict-ChangeASCIIInt-ChangeBit-CrossOver- DE: "\001\000\000\000\000\000\000\026"-
#4938	REDUCE cov: 1347 ft: 2455 corp: 179/16238Kb lim: 239306 exec/s: 823 rss: 444Mb L: 29917/239306 MS: 3 ChangeBit-PersAutoDict-EraseBytes- DE: "\377\377\377\377"-
#4969	REDUCE cov: 1347 ft: 2455 corp: 179/16217Kb lim: 239306 exec/s: 828 rss: 444Mb L: 106847/239306 MS: 1 EraseBytes-
#4987	REDUCE cov: 1347 ft: 2455 corp: 179/16201Kb lim: 239306 exec/s: 831 rss: 444Mb L: 32464/239306 MS: 3 CMP-ChangeASCIIInt-EraseBytes- DE: "\000\000\000\000\000\000\000\001"-
#5019	REDUCE cov: 1347 ft: 2455 corp: 179/16189Kb lim: 239306 exec/s: 836 rss: 444Mb L: 44493/239306 MS: 2 ShuffleBytes-EraseBytes-
#5030	NEW    cov: 1348 ft: 2465 corp: 180/16191Kb lim: 239306 exec/s: 838 rss: 444Mb L: 1692/239306 MS: 1 CopyPart-
#5037	REDUCE cov: 1348 ft: 2465 corp: 180/16181Kb lim: 239306 exec/s: 839 rss: 444Mb L: 79936/239306 MS: 2 ChangeASCIIInt-EraseBytes-
#5045	REDUCE cov: 1348 ft: 2465 corp: 180/16174Kb lim: 239306 exec/s: 840 rss: 444Mb L: 31370/239306 MS: 3 CopyPart-ChangeBinInt-EraseBytes-
#5112	NEW    cov: 1348 ft: 2468 corp: 181/16262Kb lim: 239306 exec/s: 730 rss: 444Mb L: 89739/239306 MS: 2 ChangeBit-InsertByte-
#5128	REDUCE cov: 1348 ft: 2468 corp: 181/16261Kb lim: 239306 exec/s: 732 rss: 444Mb L: 88881/239306 MS: 1 EraseBytes-
#5138	REDUCE cov: 1348 ft: 2468 corp: 181/16258Kb lim: 239306 exec/s: 734 rss: 444Mb L: 3331/239306 MS: 5 CMP-ShuffleBytes-ChangeBinInt-ChangeByte-EraseBytes- DE: "\000\000"-
#5140	REDUCE cov: 1348 ft: 2468 corp: 181/16257Kb lim: 239306 exec/s: 734 rss: 444Mb L: 88945/239306 MS: 2 CrossOver-EraseBytes-
#5145	REDUCE cov: 1350 ft: 2470 corp: 182/16329Kb lim: 239306 exec/s: 735 rss: 444Mb L: 73580/239306 MS: 5 ChangeBit-CopyPart-EraseBytes-InsertRepeatedBytes-CrossOver-
#5150	REDUCE cov: 1353 ft: 2481 corp: 183/16Mb lim: 239306 exec/s: 735 rss: 444Mb L: 116064/239306 MS: 5 CMP-ChangeBit-ChangeASCIIInt-ChangeBit-InsertByte- DE: "\000\000\000\000\000\000\000\000"-
#5211	REDUCE cov: 1353 ft: 2481 corp: 183/16Mb lim: 239306 exec/s: 744 rss: 444Mb L: 28562/239306 MS: 1 EraseBytes-
#5218	REDUCE cov: 1353 ft: 2481 corp: 183/16Mb lim: 239306 exec/s: 745 rss: 444Mb L: 88520/239306 MS: 2 InsertRepeatedBytes-CrossOver-
#5259	REDUCE cov: 1353 ft: 2481 corp: 183/16Mb lim: 239306 exec/s: 751 rss: 444Mb L: 60787/239306 MS: 1 EraseBytes-
#5333	NEW    cov: 1359 ft: 2503 corp: 184/16Mb lim: 239306 exec/s: 761 rss: 444Mb L: 62375/239306 MS: 4 CopyPart-CrossOver-ChangeBinInt-CMP- DE: "\001\000\000\000"-
#5372	REDUCE cov: 1359 ft: 2503 corp: 184/16Mb lim: 239306 exec/s: 767 rss: 444Mb L: 38013/239306 MS: 4 CopyPart-InsertByte-ChangeASCIIInt-EraseBytes-
#5396	REDUCE cov: 1359 ft: 2503 corp: 184/16Mb lim: 239306 exec/s: 770 rss: 444Mb L: 113019/239306 MS: 4 InsertRepeatedBytes-CopyPart-InsertByte-EraseBytes-
#5422	REDUCE cov: 1359 ft: 2503 corp: 184/16Mb lim: 239306 exec/s: 774 rss: 444Mb L: 34842/239306 MS: 1 EraseBytes-
#5465	REDUCE cov: 1359 ft: 2503 corp: 184/16370Kb lim: 239306 exec/s: 780 rss: 444Mb L: 83358/239306 MS: 3 ChangeASCIIInt-ChangeBit-EraseBytes-
#5480	REDUCE cov: 1359 ft: 2503 corp: 184/16365Kb lim: 239306 exec/s: 782 rss: 444Mb L: 54372/239306 MS: 5 PersAutoDict-EraseBytes-ChangeASCIIInt-PersAutoDict-CopyPart- DE: "\260\000\000\000\000\000\000\000"-"\000\000\000\000\000\000\000\000"-
#5500	REDUCE cov: 1359 ft: 2503 corp: 184/16365Kb lim: 239306 exec/s: 785 rss: 444Mb L: 54887/239306 MS: 5 InsertByte-InsertRepeatedBytes-ChangeBinInt-InsertRepeatedBytes-EraseBytes-
#5529	REDUCE cov: 1359 ft: 2503 corp: 184/16364Kb lim: 239306 exec/s: 789 rss: 444Mb L: 5595/239306 MS: 4 CopyPart-InsertByte-CrossOver-EraseBytes-
#5580	REDUCE cov: 1359 ft: 2503 corp: 184/16333Kb lim: 239306 exec/s: 797 rss: 444Mb L: 57060/239306 MS: 1 EraseBytes-
#5596	REDUCE cov: 1359 ft: 2503 corp: 184/16298Kb lim: 239306 exec/s: 799 rss: 444Mb L: 53839/239306 MS: 1 EraseBytes-
#5759	REDUCE cov: 1363 ft: 2508 corp: 185/16298Kb lim: 239306 exec/s: 822 rss: 444Mb L: 626/239306 MS: 3 ChangeBinInt-ChangeASCIIInt-InsertRepeatedBytes-
#5815	REDUCE cov: 1363 ft: 2508 corp: 185/16290Kb lim: 239306 exec/s: 830 rss: 444Mb L: 18204/239306 MS: 1 EraseBytes-
#5827	REDUCE cov: 1363 ft: 2508 corp: 185/16217Kb lim: 239306 exec/s: 832 rss: 444Mb L: 47163/239306 MS: 2 CrossOver-PersAutoDict- DE: "\001\000\000\000"-
#5852	REDUCE cov: 1363 ft: 2508 corp: 185/16186Kb lim: 239306 exec/s: 836 rss: 444Mb L: 35459/239306 MS: 5 ChangeBit-CrossOver-EraseBytes-ChangeBit-CrossOver-
#5858	REDUCE cov: 1363 ft: 2508 corp: 185/16184Kb lim: 239306 exec/s: 836 rss: 444Mb L: 30660/239306 MS: 1 EraseBytes-
#5885	REDUCE cov: 1363 ft: 2508 corp: 185/16122Kb lim: 239306 exec/s: 840 rss: 444Mb L: 171650/239306 MS: 2 CopyPart-EraseBytes-
#5909	REDUCE cov: 1363 ft: 2508 corp: 185/16088Kb lim: 239306 exec/s: 844 rss: 444Mb L: 53618/239306 MS: 4 ChangeBit-ChangeASCIIInt-ChangeByte-EraseBytes-
#5942	REDUCE cov: 1363 ft: 2508 corp: 185/16085Kb lim: 239306 exec/s: 742 rss: 444Mb L: 84682/239306 MS: 3 ShuffleBytes-ChangeByte-EraseBytes-
#5943	REDUCE cov: 1363 ft: 2508 corp: 185/16078Kb lim: 239306 exec/s: 742 rss: 444Mb L: 24104/239306 MS: 1 EraseBytes-
#5961	REDUCE cov: 1363 ft: 2508 corp: 185/16066Kb lim: 239306 exec/s: 745 rss: 444Mb L: 64103/239306 MS: 3 CopyPart-ChangeBinInt-EraseBytes-
#5977	REDUCE cov: 1363 ft: 2508 corp: 185/16066Kb lim: 239306 exec/s: 747 rss: 444Mb L: 2604/239306 MS: 1 EraseBytes-
#5993	REDUCE cov: 1363 ft: 2508 corp: 185/16066Kb lim: 239306 exec/s: 749 rss: 444Mb L: 813/239306 MS: 1 EraseBytes-
#6000	REDUCE cov: 1363 ft: 2508 corp: 185/16051Kb lim: 239306 exec/s: 750 rss: 444Mb L: 58403/239306 MS: 2 ChangeBinInt-EraseBytes-
#6043	REDUCE cov: 1363 ft: 2508 corp: 185/16051Kb lim: 239306 exec/s: 755 rss: 444Mb L: 54124/239306 MS: 3 ChangeBinInt-ChangeBinInt-EraseBytes-
#6073	REDUCE cov: 1363 ft: 2508 corp: 185/16045Kb lim: 239306 exec/s: 759 rss: 444Mb L: 83883/239306 MS: 5 InsertByte-ChangeASCIIInt-EraseBytes-PersAutoDict-InsertRepeatedBytes- DE: "\001\000\000\000\000\000\000\026"-
#6078	REDUCE cov: 1363 ft: 2508 corp: 185/16044Kb lim: 239306 exec/s: 759 rss: 444Mb L: 43336/239306 MS: 5 CopyPart-InsertRepeatedBytes-ChangeByte-InsertRepeatedBytes-EraseBytes-
#6142	REDUCE cov: 1363 ft: 2508 corp: 185/16011Kb lim: 239306 exec/s: 767 rss: 444Mb L: 54405/239306 MS: 4 ChangeBinInt-ChangeASCIIInt-InsertByte-EraseBytes-
#6161	REDUCE cov: 1363 ft: 2508 corp: 185/16011Kb lim: 239306 exec/s: 770 rss: 444Mb L: 9002/239306 MS: 4 ChangeASCIIInt-ChangeByte-ChangeByte-EraseBytes-
#6207	REDUCE cov: 1363 ft: 2508 corp: 185/15999Kb lim: 239306 exec/s: 775 rss: 444Mb L: 50606/239306 MS: 1 EraseBytes-
#6251	REDUCE cov: 1363 ft: 2508 corp: 185/15978Kb lim: 239306 exec/s: 781 rss: 444Mb L: 34031/239306 MS: 4 ChangeASCIIInt-InsertRepeatedBytes-ChangeASCIIInt-EraseBytes-
#6288	REDUCE cov: 1363 ft: 2508 corp: 185/15951Kb lim: 239306 exec/s: 786 rss: 446Mb L: 71183/239306 MS: 2 CMP-EraseBytes- DE: "\001\000\000\000"-
#6317	REDUCE cov: 1363 ft: 2510 corp: 186/16111Kb lim: 239306 exec/s: 789 rss: 446Mb L: 164005/239306 MS: 4 ChangeASCIIInt-CMP-CopyPart-PersAutoDict- DE: "\377\377"-"\265\000\000\000\000\000\000\000"-
#6342	NEW    cov: 1364 ft: 2511 corp: 187/16290Kb lim: 239306 exec/s: 792 rss: 446Mb L: 183494/239306 MS: 5 ChangeBit-CMP-EraseBytes-CrossOver-CrossOver- DE: "\377\377\377\377\377\377\377\377"-
#6369	REDUCE cov: 1364 ft: 2511 corp: 187/16270Kb lim: 239306 exec/s: 796 rss: 446Mb L: 22771/239306 MS: 2 InsertRepeatedBytes-EraseBytes-
#6445	REDUCE cov: 1364 ft: 2511 corp: 187/16216Kb lim: 239306 exec/s: 805 rss: 446Mb L: 61099/239306 MS: 1 EraseBytes-
#6461	REDUCE cov: 1364 ft: 2511 corp: 187/16207Kb lim: 239306 exec/s: 807 rss: 446Mb L: 41160/239306 MS: 1 EraseBytes-
#6477	REDUCE cov: 1364 ft: 2511 corp: 187/16196Kb lim: 239306 exec/s: 809 rss: 446Mb L: 18657/239306 MS: 1 EraseBytes-
#6508	NEW    cov: 1365 ft: 2512 corp: 188/16205Kb lim: 239306 exec/s: 813 rss: 446Mb L: 9070/239306 MS: 1 CrossOver-
#6553	REDUCE cov: 1365 ft: 2512 corp: 188/16167Kb lim: 239306 exec/s: 819 rss: 446Mb L: 65421/239306 MS: 5 ChangeByte-CopyPart-ChangeASCIIInt-ChangeASCIIInt-EraseBytes-
#6558	NEW    cov: 1367 ft: 2514 corp: 189/16308Kb lim: 239306 exec/s: 819 rss: 446Mb L: 143439/239306 MS: 5 ChangeByte-InsertByte-ShuffleBytes-InsertRepeatedBytes-CMP- DE: "\001\000"-
#6613	REDUCE cov: 1367 ft: 2514 corp: 189/16289Kb lim: 239306 exec/s: 826 rss: 446Mb L: 220578/239306 MS: 5 CopyPart-ChangeASCIIInt-ChangeASCIIInt-ShuffleBytes-EraseBytes-
#6633	REDUCE cov: 1367 ft: 2514 corp: 189/16282Kb lim: 239306 exec/s: 829 rss: 446Mb L: 116208/239306 MS: 5 ChangeByte-ChangeByte-ChangeByte-ChangeByte-EraseBytes-
#6711	NEW    cov: 1367 ft: 2515 corp: 190/16370Kb lim: 239306 exec/s: 838 rss: 446Mb L: 89737/239306 MS: 3 ChangeByte-CopyPart-PersAutoDict- DE: "\000\000\000\000\000\000\000\000"-
#6752	REDUCE cov: 1367 ft: 2515 corp: 190/16359Kb lim: 239306 exec/s: 844 rss: 446Mb L: 208868/239306 MS: 1 EraseBytes-
#6780	REDUCE cov: 1367 ft: 2515 corp: 190/16349Kb lim: 239306 exec/s: 847 rss: 446Mb L: 48320/239306 MS: 3 InsertRepeatedBytes-PersAutoDict-EraseBytes- DE: "Q\023\000\000\000\000\000\000"-
#6786	REDUCE cov: 1367 ft: 2515 corp: 190/16348Kb lim: 239306 exec/s: 848 rss: 446Mb L: 28739/239306 MS: 1 EraseBytes-
#6803	REDUCE cov: 1367 ft: 2515 corp: 190/16310Kb lim: 239306 exec/s: 850 rss: 446Mb L: 67460/239306 MS: 2 PersAutoDict-EraseBytes- DE: "\001\000"-
#6804	REDUCE cov: 1367 ft: 2515 corp: 190/16176Kb lim: 239306 exec/s: 850 rss: 446Mb L: 74236/239306 MS: 1 CrossOver-
#6805	REDUCE cov: 1367 ft: 2515 corp: 190/16170Kb lim: 239306 exec/s: 850 rss: 446Mb L: 83389/239306 MS: 1 EraseBytes-
#6811	REDUCE cov: 1367 ft: 2516 corp: 191/16Mb lim: 239306 exec/s: 851 rss: 449Mb L: 233756/239306 MS: 1 CopyPart-
#6832	NEW    cov: 1367 ft: 2517 corp: 192/16Mb lim: 239306 exec/s: 854 rss: 450Mb L: 626/239306 MS: 1 ChangeBit-
#6837	REDUCE cov: 1367 ft: 2517 corp: 192/16Mb lim: 239306 exec/s: 854 rss: 450Mb L: 18374/239306 MS: 5 ChangeBinInt-CrossOver-ChangeByte-ShuffleBytes-EraseBytes-
#6901	REDUCE cov: 1367 ft: 2517 corp: 192/16356Kb lim: 239306 exec/s: 862 rss: 453Mb L: 33871/239306 MS: 4 ChangeBinInt-ChangeBinInt-PersAutoDict-EraseBytes- DE: "J\222$I\222$I\002"-
#6923	REDUCE cov: 1367 ft: 2517 corp: 192/16353Kb lim: 239306 exec/s: 865 rss: 455Mb L: 77815/239306 MS: 2 EraseBytes-ChangeByte-
#6959	REDUCE cov: 1367 ft: 2517 corp: 192/16351Kb lim: 239306 exec/s: 869 rss: 455Mb L: 53116/239306 MS: 1 EraseBytes-
#6960	REDUCE cov: 1367 ft: 2517 corp: 192/16301Kb lim: 239306 exec/s: 870 rss: 455Mb L: 71573/239306 MS: 1 EraseBytes-
#6973	REDUCE cov: 1367 ft: 2517 corp: 192/16278Kb lim: 239306 exec/s: 774 rss: 455Mb L: 66184/239306 MS: 3 ChangeByte-ShuffleBytes-EraseBytes-
#7009	REDUCE cov: 1367 ft: 2517 corp: 192/16250Kb lim: 239306 exec/s: 778 rss: 457Mb L: 44110/239306 MS: 1 EraseBytes-
#7064	REDUCE cov: 1367 ft: 2528 corp: 193/16300Kb lim: 239306 exec/s: 784 rss: 457Mb L: 52030/239306 MS: 5 CrossOver-EraseBytes-InsertRepeatedBytes-ChangeBinInt-EraseBytes-
#7072	REDUCE cov: 1367 ft: 2528 corp: 193/16276Kb lim: 239306 exec/s: 785 rss: 457Mb L: 58893/239306 MS: 3 ChangeByte-InsertByte-EraseBytes-
#7105	REDUCE cov: 1367 ft: 2528 corp: 193/16265Kb lim: 239306 exec/s: 789 rss: 461Mb L: 42013/239306 MS: 3 ChangeByte-ChangeBinInt-EraseBytes-
#7175	REDUCE cov: 1367 ft: 2528 corp: 193/16259Kb lim: 239306 exec/s: 797 rss: 461Mb L: 17753/239306 MS: 5 ShuffleBytes-PersAutoDict-ChangeByte-ShuffleBytes-EraseBytes- DE: "\377\377\377\377"-
#7190	REDUCE cov: 1367 ft: 2528 corp: 193/16221Kb lim: 239306 exec/s: 798 rss: 461Mb L: 26433/239306 MS: 5 ChangeByte-InsertRepeatedBytes-PersAutoDict-InsertRepeatedBytes-CrossOver- DE: "\001\000\000\000\000\000\000\000"-
#7204	REDUCE cov: 1367 ft: 2528 corp: 193/16207Kb lim: 239306 exec/s: 800 rss: 461Mb L: 130673/239306 MS: 4 ChangeBinInt-ChangeBinInt-CrossOver-EraseBytes-
#7235	REDUCE cov: 1367 ft: 2528 corp: 193/16199Kb lim: 239306 exec/s: 803 rss: 461Mb L: 50863/239306 MS: 1 EraseBytes-
#7301	NEW    cov: 1367 ft: 2530 corp: 194/16200Kb lim: 239306 exec/s: 811 rss: 461Mb L: 626/239306 MS: 1 ChangeBit-
#7310	REDUCE cov: 1367 ft: 2530 corp: 194/16189Kb lim: 239306 exec/s: 812 rss: 461Mb L: 17591/239306 MS: 4 ShuffleBytes-InsertRepeatedBytes-ChangeBinInt-EraseBytes-
#7475	REDUCE cov: 1367 ft: 2530 corp: 194/16145Kb lim: 239306 exec/s: 830 rss: 464Mb L: 165909/239306 MS: 5 ChangeASCIIInt-PersAutoDict-ChangeBinInt-ShuffleBytes-EraseBytes- DE: "\001\000\000\000\000\000\000\026"-
#7598	REDUCE cov: 1367 ft: 2530 corp: 194/16111Kb lim: 239306 exec/s: 844 rss: 464Mb L: 64656/239306 MS: 3 ChangeASCIIInt-ChangeBit-CrossOver-
#7670	REDUCE cov: 1367 ft: 2530 corp: 194/16111Kb lim: 239306 exec/s: 852 rss: 464Mb L: 3592/239306 MS: 2 InsertRepeatedBytes-EraseBytes-
#7671	REDUCE cov: 1367 ft: 2530 corp: 194/16110Kb lim: 239306 exec/s: 852 rss: 464Mb L: 15980/239306 MS: 1 EraseBytes-
#7701	REDUCE cov: 1367 ft: 2530 corp: 194/16110Kb lim: 239306 exec/s: 855 rss: 464Mb L: 1208/239306 MS: 5 ChangeBinInt-ShuffleBytes-InsertByte-ChangeBit-EraseBytes-
#7810	REDUCE cov: 1367 ft: 2530 corp: 194/16108Kb lim: 239306 exec/s: 867 rss: 464Mb L: 1863/239306 MS: 4 PersAutoDict-ChangeByte-ChangeBinInt-EraseBytes- DE: "\260\000\000\000\000\000\000\000"-
#7841	REDUCE cov: 1367 ft: 2530 corp: 194/16104Kb lim: 239306 exec/s: 871 rss: 464Mb L: 30196/239306 MS: 1 EraseBytes-
#7847	REDUCE cov: 1367 ft: 2530 corp: 194/16091Kb lim: 239306 exec/s: 871 rss: 464Mb L: 15259/239306 MS: 1 EraseBytes-
#7908	NEW    cov: 1367 ft: 2531 corp: 195/16092Kb lim: 239306 exec/s: 878 rss: 464Mb L: 626/239306 MS: 1 ChangeBit-
#8026	REDUCE cov: 1367 ft: 2531 corp: 195/16071Kb lim: 239306 exec/s: 802 rss: 464Mb L: 50190/239306 MS: 3 ChangeBit-InsertRepeatedBytes-EraseBytes-
#8072	REDUCE cov: 1367 ft: 2531 corp: 195/16066Kb lim: 239306 exec/s: 807 rss: 464Mb L: 160250/239306 MS: 1 EraseBytes-
#8135	REDUCE cov: 1367 ft: 2531 corp: 195/16066Kb lim: 239306 exec/s: 813 rss: 464Mb L: 436/239306 MS: 3 ChangeBit-ChangeByte-EraseBytes-
#8141	REDUCE cov: 1367 ft: 2531 corp: 195/16065Kb lim: 239306 exec/s: 814 rss: 464Mb L: 73276/239306 MS: 1 EraseBytes-
#8143	REDUCE cov: 1367 ft: 2531 corp: 195/16048Kb lim: 239306 exec/s: 814 rss: 464Mb L: 33476/239306 MS: 2 PersAutoDict-EraseBytes- DE: "\000\000\000\000\000\000\000\000"-
#8192	pulse  cov: 1367 ft: 2531 corp: 195/16048Kb lim: 239306 exec/s: 819 rss: 464Mb
#8210	REDUCE cov: 1367 ft: 2531 corp: 195/16037Kb lim: 239306 exec/s: 821 rss: 464Mb L: 42899/239306 MS: 2 InsertByte-EraseBytes-
#8214	REDUCE cov: 1367 ft: 2531 corp: 195/15974Kb lim: 239306 exec/s: 821 rss: 464Mb L: 156382/239306 MS: 4 ChangeASCIIInt-PersAutoDict-EraseBytes-CrossOver- DE: "J\222$I\222$I\002"-
#8273	REDUCE cov: 1367 ft: 2531 corp: 195/15953Kb lim: 239306 exec/s: 827 rss: 464Mb L: 33752/239306 MS: 4 PersAutoDict-EraseBytes-ChangeBinInt-CrossOver- DE: "Q\023\000\000\000\000\000\000"-
#8297	REDUCE cov: 1369 ft: 2533 corp: 196/16002Kb lim: 239306 exec/s: 829 rss: 464Mb L: 49902/239306 MS: 4 InsertByte-ChangeASCIIInt-InsertByte-ChangeBit-
#8321	REDUCE cov: 1369 ft: 2533 corp: 196/15978Kb lim: 239306 exec/s: 832 rss: 464Mb L: 14229/239306 MS: 4 ChangeBit-InsertRepeatedBytes-InsertByte-CrossOver-
#8322	REDUCE cov: 1369 ft: 2533 corp: 196/15975Kb lim: 239306 exec/s: 832 rss: 464Mb L: 68382/239306 MS: 1 EraseBytes-
#8400	REDUCE cov: 1369 ft: 2533 corp: 196/15958Kb lim: 239306 exec/s: 840 rss: 464Mb L: 75901/239306 MS: 3 ChangeASCIIInt-ChangeASCIIInt-EraseBytes-
#8421	REDUCE cov: 1369 ft: 2533 corp: 196/15951Kb lim: 239306 exec/s: 842 rss: 464Mb L: 16325/239306 MS: 1 EraseBytes-
#8436	REDUCE cov: 1370 ft: 2538 corp: 197/15968Kb lim: 239306 exec/s: 843 rss: 464Mb L: 17762/239306 MS: 5 PersAutoDict-PersAutoDict-InsertByte-ChangeByte-PersAutoDict- DE: "\001\000\000\000\000\000\000\026"-"\377\377\377\377\377\377\377\377"-"\030\000\000\000\000\000\000\000"-
#8449	REDUCE cov: 1370 ft: 2538 corp: 197/15828Kb lim: 239306 exec/s: 844 rss: 464Mb L: 67555/239306 MS: 3 PersAutoDict-CrossOver-CrossOver- DE: "\001\000\000\000\000\000\000\026"-
#8485	REDUCE cov: 1370 ft: 2538 corp: 197/15766Kb lim: 239306 exec/s: 848 rss: 464Mb L: 133530/239306 MS: 1 EraseBytes-
#8492	REDUCE cov: 1370 ft: 2538 corp: 197/15764Kb lim: 239306 exec/s: 849 rss: 464Mb L: 34898/239306 MS: 2 ChangeBinInt-EraseBytes-
#8498	REDUCE cov: 1370 ft: 2538 corp: 197/15763Kb lim: 239306 exec/s: 849 rss: 464Mb L: 16687/239306 MS: 1 EraseBytes-
#8509	REDUCE cov: 1370 ft: 2538 corp: 197/15762Kb lim: 239306 exec/s: 850 rss: 464Mb L: 1653/239306 MS: 1 EraseBytes-
#8514	REDUCE cov: 1370 ft: 2538 corp: 197/15762Kb lim: 239306 exec/s: 851 rss: 464Mb L: 1089/239306 MS: 5 InsertByte-ChangeByte-PersAutoDict-CrossOver-EraseBytes- DE: "\030\000\000\000\000\000\000\000"-
#8561	REDUCE cov: 1370 ft: 2538 corp: 197/15757Kb lim: 239306 exec/s: 856 rss: 464Mb L: 12184/239306 MS: 2 ShuffleBytes-EraseBytes-
#8572	REDUCE cov: 1370 ft: 2538 corp: 197/15757Kb lim: 239306 exec/s: 857 rss: 464Mb L: 466/239306 MS: 1 EraseBytes-
#8612	REDUCE cov: 1370 ft: 2538 corp: 197/15738Kb lim: 239306 exec/s: 861 rss: 464Mb L: 44028/239306 MS: 5 ChangeBit-ChangeBit-ChangeBit-ChangeASCIIInt-EraseBytes-
#8645	REDUCE cov: 1370 ft: 2538 corp: 197/15732Kb lim: 239306 exec/s: 864 rss: 464Mb L: 9825/239306 MS: 3 ChangeBinInt-ShuffleBytes-EraseBytes-
#8672	REDUCE cov: 1370 ft: 2538 corp: 197/15728Kb lim: 239306 exec/s: 867 rss: 464Mb L: 16345/239306 MS: 2 ShuffleBytes-EraseBytes-
#8715	REDUCE cov: 1370 ft: 2538 corp: 197/15724Kb lim: 239306 exec/s: 871 rss: 464Mb L: 13867/239306 MS: 3 PersAutoDict-CMP-EraseBytes- DE: "\000\000\000\000\000\000\000\002"-"\001\000"-
#8718	REDUCE cov: 1370 ft: 2538 corp: 197/15692Kb lim: 239306 exec/s: 871 rss: 464Mb L: 61737/239306 MS: 3 ShuffleBytes-ShuffleBytes-EraseBytes-
#8723	REDUCE cov: 1370 ft: 2538 corp: 197/15677Kb lim: 239306 exec/s: 872 rss: 464Mb L: 51283/239306 MS: 5 ChangeBit-ShuffleBytes-ChangeByte-ChangeASCIIInt-EraseBytes-
#8757	REDUCE cov: 1370 ft: 2538 corp: 197/15676Kb lim: 239306 exec/s: 875 rss: 464Mb L: 836/239306 MS: 4 InsertRepeatedBytes-PersAutoDict-ChangeBit-EraseBytes- DE: "\000\000\000\000\000\000\000\000\000\000\000\000\000\000\000\000\000\000\000\000\000\000\000\000\000\000\000\000\000\000\000\000"-
#8874	REDUCE cov: 1370 ft: 2538 corp: 197/15669Kb lim: 239306 exec/s: 887 rss: 464Mb L: 11596/239306 MS: 2 ShuffleBytes-EraseBytes-
#8900	REDUCE cov: 1370 ft: 2538 corp: 197/15667Kb lim: 239306 exec/s: 890 rss: 464Mb L: 30871/239306 MS: 1 EraseBytes-
#8926	REDUCE cov: 1370 ft: 2538 corp: 197/15664Kb lim: 239306 exec/s: 892 rss: 464Mb L: 17864/239306 MS: 1 EraseBytes-
#8938	REDUCE cov: 1370 ft: 2538 corp: 197/15657Kb lim: 239306 exec/s: 893 rss: 464Mb L: 21462/239306 MS: 2 InsertRepeatedBytes-EraseBytes-
#8945	REDUCE cov: 1371 ft: 2539 corp: 198/15677Kb lim: 239306 exec/s: 894 rss: 464Mb L: 20439/239306 MS: 2 InsertByte-CopyPart-
#8994	REDUCE cov: 1371 ft: 2539 corp: 198/15665Kb lim: 239306 exec/s: 899 rss: 464Mb L: 37022/239306 MS: 4 ChangeBinInt-EraseBytes-ChangeByte-ChangeBinInt-
#9035	REDUCE cov: 1371 ft: 2539 corp: 198/15662Kb lim: 239306 exec/s: 821 rss: 464Mb L: 13212/239306 MS: 1 EraseBytes-
#9175	REDUCE cov: 1371 ft: 2539 corp: 198/15574Kb lim: 239306 exec/s: 834 rss: 464Mb L: 73561/239306 MS: 5 CopyPart-ShuffleBytes-InsertByte-ShuffleBytes-CrossOver-
#9176	REDUCE cov: 1373 ft: 2541 corp: 199/15574Kb lim: 239306 exec/s: 834 rss: 464Mb L: 474/239306 MS: 1 PersAutoDict- DE: "\030\000\000\000\000\000\000\000"-
#9192	REDUCE cov: 1373 ft: 2541 corp: 199/15518Kb lim: 239306 exec/s: 835 rss: 464Mb L: 110797/239306 MS: 1 EraseBytes-
#9333	REDUCE cov: 1373 ft: 2541 corp: 199/15507Kb lim: 239306 exec/s: 848 rss: 464Mb L: 38344/239306 MS: 1 EraseBytes-
#9357	REDUCE cov: 1373 ft: 2541 corp: 199/15504Kb lim: 239306 exec/s: 850 rss: 464Mb L: 15026/239306 MS: 4 InsertByte-ShuffleBytes-ChangeASCIIInt-EraseBytes-
#9530	REDUCE cov: 1373 ft: 2541 corp: 199/15503Kb lim: 239306 exec/s: 866 rss: 464Mb L: 41036/239306 MS: 3 ChangeASCIIInt-ChangeBit-EraseBytes-
#9531	REDUCE cov: 1373 ft: 2541 corp: 199/15499Kb lim: 239306 exec/s: 866 rss: 464Mb L: 52755/239306 MS: 1 EraseBytes-
#9535	REDUCE cov: 1373 ft: 2541 corp: 199/15456Kb lim: 239306 exec/s: 866 rss: 464Mb L: 45645/239306 MS: 4 ChangeASCIIInt-InsertByte-ChangeByte-EraseBytes-
#9547	REDUCE cov: 1373 ft: 2541 corp: 199/15413Kb lim: 239306 exec/s: 867 rss: 464Mb L: 10983/239306 MS: 2 ShuffleBytes-CrossOver-
#9548	REDUCE cov: 1373 ft: 2541 corp: 199/15412Kb lim: 239306 exec/s: 868 rss: 464Mb L: 34397/239306 MS: 1 EraseBytes-
#9581	REDUCE cov: 1373 ft: 2541 corp: 199/15412Kb lim: 239306 exec/s: 871 rss: 464Mb L: 383/239306 MS: 3 ChangeBinInt-ChangeASCIIInt-EraseBytes-
#9639	REDUCE cov: 1373 ft: 2541 corp: 199/15410Kb lim: 239306 exec/s: 876 rss: 464Mb L: 2600/239306 MS: 3 InsertByte-CMP-EraseBytes- DE: "\377\377\377\377\377\377\377\003"-
#9733	REDUCE cov: 1373 ft: 2541 corp: 199/15375Kb lim: 239306 exec/s: 884 rss: 464Mb L: 44431/239306 MS: 4 CopyPart-ShuffleBytes-ShuffleBytes-EraseBytes-
#9770	REDUCE cov: 1373 ft: 2541 corp: 199/15368Kb lim: 239306 exec/s: 888 rss: 464Mb L: 19731/239306 MS: 2 ChangeByte-EraseBytes-
#9776	REDUCE cov: 1373 ft: 2541 corp: 199/15368Kb lim: 239306 exec/s: 888 rss: 464Mb L: 50985/239306 MS: 1 EraseBytes-
#9782	REDUCE cov: 1373 ft: 2541 corp: 199/15365Kb lim: 239306 exec/s: 889 rss: 464Mb L: 10195/239306 MS: 1 EraseBytes-
#9798	REDUCE cov: 1373 ft: 2541 corp: 199/15364Kb lim: 239306 exec/s: 890 rss: 464Mb L: 8894/239306 MS: 1 EraseBytes-
#9831	REDUCE cov: 1373 ft: 2541 corp: 199/15348Kb lim: 239306 exec/s: 893 rss: 464Mb L: 22651/239306 MS: 3 InsertRepeatedBytes-ChangeBinInt-EraseBytes-
#9842	REDUCE cov: 1373 ft: 2541 corp: 199/15342Kb lim: 239306 exec/s: 894 rss: 464Mb L: 7685/239306 MS: 1 EraseBytes-
#9863	REDUCE cov: 1373 ft: 2541 corp: 199/15317Kb lim: 239306 exec/s: 896 rss: 464Mb L: 47913/239306 MS: 1 EraseBytes-
#9879	NEW    cov: 1374 ft: 2542 corp: 200/15318Kb lim: 239306 exec/s: 898 rss: 464Mb L: 502/239306 MS: 1 EraseBytes-
#9930	REDUCE cov: 1374 ft: 2542 corp: 200/15301Kb lim: 239306 exec/s: 902 rss: 464Mb L: 17888/239306 MS: 1 EraseBytes-
#9931	REDUCE cov: 1374 ft: 2542 corp: 200/15295Kb lim: 239306 exec/s: 902 rss: 464Mb L: 45013/239306 MS: 1 CrossOver-
#9992	REDUCE cov: 1374 ft: 2542 corp: 200/15251Kb lim: 239306 exec/s: 832 rss: 464Mb L: 116476/239306 MS: 1 EraseBytes-
#9997	REDUCE cov: 1374 ft: 2542 corp: 200/15240Kb lim: 239306 exec/s: 833 rss: 464Mb L: 25531/239306 MS: 5 ChangeASCIIInt-ShuffleBytes-EraseBytes-CopyPart-PersAutoDict- DE: "\000\000\000\000"-
#10003	REDUCE cov: 1374 ft: 2542 corp: 200/15233Kb lim: 239306 exec/s: 833 rss: 464Mb L: 12293/239306 MS: 1 EraseBytes-
#10019	NEW    cov: 1374 ft: 2556 corp: 201/15233Kb lim: 239306 exec/s: 834 rss: 464Mb L: 596/239306 MS: 1 InsertByte-
#10050	REDUCE cov: 1374 ft: 2556 corp: 201/15233Kb lim: 239306 exec/s: 837 rss: 464Mb L: 43265/239306 MS: 1 EraseBytes-
#10152	REDUCE cov: 1374 ft: 2556 corp: 201/15230Kb lim: 239306 exec/s: 846 rss: 464Mb L: 14350/239306 MS: 2 CopyPart-EraseBytes-
#10274	REDUCE cov: 1374 ft: 2556 corp: 201/15225Kb lim: 239306 exec/s: 856 rss: 464Mb L: 15321/239306 MS: 2 ChangeASCIIInt-EraseBytes-
#10286	REDUCE cov: 1374 ft: 2556 corp: 201/15225Kb lim: 239306 exec/s: 857 rss: 464Mb L: 3465/239306 MS: 2 InsertByte-EraseBytes-
#10310	REDUCE cov: 1376 ft: 2558 corp: 202/15225Kb lim: 239306 exec/s: 859 rss: 464Mb L: 247/239306 MS: 4 ChangeByte-CrossOver-InsertRepeatedBytes-CMP- DE: "\000\000\000\000\000\000\000\026"-
#10337	REDUCE cov: 1376 ft: 2558 corp: 202/15225Kb lim: 239306 exec/s: 861 rss: 464Mb L: 17508/239306 MS: 2 InsertByte-EraseBytes-
#10339	REDUCE cov: 1376 ft: 2558 corp: 202/15200Kb lim: 239306 exec/s: 861 rss: 464Mb L: 24339/239306 MS: 2 ChangeASCIIInt-CrossOver-
#10342	REDUCE cov: 1376 ft: 2558 corp: 202/15197Kb lim: 239306 exec/s: 861 rss: 464Mb L: 24594/239306 MS: 3 CMP-InsertByte-EraseBytes- DE: "\200\000\000\000\000\000\000\000"-
#10413	REDUCE cov: 1376 ft: 2558 corp: 202/15189Kb lim: 239306 exec/s: 867 rss: 464Mb L: 53982/239306 MS: 1 EraseBytes-
#10420	REDUCE cov: 1376 ft: 2558 corp: 202/15146Kb lim: 239306 exec/s: 868 rss: 464Mb L: 113909/239306 MS: 2 ShuffleBytes-EraseBytes-
#10486	REDUCE cov: 1376 ft: 2558 corp: 202/15145Kb lim: 239306 exec/s: 873 rss: 464Mb L: 1608/239306 MS: 1 EraseBytes-
#10530	REDUCE cov: 1376 ft: 2558 corp: 202/15095Kb lim: 239306 exec/s: 877 rss: 464Mb L: 157760/239306 MS: 4 ChangeBinInt-ChangeASCIIInt-CopyPart-CrossOver-
#10603	REDUCE cov: 1376 ft: 2558 corp: 202/15095Kb lim: 239306 exec/s: 883 rss: 464Mb L: 224/239306 MS: 3 ShuffleBytes-ChangeASCIIInt-EraseBytes-
#10634	REDUCE cov: 1376 ft: 2558 corp: 202/15084Kb lim: 239306 exec/s: 886 rss: 464Mb L: 49279/239306 MS: 1 EraseBytes-
#10688	REDUCE cov: 1376 ft: 2559 corp: 203/15127Kb lim: 239306 exec/s: 890 rss: 473Mb L: 44436/239306 MS: 4 InsertByte-ChangeByte-ShuffleBytes-CMP- DE: "\000\000\000\000"-
#10719	REDUCE cov: 1376 ft: 2559 corp: 203/15116Kb lim: 239306 exec/s: 893 rss: 477Mb L: 26427/239306 MS: 1 EraseBytes-
#10753	REDUCE cov: 1376 ft: 2559 corp: 203/15113Kb lim: 239306 exec/s: 896 rss: 477Mb L: 28392/239306 MS: 4 CrossOver-PersAutoDict-InsertRepeatedBytes-EraseBytes- DE: "\000\000\000\000\000\000\000\026"-
#10765	REDUCE cov: 1376 ft: 2559 corp: 203/15112Kb lim: 239306 exec/s: 897 rss: 477Mb L: 13099/239306 MS: 2 CopyPart-EraseBytes-
#10826	REDUCE cov: 1376 ft: 2559 corp: 203/15062Kb lim: 239306 exec/s: 902 rss: 477Mb L: 56347/239306 MS: 1 EraseBytes-
#10889	REDUCE cov: 1376 ft: 2559 corp: 203/15051Kb lim: 239306 exec/s: 907 rss: 477Mb L: 62603/239306 MS: 3 ChangeASCIIInt-InsertRepeatedBytes-EraseBytes-
#10892	REDUCE cov: 1376 ft: 2560 corp: 204/15051Kb lim: 239306 exec/s: 907 rss: 477Mb L: 442/239306 MS: 3 InsertRepeatedBytes-ChangeBinInt-ChangeBinInt-
#10960	REDUCE cov: 1376 ft: 2560 corp: 204/15018Kb lim: 239306 exec/s: 913 rss: 477Mb L: 129823/239306 MS: 3 ChangeBit-PersAutoDict-EraseBytes- DE: "\377\377\377\377\377\377\377\003"-
#10999	REDUCE cov: 1376 ft: 2560 corp: 204/14998Kb lim: 239306 exec/s: 916 rss: 477Mb L: 30139/239306 MS: 4 ShuffleBytes-CopyPart-CopyPart-EraseBytes-
#11042	REDUCE cov: 1376 ft: 2560 corp: 204/14997Kb lim: 239306 exec/s: 920 rss: 477Mb L: 8477/239306 MS: 3 PersAutoDict-ChangeBit-EraseBytes- DE: "\000\000\000\000\000\000\000\002"-
#11050	REDUCE cov: 1376 ft: 2560 corp: 204/14997Kb lim: 239306 exec/s: 920 rss: 477Mb L: 528/239306 MS: 3 ChangeByte-ChangeASCIIInt-EraseBytes-
#11064	REDUCE cov: 1376 ft: 2560 corp: 204/14978Kb lim: 239306 exec/s: 922 rss: 477Mb L: 71359/239306 MS: 4 ShuffleBytes-InsertByte-ShuffleBytes-EraseBytes-
#11109	REDUCE cov: 1376 ft: 2560 corp: 204/14969Kb lim: 239306 exec/s: 925 rss: 477Mb L: 8976/239306 MS: 5 CrossOver-ChangeBinInt-InsertRepeatedBytes-ChangeBinInt-CrossOver-
#11130	REDUCE cov: 1376 ft: 2560 corp: 204/14969Kb lim: 239306 exec/s: 856 rss: 477Mb L: 198/239306 MS: 1 EraseBytes-
#11137	REDUCE cov: 1376 ft: 2560 corp: 204/14967Kb lim: 239306 exec/s: 856 rss: 477Mb L: 2249/239306 MS: 2 InsertByte-EraseBytes-
#11224	REDUCE cov: 1376 ft: 2560 corp: 204/14954Kb lim: 239306 exec/s: 863 rss: 477Mb L: 76919/239306 MS: 2 CrossOver-EraseBytes-
#11287	REDUCE cov: 1376 ft: 2560 corp: 204/14848Kb lim: 239306 exec/s: 868 rss: 477Mb L: 130914/239306 MS: 3 ChangeBinInt-CMP-EraseBytes- DE: "\377\377\377\377\377\377\377c"-
#11366	NEW    cov: 1376 ft: 2563 corp: 205/14882Kb lim: 239306 exec/s: 874 rss: 477Mb L: 34840/239306 MS: 4 ChangeASCIIInt-ChangeASCIIInt-ChangeByte-CopyPart-
#11375	REDUCE cov: 1376 ft: 2563 corp: 205/14842Kb lim: 239306 exec/s: 875 rss: 477Mb L: 115684/239306 MS: 4 ShuffleBytes-ChangeBinInt-ChangeBinInt-EraseBytes-
#11402	REDUCE cov: 1376 ft: 2563 corp: 205/14842Kb lim: 239306 exec/s: 877 rss: 477Mb L: 155/239306 MS: 2 ChangeBit-EraseBytes-
#11410	REDUCE cov: 1376 ft: 2563 corp: 205/14829Kb lim: 239306 exec/s: 877 rss: 477Mb L: 197487/239306 MS: 3 ChangeASCIIInt-ShuffleBytes-EraseBytes-
#11431	REDUCE cov: 1376 ft: 2563 corp: 205/14821Kb lim: 239306 exec/s: 879 rss: 477Mb L: 12525/239306 MS: 1 EraseBytes-
#11453	REDUCE cov: 1376 ft: 2563 corp: 205/14821Kb lim: 239306 exec/s: 881 rss: 477Mb L: 1202/239306 MS: 2 ShuffleBytes-EraseBytes-
#11524	NEW    cov: 1377 ft: 2564 corp: 206/14821Kb lim: 239306 exec/s: 886 rss: 477Mb L: 252/239306 MS: 1 EraseBytes-
#11545	REDUCE cov: 1377 ft: 2564 corp: 206/14820Kb lim: 239306 exec/s: 888 rss: 477Mb L: 76585/239306 MS: 1 EraseBytes-
#11552	REDUCE cov: 1377 ft: 2564 corp: 206/14797Kb lim: 239306 exec/s: 888 rss: 477Mb L: 97021/239306 MS: 2 CopyPart-EraseBytes-
#11570	REDUCE cov: 1377 ft: 2564 corp: 206/14792Kb lim: 239306 exec/s: 890 rss: 477Mb L: 9412/239306 MS: 3 ChangeASCIIInt-InsertRepeatedBytes-EraseBytes-
#11587	REDUCE cov: 1377 ft: 2564 corp: 206/14788Kb lim: 239306 exec/s: 891 rss: 477Mb L: 41482/239306 MS: 2 ChangeBinInt-EraseBytes-
#11670	REDUCE cov: 1377 ft: 2564 corp: 206/14788Kb lim: 239306 exec/s: 897 rss: 477Mb L: 186/239306 MS: 3 ChangeByte-ChangeByte-EraseBytes-
#11672	REDUCE cov: 1377 ft: 2564 corp: 206/14780Kb lim: 239306 exec/s: 897 rss: 477Mb L: 19863/239306 MS: 2 InsertRepeatedBytes-EraseBytes-
#11700	REDUCE cov: 1377 ft: 2564 corp: 206/14779Kb lim: 239306 exec/s: 900 rss: 477Mb L: 23572/239306 MS: 3 InsertRepeatedBytes-InsertRepeatedBytes-EraseBytes-
#11709	REDUCE cov: 1377 ft: 2564 corp: 206/14777Kb lim: 239306 exec/s: 900 rss: 477Mb L: 11190/239306 MS: 4 ShuffleBytes-CopyPart-InsertRepeatedBytes-EraseBytes-
#11730	REDUCE cov: 1377 ft: 2564 corp: 206/14767Kb lim: 239306 exec/s: 902 rss: 477Mb L: 14192/239306 MS: 1 EraseBytes-
#11736	REDUCE cov: 1377 ft: 2564 corp: 206/14701Kb lim: 239306 exec/s: 902 rss: 477Mb L: 89843/239306 MS: 1 CrossOver-
#11746	REDUCE cov: 1377 ft: 2564 corp: 206/14695Kb lim: 239306 exec/s: 903 rss: 477Mb L: 6867/239306 MS: 5 ChangeBit-CMP-ChangeBinInt-PersAutoDict-EraseBytes- DE: "\001\000"-"\265\000\000\000\000\000\000\000"-
#11751	REDUCE cov: 1377 ft: 2564 corp: 206/14689Kb lim: 239306 exec/s: 903 rss: 477Mb L: 59264/239306 MS: 5 CMP-InsertRepeatedBytes-ChangeBit-ChangeByte-EraseBytes- DE: "\001\000&I\000\035\357\020"-
#11764	REDUCE cov: 1377 ft: 2564 corp: 206/14686Kb lim: 239306 exec/s: 904 rss: 477Mb L: 43351/239306 MS: 3 ChangeByte-InsertRepeatedBytes-EraseBytes-
#11785	REDUCE cov: 1377 ft: 2564 corp: 206/14677Kb lim: 239306 exec/s: 906 rss: 477Mb L: 17199/239306 MS: 1 EraseBytes-
#11803	REDUCE cov: 1377 ft: 2564 corp: 206/14639Kb lim: 239306 exec/s: 907 rss: 477Mb L: 75203/239306 MS: 3 CopyPart-ChangeBit-EraseBytes-
#11905	REDUCE cov: 1377 ft: 2564 corp: 206/14638Kb lim: 239306 exec/s: 915 rss: 477Mb L: 61481/239306 MS: 2 CopyPart-EraseBytes-
#11909	REDUCE cov: 1377 ft: 2564 corp: 206/14622Kb lim: 239306 exec/s: 916 rss: 477Mb L: 113384/239306 MS: 4 ChangeByte-ShuffleBytes-PersAutoDict-EraseBytes- DE: "\200\000\000\000\000\000\000\000"-
#11943	REDUCE cov: 1377 ft: 2564 corp: 206/14596Kb lim: 239306 exec/s: 918 rss: 477Mb L: 103553/239306 MS: 4 CMP-ShuffleBytes-ChangeBit-EraseBytes- DE: "\001\000\000\000"-
#11962	REDUCE cov: 1377 ft: 2564 corp: 206/14592Kb lim: 239306 exec/s: 920 rss: 477Mb L: 8758/239306 MS: 4 ChangeBit-ChangeBinInt-InsertByte-CrossOver-
#11974	REDUCE cov: 1377 ft: 2564 corp: 206/14569Kb lim: 239306 exec/s: 921 rss: 477Mb L: 15897/239306 MS: 2 ChangeBit-CrossOver-
#11990	REDUCE cov: 1377 ft: 2564 corp: 206/14556Kb lim: 239306 exec/s: 922 rss: 477Mb L: 15362/239306 MS: 1 EraseBytes-
#12060	REDUCE cov: 1377 ft: 2564 corp: 206/14540Kb lim: 239306 exec/s: 927 rss: 477Mb L: 114629/239306 MS: 5 PersAutoDict-ChangeBit-InsertRepeatedBytes-ChangeBinInt-EraseBytes- DE: "\001\000\000\000\000\000\000\026"-
#12090	REDUCE cov: 1377 ft: 2564 corp: 206/14509Kb lim: 239306 exec/s: 930 rss: 477Mb L: 35497/239306 MS: 5 InsertByte-ShuffleBytes-InsertByte-ShuffleBytes-EraseBytes-
#12105	REDUCE cov: 1377 ft: 2564 corp: 206/14509Kb lim: 239306 exec/s: 931 rss: 477Mb L: 17707/239306 MS: 5 CopyPart-ChangeASCIIInt-InsertRepeatedBytes-InsertByte-EraseBytes-
#12186	REDUCE cov: 1377 ft: 2564 corp: 206/14509Kb lim: 239306 exec/s: 937 rss: 477Mb L: 513/239306 MS: 1 EraseBytes-
#12205	REDUCE cov: 1377 ft: 2564 corp: 206/14505Kb lim: 239306 exec/s: 938 rss: 477Mb L: 13553/239306 MS: 4 ChangeBit-ChangeByte-InsertByte-EraseBytes-
#12207	REDUCE cov: 1377 ft: 2564 corp: 206/14472Kb lim: 239306 exec/s: 939 rss: 477Mb L: 149574/239306 MS: 2 InsertRepeatedBytes-EraseBytes-
#12243	REDUCE cov: 1377 ft: 2571 corp: 207/14474Kb lim: 239306 exec/s: 941 rss: 477Mb L: 1608/239306 MS: 1 PersAutoDict- DE: "\265\000\000\000\000\000\000\000"-
#12260	REDUCE cov: 1377 ft: 2571 corp: 207/14469Kb lim: 239306 exec/s: 943 rss: 477Mb L: 7867/239306 MS: 2 PersAutoDict-EraseBytes- DE: "\001\000\000\000\000\000\000\000"-
#12278	REDUCE cov: 1377 ft: 2571 corp: 207/14403Kb lim: 239306 exec/s: 944 rss: 477Mb L: 81505/239306 MS: 3 CMP-InsertByte-EraseBytes- DE: "\001\000\000\000"-
#12334	REDUCE cov: 1377 ft: 2571 corp: 207/14402Kb lim: 239306 exec/s: 948 rss: 477Mb L: 1828/239306 MS: 1 EraseBytes-
#12362	REDUCE cov: 1377 ft: 2571 corp: 207/14401Kb lim: 239306 exec/s: 950 rss: 477Mb L: 114944/239306 MS: 3 PersAutoDict-ShuffleBytes-EraseBytes- DE: "\000\000\000\000\000\000\000\000"-
#12384	REDUCE cov: 1377 ft: 2571 corp: 207/14383Kb lim: 239306 exec/s: 884 rss: 477Mb L: 25825/239306 MS: 2 CopyPart-EraseBytes-
#12531	REDUCE cov: 1377 ft: 2571 corp: 207/14363Kb lim: 239306 exec/s: 895 rss: 477Mb L: 113177/239306 MS: 2 ChangeBit-EraseBytes-
#12553	REDUCE cov: 1377 ft: 2571 corp: 207/14363Kb lim: 239306 exec/s: 896 rss: 477Mb L: 17555/239306 MS: 2 ChangeASCIIInt-EraseBytes-
#12579	NEW    cov: 1384 ft: 2607 corp: 208/14363Kb lim: 239306 exec/s: 898 rss: 477Mb L: 626/239306 MS: 1 PersAutoDict- DE: "\001\003"-
#12647	REDUCE cov: 1384 ft: 2607 corp: 208/14355Kb lim: 239306 exec/s: 903 rss: 477Mb L: 53095/239306 MS: 3 CMP-ChangeBit-EraseBytes- DE: "\200\000\000\000\000\000\000\000"-
#12714	REDUCE cov: 1384 ft: 2607 corp: 208/14351Kb lim: 239306 exec/s: 908 rss: 477Mb L: 31628/239306 MS: 2 ChangeASCIIInt-EraseBytes-
#12720	REDUCE cov: 1384 ft: 2607 corp: 208/14340Kb lim: 239306 exec/s: 908 rss: 477Mb L: 64762/239306 MS: 1 EraseBytes-
#12731	REDUCE cov: 1384 ft: 2607 corp: 208/14298Kb lim: 239306 exec/s: 909 rss: 477Mb L: 70556/239306 MS: 1 EraseBytes-
#12738	REDUCE cov: 1384 ft: 2607 corp: 208/14294Kb lim: 239306 exec/s: 909 rss: 477Mb L: 7428/239306 MS: 2 InsertRepeatedBytes-EraseBytes-
#12750	REDUCE cov: 1384 ft: 2607 corp: 208/14259Kb lim: 239306 exec/s: 910 rss: 477Mb L: 175415/239306 MS: 2 ShuffleBytes-EraseBytes-
#12787	REDUCE cov: 1384 ft: 2607 corp: 208/14256Kb lim: 239306 exec/s: 913 rss: 477Mb L: 6497/239306 MS: 2 InsertByte-EraseBytes-
#12788	REDUCE cov: 1384 ft: 2607 corp: 208/14251Kb lim: 239306 exec/s: 913 rss: 477Mb L: 59425/239306 MS: 1 EraseBytes-
#12791	REDUCE cov: 1384 ft: 2607 corp: 208/14249Kb lim: 239306 exec/s: 913 rss: 477Mb L: 28015/239306 MS: 3 InsertRepeatedBytes-PersAutoDict-EraseBytes- DE: "\265\000\000\000\000\000\000\000"-
#12826	REDUCE cov: 1384 ft: 2607 corp: 208/14242Kb lim: 239306 exec/s: 916 rss: 477Mb L: 68039/239306 MS: 5 CopyPart-ChangeByte-InsertRepeatedBytes-CrossOver-EraseBytes-
#12827	REDUCE cov: 1384 ft: 2607 corp: 208/14232Kb lim: 239306 exec/s: 916 rss: 477Mb L: 37604/239306 MS: 1 CrossOver-
#12845	REDUCE cov: 1384 ft: 2607 corp: 208/14227Kb lim: 239306 exec/s: 917 rss: 477Mb L: 7233/239306 MS: 3 ChangeBit-ChangeByte-EraseBytes-
#12846	REDUCE cov: 1384 ft: 2607 corp: 208/14224Kb lim: 239306 exec/s: 917 rss: 477Mb L: 136915/239306 MS: 1 EraseBytes-
#12889	REDUCE cov: 1384 ft: 2607 corp: 208/14192Kb lim: 239306 exec/s: 920 rss: 477Mb L: 81892/239306 MS: 3 ChangeBit-ChangeASCIIInt-EraseBytes-
#12931	REDUCE cov: 1384 ft: 2607 corp: 208/14174Kb lim: 239306 exec/s: 923 rss: 477Mb L: 24852/239306 MS: 2 ChangeBinInt-CrossOver-
#12947	REDUCE cov: 1384 ft: 2607 corp: 208/14169Kb lim: 239306 exec/s: 924 rss: 477Mb L: 8980/239306 MS: 1 EraseBytes-
#12975	REDUCE cov: 1384 ft: 2607 corp: 208/14169Kb lim: 239306 exec/s: 926 rss: 477Mb L: 459/239306 MS: 3 PersAutoDict-PersAutoDict-EraseBytes- DE: "\001\000"-"\000\000\000\000"-
#13032	REDUCE cov: 1384 ft: 2607 corp: 208/14167Kb lim: 239306 exec/s: 930 rss: 477Mb L: 5055/239306 MS: 2 ChangeBit-EraseBytes-
#13050	REDUCE cov: 1384 ft: 2607 corp: 208/14131Kb lim: 239306 exec/s: 932 rss: 477Mb L: 40188/239306 MS: 3 PersAutoDict-ChangeByte-EraseBytes- DE: "\200\000\000\000\000\000\000\000"-
#13071	REDUCE cov: 1384 ft: 2607 corp: 208/14131Kb lim: 239306 exec/s: 933 rss: 477Mb L: 278/239306 MS: 1 EraseBytes-
#13110	REDUCE cov: 1384 ft: 2607 corp: 208/14110Kb lim: 239306 exec/s: 936 rss: 477Mb L: 68012/239306 MS: 4 ChangeASCIIInt-PersAutoDict-InsertByte-EraseBytes- DE: "\000\000"-
#13126	REDUCE cov: 1384 ft: 2607 corp: 208/14095Kb lim: 239306 exec/s: 937 rss: 477Mb L: 37555/239306 MS: 1 EraseBytes-
#13154	REDUCE cov: 1384 ft: 2607 corp: 208/14091Kb lim: 239306 exec/s: 939 rss: 477Mb L: 44089/239306 MS: 3 ChangeBinInt-CopyPart-EraseBytes-
#13211	REDUCE cov: 1384 ft: 2607 corp: 208/14091Kb lim: 239306 exec/s: 943 rss: 477Mb L: 476/239306 MS: 2 ChangeASCIIInt-EraseBytes-
#13249	REDUCE cov: 1384 ft: 2607 corp: 208/14091Kb lim: 239306 exec/s: 946 rss: 477Mb L: 297/239306 MS: 3 ChangeByte-ChangeBit-EraseBytes-
#13274	REDUCE cov: 1384 ft: 2607 corp: 208/14089Kb lim: 239306 exec/s: 948 rss: 477Mb L: 7261/239306 MS: 5 ChangeBit-ChangeByte-CopyPart-ChangeBinInt-EraseBytes-
#13305	REDUCE cov: 1384 ft: 2607 corp: 208/14089Kb lim: 239306 exec/s: 950 rss: 477Mb L: 637/239306 MS: 1 EraseBytes-
#13359	NEW    cov: 1387 ft: 2610 corp: 209/14090Kb lim: 239306 exec/s: 954 rss: 477Mb L: 1203/239306 MS: 4 ChangeBinInt-ChangeByte-ChangeByte-InsertRepeatedBytes-
#13415	REDUCE cov: 1387 ft: 2610 corp: 209/14089Kb lim: 239306 exec/s: 958 rss: 477Mb L: 39477/239306 MS: 1 EraseBytes-
#13451	REDUCE cov: 1387 ft: 2610 corp: 209/14044Kb lim: 239306 exec/s: 960 rss: 477Mb L: 67948/239306 MS: 1 EraseBytes-
#13486	REDUCE cov: 1387 ft: 2610 corp: 209/14036Kb lim: 239306 exec/s: 963 rss: 477Mb L: 30981/239306 MS: 5 ChangeASCIIInt-CMP-ChangeASCIIInt-InsertRepeatedBytes-EraseBytes- DE: "\001\000\000\001"-
#13567	REDUCE cov: 1387 ft: 2610 corp: 209/14033Kb lim: 239306 exec/s: 904 rss: 477Mb L: 31375/239306 MS: 1 EraseBytes-
#13574	REDUCE cov: 1387 ft: 2610 corp: 209/14012Kb lim: 239306 exec/s: 904 rss: 477Mb L: 190001/239306 MS: 2 ShuffleBytes-EraseBytes-
#13582	REDUCE cov: 1387 ft: 2610 corp: 209/14007Kb lim: 239306 exec/s: 905 rss: 477Mb L: 22653/239306 MS: 3 InsertByte-ChangeASCIIInt-EraseBytes-
#13592	REDUCE cov: 1387 ft: 2610 corp: 209/13990Kb lim: 239306 exec/s: 906 rss: 477Mb L: 47568/239306 MS: 5 PersAutoDict-ChangeASCIIInt-ChangeASCIIInt-InsertRepeatedBytes-EraseBytes- DE: "\377\377"-
#13598	REDUCE cov: 1387 ft: 2610 corp: 209/13983Kb lim: 239306 exec/s: 906 rss: 477Mb L: 16174/239306 MS: 1 EraseBytes-
#13625	REDUCE cov: 1387 ft: 2610 corp: 209/13957Kb lim: 239306 exec/s: 908 rss: 477Mb L: 47094/239306 MS: 2 InsertByte-EraseBytes-
#13643	REDUCE cov: 1387 ft: 2610 corp: 209/13953Kb lim: 239306 exec/s: 909 rss: 477Mb L: 13123/239306 MS: 3 CopyPart-CopyPart-EraseBytes-
#13644	REDUCE cov: 1387 ft: 2610 corp: 209/13926Kb lim: 239306 exec/s: 909 rss: 477Mb L: 40689/239306 MS: 1 EraseBytes-
#13660	REDUCE cov: 1387 ft: 2610 corp: 209/13911Kb lim: 239306 exec/s: 910 rss: 477Mb L: 66953/239306 MS: 1 EraseBytes-
#13941	REDUCE cov: 1387 ft: 2610 corp: 209/13911Kb lim: 239306 exec/s: 929 rss: 477Mb L: 12796/239306 MS: 1 EraseBytes-
#13957	REDUCE cov: 1388 ft: 2611 corp: 210/13911Kb lim: 239306 exec/s: 930 rss: 477Mb L: 281/239306 MS: 1 EraseBytes-
#14004	REDUCE cov: 1388 ft: 2611 corp: 210/13908Kb lim: 239306 exec/s: 933 rss: 477Mb L: 38044/239306 MS: 2 ChangeASCIIInt-EraseBytes-
#14060	REDUCE cov: 1388 ft: 2611 corp: 210/13907Kb lim: 239306 exec/s: 937 rss: 477Mb L: 15133/239306 MS: 1 EraseBytes-
#14151	REDUCE cov: 1388 ft: 2611 corp: 210/13907Kb lim: 239306 exec/s: 943 rss: 477Mb L: 864/239306 MS: 1 EraseBytes-
#14154	REDUCE cov: 1388 ft: 2611 corp: 210/13906Kb lim: 239306 exec/s: 943 rss: 477Mb L: 16363/239306 MS: 3 CrossOver-InsertByte-EraseBytes-
#14156	REDUCE cov: 1388 ft: 2611 corp: 210/13896Kb lim: 239306 exec/s: 943 rss: 477Mb L: 12311/239306 MS: 2 CMP-EraseBytes- DE: "\000\000"-
#14158	REDUCE cov: 1388 ft: 2611 corp: 210/13891Kb lim: 239306 exec/s: 943 rss: 477Mb L: 84839/239306 MS: 2 ChangeBit-EraseBytes-
#14226	REDUCE cov: 1388 ft: 2611 corp: 210/13879Kb lim: 239306 exec/s: 948 rss: 477Mb L: 16132/239306 MS: 3 ChangeBit-InsertByte-EraseBytes-
#14245	REDUCE cov: 1388 ft: 2611 corp: 210/13848Kb lim: 239306 exec/s: 949 rss: 477Mb L: 45612/239306 MS: 4 ChangeBit-ChangeBinInt-InsertByte-EraseBytes-
#14299	REDUCE cov: 1388 ft: 2611 corp: 210/13822Kb lim: 239306 exec/s: 953 rss: 477Mb L: 55276/239306 MS: 4 ChangeASCIIInt-ChangeBinInt-InsertRepeatedBytes-EraseBytes-
#14311	REDUCE cov: 1388 ft: 2611 corp: 210/13810Kb lim: 239306 exec/s: 954 rss: 477Mb L: 25354/239306 MS: 2 ChangeByte-EraseBytes-
#14395	REDUCE cov: 1388 ft: 2611 corp: 210/13809Kb lim: 239306 exec/s: 959 rss: 477Mb L: 8149/239306 MS: 4 ChangeBinInt-InsertRepeatedBytes-ChangeBit-EraseBytes-
#14511	REDUCE cov: 1388 ft: 2611 corp: 210/13805Kb lim: 239306 exec/s: 967 rss: 477Mb L: 10098/239306 MS: 1 EraseBytes-
#14573	REDUCE cov: 1388 ft: 2611 corp: 210/13804Kb lim: 239306 exec/s: 971 rss: 477Mb L: 64794/239306 MS: 2 ChangeByte-EraseBytes-
#14710	REDUCE cov: 1388 ft: 2611 corp: 210/13783Kb lim: 239306 exec/s: 980 rss: 477Mb L: 28869/239306 MS: 2 CMP-EraseBytes- DE: "\001\000\000\000\000\000\000\000"-
#14713	REDUCE cov: 1388 ft: 2611 corp: 210/13777Kb lim: 239306 exec/s: 980 rss: 477Mb L: 37445/239306 MS: 3 InsertRepeatedBytes-InsertByte-EraseBytes-
#14727	REDUCE cov: 1388 ft: 2611 corp: 210/13770Kb lim: 239306 exec/s: 981 rss: 477Mb L: 52595/239306 MS: 4 InsertByte-CopyPart-ChangeASCIIInt-EraseBytes-
#14779	REDUCE cov: 1388 ft: 2611 corp: 210/13770Kb lim: 239306 exec/s: 985 rss: 477Mb L: 73475/239306 MS: 2 PersAutoDict-EraseBytes- DE: "\001\003"-
#14865	REDUCE cov: 1388 ft: 2611 corp: 210/13750Kb lim: 239306 exec/s: 929 rss: 477Mb L: 56015/239306 MS: 1 EraseBytes-
#14878	REDUCE cov: 1388 ft: 2611 corp: 210/13736Kb lim: 239306 exec/s: 929 rss: 477Mb L: 32182/239306 MS: 3 ChangeBit-ChangeByte-EraseBytes-
#14889	REDUCE cov: 1388 ft: 2611 corp: 210/13714Kb lim: 239306 exec/s: 930 rss: 477Mb L: 92711/239306 MS: 1 EraseBytes-
#14945	REDUCE cov: 1388 ft: 2611 corp: 210/13701Kb lim: 239306 exec/s: 934 rss: 477Mb L: 21467/239306 MS: 1 EraseBytes-
#15031	REDUCE cov: 1388 ft: 2611 corp: 210/13701Kb lim: 239306 exec/s: 939 rss: 477Mb L: 21967/239306 MS: 1 EraseBytes-
#15236	REDUCE cov: 1388 ft: 2611 corp: 210/13700Kb lim: 239306 exec/s: 952 rss: 477Mb L: 76075/239306 MS: 5 PersAutoDict-CrossOver-ChangeByte-ChangeBinInt-CopyPart- DE: "\001\000\000\000\000\000\000\026"-
#15265	REDUCE cov: 1388 ft: 2611 corp: 210/13700Kb lim: 239306 exec/s: 954 rss: 477Mb L: 171/239306 MS: 4 InsertRepeatedBytes-ChangeBit-InsertByte-EraseBytes-
#15371	REDUCE cov: 1388 ft: 2611 corp: 210/13693Kb lim: 239306 exec/s: 960 rss: 477Mb L: 37223/239306 MS: 1 EraseBytes-
#15413	REDUCE cov: 1388 ft: 2611 corp: 210/13691Kb lim: 239306 exec/s: 963 rss: 477Mb L: 6951/239306 MS: 2 CrossOver-EraseBytes-
#15479	REDUCE cov: 1388 ft: 2611 corp: 210/13691Kb lim: 239306 exec/s: 967 rss: 477Mb L: 115003/239306 MS: 1 EraseBytes-
#15516	REDUCE cov: 1389 ft: 2612 corp: 211/13692Kb lim: 239306 exec/s: 969 rss: 477Mb L: 1715/239306 MS: 2 InsertByte-CrossOver-
#15533	REDUCE cov: 1389 ft: 2612 corp: 211/13690Kb lim: 239306 exec/s: 970 rss: 477Mb L: 4978/239306 MS: 2 InsertRepeatedBytes-EraseBytes-
#15575	REDUCE cov: 1389 ft: 2612 corp: 211/13673Kb lim: 239306 exec/s: 973 rss: 477Mb L: 72117/239306 MS: 2 ChangeASCIIInt-EraseBytes-
#15583	REDUCE cov: 1389 ft: 2612 corp: 211/13673Kb lim: 239306 exec/s: 973 rss: 477Mb L: 152/239306 MS: 3 ChangeBit-ChangeBit-EraseBytes-
#15587	REDUCE cov: 1389 ft: 2612 corp: 211/13660Kb lim: 239306 exec/s: 974 rss: 477Mb L: 28072/239306 MS: 4 PersAutoDict-ChangeByte-PersAutoDict-CrossOver- DE: "\377\377\377\377\377\377\377\003"-"\000\000\000\000"-
#15599	REDUCE cov: 1389 ft: 2612 corp: 211/13653Kb lim: 239306 exec/s: 974 rss: 477Mb L: 42649/239306 MS: 2 ChangeASCIIInt-EraseBytes-
#15615	REDUCE cov: 1389 ft: 2616 corp: 212/13703Kb lim: 239306 exec/s: 975 rss: 477Mb L: 50993/239306 MS: 1 CMP- DE: "\001\000\000\000\000\000\000\002"-
#15619	REDUCE cov: 1389 ft: 2616 corp: 212/13703Kb lim: 239306 exec/s: 976 rss: 477Mb L: 1176/239306 MS: 4 ShuffleBytes-CopyPart-InsertRepeatedBytes-EraseBytes-
#15682	REDUCE cov: 1389 ft: 2616 corp: 212/13695Kb lim: 239306 exec/s: 980 rss: 477Mb L: 11490/239306 MS: 3 ChangeByte-InsertByte-EraseBytes-
#15740	REDUCE cov: 1391 ft: 2618 corp: 213/13695Kb lim: 239306 exec/s: 983 rss: 477Mb L: 480/239306 MS: 3 CopyPart-CopyPart-CopyPart-
#15803	REDUCE cov: 1391 ft: 2618 corp: 213/13695Kb lim: 239306 exec/s: 987 rss: 477Mb L: 1116/239306 MS: 3 InsertRepeatedBytes-ChangeByte-EraseBytes-
#15829	REDUCE cov: 1391 ft: 2618 corp: 213/13695Kb lim: 239306 exec/s: 989 rss: 477Mb L: 82/239306 MS: 1 EraseBytes-
#15889	REDUCE cov: 1391 ft: 2618 corp: 213/13689Kb lim: 239306 exec/s: 993 rss: 477Mb L: 16557/239306 MS: 5 InsertByte-ChangeBit-ChangeByte-PersAutoDict-EraseBytes- DE: "\260\000\000\000\000\000\000\000"-
#15925	REDUCE cov: 1391 ft: 2618 corp: 213/13687Kb lim: 239306 exec/s: 995 rss: 477Mb L: 14823/239306 MS: 1 EraseBytes-
#15929	REDUCE cov: 1391 ft: 2618 corp: 213/13670Kb lim: 239306 exec/s: 995 rss: 477Mb L: 25102/239306 MS: 4 ChangeASCIIInt-ChangeBinInt-ChangeByte-EraseBytes-
#15968	REDUCE cov: 1391 ft: 2618 corp: 213/13669Kb lim: 239306 exec/s: 998 rss: 477Mb L: 971/239306 MS: 4 InsertRepeatedBytes-ChangeByte-InsertByte-EraseBytes-
#15991	REDUCE cov: 1392 ft: 2619 corp: 214/13669Kb lim: 239306 exec/s: 999 rss: 477Mb L: 139/239306 MS: 3 PersAutoDict-ChangeBit-EraseBytes- DE: "Q\023\000\000\000\000\000\000"-
#15992	REDUCE cov: 1392 ft: 2619 corp: 214/13668Kb lim: 239306 exec/s: 999 rss: 477Mb L: 35636/239306 MS: 1 EraseBytes-
#16007	REDUCE cov: 1392 ft: 2619 corp: 214/13667Kb lim: 239306 exec/s: 1000 rss: 477Mb L: 5767/239306 MS: 5 ChangeASCIIInt-PersAutoDict-ChangeBit-ChangeByte-EraseBytes- DE: "\000\000\000\000\000\000\000\002"-
#16009	REDUCE cov: 1392 ft: 2619 corp: 214/13666Kb lim: 239306 exec/s: 1000 rss: 477Mb L: 1203/239306 MS: 2 CopyPart-EraseBytes-
#16030	REDUCE cov: 1392 ft: 2619 corp: 214/13666Kb lim: 239306 exec/s: 1001 rss: 477Mb L: 354/239306 MS: 1 EraseBytes-
#16147	REDUCE cov: 1392 ft: 2619 corp: 214/13650Kb lim: 239306 exec/s: 1009 rss: 477Mb L: 35695/239306 MS: 2 CopyPart-EraseBytes-
#16184	REDUCE cov: 1392 ft: 2619 corp: 214/13639Kb lim: 239306 exec/s: 1011 rss: 477Mb L: 25089/239306 MS: 2 ChangeBit-EraseBytes-
#16247	REDUCE cov: 1393 ft: 2620 corp: 215/13640Kb lim: 239306 exec/s: 955 rss: 477Mb L: 1143/239306 MS: 3 CrossOver-ChangeByte-ChangeBinInt-
#16283	REDUCE cov: 1393 ft: 2620 corp: 215/13639Kb lim: 239306 exec/s: 957 rss: 477Mb L: 7442/239306 MS: 1 EraseBytes-
#16284	REDUCE cov: 1393 ft: 2620 corp: 215/13632Kb lim: 239306 exec/s: 957 rss: 477Mb L: 21261/239306 MS: 1 EraseBytes-
#16307	REDUCE cov: 1393 ft: 2620 corp: 215/13623Kb lim: 239306 exec/s: 959 rss: 477Mb L: 12948/239306 MS: 3 ShuffleBytes-ChangeBinInt-EraseBytes-
#16309	REDUCE cov: 1393 ft: 2620 corp: 215/13616Kb lim: 239306 exec/s: 959 rss: 477Mb L: 82150/239306 MS: 2 PersAutoDict-EraseBytes- DE: "\377\377\377\377\377\377\377\003"-
#16317	REDUCE cov: 1393 ft: 2624 corp: 216/13652Kb lim: 239306 exec/s: 959 rss: 477Mb L: 36677/239306 MS: 3 ChangeBinInt-CMP-EraseBytes- DE: "\001\000\000\000"-
#16331	REDUCE cov: 1393 ft: 2624 corp: 216/13645Kb lim: 239306 exec/s: 960 rss: 477Mb L: 45590/239306 MS: 4 ChangeASCIIInt-PersAutoDict-ChangeASCIIInt-EraseBytes- DE: "\265\000\000\000\000\000\000\000"-
#16334	REDUCE cov: 1393 ft: 2624 corp: 216/13634Kb lim: 239306 exec/s: 960 rss: 477Mb L: 14010/239306 MS: 3 ShuffleBytes-ShuffleBytes-EraseBytes-
#16368	REDUCE cov: 1393 ft: 2624 corp: 216/13627Kb lim: 239306 exec/s: 962 rss: 477Mb L: 87849/239306 MS: 4 ChangeByte-ChangeBinInt-ChangeBit-EraseBytes-
#16384	pulse  cov: 1393 ft: 2624 corp: 216/13627Kb lim: 239306 exec/s: 963 rss: 477Mb
#16525	REDUCE cov: 1393 ft: 2624 corp: 216/13627Kb lim: 239306 exec/s: 972 rss: 477Mb L: 12475/239306 MS: 2 PersAutoDict-EraseBytes- DE: "\000\000\000\000"-
#16632	REDUCE cov: 1393 ft: 2624 corp: 216/13534Kb lim: 239306 exec/s: 978 rss: 477Mb L: 144138/239306 MS: 2 EraseBytes-EraseBytes-
#16678	REDUCE cov: 1393 ft: 2624 corp: 216/13518Kb lim: 239306 exec/s: 981 rss: 477Mb L: 29157/239306 MS: 1 EraseBytes-
#16679	REDUCE cov: 1393 ft: 2624 corp: 216/13518Kb lim: 239306 exec/s: 981 rss: 477Mb L: 1472/239306 MS: 1 EraseBytes-
#16683	REDUCE cov: 1393 ft: 2624 corp: 216/13516Kb lim: 239306 exec/s: 981 rss: 477Mb L: 9426/239306 MS: 4 ChangeASCIIInt-ChangeBit-CopyPart-EraseBytes-
#16731	REDUCE cov: 1393 ft: 2624 corp: 216/13508Kb lim: 239306 exec/s: 984 rss: 477Mb L: 9018/239306 MS: 3 CMP-CopyPart-EraseBytes- DE: "\002\000\000\000\000\000\000\000"-
#16745	REDUCE cov: 1393 ft: 2624 corp: 216/13497Kb lim: 239306 exec/s: 985 rss: 477Mb L: 43728/239306 MS: 4 ChangeByte-CrossOver-ChangeASCIIInt-EraseBytes-
#16850	REDUCE cov: 1393 ft: 2624 corp: 216/13492Kb lim: 239306 exec/s: 991 rss: 477Mb L: 10695/239306 MS: 5 ChangeByte-ChangeByte-CopyPart-CopyPart-EraseBytes-
#16869	REDUCE cov: 1393 ft: 2624 corp: 216/13483Kb lim: 239306 exec/s: 992 rss: 477Mb L: 30906/239306 MS: 4 PersAutoDict-ShuffleBytes-InsertRepeatedBytes-EraseBytes- DE: "\265\000\000\000\000\000\000\000"-
#16894	REDUCE cov: 1393 ft: 2624 corp: 216/13476Kb lim: 239306 exec/s: 993 rss: 477Mb L: 40340/239306 MS: 5 InsertByte-EraseBytes-ChangeBit-CopyPart-EraseBytes-
#16975	REDUCE cov: 1393 ft: 2624 corp: 216/13473Kb lim: 239306 exec/s: 998 rss: 477Mb L: 4705/239306 MS: 1 EraseBytes-
#17006	REDUCE cov: 1393 ft: 2624 corp: 216/13473Kb lim: 239306 exec/s: 1000 rss: 477Mb L: 252/239306 MS: 1 EraseBytes-
#17064	REDUCE cov: 1393 ft: 2624 corp: 216/13461Kb lim: 239306 exec/s: 1003 rss: 477Mb L: 15548/239306 MS: 3 CMP-CopyPart-EraseBytes- DE: "\000\000\000\000"-
#17075	REDUCE cov: 1393 ft: 2624 corp: 216/13461Kb lim: 239306 exec/s: 1004 rss: 477Mb L: 85/239306 MS: 1 EraseBytes-
#17131	REDUCE cov: 1393 ft: 2624 corp: 216/13460Kb lim: 239306 exec/s: 1007 rss: 477Mb L: 862/239306 MS: 1 EraseBytes-
#17157	REDUCE cov: 1393 ft: 2624 corp: 216/13460Kb lim: 239306 exec/s: 1009 rss: 477Mb L: 9959/239306 MS: 1 EraseBytes-
#17188	REDUCE cov: 1393 ft: 2624 corp: 216/13440Kb lim: 239306 exec/s: 1011 rss: 477Mb L: 31166/239306 MS: 1 EraseBytes-
#17207	REDUCE cov: 1393 ft: 2624 corp: 216/13431Kb lim: 239306 exec/s: 1012 rss: 477Mb L: 71859/239306 MS: 4 ChangeBit-InsertByte-CMP-EraseBytes- DE: "\377\377\377\377\377\377\377\377"-
#17272	REDUCE cov: 1393 ft: 2624 corp: 216/13255Kb lim: 239306 exec/s: 1016 rss: 477Mb L: 1587/239306 MS: 5 InsertRepeatedBytes-CMP-CrossOver-InsertByte-ChangeByte- DE: "\011\000\000\000\000\000\000\000"-
#17286	REDUCE cov: 1393 ft: 2624 corp: 216/13255Kb lim: 239306 exec/s: 1016 rss: 477Mb L: 763/239306 MS: 4 PersAutoDict-CopyPart-CMP-EraseBytes- DE: "\000\000\000\000\000\000\000\001"-"\001\000\000\000\000\000\000\014"-
#17332	REDUCE cov: 1393 ft: 2624 corp: 216/13244Kb lim: 239306 exec/s: 1019 rss: 477Mb L: 15009/239306 MS: 1 EraseBytes-
#17423	REDUCE cov: 1393 ft: 2624 corp: 216/13242Kb lim: 239306 exec/s: 1024 rss: 477Mb L: 7532/239306 MS: 1 EraseBytes-
#17471	REDUCE cov: 1393 ft: 2624 corp: 216/13242Kb lim: 239306 exec/s: 970 rss: 477Mb L: 1078/239306 MS: 3 ChangeBit-InsertByte-EraseBytes-
#17626	REDUCE cov: 1393 ft: 2624 corp: 216/13223Kb lim: 239306 exec/s: 979 rss: 479Mb L: 25197/239306 MS: 5 ChangeASCIIInt-ShuffleBytes-CopyPart-ChangeBinInt-EraseBytes-
#17644	REDUCE cov: 1393 ft: 2624 corp: 216/13218Kb lim: 239306 exec/s: 980 rss: 479Mb L: 46008/239306 MS: 3 InsertByte-ChangeASCIIInt-EraseBytes-
#17655	REDUCE cov: 1393 ft: 2624 corp: 216/13208Kb lim: 239306 exec/s: 980 rss: 479Mb L: 21635/239306 MS: 1 EraseBytes-
#17678	REDUCE cov: 1393 ft: 2624 corp: 216/13208Kb lim: 239306 exec/s: 982 rss: 479Mb L: 40126/239306 MS: 3 ChangeBit-ChangeASCIIInt-EraseBytes-
#17684	REDUCE cov: 1393 ft: 2624 corp: 216/13202Kb lim: 239306 exec/s: 982 rss: 479Mb L: 31200/239306 MS: 1 EraseBytes-
#17726	REDUCE cov: 1393 ft: 2624 corp: 216/13166Kb lim: 239306 exec/s: 984 rss: 479Mb L: 36443/239306 MS: 2 EraseBytes-EraseBytes-
#17752	REDUCE cov: 1393 ft: 2624 corp: 216/13139Kb lim: 239306 exec/s: 986 rss: 479Mb L: 31847/239306 MS: 1 EraseBytes-
#17761	REDUCE cov: 1393 ft: 2624 corp: 216/13130Kb lim: 239306 exec/s: 986 rss: 479Mb L: 16037/239306 MS: 4 InsertRepeatedBytes-EraseBytes-ChangeASCIIInt-CopyPart-
#17763	REDUCE cov: 1393 ft: 2624 corp: 216/13129Kb lim: 239306 exec/s: 986 rss: 479Mb L: 9728/239306 MS: 2 PersAutoDict-EraseBytes- DE: "\000\000"-
#17879	REDUCE cov: 1393 ft: 2624 corp: 216/13087Kb lim: 239306 exec/s: 993 rss: 479Mb L: 46095/239306 MS: 1 EraseBytes-
#17897	REDUCE cov: 1393 ft: 2624 corp: 216/13082Kb lim: 239306 exec/s: 994 rss: 479Mb L: 8228/239306 MS: 3 ChangeBit-PersAutoDict-EraseBytes- DE: "\001\000\000\000\000\000\000\026"-
#17922	REDUCE cov: 1393 ft: 2624 corp: 216/13081Kb lim: 239306 exec/s: 995 rss: 479Mb L: 5470/239306 MS: 5 ChangeBit-InsertRepeatedBytes-ChangeBinInt-ShuffleBytes-EraseBytes-
#17923	NEW    cov: 1396 ft: 2627 corp: 217/13081Kb lim: 239306 exec/s: 995 rss: 479Mb L: 281/239306 MS: 1 CMP- DE: "\001\000"-
#17968	REDUCE cov: 1396 ft: 2627 corp: 217/13080Kb lim: 239306 exec/s: 998 rss: 479Mb L: 29465/239306 MS: 5 CMP-ChangeASCIIInt-ChangeBit-ChangeBit-EraseBytes- DE: "\001\000\000\000\000\000\000\000"-
#18072	REDUCE cov: 1396 ft: 2627 corp: 217/13079Kb lim: 239306 exec/s: 1004 rss: 479Mb L: 6378/239306 MS: 4 InsertByte-ChangeBit-CrossOver-EraseBytes-
#18082	REDUCE cov: 1396 ft: 2627 corp: 217/13078Kb lim: 239306 exec/s: 1004 rss: 479Mb L: 8125/239306 MS: 5 ChangeASCIIInt-ChangeByte-InsertByte-ChangeBit-EraseBytes-
#18097	REDUCE cov: 1396 ft: 2627 corp: 217/13074Kb lim: 239306 exec/s: 1005 rss: 479Mb L: 8535/239306 MS: 5 ChangeBit-ChangeBinInt-ChangeASCIIInt-ShuffleBytes-EraseBytes-
#18128	REDUCE cov: 1396 ft: 2627 corp: 217/13055Kb lim: 239306 exec/s: 1007 rss: 479Mb L: 26725/239306 MS: 1 EraseBytes-
#18240	REDUCE cov: 1396 ft: 2627 corp: 217/13054Kb lim: 239306 exec/s: 1013 rss: 479Mb L: 3474/239306 MS: 2 ChangeBinInt-EraseBytes-
#18266	REDUCE cov: 1396 ft: 2627 corp: 217/13044Kb lim: 239306 exec/s: 1014 rss: 479Mb L: 32930/239306 MS: 1 EraseBytes-
#18382	REDUCE cov: 1396 ft: 2627 corp: 217/13029Kb lim: 239306 exec/s: 1021 rss: 479Mb L: 107559/239306 MS: 1 EraseBytes-
#18393	REDUCE cov: 1396 ft: 2627 corp: 217/13025Kb lim: 239306 exec/s: 1021 rss: 479Mb L: 20615/239306 MS: 1 EraseBytes-
#18465	REDUCE cov: 1396 ft: 2627 corp: 217/13024Kb lim: 239306 exec/s: 1025 rss: 479Mb L: 7549/239306 MS: 2 PersAutoDict-EraseBytes- DE: "\000\000"-
#18537	REDUCE cov: 1396 ft: 2627 corp: 217/13009Kb lim: 239306 exec/s: 1029 rss: 479Mb L: 56253/239306 MS: 2 CMP-EraseBytes- DE: "\001\000\000\000\000\000\000\000"-
#18554	REDUCE cov: 1396 ft: 2627 corp: 217/13008Kb lim: 239306 exec/s: 1030 rss: 479Mb L: 3502/239306 MS: 2 ShuffleBytes-EraseBytes-
#18569	REDUCE cov: 1396 ft: 2627 corp: 217/13002Kb lim: 239306 exec/s: 1031 rss: 479Mb L: 22906/239306 MS: 5 ChangeASCIIInt-ChangeBit-ChangeBinInt-ChangeASCIIInt-EraseBytes-
#18580	REDUCE cov: 1396 ft: 2627 corp: 217/13001Kb lim: 239306 exec/s: 1032 rss: 479Mb L: 288/239306 MS: 1 EraseBytes-
#18598	REDUCE cov: 1396 ft: 2627 corp: 217/13001Kb lim: 239306 exec/s: 1033 rss: 479Mb L: 40340/239306 MS: 3 ChangeByte-ShuffleBytes-EraseBytes-
#18752	REDUCE cov: 1396 ft: 2627 corp: 217/13001Kb lim: 239306 exec/s: 986 rss: 482Mb L: 1341/239306 MS: 4 CrossOver-ShuffleBytes-CrossOver-EraseBytes-
#18810	REDUCE cov: 1397 ft: 2628 corp: 218/13071Kb lim: 239306 exec/s: 990 rss: 482Mb L: 71428/239306 MS: 3 CMP-InsertByte-CopyPart- DE: "N\000\000\000\000\000\000\000"-
#18828	REDUCE cov: 1397 ft: 2628 corp: 218/13071Kb lim: 239306 exec/s: 990 rss: 482Mb L: 295/239306 MS: 3 ChangeBit-ChangeBit-EraseBytes-
#18835	REDUCE cov: 1397 ft: 2628 corp: 218/13067Kb lim: 239306 exec/s: 991 rss: 482Mb L: 6234/239306 MS: 2 InsertRepeatedBytes-EraseBytes-
#18891	REDUCE cov: 1397 ft: 2628 corp: 218/13067Kb lim: 239306 exec/s: 994 rss: 485Mb L: 231/239306 MS: 1 EraseBytes-
#18896	REDUCE cov: 1397 ft: 2628 corp: 218/13067Kb lim: 239306 exec/s: 994 rss: 485Mb L: 6031/239306 MS: 5 ChangeByte-ChangeBinInt-InsertRepeatedBytes-InsertByte-EraseBytes-
#18907	REDUCE cov: 1397 ft: 2628 corp: 218/13066Kb lim: 239306 exec/s: 995 rss: 485Mb L: 13076/239306 MS: 1 EraseBytes-
#18999	REDUCE cov: 1397 ft: 2628 corp: 218/13066Kb lim: 239306 exec/s: 999 rss: 493Mb L: 7133/239306 MS: 2 PersAutoDict-EraseBytes- DE: "\200\000\000\000\000\000\000\000"-
#19013	REDUCE cov: 1402 ft: 2633 corp: 219/13074Kb lim: 239306 exec/s: 1000 rss: 496Mb L: 7551/239306 MS: 4 ChangeBit-ShuffleBytes-ChangeBit-CMP- DE: "\001\000"-
#19016	REDUCE cov: 1402 ft: 2633 corp: 219/13069Kb lim: 239306 exec/s: 1000 rss: 496Mb L: 10981/239306 MS: 3 CopyPart-ChangeASCIIInt-EraseBytes-
#19080	REDUCE cov: 1402 ft: 2633 corp: 219/13062Kb lim: 239306 exec/s: 1004 rss: 496Mb L: 17366/239306 MS: 4 PersAutoDict-ChangeBit-ChangeByte-EraseBytes- DE: "\001\000"-
#19271	REDUCE cov: 1402 ft: 2633 corp: 219/13061Kb lim: 239306 exec/s: 1014 rss: 496Mb L: 821/239306 MS: 1 EraseBytes-
#19272	REDUCE cov: 1402 ft: 2633 corp: 219/13057Kb lim: 239306 exec/s: 1014 rss: 496Mb L: 18754/239306 MS: 1 EraseBytes-
#19323	REDUCE cov: 1402 ft: 2633 corp: 219/13055Kb lim: 239306 exec/s: 1017 rss: 496Mb L: 9591/239306 MS: 1 EraseBytes-
#19344	REDUCE cov: 1402 ft: 2633 corp: 219/13033Kb lim: 239306 exec/s: 1018 rss: 496Mb L: 120629/239306 MS: 1 EraseBytes-
#19365	REDUCE cov: 1402 ft: 2633 corp: 219/13030Kb lim: 239306 exec/s: 1019 rss: 496Mb L: 42913/239306 MS: 1 EraseBytes-
#19376	REDUCE cov: 1402 ft: 2633 corp: 219/13027Kb lim: 239306 exec/s: 1019 rss: 496Mb L: 31128/239306 MS: 1 EraseBytes-
#19377	REDUCE cov: 1402 ft: 2633 corp: 219/13027Kb lim: 239306 exec/s: 1019 rss: 496Mb L: 271/239306 MS: 1 EraseBytes-
#19425	REDUCE cov: 1402 ft: 2633 corp: 219/13015Kb lim: 239306 exec/s: 1022 rss: 496Mb L: 18577/239306 MS: 3 InsertByte-InsertRepeatedBytes-EraseBytes-
#19539	REDUCE cov: 1402 ft: 2633 corp: 219/13015Kb lim: 239306 exec/s: 1028 rss: 496Mb L: 693/239306 MS: 4 CopyPart-PersAutoDict-ChangeBinInt-EraseBytes- DE: "J\222$I\222$I\002"-
#19597	REDUCE cov: 1402 ft: 2633 corp: 219/13015Kb lim: 239306 exec/s: 1031 rss: 496Mb L: 488/239306 MS: 3 ChangeASCIIInt-InsertByte-EraseBytes-
#19678	REDUCE cov: 1402 ft: 2633 corp: 219/13012Kb lim: 239306 exec/s: 1035 rss: 496Mb L: 6940/239306 MS: 1 EraseBytes-
#19694	REDUCE cov: 1402 ft: 2633 corp: 219/12982Kb lim: 239306 exec/s: 1036 rss: 496Mb L: 61568/239306 MS: 1 EraseBytes-
#19695	REDUCE cov: 1402 ft: 2633 corp: 219/12977Kb lim: 239306 exec/s: 1036 rss: 496Mb L: 7624/239306 MS: 1 EraseBytes-
#19720	REDUCE cov: 1402 ft: 2633 corp: 219/12977Kb lim: 239306 exec/s: 1037 rss: 496Mb L: 268/239306 MS: 5 InsertRepeatedBytes-ShuffleBytes-PersAutoDict-ShuffleBytes-EraseBytes- DE: "\200\000\000\000\000\000\000\000"-
#19758	REDUCE cov: 1402 ft: 2633 corp: 219/12976Kb lim: 239306 exec/s: 1039 rss: 496Mb L: 15461/239306 MS: 3 ChangeBinInt-ChangeASCIIInt-EraseBytes-
#19780	REDUCE cov: 1402 ft: 2633 corp: 219/12974Kb lim: 239306 exec/s: 1041 rss: 496Mb L: 6751/239306 MS: 2 ChangeBinInt-EraseBytes-
#19781	REDUCE cov: 1402 ft: 2633 corp: 219/12974Kb lim: 239306 exec/s: 1041 rss: 496Mb L: 70/239306 MS: 1 EraseBytes-
#19813	REDUCE cov: 1402 ft: 2633 corp: 219/12974Kb lim: 239306 exec/s: 1042 rss: 496Mb L: 253/239306 MS: 2 CopyPart-EraseBytes-
#19904	REDUCE cov: 1402 ft: 2633 corp: 219/12974Kb lim: 239306 exec/s: 1047 rss: 496Mb L: 13859/239306 MS: 1 EraseBytes-
#19905	REDUCE cov: 1402 ft: 2633 corp: 219/12961Kb lim: 239306 exec/s: 1047 rss: 496Mb L: 20062/239306 MS: 1 EraseBytes-
#19941	REDUCE cov: 1402 ft: 2633 corp: 219/12961Kb lim: 239306 exec/s: 1049 rss: 496Mb L: 3043/239306 MS: 1 EraseBytes-
#20010	REDUCE cov: 1402 ft: 2633 corp: 219/12961Kb lim: 239306 exec/s: 1053 rss: 496Mb L: 59/239306 MS: 4 CrossOver-CrossOver-CrossOver-EraseBytes-
#20062	REDUCE cov: 1402 ft: 2633 corp: 219/12958Kb lim: 239306 exec/s: 1055 rss: 496Mb L: 11617/239306 MS: 2 InsertRepeatedBytes-EraseBytes-
#20066	REDUCE cov: 1402 ft: 2633 corp: 219/12947Kb lim: 239306 exec/s: 1056 rss: 496Mb L: 17318/239306 MS: 4 CrossOver-PersAutoDict-CMP-EraseBytes- DE: "\000\000\000\000\000\000\000\000\000\000\000\000\000\000\000\000\000\000\000\000\000\000\000\000\000\000\000\000\000\000\000\000"-"\000\000\000\000\000\000\000/"-
#20096	REDUCE cov: 1402 ft: 2633 corp: 219/12947Kb lim: 239306 exec/s: 1004 rss: 496Mb L: 56066/239306 MS: 5 ChangeASCIIInt-CopyPart-PersAutoDict-ChangeBinInt-EraseBytes- DE: "\377\377\377\377\377\377\377\377"-
#20115	REDUCE cov: 1402 ft: 2633 corp: 219/12930Kb lim: 239306 exec/s: 1005 rss: 496Mb L: 111735/239306 MS: 4 InsertByte-EraseBytes-ShuffleBytes-InsertByte-
#20163	REDUCE cov: 1402 ft: 2633 corp: 219/12928Kb lim: 239306 exec/s: 1008 rss: 496Mb L: 3962/239306 MS: 3 ShuffleBytes-CMP-EraseBytes- DE: "\377\377\377\377"-
#20209	REDUCE cov: 1402 ft: 2633 corp: 219/12927Kb lim: 239306 exec/s: 1010 rss: 496Mb L: 7196/239306 MS: 1 EraseBytes-
#20261	REDUCE cov: 1402 ft: 2633 corp: 219/12921Kb lim: 239306 exec/s: 1013 rss: 496Mb L: 11487/239306 MS: 2 InsertByte-EraseBytes-
#20305	REDUCE cov: 1403 ft: 2634 corp: 220/12921Kb lim: 239306 exec/s: 1015 rss: 496Mb L: 822/239306 MS: 4 CMP-ShuffleBytes-ShuffleBytes-InsertByte- DE: "\000\000\000\000\000\000\000\000\000\000\000\000\000\000\000\000\000\000\000\000\000\000\000\000\000\000\000\000\000\000\000\000"-
#20352	REDUCE cov: 1403 ft: 2634 corp: 220/12917Kb lim: 239306 exec/s: 1017 rss: 496Mb L: 8061/239306 MS: 2 ShuffleBytes-EraseBytes-
#20363	REDUCE cov: 1403 ft: 2634 corp: 220/12915Kb lim: 239306 exec/s: 1018 rss: 496Mb L: 6263/239306 MS: 1 EraseBytes-
#20365	REDUCE cov: 1403 ft: 2634 corp: 220/12913Kb lim: 239306 exec/s: 1018 rss: 496Mb L: 62847/239306 MS: 2 InsertRepeatedBytes-EraseBytes-
#20383	REDUCE cov: 1403 ft: 2634 corp: 220/12912Kb lim: 239306 exec/s: 1019 rss: 496Mb L: 70185/239306 MS: 3 ChangeASCIIInt-ChangeByte-EraseBytes-
#20409	REDUCE cov: 1403 ft: 2634 corp: 220/12910Kb lim: 239306 exec/s: 1020 rss: 496Mb L: 14016/239306 MS: 1 EraseBytes-
#20555	REDUCE cov: 1404 ft: 2637 corp: 221/12910Kb lim: 239306 exec/s: 1027 rss: 496Mb L: 358/239306 MS: 1 CMP- DE: "\377\377\377\000"-
#20631	REDUCE cov: 1404 ft: 2637 corp: 221/12902Kb lim: 239306 exec/s: 1031 rss: 496Mb L: 9642/239306 MS: 1 EraseBytes-
#20642	REDUCE cov: 1404 ft: 2637 corp: 221/12902Kb lim: 239306 exec/s: 1032 rss: 496Mb L: 14729/239306 MS: 1 EraseBytes-
#20643	REDUCE cov: 1404 ft: 2637 corp: 221/12901Kb lim: 239306 exec/s: 1032 rss: 496Mb L: 12759/239306 MS: 1 EraseBytes-
#20650	REDUCE cov: 1404 ft: 2637 corp: 221/12899Kb lim: 239306 exec/s: 1032 rss: 496Mb L: 52396/239306 MS: 2 CopyPart-EraseBytes-
#20721	REDUCE cov: 1404 ft: 2637 corp: 221/12898Kb lim: 239306 exec/s: 1036 rss: 496Mb L: 2143/239306 MS: 1 EraseBytes-
#20787	REDUCE cov: 1404 ft: 2637 corp: 221/12897Kb lim: 239306 exec/s: 1039 rss: 496Mb L: 10769/239306 MS: 1 EraseBytes-
#20813	REDUCE cov: 1404 ft: 2637 corp: 221/12894Kb lim: 239306 exec/s: 1040 rss: 496Mb L: 22348/239306 MS: 1 EraseBytes-
#20915	REDUCE cov: 1404 ft: 2637 corp: 221/12894Kb lim: 239306 exec/s: 1045 rss: 496Mb L: 7503/239306 MS: 2 ChangeByte-EraseBytes-
#20946	REDUCE cov: 1406 ft: 2639 corp: 222/12895Kb lim: 239306 exec/s: 1047 rss: 496Mb L: 476/239306 MS: 1 ChangeBinInt-
#21033	REDUCE cov: 1406 ft: 2639 corp: 222/12892Kb lim: 239306 exec/s: 1051 rss: 496Mb L: 6463/239306 MS: 2 ChangeBit-EraseBytes-
#21080	REDUCE cov: 1406 ft: 2639 corp: 222/12888Kb lim: 239306 exec/s: 1054 rss: 496Mb L: 18136/239306 MS: 2 CopyPart-EraseBytes-
#21083	REDUCE cov: 1406 ft: 2639 corp: 222/12864Kb lim: 239306 exec/s: 1054 rss: 496Mb L: 28790/239306 MS: 3 ChangeByte-ChangeByte-EraseBytes-
#21100	REDUCE cov: 1406 ft: 2639 corp: 222/12862Kb lim: 239306 exec/s: 1055 rss: 496Mb L: 4305/239306 MS: 2 CrossOver-EraseBytes-
#21102	REDUCE cov: 1406 ft: 2639 corp: 222/12851Kb lim: 239306 exec/s: 1055 rss: 496Mb L: 93054/239306 MS: 2 InsertRepeatedBytes-EraseBytes-
#21143	REDUCE cov: 1406 ft: 2639 corp: 222/12851Kb lim: 239306 exec/s: 1057 rss: 496Mb L: 120150/239306 MS: 1 EraseBytes-
#21157	REDUCE cov: 1406 ft: 2639 corp: 222/12847Kb lim: 239306 exec/s: 1057 rss: 496Mb L: 17725/239306 MS: 4 ChangeBinInt-ChangeBit-ChangeASCIIInt-EraseBytes-
#21158	REDUCE cov: 1406 ft: 2639 corp: 222/12846Kb lim: 239306 exec/s: 1057 rss: 496Mb L: 305/239306 MS: 1 EraseBytes-
#21164	REDUCE cov: 1406 ft: 2639 corp: 222/12843Kb lim: 239306 exec/s: 1058 rss: 496Mb L: 18554/239306 MS: 1 EraseBytes-
#21232	REDUCE cov: 1406 ft: 2639 corp: 222/12843Kb lim: 239306 exec/s: 1061 rss: 496Mb L: 11093/239306 MS: 3 ChangeBit-InsertByte-EraseBytes-
#21314	REDUCE cov: 1406 ft: 2639 corp: 222/12843Kb lim: 239306 exec/s: 1014 rss: 496Mb L: 55/239306 MS: 2 ChangeBinInt-EraseBytes-
#21316	REDUCE cov: 1406 ft: 2639 corp: 222/12833Kb lim: 239306 exec/s: 1015 rss: 496Mb L: 25381/239306 MS: 2 CrossOver-EraseBytes-
#21357	REDUCE cov: 1406 ft: 2639 corp: 222/12832Kb lim: 239306 exec/s: 1017 rss: 496Mb L: 14156/239306 MS: 1 EraseBytes-
#21365	REDUCE cov: 1406 ft: 2639 corp: 222/12808Kb lim: 239306 exec/s: 1017 rss: 496Mb L: 45816/239306 MS: 3 ChangeBit-PersAutoDict-EraseBytes- DE: "\001\000\000\000"-
#21376	REDUCE cov: 1406 ft: 2639 corp: 222/12806Kb lim: 239306 exec/s: 1017 rss: 496Mb L: 5646/239306 MS: 1 EraseBytes-
#21432	REDUCE cov: 1406 ft: 2639 corp: 222/12806Kb lim: 239306 exec/s: 1020 rss: 496Mb L: 14724/239306 MS: 1 EraseBytes-
#21443	REDUCE cov: 1406 ft: 2639 corp: 222/12806Kb lim: 239306 exec/s: 1021 rss: 496Mb L: 227/239306 MS: 1 EraseBytes-
#21534	REDUCE cov: 1406 ft: 2639 corp: 222/12792Kb lim: 239306 exec/s: 1025 rss: 496Mb L: 17405/239306 MS: 1 EraseBytes-
#21537	REDUCE cov: 1406 ft: 2639 corp: 222/12792Kb lim: 239306 exec/s: 1025 rss: 496Mb L: 54/239306 MS: 3 InsertRepeatedBytes-ChangeByte-EraseBytes-
#21564	REDUCE cov: 1406 ft: 2639 corp: 222/12764Kb lim: 239306 exec/s: 1026 rss: 496Mb L: 39865/239306 MS: 2 ChangeBinInt-EraseBytes-
#21565	REDUCE cov: 1406 ft: 2639 corp: 222/12762Kb lim: 239306 exec/s: 1026 rss: 496Mb L: 8679/239306 MS: 1 EraseBytes-
#21569	REDUCE cov: 1406 ft: 2639 corp: 222/12759Kb lim: 239306 exec/s: 1027 rss: 496Mb L: 44372/239306 MS: 4 InsertRepeatedBytes-ShuffleBytes-CopyPart-EraseBytes-
#21588	REDUCE cov: 1406 ft: 2639 corp: 222/12758Kb lim: 239306 exec/s: 1028 rss: 496Mb L: 60308/239306 MS: 4 PersAutoDict-CopyPart-InsertByte-EraseBytes- DE: "\377\377\377\377\377\377\377\377"-
#21589	REDUCE cov: 1406 ft: 2639 corp: 222/12758Kb lim: 239306 exec/s: 1028 rss: 496Mb L: 38/239306 MS: 1 EraseBytes-
#21634	REDUCE cov: 1406 ft: 2639 corp: 222/12753Kb lim: 239306 exec/s: 1030 rss: 496Mb L: 13404/239306 MS: 5 PersAutoDict-ChangeASCIIInt-ChangeASCIIInt-ChangeBit-EraseBytes- DE: "\377\377\377\377\377\377\377c"-
#21641	REDUCE cov: 1406 ft: 2639 corp: 222/12726Kb lim: 239306 exec/s: 1030 rss: 496Mb L: 43110/239306 MS: 2 ChangeBit-EraseBytes-
#21642	REDUCE cov: 1406 ft: 2641 corp: 223/12727Kb lim: 239306 exec/s: 1030 rss: 496Mb L: 637/239306 MS: 1 CMP- DE: "\001\000\000\000"-
#21683	REDUCE cov: 1406 ft: 2641 corp: 223/12727Kb lim: 239306 exec/s: 1032 rss: 496Mb L: 481/239306 MS: 1 EraseBytes-
#21734	REDUCE cov: 1406 ft: 2641 corp: 223/12727Kb lim: 239306 exec/s: 1034 rss: 496Mb L: 766/239306 MS: 1 EraseBytes-
#21760	REDUCE cov: 1406 ft: 2641 corp: 223/12724Kb lim: 239306 exec/s: 1036 rss: 496Mb L: 230832/239306 MS: 1 EraseBytes-
#21767	REDUCE cov: 1406 ft: 2641 corp: 223/12705Kb lim: 239306 exec/s: 1036 rss: 496Mb L: 49611/239306 MS: 2 ShuffleBytes-EraseBytes-
#21953	REDUCE cov: 1406 ft: 2641 corp: 223/12705Kb lim: 239306 exec/s: 1045 rss: 496Mb L: 5181/239306 MS: 1 EraseBytes-
#21958	REDUCE cov: 1406 ft: 2641 corp: 223/12705Kb lim: 239306 exec/s: 1045 rss: 496Mb L: 424/239306 MS: 5 InsertByte-PersAutoDict-PersAutoDict-PersAutoDict-EraseBytes- DE: "\011\000\000\000\000\000\000\000"-"\001\000\000\001"-"\377\377\377\377\377\377\377\003"-
#22079	REDUCE cov: 1406 ft: 2641 corp: 223/12690Kb lim: 239306 exec/s: 1051 rss: 496Mb L: 56464/239306 MS: 1 EraseBytes-
#22129	REDUCE cov: 1406 ft: 2641 corp: 223/12683Kb lim: 239306 exec/s: 1053 rss: 496Mb L: 33647/239306 MS: 5 CrossOver-ChangeASCIIInt-ChangeBinInt-ChangeBit-EraseBytes-
#22181	REDUCE cov: 1406 ft: 2641 corp: 223/12682Kb lim: 239306 exec/s: 1056 rss: 496Mb L: 4009/239306 MS: 2 ChangeASCIIInt-EraseBytes-
#22204	REDUCE cov: 1406 ft: 2641 corp: 223/12671Kb lim: 239306 exec/s: 1057 rss: 496Mb L: 14129/239306 MS: 3 ChangeBinInt-InsertByte-EraseBytes-
#22211	REDUCE cov: 1406 ft: 2641 corp: 223/12670Kb lim: 239306 exec/s: 1057 rss: 496Mb L: 2827/239306 MS: 2 ChangeASCIIInt-EraseBytes-
#22218	REDUCE cov: 1406 ft: 2641 corp: 223/12653Kb lim: 239306 exec/s: 1058 rss: 496Mb L: 29026/239306 MS: 2 ChangeBit-EraseBytes-
#22288	REDUCE cov: 1406 ft: 2641 corp: 223/12653Kb lim: 239306 exec/s: 1061 rss: 496Mb L: 44/239306 MS: 5 ShuffleBytes-PersAutoDict-ShuffleBytes-CMP-EraseBytes- DE: "\011\000\000\000\000\000\000\000"-"\001\000"-
#22312	REDUCE cov: 1406 ft: 2641 corp: 223/12653Kb lim: 239306 exec/s: 1062 rss: 496Mb L: 125001/239306 MS: 4 CMP-ChangeASCIIInt-ChangeASCIIInt-EraseBytes- DE: "\377\377\377\377"-
#22463	REDUCE cov: 1406 ft: 2641 corp: 223/12646Kb lim: 239306 exec/s: 1021 rss: 496Mb L: 7884/239306 MS: 1 EraseBytes-
#22536	REDUCE cov: 1406 ft: 2641 corp: 223/12634Kb lim: 239306 exec/s: 1024 rss: 496Mb L: 1017/239306 MS: 3 InsertByte-ChangeBit-CrossOver-
#22543	REDUCE cov: 1406 ft: 2641 corp: 223/12614Kb lim: 239306 exec/s: 1024 rss: 496Mb L: 22185/239306 MS: 2 ChangeASCIIInt-EraseBytes-
#22562	REDUCE cov: 1406 ft: 2641 corp: 223/12613Kb lim: 239306 exec/s: 1025 rss: 496Mb L: 795/239306 MS: 4 ChangeBit-ChangeBinInt-ChangeBinInt-EraseBytes-
#22563	REDUCE cov: 1406 ft: 2641 corp: 223/12594Kb lim: 239306 exec/s: 1025 rss: 496Mb L: 23431/239306 MS: 1 EraseBytes-
#22624	REDUCE cov: 1406 ft: 2641 corp: 223/12594Kb lim: 239306 exec/s: 1028 rss: 496Mb L: 601/239306 MS: 1 EraseBytes-
#22664	REDUCE cov: 1406 ft: 2641 corp: 223/12506Kb lim: 239306 exec/s: 1030 rss: 496Mb L: 7466/239306 MS: 5 ChangeBinInt-CopyPart-CMP-ChangeBit-CrossOver- DE: "\377\377\377\377\000\000\000\001"-
#22707	REDUCE cov: 1406 ft: 2641 corp: 223/12506Kb lim: 239306 exec/s: 1032 rss: 496Mb L: 42265/239306 MS: 3 InsertRepeatedBytes-ChangeASCIIInt-EraseBytes-
#22728	REDUCE cov: 1406 ft: 2641 corp: 223/12495Kb lim: 239306 exec/s: 1033 rss: 496Mb L: 45575/239306 MS: 1 EraseBytes-
#22779	REDUCE cov: 1406 ft: 2641 corp: 223/12495Kb lim: 239306 exec/s: 1035 rss: 496Mb L: 48737/239306 MS: 1 EraseBytes-
#22802	REDUCE cov: 1406 ft: 2641 corp: 223/12494Kb lim: 239306 exec/s: 1036 rss: 496Mb L: 16875/239306 MS: 3 ChangeByte-PersAutoDict-EraseBytes- DE: "\001\000\000\000\000\000\000\026"-
#22902	REDUCE cov: 1406 ft: 2641 corp: 223/12486Kb lim: 239306 exec/s: 1041 rss: 496Mb L: 16934/239306 MS: 5 PersAutoDict-ShuffleBytes-ShuffleBytes-CMP-EraseBytes- DE: "\377\377\377\377\377\377\377c"-"\000\000\000\000"-
#22964	REDUCE cov: 1406 ft: 2646 corp: 224/12486Kb lim: 239306 exec/s: 1043 rss: 496Mb L: 253/239306 MS: 2 ShuffleBytes-ChangeBinInt-
#22991	REDUCE cov: 1406 ft: 2646 corp: 224/12483Kb lim: 239306 exec/s: 1045 rss: 496Mb L: 6507/239306 MS: 2 ChangeBinInt-EraseBytes-
#22994	REDUCE cov: 1406 ft: 2646 corp: 224/12476Kb lim: 239306 exec/s: 1045 rss: 496Mb L: 9748/239306 MS: 3 ShuffleBytes-ShuffleBytes-EraseBytes-
#23012	REDUCE cov: 1406 ft: 2646 corp: 224/12471Kb lim: 239306 exec/s: 1046 rss: 496Mb L: 6629/239306 MS: 3 ChangeASCIIInt-CrossOver-EraseBytes-
#23047	REDUCE cov: 1406 ft: 2646 corp: 224/12467Kb lim: 239306 exec/s: 1047 rss: 496Mb L: 39285/239306 MS: 5 ChangeBit-PersAutoDict-ChangeByte-ChangeByte-EraseBytes- DE: "\001\003"-
#23074	REDUCE cov: 1406 ft: 2646 corp: 224/12446Kb lim: 239306 exec/s: 1048 rss: 496Mb L: 22403/239306 MS: 2 InsertRepeatedBytes-EraseBytes-
#23119	REDUCE cov: 1406 ft: 2646 corp: 224/12436Kb lim: 239306 exec/s: 1050 rss: 496Mb L: 10678/239306 MS: 5 CopyPart-InsertRepeatedBytes-ChangeByte-ChangeBinInt-EraseBytes-
#23190	REDUCE cov: 1406 ft: 2646 corp: 224/12434Kb lim: 239306 exec/s: 1054 rss: 496Mb L: 5839/239306 MS: 1 EraseBytes-
#23212	REDUCE cov: 1406 ft: 2646 corp: 224/12434Kb lim: 239306 exec/s: 1055 rss: 496Mb L: 1496/239306 MS: 2 CrossOver-EraseBytes-
#23228	REDUCE cov: 1406 ft: 2646 corp: 224/12384Kb lim: 239306 exec/s: 1055 rss: 496Mb L: 69235/239306 MS: 1 EraseBytes-
#23295	REDUCE cov: 1406 ft: 2646 corp: 224/12383Kb lim: 239306 exec/s: 1058 rss: 496Mb L: 7230/239306 MS: 2 PersAutoDict-EraseBytes- DE: "\000\000\000\000\000\000\000/"-
#23327	NEW    cov: 1407 ft: 2651 corp: 225/12383Kb lim: 239306 exec/s: 1060 rss: 496Mb L: 596/239306 MS: 2 CrossOver-ChangeBinInt-
#23338	REDUCE cov: 1407 ft: 2651 corp: 225/12378Kb lim: 239306 exec/s: 1060 rss: 496Mb L: 12449/239306 MS: 1 EraseBytes-
#23488	REDUCE cov: 1408 ft: 2652 corp: 226/12379Kb lim: 239306 exec/s: 1067 rss: 496Mb L: 446/239306 MS: 5 InsertByte-ChangeBinInt-InsertByte-EraseBytes-CMP- DE: "\027\000\000\000\000\000\000\000"-
#23533	REDUCE cov: 1408 ft: 2652 corp: 226/12377Kb lim: 239306 exec/s: 1069 rss: 496Mb L: 7750/239306 MS: 5 ShuffleBytes-ChangeByte-CopyPart-PersAutoDict-EraseBytes- DE: "\377\377\377\377\000\000\000\001"-
#23559	REDUCE cov: 1408 ft: 2652 corp: 226/12363Kb lim: 239306 exec/s: 1070 rss: 496Mb L: 41415/239306 MS: 1 EraseBytes-
#23567	REDUCE cov: 1408 ft: 2652 corp: 226/12275Kb lim: 239306 exec/s: 1071 rss: 496Mb L: 3037/239306 MS: 3 CopyPart-CopyPart-CrossOver-
#23615	REDUCE cov: 1408 ft: 2652 corp: 226/12275Kb lim: 239306 exec/s: 1073 rss: 496Mb L: 2866/239306 MS: 3 CopyPart-CrossOver-EraseBytes-
#23739	REDUCE cov: 1408 ft: 2652 corp: 226/12274Kb lim: 239306 exec/s: 1079 rss: 496Mb L: 5982/239306 MS: 4 InsertRepeatedBytes-InsertByte-ChangeByte-EraseBytes-
#23799	REDUCE cov: 1408 ft: 2652 corp: 226/12269Kb lim: 239306 exec/s: 1081 rss: 496Mb L: 27052/239306 MS: 5 CopyPart-CMP-ShuffleBytes-ChangeBinInt-EraseBytes- DE: "\377\377"-
#23840	REDUCE cov: 1408 ft: 2652 corp: 226/12266Kb lim: 239306 exec/s: 1083 rss: 496Mb L: 14954/239306 MS: 1 EraseBytes-
#23841	REDUCE cov: 1408 ft: 2652 corp: 226/12264Kb lim: 239306 exec/s: 1083 rss: 496Mb L: 3119/239306 MS: 1 EraseBytes-
#23887	REDUCE cov: 1408 ft: 2652 corp: 226/12262Kb lim: 239306 exec/s: 1085 rss: 496Mb L: 15638/239306 MS: 1 EraseBytes-
#23944	REDUCE cov: 1408 ft: 2652 corp: 226/12262Kb lim: 239306 exec/s: 1041 rss: 496Mb L: 685/239306 MS: 2 ChangeBit-EraseBytes-
#23973	REDUCE cov: 1408 ft: 2652 corp: 226/12262Kb lim: 239306 exec/s: 1042 rss: 496Mb L: 115399/239306 MS: 4 EraseBytes-CMP-InsertRepeatedBytes-CrossOver- DE: "\001\000\000\000"-
#24044	REDUCE cov: 1408 ft: 2652 corp: 226/12258Kb lim: 239306 exec/s: 1045 rss: 496Mb L: 7091/239306 MS: 1 EraseBytes-
#24111	REDUCE cov: 1408 ft: 2652 corp: 226/12258Kb lim: 239306 exec/s: 1048 rss: 496Mb L: 1411/239306 MS: 2 InsertRepeatedBytes-EraseBytes-
#24186	REDUCE cov: 1408 ft: 2652 corp: 226/12251Kb lim: 239306 exec/s: 1051 rss: 496Mb L: 11477/239306 MS: 5 InsertByte-ChangeByte-CMP-InsertByte-EraseBytes- DE: "\000\000"-
#24192	REDUCE cov: 1408 ft: 2652 corp: 226/12251Kb lim: 239306 exec/s: 1051 rss: 496Mb L: 7199/239306 MS: 1 EraseBytes-
#24364	REDUCE cov: 1408 ft: 2652 corp: 226/12250Kb lim: 239306 exec/s: 1059 rss: 496Mb L: 578/239306 MS: 2 ChangeBit-EraseBytes-
#24400	NEW    cov: 1410 ft: 2657 corp: 227/12338Kb lim: 239306 exec/s: 1060 rss: 496Mb L: 89815/239306 MS: 1 InsertRepeatedBytes-
#24461	REDUCE cov: 1410 ft: 2657 corp: 227/12334Kb lim: 239306 exec/s: 1063 rss: 496Mb L: 18162/239306 MS: 1 EraseBytes-
#24607	REDUCE cov: 1410 ft: 2657 corp: 227/12328Kb lim: 239306 exec/s: 1069 rss: 496Mb L: 11364/239306 MS: 1 EraseBytes-
#24650	REDUCE cov: 1410 ft: 2657 corp: 227/12328Kb lim: 239306 exec/s: 1071 rss: 496Mb L: 5471/239306 MS: 3 ChangeASCIIInt-ChangeBinInt-EraseBytes-
#24717	REDUCE cov: 1410 ft: 2657 corp: 227/12328Kb lim: 239306 exec/s: 1074 rss: 496Mb L: 421/239306 MS: 2 PersAutoDict-EraseBytes- DE: "\001\000"-
#24848	REDUCE cov: 1410 ft: 2657 corp: 227/12288Kb lim: 239306 exec/s: 1080 rss: 496Mb L: 43255/239306 MS: 1 EraseBytes-
#24865	REDUCE cov: 1410 ft: 2657 corp: 227/12288Kb lim: 239306 exec/s: 1081 rss: 496Mb L: 6382/239306 MS: 2 ShuffleBytes-EraseBytes-
#24890	REDUCE cov: 1410 ft: 2657 corp: 227/12285Kb lim: 239306 exec/s: 1082 rss: 496Mb L: 5227/239306 MS: 5 InsertRepeatedBytes-ChangeBinInt-ChangeASCIIInt-ChangeBit-EraseBytes-
#24922	REDUCE cov: 1410 ft: 2657 corp: 227/12285Kb lim: 239306 exec/s: 1083 rss: 496Mb L: 272/239306 MS: 2 ChangeASCIIInt-EraseBytes-
#25064	REDUCE cov: 1410 ft: 2657 corp: 227/12284Kb lim: 239306 exec/s: 1089 rss: 496Mb L: 6420/239306 MS: 2 ShuffleBytes-EraseBytes-
#25115	REDUCE cov: 1410 ft: 2658 corp: 228/12284Kb lim: 239306 exec/s: 1091 rss: 496Mb L: 39/239306 MS: 1 InsertByte-
#25156	REDUCE cov: 1410 ft: 2658 corp: 228/12284Kb lim: 239306 exec/s: 1093 rss: 496Mb L: 2786/239306 MS: 1 EraseBytes-
#25225	REDUCE cov: 1410 ft: 2658 corp: 228/12257Kb lim: 239306 exec/s: 1051 rss: 496Mb L: 88334/239306 MS: 4 ChangeBinInt-InsertByte-InsertByte-EraseBytes-
#25230	NEW    cov: 1410 ft: 2659 corp: 229/12259Kb lim: 239306 exec/s: 1051 rss: 496Mb L: 1198/239306 MS: 5 InsertRepeatedBytes-ChangeASCIIInt-InsertByte-PersAutoDict-PersAutoDict- DE: "\001\000\000\000"-"\001\000\000\000\000\000\000\002"-
#25361	REDUCE cov: 1410 ft: 2659 corp: 229/12258Kb lim: 239306 exec/s: 1056 rss: 496Mb L: 7325/239306 MS: 1 EraseBytes-
#25653	REDUCE cov: 1410 ft: 2659 corp: 229/12258Kb lim: 239306 exec/s: 1068 rss: 496Mb L: 3828/239306 MS: 2 ShuffleBytes-EraseBytes-
#25714	REDUCE cov: 1410 ft: 2659 corp: 229/12258Kb lim: 239306 exec/s: 1071 rss: 496Mb L: 272/239306 MS: 1 EraseBytes-
#25730	REDUCE cov: 1410 ft: 2659 corp: 229/12256Kb lim: 239306 exec/s: 1072 rss: 496Mb L: 28537/239306 MS: 1 EraseBytes-
#25770	REDUCE cov: 1410 ft: 2659 corp: 229/12249Kb lim: 239306 exec/s: 1073 rss: 496Mb L: 22202/239306 MS: 5 ChangeBit-InsertByte-InsertRepeatedBytes-ChangeByte-EraseBytes-
#25792	REDUCE cov: 1410 ft: 2659 corp: 229/12248Kb lim: 239306 exec/s: 1074 rss: 496Mb L: 14927/239306 MS: 2 ChangeBinInt-EraseBytes-
#25974	REDUCE cov: 1410 ft: 2659 corp: 229/12248Kb lim: 239306 exec/s: 1082 rss: 496Mb L: 2134/239306 MS: 2 ChangeBit-EraseBytes-
#25977	REDUCE cov: 1410 ft: 2659 corp: 229/12247Kb lim: 239306 exec/s: 1082 rss: 496Mb L: 1041/239306 MS: 3 InsertRepeatedBytes-ChangeBinInt-EraseBytes-
#26008	REDUCE cov: 1410 ft: 2659 corp: 229/12247Kb lim: 239306 exec/s: 1083 rss: 496Mb L: 6331/239306 MS: 1 EraseBytes-
#26026	REDUCE cov: 1410 ft: 2659 corp: 229/12243Kb lim: 239306 exec/s: 1084 rss: 496Mb L: 4289/239306 MS: 3 ChangeASCIIInt-InsertByte-EraseBytes-
#26053	REDUCE cov: 1411 ft: 2660 corp: 230/12243Kb lim: 239306 exec/s: 1085 rss: 496Mb L: 224/239306 MS: 2 ChangeByte-EraseBytes-
#26059	REDUCE cov: 1411 ft: 2660 corp: 230/12243Kb lim: 239306 exec/s: 1085 rss: 496Mb L: 5685/239306 MS: 1 EraseBytes-
#26260	REDUCE cov: 1411 ft: 2660 corp: 230/12241Kb lim: 239306 exec/s: 1094 rss: 496Mb L: 5095/239306 MS: 1 EraseBytes-
#26278	REDUCE cov: 1411 ft: 2660 corp: 230/12240Kb lim: 239306 exec/s: 1094 rss: 496Mb L: 2106/239306 MS: 3 ChangeBit-PersAutoDict-EraseBytes- DE: "\001\000"-
#26357	NEW    cov: 1412 ft: 2661 corp: 231/12240Kb lim: 239306 exec/s: 1098 rss: 496Mb L: 362/239306 MS: 4 ChangeByte-InsertRepeatedBytes-PersAutoDict-CMP- DE: "\000\000\000\000\000\000\000\000"-"\377\377\377\377"-
#26359	REDUCE cov: 1412 ft: 2661 corp: 231/12238Kb lim: 239306 exec/s: 1098 rss: 496Mb L: 4685/239306 MS: 2 InsertByte-EraseBytes-
#26362	REDUCE cov: 1412 ft: 2661 corp: 231/12227Kb lim: 239306 exec/s: 1098 rss: 496Mb L: 95719/239306 MS: 3 ChangeBit-CopyPart-EraseBytes-
#26368	REDUCE cov: 1412 ft: 2661 corp: 231/12208Kb lim: 239306 exec/s: 1098 rss: 496Mb L: 41200/239306 MS: 1 EraseBytes-
#26426	REDUCE cov: 1412 ft: 2661 corp: 231/12169Kb lim: 239306 exec/s: 1101 rss: 496Mb L: 85339/239306 MS: 3 ShuffleBytes-PersAutoDict-EraseBytes- DE: "Q\023\000\000\000\000\000\000"-
#26511	REDUCE cov: 1412 ft: 2661 corp: 231/12168Kb lim: 239306 exec/s: 1104 rss: 496Mb L: 4224/239306 MS: 5 PersAutoDict-InsertByte-ChangeASCIIInt-ChangeByte-EraseBytes- DE: "\001\000\000\000\000\000\000\014"-
#26523	REDUCE cov: 1412 ft: 2661 corp: 231/12162Kb lim: 239306 exec/s: 1105 rss: 496Mb L: 19729/239306 MS: 2 ChangeBinInt-EraseBytes-
#26735	REDUCE cov: 1412 ft: 2661 corp: 231/12161Kb lim: 239306 exec/s: 1069 rss: 496Mb L: 3261/239306 MS: 2 CMP-EraseBytes- DE: "/\000\000\000\000\000\000\000"-
#26796	REDUCE cov: 1412 ft: 2661 corp: 231/12156Kb lim: 239306 exec/s: 1071 rss: 496Mb L: 10600/239306 MS: 1 EraseBytes-
#26797	REDUCE cov: 1412 ft: 2661 corp: 231/12153Kb lim: 239306 exec/s: 1071 rss: 496Mb L: 25754/239306 MS: 1 EraseBytes-
#26851	REDUCE cov: 1412 ft: 2661 corp: 231/12146Kb lim: 239306 exec/s: 1074 rss: 496Mb L: 62421/239306 MS: 4 ShuffleBytes-ChangeBinInt-InsertRepeatedBytes-EraseBytes-
#26894	NEW    cov: 1412 ft: 2662 corp: 232/12147Kb lim: 239306 exec/s: 1075 rss: 496Mb L: 604/239306 MS: 3 PersAutoDict-ChangeBit-ChangeBinInt- DE: "\000\000\000\000\000\000\000/"-
#26915	REDUCE cov: 1412 ft: 2662 corp: 232/12134Kb lim: 239306 exec/s: 1076 rss: 496Mb L: 35990/239306 MS: 1 EraseBytes-
#26931	REDUCE cov: 1412 ft: 2662 corp: 232/12134Kb lim: 239306 exec/s: 1077 rss: 496Mb L: 336/239306 MS: 1 EraseBytes-
#26952	REDUCE cov: 1412 ft: 2662 corp: 232/12121Kb lim: 239306 exec/s: 1078 rss: 496Mb L: 49137/239306 MS: 1 EraseBytes-
#26973	REDUCE cov: 1412 ft: 2662 corp: 232/12121Kb lim: 239306 exec/s: 1078 rss: 496Mb L: 602/239306 MS: 1 EraseBytes-
#27003	REDUCE cov: 1412 ft: 2662 corp: 232/12121Kb lim: 239306 exec/s: 1080 rss: 496Mb L: 22060/239306 MS: 5 InsertRepeatedBytes-InsertByte-ChangeBit-CrossOver-EraseBytes-
#27046	REDUCE cov: 1412 ft: 2662 corp: 232/12121Kb lim: 239306 exec/s: 1081 rss: 496Mb L: 3252/239306 MS: 3 InsertByte-ChangeBinInt-EraseBytes-
#27075	REDUCE cov: 1412 ft: 2662 corp: 232/12120Kb lim: 239306 exec/s: 1083 rss: 496Mb L: 4654/239306 MS: 4 ChangeByte-PersAutoDict-ShuffleBytes-EraseBytes- DE: "\011\000\000\000\000\000\000\000"-
#27121	REDUCE cov: 1412 ft: 2662 corp: 232/12120Kb lim: 239306 exec/s: 1084 rss: 496Mb L: 579/239306 MS: 1 EraseBytes-
#27220	REDUCE cov: 1412 ft: 2662 corp: 232/12119Kb lim: 239306 exec/s: 1088 rss: 496Mb L: 2659/239306 MS: 4 CopyPart-ChangeASCIIInt-PersAutoDict-EraseBytes- DE: "\000\000\000\000"-
#27272	REDUCE cov: 1412 ft: 2662 corp: 232/12118Kb lim: 239306 exec/s: 1090 rss: 496Mb L: 3266/239306 MS: 2 CopyPart-EraseBytes-
#27274	REDUCE cov: 1412 ft: 2662 corp: 232/12118Kb lim: 239306 exec/s: 1090 rss: 496Mb L: 391/239306 MS: 2 ShuffleBytes-EraseBytes-
#27320	REDUCE cov: 1412 ft: 2662 corp: 232/12118Kb lim: 239306 exec/s: 1092 rss: 496Mb L: 338/239306 MS: 1 EraseBytes-
#27350	REDUCE cov: 1412 ft: 2662 corp: 232/12109Kb lim: 239306 exec/s: 1094 rss: 496Mb L: 36548/239306 MS: 5 ChangeBinInt-ChangeBinInt-ChangeBinInt-InsertByte-EraseBytes-
#27353	REDUCE cov: 1412 ft: 2662 corp: 232/12107Kb lim: 239306 exec/s: 1094 rss: 496Mb L: 9264/239306 MS: 3 ChangeByte-ChangeByte-EraseBytes-
#27419	REDUCE cov: 1412 ft: 2662 corp: 232/12107Kb lim: 239306 exec/s: 1096 rss: 496Mb L: 2548/239306 MS: 1 EraseBytes-
#27458	REDUCE cov: 1412 ft: 2662 corp: 232/12106Kb lim: 239306 exec/s: 1098 rss: 496Mb L: 6130/239306 MS: 4 ShuffleBytes-ShuffleBytes-ChangeByte-EraseBytes-
#27591	REDUCE cov: 1412 ft: 2662 corp: 232/12080Kb lim: 239306 exec/s: 1103 rss: 496Mb L: 144944/239306 MS: 3 ChangeBit-CMP-EraseBytes- DE: "\000\000"-
#27610	REDUCE cov: 1412 ft: 2662 corp: 232/12080Kb lim: 239306 exec/s: 1104 rss: 496Mb L: 779/239306 MS: 4 ChangeASCIIInt-CMP-PersAutoDict-EraseBytes- DE: "\000\000\000\000\377\377\377\377"-"\000\000\000\000\000\000\000/"-
#27646	REDUCE cov: 1412 ft: 2662 corp: 232/12068Kb lim: 239306 exec/s: 1105 rss: 496Mb L: 18643/239306 MS: 1 EraseBytes-
#27648	REDUCE cov: 1412 ft: 2662 corp: 232/12068Kb lim: 239306 exec/s: 1105 rss: 496Mb L: 9522/239306 MS: 2 ChangeASCIIInt-EraseBytes-
#27670	REDUCE cov: 1412 ft: 2662 corp: 232/12066Kb lim: 239306 exec/s: 1106 rss: 496Mb L: 39351/239306 MS: 2 ChangeBinInt-EraseBytes-
#27681	REDUCE cov: 1412 ft: 2662 corp: 232/12066Kb lim: 239306 exec/s: 1107 rss: 496Mb L: 276/239306 MS: 1 EraseBytes-
#27690	REDUCE cov: 1412 ft: 2662 corp: 232/12065Kb lim: 239306 exec/s: 1107 rss: 496Mb L: 1878/239306 MS: 4 ChangeBit-ChangeBinInt-ChangeBinInt-EraseBytes-
#27733	REDUCE cov: 1412 ft: 2662 corp: 232/12061Kb lim: 239306 exec/s: 1109 rss: 496Mb L: 105958/239306 MS: 3 ChangeBit-InsertByte-EraseBytes-
#27773	REDUCE cov: 1412 ft: 2662 corp: 232/12060Kb lim: 239306 exec/s: 1110 rss: 496Mb L: 432/239306 MS: 5 CopyPart-ChangeBit-ChangeByte-ChangeBinInt-EraseBytes-
#27774	NEW    cov: 1413 ft: 2663 corp: 233/12061Kb lim: 239306 exec/s: 1110 rss: 496Mb L: 224/239306 MS: 1 PersAutoDict- DE: "\002\000\000\000\000\000\000\000"-
#27781	REDUCE cov: 1413 ft: 2663 corp: 233/12060Kb lim: 239306 exec/s: 1111 rss: 496Mb L: 324/239306 MS: 2 InsertByte-EraseBytes-
#27789	REDUCE cov: 1413 ft: 2663 corp: 233/12059Kb lim: 239306 exec/s: 1111 rss: 496Mb L: 5183/239306 MS: 3 ChangeByte-InsertRepeatedBytes-EraseBytes-
#27889	REDUCE cov: 1413 ft: 2663 corp: 233/12057Kb lim: 239306 exec/s: 1115 rss: 496Mb L: 3522/239306 MS: 5 PersAutoDict-InsertByte-PersAutoDict-ChangeBinInt-EraseBytes- DE: "\000\000\000\000\000\000\000\026"-"\000\000\000\000\000\000\000\001"-
#27947	REDUCE cov: 1413 ft: 2663 corp: 233/12057Kb lim: 239306 exec/s: 1117 rss: 496Mb L: 31/239306 MS: 3 CopyPart-ChangeByte-EraseBytes-
#27988	REDUCE cov: 1413 ft: 2663 corp: 233/12057Kb lim: 239306 exec/s: 1119 rss: 496Mb L: 4296/239306 MS: 1 EraseBytes-
#28007	NEW    cov: 1413 ft: 2678 corp: 234/12057Kb lim: 239306 exec/s: 1120 rss: 496Mb L: 173/239306 MS: 4 ChangeByte-InsertRepeatedBytes-PersAutoDict-EraseBytes- DE: "\265\000\000\000\000\000\000\000"-
#28042	REDUCE cov: 1413 ft: 2678 corp: 234/12056Kb lim: 239306 exec/s: 1121 rss: 496Mb L: 4433/239306 MS: 5 InsertByte-InsertRepeatedBytes-ChangeBit-ChangeASCIIInt-EraseBytes-
#28058	REDUCE cov: 1413 ft: 2678 corp: 234/12055Kb lim: 239306 exec/s: 1122 rss: 496Mb L: 28609/239306 MS: 1 EraseBytes-
#28143	REDUCE cov: 1413 ft: 2678 corp: 234/12053Kb lim: 239306 exec/s: 1125 rss: 496Mb L: 3940/239306 MS: 5 ChangeByte-CopyPart-PersAutoDict-PersAutoDict-EraseBytes- DE: "N\000\000\000\000\000\000\000"-"\000\000\000\000\000\000\000\000"-
#28195	REDUCE cov: 1413 ft: 2678 corp: 234/12050Kb lim: 239306 exec/s: 1127 rss: 496Mb L: 3478/239306 MS: 2 ChangeBit-EraseBytes-
#28246	REDUCE cov: 1413 ft: 2689 corp: 235/12060Kb lim: 239306 exec/s: 1086 rss: 496Mb L: 10098/239306 MS: 1 CrossOver-
#28262	REDUCE cov: 1413 ft: 2689 corp: 235/12058Kb lim: 239306 exec/s: 1087 rss: 496Mb L: 7382/239306 MS: 1 EraseBytes-
#28279	REDUCE cov: 1413 ft: 2689 corp: 235/12058Kb lim: 239306 exec/s: 1087 rss: 496Mb L: 411/239306 MS: 2 ShuffleBytes-EraseBytes-
#28295	REDUCE cov: 1413 ft: 2689 corp: 235/12058Kb lim: 239306 exec/s: 1088 rss: 496Mb L: 358/239306 MS: 1 EraseBytes-
#28303	REDUCE cov: 1413 ft: 2689 corp: 235/12034Kb lim: 239306 exec/s: 1088 rss: 496Mb L: 31790/239306 MS: 3 EraseBytes-ChangeBit-InsertRepeatedBytes-
#28334	REDUCE cov: 1413 ft: 2689 corp: 235/12034Kb lim: 239306 exec/s: 1089 rss: 496Mb L: 58/239306 MS: 1 EraseBytes-
#28669	REDUCE cov: 1413 ft: 2689 corp: 235/12034Kb lim: 239306 exec/s: 1102 rss: 496Mb L: 5241/239306 MS: 5 ChangeASCIIInt-ChangeASCIIInt-ChangeBit-PersAutoDict-EraseBytes- DE: "\030\000\000\000\000\000\000\000"-
#28670	REDUCE cov: 1413 ft: 2689 corp: 235/12032Kb lim: 239306 exec/s: 1102 rss: 496Mb L: 13001/239306 MS: 1 EraseBytes-
#28737	REDUCE cov: 1413 ft: 2689 corp: 235/12032Kb lim: 239306 exec/s: 1105 rss: 496Mb L: 180/239306 MS: 2 ChangeBinInt-EraseBytes-
#28810	REDUCE cov: 1413 ft: 2689 corp: 235/12013Kb lim: 239306 exec/s: 1108 rss: 496Mb L: 32021/239306 MS: 3 CrossOver-CopyPart-EraseBytes-
#28848	REDUCE cov: 1413 ft: 2689 corp: 235/11921Kb lim: 239306 exec/s: 1109 rss: 496Mb L: 144655/239306 MS: 3 ChangeBinInt-ChangeBinInt-EraseBytes-
#28950	REDUCE cov: 1413 ft: 2689 corp: 235/11911Kb lim: 239306 exec/s: 1113 rss: 496Mb L: 23485/239306 MS: 2 ChangeASCIIInt-EraseBytes-
#28988	REDUCE cov: 1413 ft: 2689 corp: 235/11911Kb lim: 239306 exec/s: 1114 rss: 496Mb L: 1265/239306 MS: 3 ChangeASCIIInt-ChangeBinInt-EraseBytes-
#28991	REDUCE cov: 1413 ft: 2689 corp: 235/11903Kb lim: 239306 exec/s: 1115 rss: 496Mb L: 28415/239306 MS: 3 ChangeBinInt-ChangeByte-EraseBytes-
#29044	REDUCE cov: 1413 ft: 2689 corp: 235/11892Kb lim: 239306 exec/s: 1117 rss: 496Mb L: 28816/239306 MS: 3 PersAutoDict-ChangeASCIIInt-EraseBytes- DE: "\000\000\000\000\000\000\000\000"-
#29107	REDUCE cov: 1413 ft: 2689 corp: 235/11891Kb lim: 239306 exec/s: 1119 rss: 496Mb L: 3031/239306 MS: 3 CMP-ShuffleBytes-EraseBytes- DE: "\000\000"-
#29123	REDUCE cov: 1413 ft: 2689 corp: 235/11876Kb lim: 239306 exec/s: 1120 rss: 496Mb L: 100559/239306 MS: 1 EraseBytes-
#29126	REDUCE cov: 1413 ft: 2689 corp: 235/11864Kb lim: 239306 exec/s: 1120 rss: 496Mb L: 25916/239306 MS: 3 PersAutoDict-ChangeASCIIInt-EraseBytes- DE: "N\000\000\000\000\000\000\000"-
#29132	REDUCE cov: 1413 ft: 2689 corp: 235/11863Kb lim: 239306 exec/s: 1120 rss: 496Mb L: 1125/239306 MS: 1 EraseBytes-
#29138	REDUCE cov: 1413 ft: 2689 corp: 235/11863Kb lim: 239306 exec/s: 1120 rss: 496Mb L: 316/239306 MS: 1 EraseBytes-
#29176	REDUCE cov: 1413 ft: 2689 corp: 235/11847Kb lim: 239306 exec/s: 1122 rss: 496Mb L: 50319/239306 MS: 3 ChangeByte-ShuffleBytes-EraseBytes-
#29240	REDUCE cov: 1413 ft: 2689 corp: 235/11845Kb lim: 239306 exec/s: 1124 rss: 496Mb L: 29501/239306 MS: 4 ChangeBit-PersAutoDict-ChangeBinInt-EraseBytes- DE: "\000\000\000\000\000\000\000\002"-
#29281	REDUCE cov: 1413 ft: 2689 corp: 235/11845Kb lim: 239306 exec/s: 1126 rss: 496Mb L: 2435/239306 MS: 1 EraseBytes-
#29426	REDUCE cov: 1413 ft: 2689 corp: 235/11826Kb lim: 239306 exec/s: 1131 rss: 496Mb L: 31122/239306 MS: 5 ChangeByte-ChangeASCIIInt-EraseBytes-ChangeByte-PersAutoDict- DE: "\002\000\000\000\000\000\000\000"-
#29462	NEW    cov: 1414 ft: 2690 corp: 236/11827Kb lim: 239306 exec/s: 1133 rss: 496Mb L: 1367/239306 MS: 1 InsertRepeatedBytes-
#29485	REDUCE cov: 1414 ft: 2690 corp: 236/11827Kb lim: 239306 exec/s: 1134 rss: 496Mb L: 904/239306 MS: 3 ChangeASCIIInt-ChangeASCIIInt-EraseBytes-
#29517	REDUCE cov: 1414 ft: 2690 corp: 236/11825Kb lim: 239306 exec/s: 1135 rss: 496Mb L: 2588/239306 MS: 2 ChangeBinInt-EraseBytes-
#29518	REDUCE cov: 1414 ft: 2690 corp: 236/11825Kb lim: 239306 exec/s: 1135 rss: 496Mb L: 29358/239306 MS: 1 EraseBytes-
#29543	REDUCE cov: 1414 ft: 2690 corp: 236/11628Kb lim: 239306 exec/s: 1136 rss: 496Mb L: 36999/239306 MS: 5 ChangeBinInt-ChangeBit-CrossOver-ChangeBit-InsertByte-
#29571	REDUCE cov: 1414 ft: 2690 corp: 236/11612Kb lim: 239306 exec/s: 1137 rss: 496Mb L: 19970/239306 MS: 3 ChangeByte-ChangeByte-EraseBytes-
#29691	REDUCE cov: 1414 ft: 2690 corp: 236/11591Kb lim: 239306 exec/s: 1141 rss: 496Mb L: 53098/239306 MS: 5 InsertByte-InsertByte-ChangeBinInt-ChangeByte-EraseBytes-
#29697	REDUCE cov: 1414 ft: 2691 corp: 237/11592Kb lim: 239306 exec/s: 1142 rss: 496Mb L: 767/239306 MS: 1 InsertByte-
#29828	REDUCE cov: 1414 ft: 2691 corp: 237/11578Kb lim: 239306 exec/s: 1104 rss: 496Mb L: 56934/239306 MS: 1 EraseBytes-
#29844	REDUCE cov: 1414 ft: 2691 corp: 237/11577Kb lim: 239306 exec/s: 1105 rss: 496Mb L: 9417/239306 MS: 1 EraseBytes-
#29972	REDUCE cov: 1414 ft: 2691 corp: 237/11571Kb lim: 239306 exec/s: 1110 rss: 496Mb L: 54183/239306 MS: 3 ChangeASCIIInt-EraseBytes-EraseBytes-
#30018	NEW    cov: 1418 ft: 2695 corp: 238/11571Kb lim: 239306 exec/s: 1111 rss: 496Mb L: 395/239306 MS: 1 InsertRepeatedBytes-
#30037	REDUCE cov: 1418 ft: 2695 corp: 238/11555Kb lim: 239306 exec/s: 1112 rss: 496Mb L: 71701/239306 MS: 4 ChangeASCIIInt-ChangeASCIIInt-PersAutoDict-EraseBytes- DE: "Q\023\000\000\000\000\000\000"-
#30053	REDUCE cov: 1418 ft: 2695 corp: 238/11553Kb lim: 239306 exec/s: 1113 rss: 496Mb L: 5063/239306 MS: 1 EraseBytes-
#30104	REDUCE cov: 1418 ft: 2695 corp: 238/11551Kb lim: 239306 exec/s: 1114 rss: 496Mb L: 50291/239306 MS: 1 CrossOver-
#30202	REDUCE cov: 1418 ft: 2695 corp: 238/11551Kb lim: 239306 exec/s: 1118 rss: 496Mb L: 52/239306 MS: 3 PersAutoDict-ChangeByte-EraseBytes- DE: "\000\000\000\000\377\377\377\377"-
#30223	REDUCE cov: 1418 ft: 2695 corp: 238/11551Kb lim: 239306 exec/s: 1119 rss: 496Mb L: 530/239306 MS: 1 EraseBytes-
#30290	NEW    cov: 1420 ft: 2697 corp: 239/11551Kb lim: 239306 exec/s: 1121 rss: 496Mb L: 305/239306 MS: 2 EraseBytes-ChangeByte-
#30388	REDUCE cov: 1420 ft: 2700 corp: 240/11552Kb lim: 239306 exec/s: 1125 rss: 496Mb L: 1428/239306 MS: 3 ChangeBit-CrossOver-InsertRepeatedBytes-
#30480	REDUCE cov: 1420 ft: 2700 corp: 240/11552Kb lim: 239306 exec/s: 1128 rss: 496Mb L: 5414/239306 MS: 2 ChangeBit-EraseBytes-
#30582	REDUCE cov: 1420 ft: 2700 corp: 240/11551Kb lim: 239306 exec/s: 1132 rss: 496Mb L: 1228/239306 MS: 2 InsertRepeatedBytes-EraseBytes-
#30587	REDUCE cov: 1420 ft: 2700 corp: 240/11551Kb lim: 239306 exec/s: 1132 rss: 496Mb L: 47/239306 MS: 5 InsertByte-PersAutoDict-CopyPart-ChangeBinInt-EraseBytes- DE: "\001\000&I\000\035\357\020"-
#30655	REDUCE cov: 1420 ft: 2700 corp: 240/11551Kb lim: 239306 exec/s: 1135 rss: 496Mb L: 278/239306 MS: 3 InsertByte-ChangeByte-EraseBytes-
#30702	REDUCE cov: 1420 ft: 2700 corp: 240/11550Kb lim: 239306 exec/s: 1137 rss: 496Mb L: 27216/239306 MS: 2 ChangeASCIIInt-EraseBytes-
#30780	REDUCE cov: 1420 ft: 2700 corp: 240/11548Kb lim: 239306 exec/s: 1140 rss: 496Mb L: 20742/239306 MS: 3 ChangeASCIIInt-ChangeByte-EraseBytes-
#30793	REDUCE cov: 1420 ft: 2700 corp: 240/11548Kb lim: 239306 exec/s: 1140 rss: 496Mb L: 286/239306 MS: 3 ChangeBinInt-CMP-EraseBytes- DE: "\377\377\377\377"-
#30845	REDUCE cov: 1420 ft: 2700 corp: 240/11547Kb lim: 239306 exec/s: 1142 rss: 496Mb L: 3577/239306 MS: 2 ChangeASCIIInt-EraseBytes-
#30861	REDUCE cov: 1420 ft: 2700 corp: 240/11547Kb lim: 239306 exec/s: 1143 rss: 496Mb L: 591/239306 MS: 1 EraseBytes-
#30867	REDUCE cov: 1420 ft: 2700 corp: 240/11545Kb lim: 239306 exec/s: 1143 rss: 496Mb L: 2594/239306 MS: 1 EraseBytes-
#30875	REDUCE cov: 1420 ft: 2700 corp: 240/11535Kb lim: 239306 exec/s: 1143 rss: 496Mb L: 12634/239306 MS: 3 InsertByte-ChangeBinInt-EraseBytes-
#30916	REDUCE cov: 1420 ft: 2700 corp: 240/11524Kb lim: 239306 exec/s: 1145 rss: 496Mb L: 125516/239306 MS: 1 EraseBytes-
#30995	REDUCE cov: 1420 ft: 2700 corp: 240/11515Kb lim: 239306 exec/s: 1147 rss: 496Mb L: 20376/239306 MS: 4 InsertRepeatedBytes-CrossOver-CrossOver-EraseBytes-
#31003	REDUCE cov: 1420 ft: 2700 corp: 240/11514Kb lim: 239306 exec/s: 1148 rss: 496Mb L: 5710/239306 MS: 3 InsertByte-ChangeASCIIInt-EraseBytes-
#31080	REDUCE cov: 1420 ft: 2700 corp: 240/11513Kb lim: 239306 exec/s: 1151 rss: 496Mb L: 1785/239306 MS: 2 InsertByte-EraseBytes-
#31156	REDUCE cov: 1420 ft: 2700 corp: 240/11513Kb lim: 239306 exec/s: 1153 rss: 496Mb L: 589/239306 MS: 1 EraseBytes-
#31159	REDUCE cov: 1420 ft: 2700 corp: 240/11511Kb lim: 239306 exec/s: 1154 rss: 496Mb L: 3823/239306 MS: 3 ChangeByte-InsertRepeatedBytes-EraseBytes-
#31161	REDUCE cov: 1420 ft: 2700 corp: 240/11511Kb lim: 239306 exec/s: 1154 rss: 496Mb L: 6678/239306 MS: 2 ChangeASCIIInt-EraseBytes-
#31242	REDUCE cov: 1420 ft: 2700 corp: 240/11511Kb lim: 239306 exec/s: 1157 rss: 496Mb L: 1080/239306 MS: 1 EraseBytes-
#31312	REDUCE cov: 1420 ft: 2700 corp: 240/11511Kb lim: 239306 exec/s: 1159 rss: 496Mb L: 1122/239306 MS: 5 ChangeBit-ChangeByte-ShuffleBytes-ShuffleBytes-EraseBytes-
#31329	NEW    cov: 1420 ft: 2701 corp: 241/11511Kb lim: 239306 exec/s: 1160 rss: 496Mb L: 253/239306 MS: 2 ChangeBinInt-PersAutoDict- DE: "\377\377"-
#31455	REDUCE cov: 1420 ft: 2701 corp: 241/11508Kb lim: 239306 exec/s: 1123 rss: 496Mb L: 17315/239306 MS: 1 EraseBytes-
#31463	REDUCE cov: 1420 ft: 2701 corp: 241/11508Kb lim: 239306 exec/s: 1123 rss: 496Mb L: 465/239306 MS: 3 ChangeBinInt-ChangeBinInt-EraseBytes-
#31551	REDUCE cov: 1420 ft: 2701 corp: 241/11506Kb lim: 239306 exec/s: 1126 rss: 496Mb L: 11018/239306 MS: 3 ChangeASCIIInt-ChangeBinInt-EraseBytes-
#31583	NEW    cov: 1420 ft: 2708 corp: 242/11508Kb lim: 239306 exec/s: 1127 rss: 496Mb L: 1583/239306 MS: 2 InsertRepeatedBytes-InsertRepeatedBytes-
#31649	REDUCE cov: 1420 ft: 2708 corp: 242/11508Kb lim: 239306 exec/s: 1130 rss: 496Mb L: 4010/239306 MS: 1 EraseBytes-
#31665	REDUCE cov: 1420 ft: 2708 corp: 242/11508Kb lim: 239306 exec/s: 1130 rss: 496Mb L: 8845/239306 MS: 1 EraseBytes-
#31672	REDUCE cov: 1422 ft: 2710 corp: 243/11508Kb lim: 239306 exec/s: 1131 rss: 496Mb L: 326/239306 MS: 2 ShuffleBytes-CMP- DE: "\001\000"-
#31753	REDUCE cov: 1422 ft: 2710 corp: 243/11497Kb lim: 239306 exec/s: 1134 rss: 496Mb L: 71807/239306 MS: 1 EraseBytes-
#31759	REDUCE cov: 1422 ft: 2710 corp: 243/11496Kb lim: 239306 exec/s: 1134 rss: 496Mb L: 12321/239306 MS: 1 EraseBytes-
#31800	REDUCE cov: 1422 ft: 2710 corp: 243/11496Kb lim: 239306 exec/s: 1135 rss: 496Mb L: 1072/239306 MS: 1 EraseBytes-
#31867	REDUCE cov: 1422 ft: 2710 corp: 243/11493Kb lim: 239306 exec/s: 1138 rss: 496Mb L: 5003/239306 MS: 2 InsertRepeatedBytes-EraseBytes-
#31917	REDUCE cov: 1422 ft: 2710 corp: 243/11492Kb lim: 239306 exec/s: 1139 rss: 496Mb L: 2433/239306 MS: 5 InsertRepeatedBytes-ShuffleBytes-ChangeBinInt-ChangeByte-EraseBytes-
#31994	REDUCE cov: 1422 ft: 2710 corp: 243/11491Kb lim: 239306 exec/s: 1142 rss: 496Mb L: 88833/239306 MS: 2 InsertRepeatedBytes-EraseBytes-
#32031	REDUCE cov: 1422 ft: 2710 corp: 243/11487Kb lim: 239306 exec/s: 1143 rss: 496Mb L: 31734/239306 MS: 2 ChangeBinInt-EraseBytes-
#32049	REDUCE cov: 1422 ft: 2710 corp: 243/11482Kb lim: 239306 exec/s: 1144 rss: 496Mb L: 15815/239306 MS: 3 ChangeByte-ShuffleBytes-EraseBytes-
#32082	REDUCE cov: 1422 ft: 2710 corp: 243/11481Kb lim: 239306 exec/s: 1145 rss: 496Mb L: 4786/239306 MS: 3 ChangeBit-ShuffleBytes-EraseBytes-
#32144	NEW    cov: 1422 ft: 2723 corp: 244/11482Kb lim: 239306 exec/s: 1148 rss: 496Mb L: 160/239306 MS: 2 ChangeBit-EraseBytes-
#32295	REDUCE cov: 1422 ft: 2723 corp: 244/11476Kb lim: 239306 exec/s: 1153 rss: 496Mb L: 21499/239306 MS: 1 EraseBytes-
#32371	REDUCE cov: 1422 ft: 2723 corp: 244/11476Kb lim: 239306 exec/s: 1156 rss: 496Mb L: 191/239306 MS: 1 EraseBytes-
#32377	REDUCE cov: 1422 ft: 2723 corp: 244/11476Kb lim: 239306 exec/s: 1156 rss: 496Mb L: 358/239306 MS: 1 EraseBytes-
#32425	REDUCE cov: 1422 ft: 2723 corp: 244/11471Kb lim: 239306 exec/s: 1158 rss: 496Mb L: 10312/239306 MS: 3 PersAutoDict-ChangeByte-EraseBytes- DE: "\000\000\000\000\000\000\000\000"-
#32678	REDUCE cov: 1422 ft: 2723 corp: 244/11471Kb lim: 239306 exec/s: 1167 rss: 496Mb L: 776/239306 MS: 3 CrossOver-InsertByte-EraseBytes-
#32706	REDUCE cov: 1422 ft: 2723 corp: 244/11470Kb lim: 239306 exec/s: 1168 rss: 496Mb L: 4630/239306 MS: 3 ChangeASCIIInt-InsertRepeatedBytes-EraseBytes-
#32723	REDUCE cov: 1422 ft: 2723 corp: 244/11469Kb lim: 239306 exec/s: 1168 rss: 496Mb L: 8869/239306 MS: 2 ChangeBit-EraseBytes-
#32768	pulse  cov: 1422 ft: 2723 corp: 244/11469Kb lim: 239306 exec/s: 1170 rss: 496Mb
#32769	REDUCE cov: 1422 ft: 2723 corp: 244/11469Kb lim: 239306 exec/s: 1170 rss: 496Mb L: 321/239306 MS: 1 EraseBytes-
#32775	REDUCE cov: 1422 ft: 2723 corp: 244/11465Kb lim: 239306 exec/s: 1170 rss: 496Mb L: 67457/239306 MS: 1 EraseBytes-
#32804	REDUCE cov: 1422 ft: 2723 corp: 244/11464Kb lim: 239306 exec/s: 1171 rss: 496Mb L: 9336/239306 MS: 4 PersAutoDict-ShuffleBytes-ChangeBit-EraseBytes- DE: "\000\000\000\000\000\000\000\002"-
#32826	REDUCE cov: 1422 ft: 2723 corp: 244/11464Kb lim: 239306 exec/s: 1131 rss: 496Mb L: 874/239306 MS: 2 ChangeBit-EraseBytes-
#32937	REDUCE cov: 1422 ft: 2723 corp: 244/11462Kb lim: 239306 exec/s: 1135 rss: 496Mb L: 6114/239306 MS: 1 EraseBytes-
#33049	REDUCE cov: 1422 ft: 2723 corp: 244/11462Kb lim: 239306 exec/s: 1139 rss: 496Mb L: 21290/239306 MS: 2 ChangeByte-EraseBytes-
#33056	REDUCE cov: 1422 ft: 2723 corp: 244/11462Kb lim: 239306 exec/s: 1139 rss: 496Mb L: 3281/239306 MS: 2 ChangeBit-EraseBytes-
#33122	REDUCE cov: 1422 ft: 2723 corp: 244/11435Kb lim: 239306 exec/s: 1142 rss: 496Mb L: 61347/239306 MS: 1 EraseBytes-
#33235	NEW    cov: 1422 ft: 2726 corp: 245/11437Kb lim: 239306 exec/s: 1146 rss: 496Mb L: 1635/239306 MS: 3 ShuffleBytes-CopyPart-ShuffleBytes-
#33348	REDUCE cov: 1422 ft: 2726 corp: 245/11437Kb lim: 239306 exec/s: 1149 rss: 496Mb L: 33/239306 MS: 3 ChangeBit-ChangeBinInt-EraseBytes-
#33390	REDUCE cov: 1422 ft: 2726 corp: 245/11435Kb lim: 239306 exec/s: 1151 rss: 496Mb L: 66224/239306 MS: 2 ShuffleBytes-EraseBytes-
#33394	REDUCE cov: 1422 ft: 2726 corp: 245/11428Kb lim: 239306 exec/s: 1151 rss: 496Mb L: 36264/239306 MS: 4 InsertByte-InsertByte-ChangeASCIIInt-EraseBytes-
#33407	REDUCE cov: 1422 ft: 2726 corp: 245/11426Kb lim: 239306 exec/s: 1151 rss: 496Mb L: 7128/239306 MS: 3 ChangeASCIIInt-InsertRepeatedBytes-EraseBytes-
#33428	REDUCE cov: 1422 ft: 2726 corp: 245/11425Kb lim: 239306 exec/s: 1152 rss: 496Mb L: 1317/239306 MS: 1 EraseBytes-
#33454	REDUCE cov: 1422 ft: 2726 corp: 245/11423Kb lim: 239306 exec/s: 1153 rss: 496Mb L: 7087/239306 MS: 1 EraseBytes-
#33465	REDUCE cov: 1422 ft: 2726 corp: 245/11419Kb lim: 239306 exec/s: 1153 rss: 496Mb L: 8576/239306 MS: 1 EraseBytes-
#33529	REDUCE cov: 1422 ft: 2726 corp: 245/11397Kb lim: 239306 exec/s: 1156 rss: 496Mb L: 65340/239306 MS: 4 ChangeByte-EraseBytes-InsertRepeatedBytes-PersAutoDict- DE: "\000\000\000\000\000\000\000\000\000\000\000\000\000\000\000\000\000\000\000\000\000\000\000\000\000\000\000\000\000\000\000\000"-
#33562	NEW    cov: 1422 ft: 2727 corp: 246/11397Kb lim: 239306 exec/s: 1157 rss: 496Mb L: 39/239306 MS: 3 ChangeBit-ChangeByte-PersAutoDict- DE: "J\222$I\222$I\002"-
#33693	REDUCE cov: 1422 ft: 2727 corp: 246/11397Kb lim: 239306 exec/s: 1161 rss: 496Mb L: 415/239306 MS: 1 EraseBytes-
#33791	REDUCE cov: 1422 ft: 2727 corp: 246/11395Kb lim: 239306 exec/s: 1165 rss: 496Mb L: 26351/239306 MS: 3 ChangeByte-InsertRepeatedBytes-EraseBytes-
#33829	REDUCE cov: 1422 ft: 2727 corp: 246/11392Kb lim: 239306 exec/s: 1166 rss: 496Mb L: 63292/239306 MS: 3 InsertRepeatedBytes-ChangeASCIIInt-EraseBytes-
#33851	REDUCE cov: 1422 ft: 2727 corp: 246/11391Kb lim: 239306 exec/s: 1167 rss: 496Mb L: 13345/239306 MS: 2 PersAutoDict-EraseBytes- DE: "\011\000\000\000\000\000\000\000"-
#33853	REDUCE cov: 1422 ft: 2727 corp: 246/11369Kb lim: 239306 exec/s: 1167 rss: 496Mb L: 26712/239306 MS: 2 PersAutoDict-EraseBytes- DE: "/\000\000\000\000\000\000\000"-
#33856	REDUCE cov: 1422 ft: 2727 corp: 246/11364Kb lim: 239306 exec/s: 1167 rss: 496Mb L: 31991/239306 MS: 3 ShuffleBytes-ShuffleBytes-EraseBytes-
#33882	REDUCE cov: 1422 ft: 2727 corp: 246/11364Kb lim: 239306 exec/s: 1168 rss: 496Mb L: 281/239306 MS: 1 EraseBytes-
#33970	REDUCE cov: 1422 ft: 2727 corp: 246/11345Kb lim: 239306 exec/s: 1171 rss: 496Mb L: 42311/239306 MS: 3 ChangeASCIIInt-PersAutoDict-EraseBytes- DE: "\377\377\377\377"-
#33993	REDUCE cov: 1422 ft: 2727 corp: 246/11345Kb lim: 239306 exec/s: 1172 rss: 496Mb L: 815/239306 MS: 3 ShuffleBytes-ChangeByte-EraseBytes-
#34037	REDUCE cov: 1422 ft: 2727 corp: 246/11344Kb lim: 239306 exec/s: 1173 rss: 496Mb L: 1648/239306 MS: 4 PersAutoDict-PersAutoDict-InsertRepeatedBytes-EraseBytes- DE: "\377\377\377\377\000\000\000\001"-"\001\000\000\000\000\000\000\014"-
#34049	REDUCE cov: 1422 ft: 2727 corp: 246/11342Kb lim: 239306 exec/s: 1174 rss: 496Mb L: 2347/239306 MS: 2 ShuffleBytes-EraseBytes-
#34147	REDUCE cov: 1422 ft: 2727 corp: 246/11339Kb lim: 239306 exec/s: 1177 rss: 496Mb L: 3099/239306 MS: 3 ChangeBit-CrossOver-EraseBytes-
#34168	REDUCE cov: 1422 ft: 2727 corp: 246/11337Kb lim: 239306 exec/s: 1178 rss: 496Mb L: 12805/239306 MS: 1 EraseBytes-
#34221	REDUCE cov: 1422 ft: 2727 corp: 246/11334Kb lim: 239306 exec/s: 1140 rss: 496Mb L: 23668/239306 MS: 3 ChangeASCIIInt-ShuffleBytes-CrossOver-
#34251	REDUCE cov: 1422 ft: 2727 corp: 246/11333Kb lim: 239306 exec/s: 1141 rss: 496Mb L: 14127/239306 MS: 5 InsertByte-InsertRepeatedBytes-CopyPart-InsertByte-EraseBytes-
#34260	REDUCE cov: 1422 ft: 2727 corp: 246/11328Kb lim: 239306 exec/s: 1142 rss: 496Mb L: 9182/239306 MS: 4 ChangeByte-ChangeByte-PersAutoDict-EraseBytes- DE: "\027\000\000\000\000\000\000\000"-
#34279	REDUCE cov: 1422 ft: 2727 corp: 246/11328Kb lim: 239306 exec/s: 1142 rss: 496Mb L: 105/239306 MS: 4 ChangeBinInt-ChangeASCIIInt-InsertByte-EraseBytes-
#34326	REDUCE cov: 1422 ft: 2727 corp: 246/11327Kb lim: 239306 exec/s: 1144 rss: 496Mb L: 1892/239306 MS: 2 ChangeASCIIInt-EraseBytes-
#34378	REDUCE cov: 1422 ft: 2727 corp: 246/11321Kb lim: 239306 exec/s: 1145 rss: 496Mb L: 15861/239306 MS: 2 CopyPart-EraseBytes-
#34416	REDUCE cov: 1422 ft: 2727 corp: 246/11320Kb lim: 239306 exec/s: 1147 rss: 496Mb L: 1420/239306 MS: 3 ShuffleBytes-CopyPart-EraseBytes-
#34492	REDUCE cov: 1422 ft: 2727 corp: 246/11304Kb lim: 239306 exec/s: 1149 rss: 496Mb L: 34019/239306 MS: 1 EraseBytes-
#34518	REDUCE cov: 1422 ft: 2727 corp: 246/11301Kb lim: 239306 exec/s: 1150 rss: 496Mb L: 3542/239306 MS: 1 EraseBytes-
#34531	REDUCE cov: 1422 ft: 2727 corp: 246/11301Kb lim: 239306 exec/s: 1151 rss: 496Mb L: 210/239306 MS: 3 ChangeByte-CrossOver-EraseBytes-
#34545	REDUCE cov: 1422 ft: 2727 corp: 246/11301Kb lim: 239306 exec/s: 1151 rss: 496Mb L: 33/239306 MS: 4 ShuffleBytes-ChangeBinInt-ChangeBit-EraseBytes-
#34591	REDUCE cov: 1422 ft: 2727 corp: 246/11258Kb lim: 239306 exec/s: 1153 rss: 496Mb L: 100970/239306 MS: 1 EraseBytes-
#34686	REDUCE cov: 1422 ft: 2731 corp: 247/11258Kb lim: 239306 exec/s: 1156 rss: 496Mb L: 602/239306 MS: 5 PersAutoDict-ChangeByte-ChangeBit-ChangeASCIIInt-ChangeBit- DE: "\000\000\000\000\377\377\377\377"-
#34748	REDUCE cov: 1422 ft: 2731 corp: 247/11256Kb lim: 239306 exec/s: 1158 rss: 496Mb L: 11744/239306 MS: 2 PersAutoDict-EraseBytes- DE: "\000\000\000\000\000\000\000\000"-
#34816	REDUCE cov: 1422 ft: 2731 corp: 247/11254Kb lim: 239306 exec/s: 1160 rss: 496Mb L: 5238/239306 MS: 3 InsertByte-ChangeByte-EraseBytes-
#34826	REDUCE cov: 1423 ft: 2732 corp: 248/11254Kb lim: 239306 exec/s: 1160 rss: 496Mb L: 28/239306 MS: 5 ChangeBinInt-ChangeBinInt-CopyPart-EraseBytes-EraseBytes-
#34843	REDUCE cov: 1425 ft: 2734 corp: 249/11256Kb lim: 239306 exec/s: 1161 rss: 496Mb L: 2121/239306 MS: 2 InsertByte-EraseBytes-
#35062	REDUCE cov: 1425 ft: 2734 corp: 249/11229Kb lim: 239306 exec/s: 1168 rss: 496Mb L: 13897/239306 MS: 4 CMP-CMP-CrossOver-CrossOver- DE: "\001\000"-"\002\000\000\000\000\000\000\000"-
#35229	REDUCE cov: 1425 ft: 2734 corp: 249/11222Kb lim: 239306 exec/s: 1174 rss: 496Mb L: 88797/239306 MS: 2 ChangeBit-CrossOver-
#35263	REDUCE cov: 1426 ft: 2736 corp: 250/11223Kb lim: 239306 exec/s: 1175 rss: 496Mb L: 483/239306 MS: 4 ChangeBit-InsertRepeatedBytes-PersAutoDict-CMP- DE: "\000\000\000\000\000\000\000\000\000\000\000\000\000\000\000\000\000\000\000\000\000\000\000\000\000\000\000\000\000\000\000\000"-"\001\000"-
#35376	REDUCE cov: 1426 ft: 2736 corp: 250/11223Kb lim: 239306 exec/s: 1179 rss: 496Mb L: 1043/239306 MS: 3 InsertRepeatedBytes-ShuffleBytes-EraseBytes-
#35479	REDUCE cov: 1426 ft: 2736 corp: 250/11222Kb lim: 239306 exec/s: 1182 rss: 496Mb L: 660/239306 MS: 3 PersAutoDict-InsertByte-EraseBytes- DE: "\000\000\000\000"-
#35555	REDUCE cov: 1426 ft: 2736 corp: 250/11222Kb lim: 239306 exec/s: 1185 rss: 496Mb L: 301/239306 MS: 1 EraseBytes-
#35588	REDUCE cov: 1426 ft: 2736 corp: 250/11221Kb lim: 239306 exec/s: 1186 rss: 496Mb L: 5328/239306 MS: 3 ChangeASCIIInt-CMP-EraseBytes- DE: "\001\000\000\000"-
#35614	REDUCE cov: 1426 ft: 2737 corp: 251/11221Kb lim: 239306 exec/s: 1187 rss: 496Mb L: 602/239306 MS: 1 ChangeBinInt-
#35651	REDUCE cov: 1426 ft: 2737 corp: 251/11221Kb lim: 239306 exec/s: 1188 rss: 496Mb L: 1285/239306 MS: 2 ChangeBit-EraseBytes-
#35679	REDUCE cov: 1426 ft: 2737 corp: 251/11221Kb lim: 239306 exec/s: 1189 rss: 496Mb L: 2453/239306 MS: 3 ChangeByte-InsertRepeatedBytes-EraseBytes-
#35773	REDUCE cov: 1426 ft: 2737 corp: 251/11216Kb lim: 239306 exec/s: 1153 rss: 496Mb L: 15341/239306 MS: 4 InsertRepeatedBytes-CopyPart-EraseBytes-InsertByte-
#35893	REDUCE cov: 1426 ft: 2738 corp: 252/11265Kb lim: 239306 exec/s: 1157 rss: 496Mb L: 50612/239306 MS: 5 PersAutoDict-ChangeByte-CopyPart-CMP-CMP- DE: "\000\000\000\000\000\000\000\026"-"\001\000\000\000"-"\000\000\000\000"-
#35999	REDUCE cov: 1426 ft: 2738 corp: 252/11265Kb lim: 239306 exec/s: 1161 rss: 496Mb L: 6285/239306 MS: 1 EraseBytes-
#36111	REDUCE cov: 1426 ft: 2738 corp: 252/11265Kb lim: 239306 exec/s: 1164 rss: 496Mb L: 593/239306 MS: 2 ChangeBit-EraseBytes-
#36116	REDUCE cov: 1426 ft: 2738 corp: 252/11263Kb lim: 239306 exec/s: 1165 rss: 496Mb L: 2268/239306 MS: 5 ChangeBinInt-ChangeBit-CMP-CopyPart-EraseBytes- DE: "\000\000\000\000\000\000\000\005"-
#36117	REDUCE cov: 1426 ft: 2738 corp: 252/11262Kb lim: 239306 exec/s: 1165 rss: 496Mb L: 3836/239306 MS: 1 EraseBytes-
#36130	REDUCE cov: 1426 ft: 2738 corp: 252/11252Kb lim: 239306 exec/s: 1165 rss: 496Mb L: 21278/239306 MS: 3 CrossOver-InsertRepeatedBytes-EraseBytes-
#36176	REDUCE cov: 1426 ft: 2738 corp: 252/11252Kb lim: 239306 exec/s: 1166 rss: 496Mb L: 209/239306 MS: 1 EraseBytes-
#36178	REDUCE cov: 1426 ft: 2743 corp: 253/11252Kb lim: 239306 exec/s: 1167 rss: 496Mb L: 123/239306 MS: 2 ChangeByte-EraseBytes-
#36193	REDUCE cov: 1426 ft: 2743 corp: 253/11249Kb lim: 239306 exec/s: 1167 rss: 496Mb L: 10033/239306 MS: 5 CopyPart-ChangeByte-CMP-ShuffleBytes-EraseBytes- DE: "\007\377\377\377\377\377\377\377"-
#36216	REDUCE cov: 1426 ft: 2743 corp: 253/11249Kb lim: 239306 exec/s: 1168 rss: 496Mb L: 2463/239306 MS: 3 ChangeBinInt-CrossOver-EraseBytes-
#36307	REDUCE cov: 1426 ft: 2743 corp: 253/11249Kb lim: 239306 exec/s: 1171 rss: 496Mb L: 25/239306 MS: 1 EraseBytes-
#36308	REDUCE cov: 1426 ft: 2743 corp: 253/11243Kb lim: 239306 exec/s: 1171 rss: 496Mb L: 44157/239306 MS: 1 EraseBytes-
#36356	REDUCE cov: 1426 ft: 2743 corp: 253/11242Kb lim: 239306 exec/s: 1172 rss: 496Mb L: 20774/239306 MS: 3 ChangeBit-ChangeBit-EraseBytes-
#36705	REDUCE cov: 1426 ft: 2743 corp: 253/11241Kb lim: 239306 exec/s: 1184 rss: 496Mb L: 1088/239306 MS: 4 CopyPart-ChangeASCIIInt-CopyPart-EraseBytes-
#36713	REDUCE cov: 1426 ft: 2743 corp: 253/11233Kb lim: 239306 exec/s: 1184 rss: 496Mb L: 202908/239306 MS: 3 InsertByte-CopyPart-EraseBytes-
#36760	REDUCE cov: 1426 ft: 2743 corp: 253/11233Kb lim: 239306 exec/s: 1185 rss: 496Mb L: 238/239306 MS: 2 InsertByte-EraseBytes-
#36932	REDUCE cov: 1426 ft: 2743 corp: 253/11201Kb lim: 239306 exec/s: 1191 rss: 496Mb L: 126815/239306 MS: 2 ChangeBit-EraseBytes-
#36969	REDUCE cov: 1426 ft: 2743 corp: 253/11176Kb lim: 239306 exec/s: 1192 rss: 496Mb L: 59743/239306 MS: 2 InsertRepeatedBytes-EraseBytes-
#37141	REDUCE cov: 1426 ft: 2743 corp: 253/11176Kb lim: 239306 exec/s: 1198 rss: 496Mb L: 184/239306 MS: 2 ChangeBinInt-EraseBytes-
#37147	REDUCE cov: 1426 ft: 2743 corp: 253/11176Kb lim: 239306 exec/s: 1198 rss: 496Mb L: 3015/239306 MS: 1 EraseBytes-
#37175	REDUCE cov: 1426 ft: 2743 corp: 253/11174Kb lim: 239306 exec/s: 1199 rss: 496Mb L: 2951/239306 MS: 3 ChangeBit-InsertByte-EraseBytes-
#37191	REDUCE cov: 1426 ft: 2747 corp: 254/11175Kb lim: 239306 exec/s: 1199 rss: 496Mb L: 815/239306 MS: 1 ChangeBinInt-
#37222	REDUCE cov: 1426 ft: 2747 corp: 254/11173Kb lim: 239306 exec/s: 1200 rss: 496Mb L: 4359/239306 MS: 1 EraseBytes-
#37244	REDUCE cov: 1426 ft: 2747 corp: 254/11166Kb lim: 239306 exec/s: 1201 rss: 496Mb L: 30463/239306 MS: 2 InsertByte-EraseBytes-
#37300	REDUCE cov: 1426 ft: 2747 corp: 254/11166Kb lim: 239306 exec/s: 1203 rss: 496Mb L: 175/239306 MS: 1 EraseBytes-
#37301	REDUCE cov: 1426 ft: 2747 corp: 254/11148Kb lim: 239306 exec/s: 1203 rss: 496Mb L: 44241/239306 MS: 1 EraseBytes-
#37412	REDUCE cov: 1426 ft: 2747 corp: 254/11141Kb lim: 239306 exec/s: 1169 rss: 496Mb L: 21801/239306 MS: 1 EraseBytes-
#37466	REDUCE cov: 1426 ft: 2747 corp: 254/11133Kb lim: 239306 exec/s: 1170 rss: 496Mb L: 15068/239306 MS: 4 CMP-InsertByte-CrossOver-EraseBytes- DE: "\377\377"-
#37498	REDUCE cov: 1426 ft: 2747 corp: 254/11133Kb lim: 239306 exec/s: 1171 rss: 496Mb L: 539/239306 MS: 2 ChangeASCIIInt-EraseBytes-
#37501	REDUCE cov: 1426 ft: 2747 corp: 254/11133Kb lim: 239306 exec/s: 1171 rss: 496Mb L: 2409/239306 MS: 3 ChangeByte-ChangeByte-EraseBytes-
#37517	REDUCE cov: 1426 ft: 2747 corp: 254/11132Kb lim: 239306 exec/s: 1172 rss: 496Mb L: 620/239306 MS: 1 EraseBytes-
#37585	REDUCE cov: 1426 ft: 2747 corp: 254/11132Kb lim: 239306 exec/s: 1174 rss: 496Mb L: 167/239306 MS: 3 ChangeBit-PersAutoDict-EraseBytes- DE: "\000\000\000\000\000\000\000\001"-
#37586	REDUCE cov: 1426 ft: 2747 corp: 254/11132Kb lim: 239306 exec/s: 1174 rss: 496Mb L: 182/239306 MS: 1 EraseBytes-
#37750	REDUCE cov: 1426 ft: 2747 corp: 254/11131Kb lim: 239306 exec/s: 1179 rss: 496Mb L: 3753/239306 MS: 4 InsertByte-CopyPart-PersAutoDict-EraseBytes- DE: "\001\000"-
#37798	REDUCE cov: 1426 ft: 2747 corp: 254/11117Kb lim: 239306 exec/s: 1181 rss: 496Mb L: 17802/239306 MS: 3 ChangeByte-PersAutoDict-EraseBytes- DE: "\007\377\377\377\377\377\377\377"-
#37873	REDUCE cov: 1426 ft: 2747 corp: 254/11117Kb lim: 239306 exec/s: 1183 rss: 496Mb L: 574/239306 MS: 5 InsertByte-InsertByte-PersAutoDict-ChangeByte-EraseBytes- DE: "\007\377\377\377\377\377\377\377"-
#37914	REDUCE cov: 1426 ft: 2747 corp: 254/11117Kb lim: 239306 exec/s: 1184 rss: 496Mb L: 25653/239306 MS: 1 EraseBytes-
#37998	REDUCE cov: 1426 ft: 2747 corp: 254/11114Kb lim: 239306 exec/s: 1187 rss: 496Mb L: 15178/239306 MS: 4 ShuffleBytes-CrossOver-ChangeByte-EraseBytes-
#38067	REDUCE cov: 1426 ft: 2747 corp: 254/11114Kb lim: 239306 exec/s: 1189 rss: 496Mb L: 1872/239306 MS: 4 ChangeASCIIInt-ChangeASCIIInt-InsertByte-EraseBytes-
#38074	REDUCE cov: 1426 ft: 2747 corp: 254/11114Kb lim: 239306 exec/s: 1189 rss: 496Mb L: 44361/239306 MS: 2 ShuffleBytes-EraseBytes-
#38080	REDUCE cov: 1426 ft: 2747 corp: 254/11114Kb lim: 239306 exec/s: 1190 rss: 496Mb L: 18/239306 MS: 1 EraseBytes-
#38116	NEW    cov: 1426 ft: 2755 corp: 255/11114Kb lim: 239306 exec/s: 1191 rss: 496Mb L: 166/239306 MS: 1 CopyPart-
#38201	REDUCE cov: 1426 ft: 2755 corp: 255/11114Kb lim: 239306 exec/s: 1193 rss: 496Mb L: 841/239306 MS: 5 ShuffleBytes-ChangeBinInt-ChangeBinInt-InsertByte-EraseBytes-
#38278	REDUCE cov: 1426 ft: 2755 corp: 255/11114Kb lim: 239306 exec/s: 1196 rss: 496Mb L: 696/239306 MS: 2 InsertRepeatedBytes-EraseBytes-
#38332	REDUCE cov: 1426 ft: 2755 corp: 255/11114Kb lim: 239306 exec/s: 1197 rss: 496Mb L: 505/239306 MS: 4 ChangeBinInt-ChangeBit-ChangeByte-EraseBytes-
#38359	REDUCE cov: 1426 ft: 2755 corp: 255/11114Kb lim: 239306 exec/s: 1198 rss: 496Mb L: 1365/239306 MS: 2 ChangeBit-EraseBytes-
#38373	REDUCE cov: 1426 ft: 2755 corp: 255/11113Kb lim: 239306 exec/s: 1199 rss: 496Mb L: 5048/239306 MS: 4 PersAutoDict-ChangeBinInt-CopyPart-EraseBytes- DE: "\030\000\000\000\000\000\000\000"-
#38391	REDUCE cov: 1426 ft: 2755 corp: 255/11096Kb lim: 239306 exec/s: 1199 rss: 496Mb L: 27010/239306 MS: 3 CopyPart-PersAutoDict-EraseBytes- DE: "/\000\000\000\000\000\000\000"-
#38431	REDUCE cov: 1426 ft: 2755 corp: 255/11090Kb lim: 239306 exec/s: 1200 rss: 496Mb L: 124009/239306 MS: 5 ChangeByte-ShuffleBytes-EraseBytes-CMP-PersAutoDict- DE: "\000\000"-"\001\000\000\000\000\000\000\002"-
#38478	REDUCE cov: 1426 ft: 2755 corp: 255/11081Kb lim: 239306 exec/s: 1202 rss: 496Mb L: 22134/239306 MS: 2 ChangeBit-EraseBytes-
#38514	REDUCE cov: 1426 ft: 2755 corp: 255/11058Kb lim: 239306 exec/s: 1203 rss: 496Mb L: 77488/239306 MS: 1 EraseBytes-
#38637	REDUCE cov: 1427 ft: 2756 corp: 256/11059Kb lim: 239306 exec/s: 1207 rss: 496Mb L: 263/239306 MS: 3 EraseBytes-InsertByte-CrossOver-
#38666	REDUCE cov: 1427 ft: 2756 corp: 256/11029Kb lim: 239306 exec/s: 1208 rss: 496Mb L: 93272/239306 MS: 4 InsertByte-ChangeByte-CMP-EraseBytes- DE: "\377\377\377\377"-
#38707	REDUCE cov: 1427 ft: 2756 corp: 256/11029Kb lim: 239306 exec/s: 1209 rss: 496Mb L: 626/239306 MS: 1 EraseBytes-
#38724	REDUCE cov: 1427 ft: 2756 corp: 256/11006Kb lim: 239306 exec/s: 1210 rss: 496Mb L: 69891/239306 MS: 2 PersAutoDict-EraseBytes- DE: "\027\000\000\000\000\000\000\000"-
#38737	REDUCE cov: 1427 ft: 2756 corp: 256/11006Kb lim: 239306 exec/s: 1210 rss: 496Mb L: 23/239306 MS: 3 EraseBytes-InsertByte-ChangeByte-
#38905	REDUCE cov: 1427 ft: 2756 corp: 256/10995Kb lim: 239306 exec/s: 1215 rss: 496Mb L: 32427/239306 MS: 3 PersAutoDict-ShuffleBytes-EraseBytes- DE: "\000\000\000\000\000\000\000\005"-
#39028	NEW    cov: 1427 ft: 2761 corp: 257/10997Kb lim: 239306 exec/s: 1219 rss: 496Mb L: 1464/239306 MS: 3 CMP-ChangeBinInt-InsertRepeatedBytes- DE: "\001\000\000\000"-
#39031	NEW    cov: 1430 ft: 2764 corp: 258/10997Kb lim: 239306 exec/s: 1219 rss: 496Mb L: 89/239306 MS: 3 CMP-ChangeByte-EraseBytes- DE: "\000\000\000\000\000\000\000\000\000\000\000\000\000\000\000\000\000\000\000\000\000\000\000\000\000\000\000\000\000\000\000\000"-
#39032	REDUCE cov: 1430 ft: 2764 corp: 258/10995Kb lim: 239306 exec/s: 1219 rss: 496Mb L: 23582/239306 MS: 1 EraseBytes-
#39185	REDUCE cov: 1430 ft: 2764 corp: 258/10994Kb lim: 239306 exec/s: 1187 rss: 496Mb L: 1561/239306 MS: 3 ChangeBinInt-ChangeBit-EraseBytes-
#39351	REDUCE cov: 1430 ft: 2764 corp: 258/10994Kb lim: 239306 exec/s: 1192 rss: 496Mb L: 379/239306 MS: 1 EraseBytes-
#39372	REDUCE cov: 1430 ft: 2764 corp: 258/10950Kb lim: 239306 exec/s: 1193 rss: 496Mb L: 166055/239306 MS: 1 CrossOver-
#39441	REDUCE cov: 1430 ft: 2764 corp: 258/10932Kb lim: 239306 exec/s: 1195 rss: 496Mb L: 25707/239306 MS: 4 ChangeASCIIInt-PersAutoDict-ChangeASCIIInt-EraseBytes- DE: "\265\000\000\000\000\000\000\000"-
#39466	REDUCE cov: 1430 ft: 2764 corp: 258/10932Kb lim: 239306 exec/s: 1195 rss: 496Mb L: 779/239306 MS: 5 ShuffleBytes-InsertRepeatedBytes-ChangeBit-ChangeByte-EraseBytes-
#39473	REDUCE cov: 1430 ft: 2764 corp: 258/10932Kb lim: 239306 exec/s: 1196 rss: 496Mb L: 114/239306 MS: 2 PersAutoDict-EraseBytes- DE: "\000\000\000\000\000\000\000/"-
#39499	REDUCE cov: 1430 ft: 2764 corp: 258/10929Kb lim: 239306 exec/s: 1196 rss: 496Mb L: 12687/239306 MS: 1 EraseBytes-
#39505	REDUCE cov: 1430 ft: 2764 corp: 258/10924Kb lim: 239306 exec/s: 1197 rss: 496Mb L: 9567/239306 MS: 1 EraseBytes-
#39538	NEW    cov: 1430 ft: 2766 corp: 259/10925Kb lim: 239306 exec/s: 1198 rss: 496Mb L: 126/239306 MS: 3 CMP-ShuffleBytes-EraseBytes- DE: "\001\000\000\000\000\000\000\000"-
#39541	REDUCE cov: 1430 ft: 2766 corp: 259/10921Kb lim: 239306 exec/s: 1198 rss: 496Mb L: 27732/239306 MS: 3 ChangeBinInt-PersAutoDict-EraseBytes- DE: "\000\000\000\000\000\000\000/"-
#39552	REDUCE cov: 1430 ft: 2766 corp: 259/10877Kb lim: 239306 exec/s: 1198 rss: 496Mb L: 50748/239306 MS: 1 EraseBytes-
#39580	REDUCE cov: 1430 ft: 2766 corp: 259/10877Kb lim: 239306 exec/s: 1199 rss: 496Mb L: 170/239306 MS: 3 InsertByte-ChangeBit-EraseBytes-
#39600	REDUCE cov: 1430 ft: 2766 corp: 259/10876Kb lim: 239306 exec/s: 1200 rss: 496Mb L: 12990/239306 MS: 5 PersAutoDict-ChangeBit-ChangeBit-CrossOver-EraseBytes- DE: "\000\000\000\000\000\000\000\026"-
#39662	REDUCE cov: 1430 ft: 2766 corp: 259/10876Kb lim: 239306 exec/s: 1201 rss: 496Mb L: 66/239306 MS: 2 ChangeBit-EraseBytes-
#39699	REDUCE cov: 1430 ft: 2766 corp: 259/10876Kb lim: 239306 exec/s: 1203 rss: 496Mb L: 13/239306 MS: 2 CMP-EraseBytes- DE: "\000\000\000\000\000\000\000\005"-
#39715	REDUCE cov: 1430 ft: 2766 corp: 259/10876Kb lim: 239306 exec/s: 1203 rss: 496Mb L: 416/239306 MS: 1 EraseBytes-
#39828	REDUCE cov: 1430 ft: 2766 corp: 259/10875Kb lim: 239306 exec/s: 1206 rss: 496Mb L: 1055/239306 MS: 3 ChangeASCIIInt-PersAutoDict-EraseBytes- DE: "\377\377\377\377\000\000\000\001"-
#39874	REDUCE cov: 1430 ft: 2766 corp: 259/10856Kb lim: 239306 exec/s: 1208 rss: 496Mb L: 36220/239306 MS: 1 EraseBytes-
#39915	NEW    cov: 1430 ft: 2776 corp: 260/10856Kb lim: 239306 exec/s: 1209 rss: 496Mb L: 173/239306 MS: 1 ChangeByte-
#39921	REDUCE cov: 1430 ft: 2776 corp: 260/10855Kb lim: 239306 exec/s: 1209 rss: 496Mb L: 412/239306 MS: 1 EraseBytes-
#40022	REDUCE cov: 1430 ft: 2776 corp: 260/10855Kb lim: 239306 exec/s: 1212 rss: 496Mb L: 1236/239306 MS: 1 EraseBytes-
#40089	REDUCE cov: 1430 ft: 2776 corp: 260/10854Kb lim: 239306 exec/s: 1214 rss: 496Mb L: 2743/239306 MS: 2 ChangeASCIIInt-EraseBytes-
#40090	REDUCE cov: 1430 ft: 2776 corp: 260/10854Kb lim: 239306 exec/s: 1214 rss: 496Mb L: 289/239306 MS: 1 EraseBytes-
#40148	REDUCE cov: 1430 ft: 2776 corp: 260/10853Kb lim: 239306 exec/s: 1216 rss: 496Mb L: 1616/239306 MS: 3 InsertRepeatedBytes-ChangeASCIIInt-EraseBytes-
#40175	REDUCE cov: 1430 ft: 2776 corp: 260/10853Kb lim: 239306 exec/s: 1217 rss: 496Mb L: 409/239306 MS: 2 CrossOver-EraseBytes-
#40180	REDUCE cov: 1430 ft: 2776 corp: 260/10853Kb lim: 239306 exec/s: 1217 rss: 496Mb L: 299/239306 MS: 5 ChangeByte-CMP-ChangeASCIIInt-ChangeByte-EraseBytes- DE: "\001\000"-
#40211	REDUCE cov: 1430 ft: 2776 corp: 260/10852Kb lim: 239306 exec/s: 1218 rss: 496Mb L: 573/239306 MS: 1 CrossOver-
#40264	REDUCE cov: 1430 ft: 2776 corp: 260/10852Kb lim: 239306 exec/s: 1220 rss: 496Mb L: 3329/239306 MS: 3 ChangeByte-ChangeBit-EraseBytes-
#40301	REDUCE cov: 1432 ft: 2778 corp: 261/10852Kb lim: 239306 exec/s: 1221 rss: 496Mb L: 13/239306 MS: 2 CrossOver-PersAutoDict- DE: "Q\023\000\000\000\000\000\000"-
#40333	REDUCE cov: 1432 ft: 2778 corp: 261/10851Kb lim: 239306 exec/s: 1222 rss: 496Mb L: 1254/239306 MS: 2 ChangeByte-EraseBytes-
#40341	REDUCE cov: 1432 ft: 2778 corp: 261/10851Kb lim: 239306 exec/s: 1222 rss: 496Mb L: 539/239306 MS: 3 ChangeByte-ShuffleBytes-EraseBytes-
#40352	REDUCE cov: 1432 ft: 2778 corp: 261/10841Kb lim: 239306 exec/s: 1222 rss: 496Mb L: 58969/239306 MS: 1 EraseBytes-
#40379	REDUCE cov: 1432 ft: 2778 corp: 261/10833Kb lim: 239306 exec/s: 1223 rss: 496Mb L: 50782/239306 MS: 2 ChangeBit-EraseBytes-
#40422	REDUCE cov: 1432 ft: 2778 corp: 261/10826Kb lim: 239306 exec/s: 1224 rss: 496Mb L: 10622/239306 MS: 3 InsertByte-ChangeBinInt-EraseBytes-
#40447	REDUCE cov: 1432 ft: 2778 corp: 261/10824Kb lim: 239306 exec/s: 1225 rss: 496Mb L: 24015/239306 MS: 5 InsertByte-ChangeASCIIInt-ChangeBinInt-CMP-EraseBytes- DE: "\254\376\262y\317\232V\013"-
#40585	REDUCE cov: 1432 ft: 2778 corp: 261/10824Kb lim: 239306 exec/s: 1229 rss: 496Mb L: 1066/239306 MS: 3 InsertRepeatedBytes-ChangeBinInt-EraseBytes-
#40618	REDUCE cov: 1432 ft: 2778 corp: 261/10813Kb lim: 239306 exec/s: 1230 rss: 496Mb L: 60371/239306 MS: 3 ShuffleBytes-ChangeByte-EraseBytes-
#40640	REDUCE cov: 1432 ft: 2778 corp: 261/10811Kb lim: 239306 exec/s: 1231 rss: 496Mb L: 495/239306 MS: 2 CopyPart-CrossOver-
#40870	REDUCE cov: 1432 ft: 2778 corp: 261/10810Kb lim: 239306 exec/s: 1202 rss: 496Mb L: 1778/239306 MS: 5 InsertByte-ChangeByte-ChangeBinInt-ShuffleBytes-EraseBytes-
#40930	NEW    cov: 1432 ft: 2780 corp: 262/10811Kb lim: 239306 exec/s: 1203 rss: 496Mb L: 1429/239306 MS: 5 ChangeBinInt-ChangeASCIIInt-CMP-InsertByte-ChangeBinInt- DE: "\001\000\000\000"-
#40946	REDUCE cov: 1432 ft: 2780 corp: 262/10811Kb lim: 239306 exec/s: 1204 rss: 496Mb L: 142/239306 MS: 1 EraseBytes-
#41002	REDUCE cov: 1432 ft: 2780 corp: 262/10806Kb lim: 239306 exec/s: 1205 rss: 496Mb L: 18465/239306 MS: 1 EraseBytes-
#41016	REDUCE cov: 1432 ft: 2780 corp: 262/10805Kb lim: 239306 exec/s: 1206 rss: 496Mb L: 662/239306 MS: 4 ShuffleBytes-InsertByte-ShuffleBytes-EraseBytes-
#41040	REDUCE cov: 1432 ft: 2780 corp: 262/10805Kb lim: 239306 exec/s: 1207 rss: 496Mb L: 22989/239306 MS: 4 ShuffleBytes-CrossOver-ShuffleBytes-EraseBytes-
#41112	REDUCE cov: 1432 ft: 2780 corp: 262/10805Kb lim: 239306 exec/s: 1209 rss: 496Mb L: 23/239306 MS: 2 ShuffleBytes-EraseBytes-
#41241	REDUCE cov: 1434 ft: 2782 corp: 263/10805Kb lim: 239306 exec/s: 1212 rss: 496Mb L: 111/239306 MS: 4 ShuffleBytes-ShuffleBytes-InsertRepeatedBytes-PersAutoDict- DE: "\000\000\000\000\000\000\000\000"-
#41269	REDUCE cov: 1434 ft: 2782 corp: 263/10805Kb lim: 239306 exec/s: 1213 rss: 496Mb L: 63/239306 MS: 3 ChangeBinInt-ChangeByte-EraseBytes-
#41316	NEW    cov: 1435 ft: 2783 corp: 264/10806Kb lim: 239306 exec/s: 1215 rss: 496Mb L: 1458/239306 MS: 2 ChangeBinInt-InsertRepeatedBytes-
#41352	REDUCE cov: 1435 ft: 2783 corp: 264/10806Kb lim: 239306 exec/s: 1216 rss: 496Mb L: 276/239306 MS: 1 EraseBytes-
#41399	REDUCE cov: 1435 ft: 2783 corp: 264/10804Kb lim: 239306 exec/s: 1217 rss: 496Mb L: 8703/239306 MS: 2 ChangeByte-EraseBytes-
#41565	REDUCE cov: 1435 ft: 2783 corp: 264/10803Kb lim: 239306 exec/s: 1222 rss: 496Mb L: 5335/239306 MS: 1 EraseBytes-
#41661	REDUCE cov: 1435 ft: 2783 corp: 264/10801Kb lim: 239306 exec/s: 1225 rss: 496Mb L: 3264/239306 MS: 1 EraseBytes-
#41680	REDUCE cov: 1435 ft: 2783 corp: 264/10801Kb lim: 239306 exec/s: 1225 rss: 496Mb L: 172/239306 MS: 4 InsertByte-ChangeBinInt-CrossOver-EraseBytes-
#41686	REDUCE cov: 1435 ft: 2783 corp: 264/10800Kb lim: 239306 exec/s: 1226 rss: 496Mb L: 860/239306 MS: 1 EraseBytes-
#41792	REDUCE cov: 1435 ft: 2783 corp: 264/10800Kb lim: 239306 exec/s: 1229 rss: 496Mb L: 312/239306 MS: 1 EraseBytes-
#41859	REDUCE cov: 1435 ft: 2783 corp: 264/10800Kb lim: 239306 exec/s: 1231 rss: 496Mb L: 1123/239306 MS: 2 InsertRepeatedBytes-EraseBytes-
#41866	REDUCE cov: 1435 ft: 2783 corp: 264/10790Kb lim: 239306 exec/s: 1231 rss: 496Mb L: 40927/239306 MS: 2 InsertRepeatedBytes-EraseBytes-
#41873	REDUCE cov: 1435 ft: 2783 corp: 264/10781Kb lim: 239306 exec/s: 1231 rss: 496Mb L: 14358/239306 MS: 2 ChangeASCIIInt-EraseBytes-
#41925	REDUCE cov: 1435 ft: 2783 corp: 264/10772Kb lim: 239306 exec/s: 1233 rss: 496Mb L: 23002/239306 MS: 2 ChangeASCIIInt-EraseBytes-
#42003	NEW    cov: 1435 ft: 2784 corp: 265/10772Kb lim: 239306 exec/s: 1235 rss: 496Mb L: 261/239306 MS: 3 PersAutoDict-ShuffleBytes-ShuffleBytes- DE: "\265\000\000\000\000\000\000\000"-
#42013	REDUCE cov: 1435 ft: 2784 corp: 265/10772Kb lim: 239306 exec/s: 1235 rss: 496Mb L: 1400/239306 MS: 5 ChangeBinInt-InsertRepeatedBytes-PersAutoDict-PersAutoDict-EraseBytes- DE: "\000\000\000\000\000\000\000\000"-"\265\000\000\000\000\000\000\000"-
#42070	REDUCE cov: 1435 ft: 2784 corp: 265/10772Kb lim: 239306 exec/s: 1237 rss: 496Mb L: 2093/239306 MS: 2 ChangeByte-EraseBytes-
#42100	REDUCE cov: 1435 ft: 2784 corp: 265/10772Kb lim: 239306 exec/s: 1238 rss: 496Mb L: 594/239306 MS: 5 ChangeByte-CopyPart-CopyPart-ChangeBinInt-EraseBytes-
#42204	REDUCE cov: 1435 ft: 2784 corp: 265/10769Kb lim: 239306 exec/s: 1241 rss: 496Mb L: 6141/239306 MS: 4 ShuffleBytes-InsertByte-InsertByte-EraseBytes-
#42217	REDUCE cov: 1435 ft: 2784 corp: 265/10749Kb lim: 239306 exec/s: 1241 rss: 496Mb L: 64586/239306 MS: 3 ChangeBit-ChangeByte-EraseBytes-
#42242	REDUCE cov: 1435 ft: 2784 corp: 265/10749Kb lim: 239306 exec/s: 1242 rss: 496Mb L: 500/239306 MS: 5 ChangeByte-PersAutoDict-ChangeByte-ChangeBinInt-EraseBytes- DE: "\265\000\000\000\000\000\000\000"-
#42265	REDUCE cov: 1435 ft: 2784 corp: 265/10749Kb lim: 239306 exec/s: 1243 rss: 496Mb L: 808/239306 MS: 3 InsertByte-CrossOver-EraseBytes-
#42288	REDUCE cov: 1435 ft: 2784 corp: 265/10749Kb lim: 239306 exec/s: 1243 rss: 496Mb L: 318/239306 MS: 3 InsertRepeatedBytes-InsertRepeatedBytes-EraseBytes-
#42298	REDUCE cov: 1435 ft: 2784 corp: 265/10748Kb lim: 239306 exec/s: 1244 rss: 496Mb L: 1892/239306 MS: 5 ChangeByte-InsertByte-ChangeBit-ChangeByte-EraseBytes-
#42310	REDUCE cov: 1435 ft: 2784 corp: 265/10748Kb lim: 239306 exec/s: 1244 rss: 496Mb L: 306/239306 MS: 2 InsertByte-EraseBytes-
#42393	REDUCE cov: 1435 ft: 2784 corp: 265/10746Kb lim: 239306 exec/s: 1246 rss: 496Mb L: 12508/239306 MS: 3 CrossOver-ShuffleBytes-EraseBytes-
#42406	NEW    cov: 1435 ft: 2785 corp: 266/10746Kb lim: 239306 exec/s: 1247 rss: 496Mb L: 166/239306 MS: 3 ChangeByte-ShuffleBytes-ChangeByte-
#42440	REDUCE cov: 1435 ft: 2785 corp: 266/10703Kb lim: 239306 exec/s: 1248 rss: 496Mb L: 45380/239306 MS: 4 ShuffleBytes-CrossOver-EraseBytes-InsertRepeatedBytes-
#42441	REDUCE cov: 1435 ft: 2785 corp: 266/10703Kb lim: 239306 exec/s: 1248 rss: 496Mb L: 1024/239306 MS: 1 EraseBytes-
#42477	REDUCE cov: 1435 ft: 2785 corp: 266/10702Kb lim: 239306 exec/s: 1249 rss: 496Mb L: 1188/239306 MS: 1 EraseBytes-
#42533	NEW    cov: 1436 ft: 2786 corp: 267/10702Kb lim: 239306 exec/s: 1250 rss: 496Mb L: 14/239306 MS: 1 InsertByte-
#42683	REDUCE cov: 1436 ft: 2786 corp: 267/10699Kb lim: 239306 exec/s: 1255 rss: 496Mb L: 5543/239306 MS: 5 CMP-ShuffleBytes-ChangeBinInt-PersAutoDict-EraseBytes- DE: "\000\000"-"\000\000"-
#42689	REDUCE cov: 1436 ft: 2786 corp: 267/10699Kb lim: 239306 exec/s: 1255 rss: 496Mb L: 622/239306 MS: 1 EraseBytes-
#42774	REDUCE cov: 1436 ft: 2787 corp: 268/10865Kb lim: 239306 exec/s: 1258 rss: 496Mb L: 170107/239306 MS: 5 PersAutoDict-ChangeASCIIInt-ChangeBinInt-PersAutoDict-CopyPart- DE: "\000\000"-"\001\000&I\000\035\357\020"-
#42912	REDUCE cov: 1436 ft: 2787 corp: 268/10865Kb lim: 239306 exec/s: 1226 rss: 496Mb L: 1422/239306 MS: 3 ChangeASCIIInt-ChangeBinInt-EraseBytes-
#42925	REDUCE cov: 1436 ft: 2787 corp: 268/10865Kb lim: 239306 exec/s: 1226 rss: 496Mb L: 3167/239306 MS: 3 EraseBytes-InsertByte-CopyPart-
#42943	REDUCE cov: 1436 ft: 2787 corp: 268/10863Kb lim: 239306 exec/s: 1226 rss: 496Mb L: 3628/239306 MS: 3 EraseBytes-EraseBytes-InsertRepeatedBytes-
#42964	REDUCE cov: 1436 ft: 2787 corp: 268/10863Kb lim: 239306 exec/s: 1227 rss: 496Mb L: 510/239306 MS: 1 EraseBytes-
#43226	NEW    cov: 1437 ft: 2788 corp: 269/10863Kb lim: 239306 exec/s: 1235 rss: 496Mb L: 14/239306 MS: 2 InsertByte-PersAutoDict- DE: "\000\000\000\000\000\000\000\002"-
#43275	REDUCE cov: 1437 ft: 2788 corp: 269/10859Kb lim: 239306 exec/s: 1236 rss: 496Mb L: 11299/239306 MS: 4 ChangeBit-ShuffleBytes-ChangeBinInt-EraseBytes-
#43469	REDUCE cov: 1437 ft: 2788 corp: 269/10858Kb lim: 239306 exec/s: 1241 rss: 496Mb L: 38812/239306 MS: 4 InsertByte-CMP-PersAutoDict-EraseBytes- DE: "\004UUUUUUU"-"J\222$I\222$I\002"-
#43526	REDUCE cov: 1437 ft: 2793 corp: 270/10951Kb lim: 239306 exec/s: 1243 rss: 496Mb L: 95517/239306 MS: 2 ChangeASCIIInt-CrossOver-
#43580	REDUCE cov: 1437 ft: 2793 corp: 270/10951Kb lim: 239306 exec/s: 1245 rss: 496Mb L: 291/239306 MS: 4 InsertRepeatedBytes-EraseBytes-InsertRepeatedBytes-ChangeBit-
#43841	REDUCE cov: 1437 ft: 2793 corp: 270/10951Kb lim: 239306 exec/s: 1252 rss: 496Mb L: 262/239306 MS: 1 EraseBytes-
#43904	REDUCE cov: 1437 ft: 2793 corp: 270/10949Kb lim: 239306 exec/s: 1254 rss: 496Mb L: 20239/239306 MS: 3 CMP-PersAutoDict-EraseBytes- DE: "\377\377"-"\001\000\000\001"-
#43987	REDUCE cov: 1437 ft: 2793 corp: 270/10949Kb lim: 239306 exec/s: 1256 rss: 496Mb L: 172/239306 MS: 3 ShuffleBytes-ChangeBinInt-EraseBytes-
#43993	REDUCE cov: 1437 ft: 2793 corp: 270/10946Kb lim: 239306 exec/s: 1256 rss: 496Mb L: 3596/239306 MS: 1 EraseBytes-
#44009	REDUCE cov: 1437 ft: 2793 corp: 270/10935Kb lim: 239306 exec/s: 1257 rss: 496Mb L: 228220/239306 MS: 1 CrossOver-
#44067	REDUCE cov: 1437 ft: 2793 corp: 270/10917Kb lim: 239306 exec/s: 1259 rss: 496Mb L: 34088/239306 MS: 3 ChangeBit-InsertByte-EraseBytes-
#44114	REDUCE cov: 1437 ft: 2793 corp: 270/10917Kb lim: 239306 exec/s: 1260 rss: 496Mb L: 117/239306 MS: 2 PersAutoDict-EraseBytes- DE: "\000\000"-
#44117	REDUCE cov: 1437 ft: 2793 corp: 270/10910Kb lim: 239306 exec/s: 1260 rss: 496Mb L: 14812/239306 MS: 3 ChangeBit-ChangeByte-EraseBytes-
#44267	REDUCE cov: 1437 ft: 2793 corp: 270/10886Kb lim: 239306 exec/s: 1264 rss: 496Mb L: 41477/239306 MS: 5 ChangeByte-ChangeASCIIInt-ChangeBit-InsertRepeatedBytes-EraseBytes-
#44296	REDUCE cov: 1437 ft: 2793 corp: 270/10880Kb lim: 239306 exec/s: 1265 rss: 496Mb L: 10459/239306 MS: 4 ChangeBit-ChangeBinInt-ChangeByte-EraseBytes-
#44484	REDUCE cov: 1437 ft: 2793 corp: 270/10880Kb lim: 239306 exec/s: 1270 rss: 496Mb L: 12/239306 MS: 3 ChangeBit-PersAutoDict-EraseBytes- DE: "\001\000\000\000\000\000\000\014"-
#44537	REDUCE cov: 1437 ft: 2793 corp: 270/10875Kb lim: 239306 exec/s: 1272 rss: 496Mb L: 6928/239306 MS: 3 ChangeBit-ChangeBit-EraseBytes-
#44597	REDUCE cov: 1437 ft: 2794 corp: 271/10882Kb lim: 239306 exec/s: 1274 rss: 496Mb L: 7128/239306 MS: 5 ChangeBinInt-ChangeByte-ChangeByte-ChangeASCIIInt-ChangeByte-
#44634	REDUCE cov: 1437 ft: 2794 corp: 271/10878Kb lim: 239306 exec/s: 1275 rss: 496Mb L: 20430/239306 MS: 2 CMP-EraseBytes- DE: "\377\377\377\377\377\377\377\027"-
#44680	REDUCE cov: 1437 ft: 2794 corp: 271/10865Kb lim: 239306 exec/s: 1276 rss: 496Mb L: 54606/239306 MS: 1 EraseBytes-
#44895	REDUCE cov: 1437 ft: 2794 corp: 271/10865Kb lim: 239306 exec/s: 1247 rss: 496Mb L: 19/239306 MS: 5 ChangeBinInt-CopyPart-ChangeBit-EraseBytes-CMP- DE: "\000\000\000\000"-
#44896	REDUCE cov: 1437 ft: 2794 corp: 271/10844Kb lim: 239306 exec/s: 1247 rss: 496Mb L: 168824/239306 MS: 1 CrossOver-
#44939	REDUCE cov: 1438 ft: 2795 corp: 272/10844Kb lim: 239306 exec/s: 1248 rss: 496Mb L: 9/239306 MS: 3 InsertByte-EraseBytes-CopyPart-
#45021	REDUCE cov: 1438 ft: 2795 corp: 272/10844Kb lim: 239306 exec/s: 1250 rss: 496Mb L: 15/239306 MS: 2 EraseBytes-EraseBytes-
#45024	REDUCE cov: 1438 ft: 2795 corp: 272/10844Kb lim: 239306 exec/s: 1250 rss: 496Mb L: 2197/239306 MS: 3 ChangeByte-ShuffleBytes-EraseBytes-
#45046	REDUCE cov: 1438 ft: 2795 corp: 272/10718Kb lim: 239306 exec/s: 1251 rss: 496Mb L: 15638/239306 MS: 2 ChangeASCIIInt-CrossOver-
#45077	REDUCE cov: 1438 ft: 2797 corp: 273/10718Kb lim: 239306 exec/s: 1252 rss: 496Mb L: 620/239306 MS: 1 ChangeBit-
#45143	REDUCE cov: 1438 ft: 2797 corp: 273/10718Kb lim: 239306 exec/s: 1253 rss: 496Mb L: 225/239306 MS: 1 EraseBytes-
#45194	REDUCE cov: 1438 ft: 2797 corp: 273/10708Kb lim: 239306 exec/s: 1255 rss: 496Mb L: 24059/239306 MS: 1 EraseBytes-
#45245	REDUCE cov: 1438 ft: 2797 corp: 273/10708Kb lim: 239306 exec/s: 1256 rss: 496Mb L: 259/239306 MS: 1 EraseBytes-
#45266	REDUCE cov: 1439 ft: 2798 corp: 274/10709Kb lim: 239306 exec/s: 1257 rss: 496Mb L: 296/239306 MS: 1 InsertRepeatedBytes-
#45267	REDUCE cov: 1439 ft: 2798 corp: 274/10706Kb lim: 239306 exec/s: 1257 rss: 496Mb L: 225910/239306 MS: 1 EraseBytes-
#45409	REDUCE cov: 1439 ft: 2798 corp: 274/10696Kb lim: 239306 exec/s: 1261 rss: 496Mb L: 30063/239306 MS: 2 ShuffleBytes-EraseBytes-
#45531	REDUCE cov: 1439 ft: 2798 corp: 274/10695Kb lim: 239306 exec/s: 1264 rss: 496Mb L: 4415/239306 MS: 2 ShuffleBytes-EraseBytes-
#45537	REDUCE cov: 1439 ft: 2798 corp: 274/10695Kb lim: 239306 exec/s: 1264 rss: 496Mb L: 1995/239306 MS: 1 EraseBytes-
#45580	REDUCE cov: 1439 ft: 2798 corp: 274/10687Kb lim: 239306 exec/s: 1266 rss: 496Mb L: 67652/239306 MS: 3 ChangeASCIIInt-PersAutoDict-EraseBytes- DE: "\254\376\262y\317\232V\013"-
#45613	REDUCE cov: 1439 ft: 2798 corp: 274/10685Kb lim: 239306 exec/s: 1267 rss: 496Mb L: 5716/239306 MS: 3 ShuffleBytes-ShuffleBytes-EraseBytes-
#45660	REDUCE cov: 1439 ft: 2798 corp: 274/10685Kb lim: 239306 exec/s: 1268 rss: 496Mb L: 321/239306 MS: 2 ChangeBit-EraseBytes-
#45681	REDUCE cov: 1439 ft: 2798 corp: 274/10685Kb lim: 239306 exec/s: 1268 rss: 496Mb L: 55/239306 MS: 1 EraseBytes-
#45789	REDUCE cov: 1439 ft: 2798 corp: 274/10678Kb lim: 239306 exec/s: 1271 rss: 496Mb L: 18344/239306 MS: 3 CMP-ChangeASCIIInt-EraseBytes- DE: "\000\000\000\000\000\000\000\002"-
#45870	REDUCE cov: 1439 ft: 2798 corp: 274/10678Kb lim: 239306 exec/s: 1274 rss: 496Mb L: 526/239306 MS: 1 EraseBytes-
#45921	REDUCE cov: 1439 ft: 2798 corp: 274/10677Kb lim: 239306 exec/s: 1275 rss: 496Mb L: 92126/239306 MS: 1 EraseBytes-
#46018	NEW    cov: 1439 ft: 2799 corp: 275/10677Kb lim: 239306 exec/s: 1278 rss: 496Mb L: 17/239306 MS: 2 ChangeBit-PersAutoDict- DE: "\200\000\000\000\000\000\000\000"-
#46034	REDUCE cov: 1439 ft: 2799 corp: 275/10667Kb lim: 239306 exec/s: 1278 rss: 496Mb L: 49610/239306 MS: 1 EraseBytes-
#46055	REDUCE cov: 1439 ft: 2799 corp: 275/10667Kb lim: 239306 exec/s: 1279 rss: 496Mb L: 61630/239306 MS: 1 EraseBytes-
#46097	REDUCE cov: 1439 ft: 2799 corp: 275/10666Kb lim: 239306 exec/s: 1280 rss: 496Mb L: 1305/239306 MS: 2 InsertRepeatedBytes-EraseBytes-
#46150	REDUCE cov: 1439 ft: 2799 corp: 275/10665Kb lim: 239306 exec/s: 1281 rss: 496Mb L: 1347/239306 MS: 3 ShuffleBytes-InsertRepeatedBytes-EraseBytes-
#46286	REDUCE cov: 1439 ft: 2799 corp: 275/10664Kb lim: 239306 exec/s: 1285 rss: 496Mb L: 9647/239306 MS: 1 EraseBytes-
#46337	REDUCE cov: 1439 ft: 2799 corp: 275/10661Kb lim: 239306 exec/s: 1287 rss: 496Mb L: 7631/239306 MS: 1 CrossOver-
#46348	REDUCE cov: 1439 ft: 2799 corp: 275/10651Kb lim: 239306 exec/s: 1287 rss: 496Mb L: 133870/239306 MS: 1 EraseBytes-
#46367	REDUCE cov: 1439 ft: 2799 corp: 275/10651Kb lim: 239306 exec/s: 1287 rss: 496Mb L: 15/239306 MS: 4 InsertByte-EraseBytes-PersAutoDict-EraseBytes- DE: "\000\000\000\000\000\000\000\000"-
#46388	NEW    cov: 1440 ft: 2800 corp: 276/10651Kb lim: 239306 exec/s: 1288 rss: 496Mb L: 9/239306 MS: 1 PersAutoDict- DE: "\001\000\000\000"-
#46400	REDUCE cov: 1440 ft: 2801 corp: 277/10652Kb lim: 239306 exec/s: 1288 rss: 496Mb L: 252/239306 MS: 2 ChangeByte-PersAutoDict- DE: "\001\003"-
#46409	REDUCE cov: 1440 ft: 2801 corp: 277/10652Kb lim: 239306 exec/s: 1289 rss: 496Mb L: 1049/239306 MS: 4 EraseBytes-InsertRepeatedBytes-ShuffleBytes-CrossOver-
#46457	REDUCE cov: 1440 ft: 2801 corp: 277/10651Kb lim: 239306 exec/s: 1290 rss: 496Mb L: 95/239306 MS: 3 ShuffleBytes-CopyPart-EraseBytes-
#46474	REDUCE cov: 1440 ft: 2801 corp: 277/10649Kb lim: 239306 exec/s: 1290 rss: 496Mb L: 4306/239306 MS: 2 ChangeBinInt-EraseBytes-
#46505	REDUCE cov: 1440 ft: 2801 corp: 277/10649Kb lim: 239306 exec/s: 1291 rss: 496Mb L: 1251/239306 MS: 1 EraseBytes-
#46507	REDUCE cov: 1440 ft: 2801 corp: 277/10638Kb lim: 239306 exec/s: 1291 rss: 496Mb L: 25716/239306 MS: 2 ChangeBinInt-EraseBytes-
#46579	REDUCE cov: 1440 ft: 2801 corp: 277/10635Kb lim: 239306 exec/s: 1293 rss: 496Mb L: 8592/239306 MS: 2 PersAutoDict-EraseBytes- DE: "Q\023\000\000\000\000\000\000"-
#46655	REDUCE cov: 1440 ft: 2801 corp: 277/10622Kb lim: 239306 exec/s: 1295 rss: 496Mb L: 50217/239306 MS: 1 EraseBytes-
#46721	REDUCE cov: 1440 ft: 2801 corp: 277/10610Kb lim: 239306 exec/s: 1297 rss: 496Mb L: 18930/239306 MS: 1 EraseBytes-
#46867	REDUCE cov: 1440 ft: 2801 corp: 277/10610Kb lim: 239306 exec/s: 1266 rss: 496Mb L: 469/239306 MS: 1 EraseBytes-
#46893	NEW    cov: 1442 ft: 2803 corp: 278/10610Kb lim: 239306 exec/s: 1267 rss: 496Mb L: 330/239306 MS: 1 CMP- DE: "\000\000\000\000"-
#46905	REDUCE cov: 1442 ft: 2803 corp: 278/10606Kb lim: 239306 exec/s: 1267 rss: 496Mb L: 11257/239306 MS: 2 ChangeBit-EraseBytes-
#47001	REDUCE cov: 1442 ft: 2803 corp: 278/10606Kb lim: 239306 exec/s: 1270 rss: 496Mb L: 243/239306 MS: 1 EraseBytes-
#47059	REDUCE cov: 1442 ft: 2803 corp: 278/10606Kb lim: 239306 exec/s: 1271 rss: 496Mb L: 169/239306 MS: 3 ChangeBit-PersAutoDict-EraseBytes- DE: "Q\023\000\000\000\000\000\000"-
#47060	REDUCE cov: 1442 ft: 2803 corp: 278/10606Kb lim: 239306 exec/s: 1271 rss: 496Mb L: 3451/239306 MS: 1 EraseBytes-
#47143	REDUCE cov: 1442 ft: 2803 corp: 278/10605Kb lim: 239306 exec/s: 1274 rss: 496Mb L: 14109/239306 MS: 3 ShuffleBytes-CopyPart-EraseBytes-
#47191	REDUCE cov: 1442 ft: 2803 corp: 278/10605Kb lim: 239306 exec/s: 1275 rss: 496Mb L: 96/239306 MS: 3 InsertByte-InsertByte-EraseBytes-
#47238	REDUCE cov: 1442 ft: 2803 corp: 278/10605Kb lim: 239306 exec/s: 1276 rss: 496Mb L: 11/239306 MS: 2 ChangeByte-EraseBytes-
#47289	REDUCE cov: 1442 ft: 2803 corp: 278/10604Kb lim: 239306 exec/s: 1278 rss: 496Mb L: 1106/239306 MS: 1 EraseBytes-
#47346	REDUCE cov: 1442 ft: 2803 corp: 278/10604Kb lim: 239306 exec/s: 1279 rss: 496Mb L: 135/239306 MS: 2 ChangeBinInt-EraseBytes-
#47357	REDUCE cov: 1442 ft: 2803 corp: 278/10604Kb lim: 239306 exec/s: 1279 rss: 496Mb L: 676/239306 MS: 1 EraseBytes-
#47417	REDUCE cov: 1442 ft: 2803 corp: 278/10597Kb lim: 239306 exec/s: 1281 rss: 496Mb L: 20716/239306 MS: 5 ChangeBit-ChangeBit-CrossOver-CopyPart-EraseBytes-
#47434	REDUCE cov: 1442 ft: 2803 corp: 278/10597Kb lim: 239306 exec/s: 1282 rss: 496Mb L: 8451/239306 MS: 2 CopyPart-EraseBytes-
#47465	REDUCE cov: 1442 ft: 2803 corp: 278/10597Kb lim: 239306 exec/s: 1282 rss: 496Mb L: 284/239306 MS: 1 EraseBytes-
#47539	REDUCE cov: 1442 ft: 2803 corp: 278/10592Kb lim: 239306 exec/s: 1284 rss: 496Mb L: 44960/239306 MS: 4 InsertByte-PersAutoDict-ChangeByte-EraseBytes- DE: "\027\000\000\000\000\000\000\000"-
#47688	REDUCE cov: 1442 ft: 2803 corp: 278/10585Kb lim: 239306 exec/s: 1288 rss: 496Mb L: 11848/239306 MS: 4 InsertByte-CopyPart-ShuffleBytes-EraseBytes-
#47689	REDUCE cov: 1442 ft: 2803 corp: 278/10582Kb lim: 239306 exec/s: 1288 rss: 496Mb L: 88345/239306 MS: 1 EraseBytes-
#47750	REDUCE cov: 1442 ft: 2807 corp: 279/10582Kb lim: 239306 exec/s: 1290 rss: 496Mb L: 336/239306 MS: 1 ChangeBit-
#47762	REDUCE cov: 1442 ft: 2807 corp: 279/10578Kb lim: 239306 exec/s: 1290 rss: 496Mb L: 8610/239306 MS: 2 InsertByte-EraseBytes-
#47773	REDUCE cov: 1442 ft: 2807 corp: 279/10578Kb lim: 239306 exec/s: 1291 rss: 496Mb L: 17/239306 MS: 1 EraseBytes-
#47909	REDUCE cov: 1442 ft: 2807 corp: 279/10569Kb lim: 239306 exec/s: 1294 rss: 496Mb L: 30218/239306 MS: 1 EraseBytes-
#47935	REDUCE cov: 1442 ft: 2807 corp: 279/10561Kb lim: 239306 exec/s: 1295 rss: 496Mb L: 22497/239306 MS: 1 EraseBytes-
#48006	REDUCE cov: 1442 ft: 2807 corp: 279/10561Kb lim: 239306 exec/s: 1297 rss: 496Mb L: 5030/239306 MS: 1 EraseBytes-
#48080	REDUCE cov: 1442 ft: 2807 corp: 279/10560Kb lim: 239306 exec/s: 1299 rss: 496Mb L: 9514/239306 MS: 4 ChangeASCIIInt-InsertByte-ChangeBinInt-EraseBytes-
#48206	REDUCE cov: 1442 ft: 2807 corp: 279/10556Kb lim: 239306 exec/s: 1302 rss: 496Mb L: 15599/239306 MS: 1 EraseBytes-
#48232	REDUCE cov: 1442 ft: 2807 corp: 279/10556Kb lim: 239306 exec/s: 1303 rss: 496Mb L: 12903/239306 MS: 1 EraseBytes-
#48248	REDUCE cov: 1442 ft: 2807 corp: 279/10555Kb lim: 239306 exec/s: 1304 rss: 496Mb L: 4745/239306 MS: 1 EraseBytes-
#48374	REDUCE cov: 1442 ft: 2807 corp: 279/10555Kb lim: 239306 exec/s: 1307 rss: 496Mb L: 110/239306 MS: 1 EraseBytes-
#48387	REDUCE cov: 1442 ft: 2807 corp: 279/10555Kb lim: 239306 exec/s: 1307 rss: 496Mb L: 385/239306 MS: 3 InsertRepeatedBytes-ChangeByte-EraseBytes-
#48394	REDUCE cov: 1442 ft: 2807 corp: 279/10549Kb lim: 239306 exec/s: 1307 rss: 496Mb L: 21200/239306 MS: 2 ChangeByte-EraseBytes-
#48406	REDUCE cov: 1442 ft: 2814 corp: 280/10550Kb lim: 239306 exec/s: 1308 rss: 496Mb L: 1123/239306 MS: 2 ChangeBit-ChangeBinInt-
#48471	REDUCE cov: 1442 ft: 2815 corp: 281/10550Kb lim: 239306 exec/s: 1310 rss: 496Mb L: 119/239306 MS: 5 PersAutoDict-InsertRepeatedBytes-InsertRepeatedBytes-PersAutoDict-EraseBytes- DE: "\377\377\377\377\377\377\377\003"-"\027\000\000\000\000\000\000\000"-
#48502	REDUCE cov: 1442 ft: 2815 corp: 281/10546Kb lim: 239306 exec/s: 1310 rss: 496Mb L: 7084/239306 MS: 1 EraseBytes-
#48541	REDUCE cov: 1442 ft: 2815 corp: 281/10546Kb lim: 239306 exec/s: 1311 rss: 496Mb L: 191/239306 MS: 4 ShuffleBytes-CrossOver-ChangeBit-EraseBytes-
#48642	REDUCE cov: 1442 ft: 2815 corp: 281/10546Kb lim: 239306 exec/s: 1280 rss: 496Mb L: 862/239306 MS: 1 EraseBytes-
#48693	REDUCE cov: 1442 ft: 2820 corp: 282/10546Kb lim: 239306 exec/s: 1281 rss: 496Mb L: 87/239306 MS: 1 EraseBytes-
#48764	REDUCE cov: 1442 ft: 2820 corp: 282/10545Kb lim: 239306 exec/s: 1283 rss: 496Mb L: 2506/239306 MS: 1 EraseBytes-
#48889	REDUCE cov: 1442 ft: 2820 corp: 282/10529Kb lim: 239306 exec/s: 1286 rss: 496Mb L: 18422/239306 MS: 5 ChangeBit-ShuffleBytes-ShuffleBytes-PersAutoDict-EraseBytes- DE: "\377\377\377\377"-
#48895	REDUCE cov: 1442 ft: 2820 corp: 282/10527Kb lim: 239306 exec/s: 1286 rss: 496Mb L: 5288/239306 MS: 1 EraseBytes-
#48910	REDUCE cov: 1442 ft: 2820 corp: 282/10527Kb lim: 239306 exec/s: 1287 rss: 496Mb L: 3810/239306 MS: 5 ShuffleBytes-EraseBytes-ChangeByte-ChangeBit-CrossOver-
#49058	REDUCE cov: 1442 ft: 2820 corp: 282/10527Kb lim: 239306 exec/s: 1291 rss: 496Mb L: 3391/239306 MS: 3 ShuffleBytes-CopyPart-EraseBytes-
#49215	REDUCE cov: 1442 ft: 2820 corp: 282/10527Kb lim: 239306 exec/s: 1295 rss: 496Mb L: 10/239306 MS: 2 CopyPart-EraseBytes-
#49223	REDUCE cov: 1442 ft: 2820 corp: 282/10526Kb lim: 239306 exec/s: 1295 rss: 496Mb L: 1334/239306 MS: 3 ChangeASCIIInt-CMP-EraseBytes- DE: "\377\377\377\377"-
#49313	NEW    cov: 1442 ft: 2823 corp: 283/10527Kb lim: 239306 exec/s: 1297 rss: 496Mb L: 615/239306 MS: 5 CMP-ChangeBinInt-ChangeASCIIInt-PersAutoDict-CrossOver- DE: "\001\000\000\000"-"\377\377\377\377"-
#49315	REDUCE cov: 1443 ft: 2824 corp: 284/10527Kb lim: 239306 exec/s: 1297 rss: 496Mb L: 15/239306 MS: 2 CopyPart-EraseBytes-
#49333	NEW    cov: 1445 ft: 2826 corp: 285/10527Kb lim: 239306 exec/s: 1298 rss: 496Mb L: 21/239306 MS: 3 ShuffleBytes-PersAutoDict-PersAutoDict- DE: "\030\000\000\000\000\000\000\000"-"\001\000\000\000"-
#49366	REDUCE cov: 1445 ft: 2826 corp: 285/10518Kb lim: 239306 exec/s: 1299 rss: 496Mb L: 79591/239306 MS: 3 CMP-InsertByte-EraseBytes- DE: "\377\377\377\377\377\377\377\025"-
#49387	REDUCE cov: 1445 ft: 2826 corp: 285/10517Kb lim: 239306 exec/s: 1299 rss: 496Mb L: 1380/239306 MS: 1 EraseBytes-
#49388	REDUCE cov: 1445 ft: 2826 corp: 285/10517Kb lim: 239306 exec/s: 1299 rss: 496Mb L: 403/239306 MS: 1 EraseBytes-
#49406	REDUCE cov: 1445 ft: 2826 corp: 285/10514Kb lim: 239306 exec/s: 1300 rss: 496Mb L: 16464/239306 MS: 3 ChangeASCIIInt-ChangeBit-EraseBytes-
#49421	REDUCE cov: 1445 ft: 2826 corp: 285/10512Kb lim: 239306 exec/s: 1300 rss: 496Mb L: 2278/239306 MS: 5 EraseBytes-ChangeBinInt-PersAutoDict-ChangeBit-PersAutoDict- DE: "\001\000\000\000\000\000\000\000"-"\000\000\000\000\000\000\000\001"-
#49474	REDUCE cov: 1445 ft: 2826 corp: 285/10512Kb lim: 239306 exec/s: 1301 rss: 496Mb L: 1101/239306 MS: 3 ShuffleBytes-CMP-EraseBytes- DE: "\377\377"-
#49475	NEW    cov: 1447 ft: 2828 corp: 286/10512Kb lim: 239306 exec/s: 1301 rss: 496Mb L: 11/239306 MS: 1 CopyPart-
#49491	REDUCE cov: 1447 ft: 2828 corp: 286/10512Kb lim: 239306 exec/s: 1302 rss: 496Mb L: 224/239306 MS: 1 EraseBytes-
#49512	REDUCE cov: 1447 ft: 2828 corp: 286/10512Kb lim: 239306 exec/s: 1302 rss: 496Mb L: 173/239306 MS: 1 EraseBytes-
#49521	REDUCE cov: 1447 ft: 2828 corp: 286/10504Kb lim: 239306 exec/s: 1303 rss: 496Mb L: 14192/239306 MS: 4 CrossOver-CopyPart-ChangeBit-EraseBytes-
#49528	REDUCE cov: 1447 ft: 2828 corp: 286/10504Kb lim: 239306 exec/s: 1303 rss: 496Mb L: 206/239306 MS: 2 ChangeASCIIInt-EraseBytes-
#49601	REDUCE cov: 1447 ft: 2828 corp: 286/10490Kb lim: 239306 exec/s: 1305 rss: 496Mb L: 86713/239306 MS: 3 EraseBytes-ChangeBinInt-ChangeByte-
#49623	REDUCE cov: 1447 ft: 2828 corp: 286/10489Kb lim: 239306 exec/s: 1305 rss: 496Mb L: 7579/239306 MS: 2 ShuffleBytes-EraseBytes-
#49625	NEW    cov: 1447 ft: 2832 corp: 287/10577Kb lim: 239306 exec/s: 1305 rss: 496Mb L: 89928/239306 MS: 2 ChangeBit-CrossOver-
#49695	REDUCE cov: 1447 ft: 2832 corp: 287/10577Kb lim: 239306 exec/s: 1307 rss: 496Mb L: 2296/239306 MS: 5 PersAutoDict-PersAutoDict-InsertByte-CopyPart-EraseBytes- DE: "\001\000\000\000"-"\265\000\000\000\000\000\000\000"-
#50226	REDUCE cov: 1447 ft: 2832 corp: 287/10576Kb lim: 239306 exec/s: 1321 rss: 496Mb L: 21284/239306 MS: 1 EraseBytes-
#50342	REDUCE cov: 1447 ft: 2832 corp: 287/10565Kb lim: 239306 exec/s: 1324 rss: 496Mb L: 19009/239306 MS: 1 EraseBytes-
#50376	REDUCE cov: 1447 ft: 2832 corp: 287/10564Kb lim: 239306 exec/s: 1325 rss: 496Mb L: 464/239306 MS: 4 PersAutoDict-ChangeBinInt-InsertByte-EraseBytes- DE: "N\000\000\000\000\000\000\000"-
#50382	REDUCE cov: 1447 ft: 2832 corp: 287/10560Kb lim: 239306 exec/s: 1325 rss: 496Mb L: 45556/239306 MS: 1 EraseBytes-
#50458	REDUCE cov: 1447 ft: 2832 corp: 287/10560Kb lim: 239306 exec/s: 1327 rss: 496Mb L: 413/239306 MS: 1 EraseBytes-
#50534	REDUCE cov: 1447 ft: 2832 corp: 287/10560Kb lim: 239306 exec/s: 1295 rss: 496Mb L: 1075/239306 MS: 1 EraseBytes-
#50650	REDUCE cov: 1447 ft: 2832 corp: 287/10560Kb lim: 239306 exec/s: 1298 rss: 496Mb L: 138/239306 MS: 1 EraseBytes-
#50882	REDUCE cov: 1447 ft: 2832 corp: 287/10557Kb lim: 239306 exec/s: 1304 rss: 496Mb L: 12048/239306 MS: 2 ShuffleBytes-EraseBytes-
#50884	REDUCE cov: 1447 ft: 2832 corp: 287/10528Kb lim: 239306 exec/s: 1304 rss: 496Mb L: 97487/239306 MS: 2 ChangeBit-EraseBytes-
#50931	REDUCE cov: 1447 ft: 2832 corp: 287/10528Kb lim: 239306 exec/s: 1305 rss: 496Mb L: 36/239306 MS: 2 ChangeBit-EraseBytes-
#51082	REDUCE cov: 1447 ft: 2832 corp: 287/10527Kb lim: 239306 exec/s: 1309 rss: 496Mb L: 7978/239306 MS: 1 EraseBytes-
#51093	REDUCE cov: 1447 ft: 2832 corp: 287/10526Kb lim: 239306 exec/s: 1310 rss: 496Mb L: 2641/239306 MS: 1 EraseBytes-
#51096	REDUCE cov: 1447 ft: 2832 corp: 287/10521Kb lim: 239306 exec/s: 1310 rss: 496Mb L: 15352/239306 MS: 3 ChangeBit-InsertByte-EraseBytes-
#51139	NEW    cov: 1447 ft: 2833 corp: 288/10521Kb lim: 239306 exec/s: 1311 rss: 496Mb L: 616/239306 MS: 3 ShuffleBytes-PersAutoDict-InsertByte- DE: "\000\000\000\000\000\000\000\000\000\000\000\000\000\000\000\000\000\000\000\000\000\000\000\000\000\000\000\000\000\000\000\000"-
#51208	REDUCE cov: 1447 ft: 2833 corp: 288/10521Kb lim: 239306 exec/s: 1313 rss: 496Mb L: 104/239306 MS: 4 CrossOver-PersAutoDict-ChangeBinInt-EraseBytes- DE: "\000\000\000\000\000\000\000\005"-
#51258	REDUCE cov: 1447 ft: 2842 corp: 289/10547Kb lim: 239306 exec/s: 1314 rss: 496Mb L: 25916/239306 MS: 5 ChangeBinInt-ChangeBinInt-ChangeBit-ChangeASCIIInt-PersAutoDict- DE: "\000\000\000\000\000\000\000\000"-
#51263	REDUCE cov: 1447 ft: 2842 corp: 289/10545Kb lim: 239306 exec/s: 1314 rss: 496Mb L: 6219/239306 MS: 5 InsertRepeatedBytes-InsertRepeatedBytes-InsertRepeatedBytes-EraseBytes-PersAutoDict- DE: "\000\000\000\000\377\377\377\377"-
#51314	REDUCE cov: 1447 ft: 2842 corp: 289/10545Kb lim: 239306 exec/s: 1315 rss: 496Mb L: 12/239306 MS: 1 EraseBytes-
#51323	REDUCE cov: 1447 ft: 2842 corp: 289/10536Kb lim: 239306 exec/s: 1315 rss: 496Mb L: 21271/239306 MS: 4 InsertByte-InsertRepeatedBytes-ChangeByte-EraseBytes-
#51334	REDUCE cov: 1447 ft: 2842 corp: 289/10536Kb lim: 239306 exec/s: 1316 rss: 496Mb L: 158/239306 MS: 1 EraseBytes-
#51415	REDUCE cov: 1447 ft: 2842 corp: 289/10516Kb lim: 239306 exec/s: 1318 rss: 496Mb L: 24026/239306 MS: 1 EraseBytes-
#51546	REDUCE cov: 1447 ft: 2842 corp: 289/10515Kb lim: 239306 exec/s: 1321 rss: 496Mb L: 12558/239306 MS: 1 EraseBytes-
#51657	REDUCE cov: 1447 ft: 2842 corp: 289/10514Kb lim: 239306 exec/s: 1324 rss: 496Mb L: 3782/239306 MS: 1 EraseBytes-
#51790	REDUCE cov: 1447 ft: 2842 corp: 289/10510Kb lim: 239306 exec/s: 1327 rss: 496Mb L: 4912/239306 MS: 3 InsertByte-CrossOver-EraseBytes-
#51911	REDUCE cov: 1447 ft: 2842 corp: 289/10510Kb lim: 239306 exec/s: 1331 rss: 496Mb L: 4669/239306 MS: 1 EraseBytes-
#52003	REDUCE cov: 1447 ft: 2842 corp: 289/10479Kb lim: 239306 exec/s: 1333 rss: 496Mb L: 54536/239306 MS: 2 ShuffleBytes-EraseBytes-
#52056	REDUCE cov: 1447 ft: 2842 corp: 289/10479Kb lim: 239306 exec/s: 1334 rss: 496Mb L: 2285/239306 MS: 3 CrossOver-ShuffleBytes-EraseBytes-
#52147	REDUCE cov: 1447 ft: 2842 corp: 289/10478Kb lim: 239306 exec/s: 1337 rss: 496Mb L: 444/239306 MS: 1 EraseBytes-
#52273	REDUCE cov: 1447 ft: 2842 corp: 289/10477Kb lim: 239306 exec/s: 1340 rss: 496Mb L: 8838/239306 MS: 1 EraseBytes-
#52356	REDUCE cov: 1447 ft: 2842 corp: 289/10477Kb lim: 239306 exec/s: 1342 rss: 496Mb L: 205/239306 MS: 3 ChangeBinInt-PersAutoDict-EraseBytes- DE: "\377\377"-
#52407	REDUCE cov: 1447 ft: 2842 corp: 289/10477Kb lim: 239306 exec/s: 1343 rss: 496Mb L: 1299/239306 MS: 1 EraseBytes-
#52428	REDUCE cov: 1447 ft: 2842 corp: 289/10477Kb lim: 239306 exec/s: 1344 rss: 496Mb L: 119/239306 MS: 1 EraseBytes-
#52474	REDUCE cov: 1447 ft: 2842 corp: 289/10474Kb lim: 239306 exec/s: 1345 rss: 496Mb L: 3399/239306 MS: 1 EraseBytes-
#52477	NEW    cov: 1451 ft: 2846 corp: 290/10474Kb lim: 239306 exec/s: 1345 rss: 496Mb L: 21/239306 MS: 3 ShuffleBytes-ChangeBinInt-CMP- DE: "\003\000\000\000\000\000\000\000"-
#52506	REDUCE cov: 1451 ft: 2846 corp: 290/10474Kb lim: 239306 exec/s: 1312 rss: 496Mb L: 78/239306 MS: 4 PersAutoDict-ChangeBit-ShuffleBytes-EraseBytes- DE: "\003\000\000\000\000\000\000\000"-
#52527	REDUCE cov: 1451 ft: 2846 corp: 290/10474Kb lim: 239306 exec/s: 1313 rss: 496Mb L: 3116/239306 MS: 1 EraseBytes-
#52675	REDUCE cov: 1451 ft: 2846 corp: 290/10474Kb lim: 239306 exec/s: 1316 rss: 496Mb L: 178/239306 MS: 3 CMP-ChangeBinInt-EraseBytes- DE: "\377\377\377\377\377\377\377\205"-
#52771	REDUCE cov: 1451 ft: 2846 corp: 290/10474Kb lim: 239306 exec/s: 1319 rss: 496Mb L: 199/239306 MS: 1 EraseBytes-
#52846	REDUCE cov: 1451 ft: 2846 corp: 290/10469Kb lim: 239306 exec/s: 1321 rss: 496Mb L: 15698/239306 MS: 5 ChangeBit-CrossOver-CMP-ChangeBit-EraseBytes- DE: "\377\377"-
#52893	REDUCE cov: 1451 ft: 2846 corp: 290/10466Kb lim: 239306 exec/s: 1322 rss: 496Mb L: 87278/239306 MS: 2 CMP-EraseBytes- DE: "\000\000\000\000\001\000\000\001"-
#52905	REDUCE cov: 1451 ft: 2846 corp: 290/10466Kb lim: 239306 exec/s: 1322 rss: 496Mb L: 92/239306 MS: 2 ChangeBinInt-EraseBytes-
#52967	REDUCE cov: 1451 ft: 2846 corp: 290/10465Kb lim: 239306 exec/s: 1324 rss: 496Mb L: 7898/239306 MS: 2 ChangeBit-EraseBytes-
#53009	REDUCE cov: 1451 ft: 2846 corp: 290/10465Kb lim: 239306 exec/s: 1325 rss: 496Mb L: 20861/239306 MS: 2 CopyPart-EraseBytes-
#53067	REDUCE cov: 1451 ft: 2846 corp: 290/10465Kb lim: 239306 exec/s: 1326 rss: 496Mb L: 3191/239306 MS: 3 PersAutoDict-PersAutoDict-EraseBytes- DE: "\001\003"-"\377\377"-
#53133	REDUCE cov: 1451 ft: 2846 corp: 290/10465Kb lim: 239306 exec/s: 1328 rss: 496Mb L: 256/239306 MS: 1 EraseBytes-
#53148	REDUCE cov: 1451 ft: 2846 corp: 290/10465Kb lim: 239306 exec/s: 1328 rss: 496Mb L: 32/239306 MS: 5 PersAutoDict-PersAutoDict-ChangeByte-ChangeBit-EraseBytes- DE: "\000\000\000\000\377\377\377\377"-"\377\377\377\377\377\377\377\025"-
#53150	REDUCE cov: 1451 ft: 2846 corp: 290/10465Kb lim: 239306 exec/s: 1328 rss: 496Mb L: 85/239306 MS: 2 EraseBytes-PersAutoDict- DE: "\000\000\000\000\000\000\000\001"-
#53190	REDUCE cov: 1451 ft: 2846 corp: 290/10461Kb lim: 239306 exec/s: 1329 rss: 496Mb L: 4255/239306 MS: 5 PersAutoDict-CopyPart-PersAutoDict-ChangeBinInt-EraseBytes- DE: "\377\377\377\377\377\377\377\205"-"\254\376\262y\317\232V\013"-
#53293	REDUCE cov: 1451 ft: 2846 corp: 290/10460Kb lim: 239306 exec/s: 1332 rss: 496Mb L: 3236/239306 MS: 3 ShuffleBytes-ChangeByte-EraseBytes-
#53349	REDUCE cov: 1451 ft: 2846 corp: 290/10457Kb lim: 239306 exec/s: 1333 rss: 496Mb L: 47953/239306 MS: 1 EraseBytes-
#53470	REDUCE cov: 1451 ft: 2846 corp: 290/10457Kb lim: 239306 exec/s: 1336 rss: 496Mb L: 1935/239306 MS: 1 EraseBytes-
#53500	REDUCE cov: 1451 ft: 2846 corp: 290/10457Kb lim: 239306 exec/s: 1337 rss: 496Mb L: 6227/239306 MS: 5 InsertRepeatedBytes-InsertByte-ChangeByte-ShuffleBytes-EraseBytes-
#53561	REDUCE cov: 1452 ft: 2847 corp: 291/10462Kb lim: 239306 exec/s: 1339 rss: 496Mb L: 5288/239306 MS: 1 CMP- DE: "\377\377\377\377"-
#53617	REDUCE cov: 1452 ft: 2847 corp: 291/10462Kb lim: 239306 exec/s: 1340 rss: 496Mb L: 102/239306 MS: 1 EraseBytes-
#53763	REDUCE cov: 1452 ft: 2847 corp: 291/10462Kb lim: 239306 exec/s: 1344 rss: 496Mb L: 70/239306 MS: 1 EraseBytes-
#53974	REDUCE cov: 1452 ft: 2847 corp: 291/10460Kb lim: 239306 exec/s: 1349 rss: 496Mb L: 42325/239306 MS: 1 EraseBytes-
#54135	REDUCE cov: 1452 ft: 2847 corp: 291/10460Kb lim: 239306 exec/s: 1353 rss: 496Mb L: 75/239306 MS: 1 EraseBytes-
#54142	REDUCE cov: 1452 ft: 2847 corp: 291/10458Kb lim: 239306 exec/s: 1353 rss: 496Mb L: 19731/239306 MS: 2 ChangeBinInt-EraseBytes-
#54174	REDUCE cov: 1452 ft: 2847 corp: 291/10458Kb lim: 239306 exec/s: 1354 rss: 496Mb L: 6761/239306 MS: 2 ChangeASCIIInt-EraseBytes-
#54253	REDUCE cov: 1452 ft: 2847 corp: 291/10456Kb lim: 239306 exec/s: 1356 rss: 496Mb L: 2194/239306 MS: 4 ChangeASCIIInt-InsertByte-ChangeBit-EraseBytes-
#54475	REDUCE cov: 1452 ft: 2847 corp: 291/10456Kb lim: 239306 exec/s: 1361 rss: 496Mb L: 24/239306 MS: 2 CopyPart-EraseBytes-
#54586	REDUCE cov: 1452 ft: 2847 corp: 291/10456Kb lim: 239306 exec/s: 1364 rss: 496Mb L: 156/239306 MS: 1 EraseBytes-
#54604	REDUCE cov: 1452 ft: 2847 corp: 291/10456Kb lim: 239306 exec/s: 1365 rss: 496Mb L: 1172/239306 MS: 3 PersAutoDict-ChangeBit-EraseBytes- DE: "\001\000"-
#54605	REDUCE cov: 1452 ft: 2847 corp: 291/10456Kb lim: 239306 exec/s: 1365 rss: 496Mb L: 923/239306 MS: 1 EraseBytes-
#54625	REDUCE cov: 1452 ft: 2847 corp: 291/10456Kb lim: 239306 exec/s: 1365 rss: 496Mb L: 320/239306 MS: 5 ChangeByte-ShuffleBytes-CopyPart-CopyPart-EraseBytes-
#54696	REDUCE cov: 1452 ft: 2847 corp: 291/10455Kb lim: 239306 exec/s: 1367 rss: 496Mb L: 700/239306 MS: 1 EraseBytes-
#54733	REDUCE cov: 1452 ft: 2847 corp: 291/10455Kb lim: 239306 exec/s: 1334 rss: 496Mb L: 170/239306 MS: 2 InsertByte-EraseBytes-
#54807	REDUCE cov: 1452 ft: 2847 corp: 291/10441Kb lim: 239306 exec/s: 1336 rss: 496Mb L: 26909/239306 MS: 4 ChangeBinInt-CMP-EraseBytes-PersAutoDict- DE: "\030\007\000\000\000\000\000\000"-"\000\000"-
#54928	REDUCE cov: 1452 ft: 2847 corp: 291/10441Kb lim: 239306 exec/s: 1339 rss: 496Mb L: 301/239306 MS: 1 EraseBytes-
#54989	NEW    cov: 1453 ft: 2848 corp: 292/10441Kb lim: 239306 exec/s: 1341 rss: 496Mb L: 15/239306 MS: 1 ChangeBit-
#55010	REDUCE cov: 1453 ft: 2848 corp: 292/10441Kb lim: 239306 exec/s: 1341 rss: 496Mb L: 298/239306 MS: 1 EraseBytes-
#55081	REDUCE cov: 1453 ft: 2848 corp: 292/10441Kb lim: 239306 exec/s: 1343 rss: 496Mb L: 108/239306 MS: 1 EraseBytes-
#55128	REDUCE cov: 1453 ft: 2848 corp: 292/10438Kb lim: 239306 exec/s: 1344 rss: 496Mb L: 21775/239306 MS: 2 PersAutoDict-EraseBytes- DE: "\000\000\000\000\001\000\000\001"-
#55129	REDUCE cov: 1453 ft: 2848 corp: 292/10432Kb lim: 239306 exec/s: 1344 rss: 496Mb L: 9017/239306 MS: 1 EraseBytes-
#55137	REDUCE cov: 1453 ft: 2848 corp: 292/10432Kb lim: 239306 exec/s: 1344 rss: 496Mb L: 2361/239306 MS: 3 PersAutoDict-InsertByte-EraseBytes- DE: "\000\000\000\000\000\000\000\000"-
#55189	REDUCE cov: 1453 ft: 2848 corp: 292/10431Kb lim: 239306 exec/s: 1346 rss: 496Mb L: 11967/239306 MS: 2 ChangeByte-EraseBytes-
#55225	REDUCE cov: 1453 ft: 2848 corp: 292/10429Kb lim: 239306 exec/s: 1346 rss: 496Mb L: 12211/239306 MS: 1 EraseBytes-
#55437	REDUCE cov: 1453 ft: 2848 corp: 292/10428Kb lim: 239306 exec/s: 1352 rss: 496Mb L: 415/239306 MS: 2 ChangeBit-EraseBytes-
#55443	REDUCE cov: 1453 ft: 2848 corp: 292/10424Kb lim: 239306 exec/s: 1352 rss: 496Mb L: 26969/239306 MS: 1 EraseBytes-
#55459	REDUCE cov: 1453 ft: 2848 corp: 292/10424Kb lim: 239306 exec/s: 1352 rss: 496Mb L: 718/239306 MS: 1 EraseBytes-
#55462	REDUCE cov: 1453 ft: 2848 corp: 292/10424Kb lim: 239306 exec/s: 1352 rss: 496Mb L: 91/239306 MS: 3 ChangeByte-ChangeBinInt-EraseBytes-
#55501	REDUCE cov: 1453 ft: 2848 corp: 292/10422Kb lim: 239306 exec/s: 1353 rss: 496Mb L: 14244/239306 MS: 4 InsertByte-InsertByte-ChangeByte-EraseBytes-
#55562	REDUCE cov: 1453 ft: 2848 corp: 292/10422Kb lim: 239306 exec/s: 1355 rss: 496Mb L: 2803/239306 MS: 1 EraseBytes-
#55578	REDUCE cov: 1453 ft: 2848 corp: 292/10421Kb lim: 239306 exec/s: 1355 rss: 496Mb L: 1990/239306 MS: 1 EraseBytes-
#55580	REDUCE cov: 1453 ft: 2848 corp: 292/10420Kb lim: 239306 exec/s: 1355 rss: 496Mb L: 1320/239306 MS: 2 ChangeASCIIInt-EraseBytes-
#55581	REDUCE cov: 1453 ft: 2848 corp: 292/10402Kb lim: 239306 exec/s: 1355 rss: 496Mb L: 61796/239306 MS: 1 EraseBytes-
#55617	REDUCE cov: 1453 ft: 2848 corp: 292/10402Kb lim: 239306 exec/s: 1356 rss: 496Mb L: 620/239306 MS: 1 EraseBytes-
#55625	NEW    cov: 1454 ft: 2849 corp: 293/10410Kb lim: 239306 exec/s: 1356 rss: 496Mb L: 7996/239306 MS: 3 PersAutoDict-ShuffleBytes-CopyPart- DE: "\003\000\000\000\000\000\000\000"-
#55660	REDUCE cov: 1454 ft: 2849 corp: 293/10409Kb lim: 239306 exec/s: 1357 rss: 496Mb L: 1003/239306 MS: 5 ChangeASCIIInt-PersAutoDict-ChangeByte-ShuffleBytes-EraseBytes- DE: "\265\000\000\000\000\000\000\000"-
#55662	REDUCE cov: 1454 ft: 2849 corp: 293/10409Kb lim: 239306 exec/s: 1357 rss: 496Mb L: 2137/239306 MS: 2 CrossOver-EraseBytes-
#55743	REDUCE cov: 1454 ft: 2849 corp: 293/10408Kb lim: 239306 exec/s: 1359 rss: 496Mb L: 9976/239306 MS: 1 EraseBytes-
#56014	REDUCE cov: 1454 ft: 2849 corp: 293/10408Kb lim: 239306 exec/s: 1366 rss: 496Mb L: 1154/239306 MS: 1 EraseBytes-
#56090	REDUCE cov: 1454 ft: 2849 corp: 293/10405Kb lim: 239306 exec/s: 1368 rss: 496Mb L: 9747/239306 MS: 1 EraseBytes-
#56186	REDUCE cov: 1454 ft: 2849 corp: 293/10403Kb lim: 239306 exec/s: 1370 rss: 496Mb L: 2341/239306 MS: 1 EraseBytes-
#56323	REDUCE cov: 1454 ft: 2849 corp: 293/10401Kb lim: 239306 exec/s: 1373 rss: 496Mb L: 7956/239306 MS: 2 InsertByte-EraseBytes-
#56390	REDUCE cov: 1454 ft: 2850 corp: 294/10401Kb lim: 239306 exec/s: 1375 rss: 496Mb L: 31/239306 MS: 2 InsertByte-CopyPart-
#56491	REDUCE cov: 1454 ft: 2850 corp: 294/10401Kb lim: 239306 exec/s: 1377 rss: 496Mb L: 86/239306 MS: 1 EraseBytes-
#56538	REDUCE cov: 1454 ft: 2850 corp: 294/10401Kb lim: 239306 exec/s: 1378 rss: 496Mb L: 108/239306 MS: 2 InsertByte-EraseBytes-
#56567	REDUCE cov: 1454 ft: 2850 corp: 294/10401Kb lim: 239306 exec/s: 1379 rss: 496Mb L: 358/239306 MS: 4 ChangeByte-ChangeBit-ChangeBit-EraseBytes-
#56702	REDUCE cov: 1454 ft: 2850 corp: 294/10400Kb lim: 239306 exec/s: 1382 rss: 496Mb L: 2740/239306 MS: 5 ChangeBit-ChangeByte-InsertByte-PersAutoDict-EraseBytes- DE: "\001\003"-
#56785	REDUCE cov: 1454 ft: 2850 corp: 294/10399Kb lim: 239306 exec/s: 1385 rss: 496Mb L: 24982/239306 MS: 3 ChangeByte-ShuffleBytes-EraseBytes-
#56822	REDUCE cov: 1454 ft: 2850 corp: 294/10396Kb lim: 239306 exec/s: 1385 rss: 496Mb L: 8182/239306 MS: 2 ChangeBit-EraseBytes-
#57004	REDUCE cov: 1454 ft: 2850 corp: 294/10395Kb lim: 239306 exec/s: 1357 rss: 496Mb L: 1468/239306 MS: 2 ChangeASCIIInt-EraseBytes-
#57032	NEW    cov: 1455 ft: 2851 corp: 295/10395Kb lim: 239306 exec/s: 1357 rss: 496Mb L: 7/239306 MS: 3 ChangeBit-CopyPart-EraseBytes-
#57253	REDUCE cov: 1455 ft: 2851 corp: 295/10395Kb lim: 239306 exec/s: 1363 rss: 496Mb L: 333/239306 MS: 1 EraseBytes-
#57339	REDUCE cov: 1455 ft: 2851 corp: 295/10394Kb lim: 239306 exec/s: 1365 rss: 496Mb L: 686/239306 MS: 1 EraseBytes-
#57396	REDUCE cov: 1455 ft: 2851 corp: 295/10394Kb lim: 239306 exec/s: 1366 rss: 496Mb L: 289/239306 MS: 2 ChangeByte-EraseBytes-
#57414	REDUCE cov: 1455 ft: 2851 corp: 295/10394Kb lim: 239306 exec/s: 1367 rss: 496Mb L: 740/239306 MS: 3 ShuffleBytes-ChangeBinInt-EraseBytes-
#57545	REDUCE cov: 1455 ft: 2851 corp: 295/10393Kb lim: 239306 exec/s: 1370 rss: 496Mb L: 1235/239306 MS: 1 EraseBytes-
#57611	REDUCE cov: 1455 ft: 2851 corp: 295/10393Kb lim: 239306 exec/s: 1371 rss: 496Mb L: 42/239306 MS: 1 EraseBytes-
#57718	REDUCE cov: 1455 ft: 2851 corp: 295/10392Kb lim: 239306 exec/s: 1374 rss: 496Mb L: 1216/239306 MS: 2 CrossOver-EraseBytes-
#57779	REDUCE cov: 1455 ft: 2851 corp: 295/10389Kb lim: 239306 exec/s: 1375 rss: 496Mb L: 13197/239306 MS: 1 EraseBytes-
#57875	REDUCE cov: 1455 ft: 2851 corp: 295/10389Kb lim: 239306 exec/s: 1377 rss: 496Mb L: 1349/239306 MS: 1 EraseBytes-
#57886	REDUCE cov: 1455 ft: 2851 corp: 295/10387Kb lim: 239306 exec/s: 1378 rss: 496Mb L: 5203/239306 MS: 1 EraseBytes-
#57979	REDUCE cov: 1455 ft: 2851 corp: 295/10387Kb lim: 239306 exec/s: 1380 rss: 496Mb L: 1177/239306 MS: 3 PersAutoDict-ChangeByte-EraseBytes- DE: "\004UUUUUUU"-
#58062	REDUCE cov: 1455 ft: 2851 corp: 295/10387Kb lim: 239306 exec/s: 1382 rss: 496Mb L: 52/239306 MS: 3 ShuffleBytes-InsertByte-EraseBytes-
#58063	REDUCE cov: 1455 ft: 2851 corp: 295/10386Kb lim: 239306 exec/s: 1382 rss: 496Mb L: 761/239306 MS: 1 EraseBytes-
#58187	REDUCE cov: 1455 ft: 2851 corp: 295/10379Kb lim: 239306 exec/s: 1385 rss: 496Mb L: 13471/239306 MS: 4 CMP-EraseBytes-InsertByte-CrossOver- DE: "\264\000\000\000\000\000\000\000"-
#58234	REDUCE cov: 1455 ft: 2851 corp: 295/10379Kb lim: 239306 exec/s: 1386 rss: 496Mb L: 931/239306 MS: 2 CopyPart-EraseBytes-
#58307	REDUCE cov: 1455 ft: 2851 corp: 295/10379Kb lim: 239306 exec/s: 1388 rss: 496Mb L: 2194/239306 MS: 3 InsertRepeatedBytes-ChangeASCIIInt-EraseBytes-
#58323	REDUCE cov: 1455 ft: 2851 corp: 295/10378Kb lim: 239306 exec/s: 1388 rss: 496Mb L: 11893/239306 MS: 1 EraseBytes-
#58482	REDUCE cov: 1455 ft: 2853 corp: 296/10380Kb lim: 239306 exec/s: 1392 rss: 496Mb L: 2137/239306 MS: 4 ChangeASCIIInt-ShuffleBytes-PersAutoDict-ChangeByte- DE: "\377\377\377\377\377\377\377c"-
#58521	REDUCE cov: 1455 ft: 2853 corp: 296/10352Kb lim: 239306 exec/s: 1393 rss: 496Mb L: 18707/239306 MS: 4 CMP-ChangeBinInt-InsertRepeatedBytes-CrossOver- DE: "\017\000\000\000\000\000\000\000"-
#58574	REDUCE cov: 1455 ft: 2853 corp: 296/10352Kb lim: 239306 exec/s: 1394 rss: 496Mb L: 1872/239306 MS: 3 ChangeBit-InsertRepeatedBytes-EraseBytes-
#58736	REDUCE cov: 1455 ft: 2853 corp: 296/10345Kb lim: 239306 exec/s: 1398 rss: 496Mb L: 11410/239306 MS: 2 InsertRepeatedBytes-EraseBytes-
#58995	REDUCE cov: 1455 ft: 2853 corp: 296/10345Kb lim: 239306 exec/s: 1404 rss: 496Mb L: 7/239306 MS: 4 CopyPart-ChangeBinInt-ChangeByte-EraseBytes-
#59155	REDUCE cov: 1455 ft: 2853 corp: 296/10345Kb lim: 239306 exec/s: 1408 rss: 496Mb L: 4828/239306 MS: 5 PersAutoDict-InsertByte-CopyPart-ShuffleBytes-EraseBytes- DE: "J\222$I\222$I\002"-
#59186	REDUCE cov: 1455 ft: 2853 corp: 296/10345Kb lim: 239306 exec/s: 1376 rss: 496Mb L: 22/239306 MS: 1 EraseBytes-
#59200	REDUCE cov: 1455 ft: 2853 corp: 296/10344Kb lim: 239306 exec/s: 1376 rss: 496Mb L: 1602/239306 MS: 4 ChangeByte-CrossOver-ChangeBinInt-EraseBytes-
#59203	REDUCE cov: 1456 ft: 2854 corp: 297/10345Kb lim: 239306 exec/s: 1376 rss: 496Mb L: 298/239306 MS: 3 ChangeBit-ShuffleBytes-ShuffleBytes-
#59222	REDUCE cov: 1456 ft: 2854 corp: 297/10344Kb lim: 239306 exec/s: 1377 rss: 496Mb L: 941/239306 MS: 4 ChangeBit-CopyPart-InsertByte-EraseBytes-
#59308	REDUCE cov: 1456 ft: 2854 corp: 297/10344Kb lim: 239306 exec/s: 1379 rss: 496Mb L: 1766/239306 MS: 1 EraseBytes-
#59328	REDUCE cov: 1456 ft: 2854 corp: 297/10344Kb lim: 239306 exec/s: 1379 rss: 496Mb L: 465/239306 MS: 5 ChangeBit-InsertByte-CMP-ShuffleBytes-EraseBytes- DE: "\377\377\377\377\377\377\377\003"-
#59534	REDUCE cov: 1456 ft: 2854 corp: 297/10341Kb lim: 239306 exec/s: 1384 rss: 496Mb L: 20397/239306 MS: 1 EraseBytes-
#59536	REDUCE cov: 1456 ft: 2854 corp: 297/10341Kb lim: 239306 exec/s: 1384 rss: 496Mb L: 273/239306 MS: 2 ChangeByte-EraseBytes-
#59568	REDUCE cov: 1456 ft: 2854 corp: 297/10341Kb lim: 239306 exec/s: 1385 rss: 496Mb L: 1483/239306 MS: 2 ChangeByte-EraseBytes-
#59769	REDUCE cov: 1456 ft: 2854 corp: 297/10340Kb lim: 239306 exec/s: 1389 rss: 496Mb L: 608/239306 MS: 1 EraseBytes-
#59825	REDUCE cov: 1456 ft: 2854 corp: 297/10314Kb lim: 239306 exec/s: 1391 rss: 496Mb L: 60648/239306 MS: 1 EraseBytes-
#59932	REDUCE cov: 1456 ft: 2854 corp: 297/10314Kb lim: 239306 exec/s: 1393 rss: 496Mb L: 263/239306 MS: 2 ShuffleBytes-EraseBytes-
#59976	REDUCE cov: 1456 ft: 2854 corp: 297/10300Kb lim: 239306 exec/s: 1394 rss: 496Mb L: 25162/239306 MS: 4 PersAutoDict-PersAutoDict-ChangeASCIIInt-EraseBytes- DE: "\001\000\000\000\000\000\000\026"-"\254\376\262y\317\232V\013"-
#60082	REDUCE cov: 1456 ft: 2854 corp: 297/10300Kb lim: 239306 exec/s: 1397 rss: 496Mb L: 80/239306 MS: 1 EraseBytes-
#60120	REDUCE cov: 1456 ft: 2854 corp: 297/10300Kb lim: 239306 exec/s: 1398 rss: 496Mb L: 5/239306 MS: 3 EraseBytes-ChangeBit-EraseBytes-
#60177	REDUCE cov: 1456 ft: 2854 corp: 297/10299Kb lim: 239306 exec/s: 1399 rss: 496Mb L: 3404/239306 MS: 2 ChangeBinInt-EraseBytes-
#60266	REDUCE cov: 1456 ft: 2854 corp: 297/10299Kb lim: 239306 exec/s: 1401 rss: 496Mb L: 8459/239306 MS: 4 CopyPart-ChangeBinInt-ChangeByte-EraseBytes-
#60328	REDUCE cov: 1456 ft: 2854 corp: 297/10294Kb lim: 239306 exec/s: 1402 rss: 496Mb L: 5862/239306 MS: 2 ChangeBinInt-EraseBytes-
#60339	REDUCE cov: 1456 ft: 2854 corp: 297/10293Kb lim: 239306 exec/s: 1403 rss: 496Mb L: 1338/239306 MS: 1 EraseBytes-
#60585	REDUCE cov: 1456 ft: 2854 corp: 297/10292Kb lim: 239306 exec/s: 1408 rss: 496Mb L: 1292/239306 MS: 1 EraseBytes-
#60666	REDUCE cov: 1456 ft: 2854 corp: 297/10291Kb lim: 239306 exec/s: 1410 rss: 496Mb L: 18238/239306 MS: 1 EraseBytes-
#61037	REDUCE cov: 1456 ft: 2854 corp: 297/10290Kb lim: 239306 exec/s: 1419 rss: 496Mb L: 11241/239306 MS: 1 EraseBytes-
#61308	REDUCE cov: 1456 ft: 2854 corp: 297/10268Kb lim: 239306 exec/s: 1393 rss: 496Mb L: 75136/239306 MS: 1 CrossOver-
#61477	REDUCE cov: 1456 ft: 2854 corp: 297/10268Kb lim: 239306 exec/s: 1397 rss: 496Mb L: 3217/239306 MS: 4 ChangeBinInt-EraseBytes-PersAutoDict-PersAutoDict- DE: "\000\000\000\000\001\000\000\001"-"\001\000\000\000\000\000\000\000"-
#61488	REDUCE cov: 1456 ft: 2854 corp: 297/10258Kb lim: 239306 exec/s: 1397 rss: 496Mb L: 46439/239306 MS: 1 EraseBytes-
#61525	REDUCE cov: 1456 ft: 2854 corp: 297/10258Kb lim: 239306 exec/s: 1398 rss: 496Mb L: 33/239306 MS: 2 CrossOver-EraseBytes-
#61532	REDUCE cov: 1456 ft: 2854 corp: 297/10258Kb lim: 239306 exec/s: 1398 rss: 496Mb L: 3896/239306 MS: 2 ChangeBinInt-EraseBytes-
#61724	REDUCE cov: 1456 ft: 2854 corp: 297/10247Kb lim: 239306 exec/s: 1402 rss: 496Mb L: 15012/239306 MS: 2 InsertRepeatedBytes-EraseBytes-
#61846	REDUCE cov: 1456 ft: 2854 corp: 297/10247Kb lim: 239306 exec/s: 1405 rss: 496Mb L: 67/239306 MS: 2 ChangeBinInt-EraseBytes-
#61962	REDUCE cov: 1456 ft: 2854 corp: 297/10247Kb lim: 239306 exec/s: 1408 rss: 496Mb L: 59/239306 MS: 1 EraseBytes-
#62163	REDUCE cov: 1456 ft: 2854 corp: 297/10246Kb lim: 239306 exec/s: 1412 rss: 496Mb L: 6565/239306 MS: 1 EraseBytes-
#62205	REDUCE cov: 1456 ft: 2854 corp: 297/10245Kb lim: 239306 exec/s: 1413 rss: 496Mb L: 709/239306 MS: 2 ChangeASCIIInt-EraseBytes-
#62649	NEW    cov: 1457 ft: 2855 corp: 298/10251Kb lim: 239306 exec/s: 1423 rss: 496Mb L: 5812/239306 MS: 4 CrossOver-InsertByte-ChangeByte-PersAutoDict- DE: "\377\377\377\377\377\377\377\003"-
#62654	REDUCE cov: 1457 ft: 2855 corp: 298/10249Kb lim: 239306 exec/s: 1423 rss: 496Mb L: 39253/239306 MS: 5 PersAutoDict-ChangeBit-CrossOver-ChangeBinInt-EraseBytes- DE: "\377\377\377\377\377\377\377c"-
#62707	REDUCE cov: 1457 ft: 2855 corp: 298/10249Kb lim: 239306 exec/s: 1425 rss: 496Mb L: 6005/239306 MS: 3 ChangeByte-ChangeByte-EraseBytes-
#62753	REDUCE cov: 1457 ft: 2855 corp: 298/10248Kb lim: 239306 exec/s: 1426 rss: 496Mb L: 693/239306 MS: 1 EraseBytes-
#62828	REDUCE cov: 1457 ft: 2855 corp: 298/10248Kb lim: 239306 exec/s: 1427 rss: 496Mb L: 658/239306 MS: 5 CMP-ChangeASCIIInt-InsertRepeatedBytes-ShuffleBytes-EraseBytes- DE: "\005\000\000\000\000\000\000\000"-
#62899	REDUCE cov: 1457 ft: 2855 corp: 298/10240Kb lim: 239306 exec/s: 1429 rss: 496Mb L: 14162/239306 MS: 1 EraseBytes-
#63031	REDUCE cov: 1457 ft: 2855 corp: 298/10240Kb lim: 239306 exec/s: 1432 rss: 496Mb L: 6/239306 MS: 2 ChangeBinInt-EraseBytes-
#63058	REDUCE cov: 1457 ft: 2855 corp: 298/10240Kb lim: 239306 exec/s: 1433 rss: 496Mb L: 92/239306 MS: 2 PersAutoDict-EraseBytes- DE: "\000\000\000\000\000\000\000\002"-
#63069	REDUCE cov: 1457 ft: 2855 corp: 298/10240Kb lim: 239306 exec/s: 1433 rss: 496Mb L: 392/239306 MS: 1 EraseBytes-
#63075	REDUCE cov: 1457 ft: 2855 corp: 298/10240Kb lim: 239306 exec/s: 1433 rss: 496Mb L: 5/239306 MS: 1 EraseBytes-
#63114	REDUCE cov: 1457 ft: 2855 corp: 298/10239Kb lim: 239306 exec/s: 1434 rss: 496Mb L: 1188/239306 MS: 4 PersAutoDict-ChangeASCIIInt-ChangeASCIIInt-EraseBytes- DE: "\030\000\000\000\000\000\000\000"-
#63150	REDUCE cov: 1457 ft: 2855 corp: 298/10233Kb lim: 239306 exec/s: 1435 rss: 496Mb L: 13747/239306 MS: 1 EraseBytes-
#63398	REDUCE cov: 1457 ft: 2855 corp: 298/10232Kb lim: 239306 exec/s: 1408 rss: 496Mb L: 3710/239306 MS: 3 ChangeASCIIInt-ChangeByte-EraseBytes-
#63484	REDUCE cov: 1457 ft: 2855 corp: 298/10232Kb lim: 239306 exec/s: 1410 rss: 496Mb L: 1140/239306 MS: 1 EraseBytes-
#63518	REDUCE cov: 1457 ft: 2855 corp: 298/10232Kb lim: 239306 exec/s: 1411 rss: 496Mb L: 255/239306 MS: 4 ShuffleBytes-CopyPart-ShuffleBytes-EraseBytes-
#63564	REDUCE cov: 1457 ft: 2855 corp: 298/10228Kb lim: 239306 exec/s: 1412 rss: 496Mb L: 22996/239306 MS: 1 EraseBytes-
#63569	REDUCE cov: 1457 ft: 2855 corp: 298/10228Kb lim: 239306 exec/s: 1412 rss: 496Mb L: 883/239306 MS: 5 ChangeByte-PersAutoDict-ChangeBit-ChangeASCIIInt-EraseBytes- DE: "N\000\000\000\000\000\000\000"-
#63665	REDUCE cov: 1457 ft: 2855 corp: 298/10227Kb lim: 239306 exec/s: 1414 rss: 496Mb L: 1087/239306 MS: 1 EraseBytes-
#63688	REDUCE cov: 1457 ft: 2855 corp: 298/10227Kb lim: 239306 exec/s: 1415 rss: 496Mb L: 138/239306 MS: 3 ChangeASCIIInt-ShuffleBytes-EraseBytes-
#63824	REDUCE cov: 1458 ft: 2856 corp: 299/10234Kb lim: 239306 exec/s: 1418 rss: 496Mb L: 6565/239306 MS: 1 PersAutoDict- DE: "\030\000\000\000\000\000\000\000"-
#63862	REDUCE cov: 1458 ft: 2857 corp: 300/10234Kb lim: 239306 exec/s: 1419 rss: 496Mb L: 298/239306 MS: 3 ChangeBinInt-InsertRepeatedBytes-PersAutoDict- DE: "\027\000\000\000\000\000\000\000"-
#63999	REDUCE cov: 1458 ft: 2857 corp: 300/10234Kb lim: 239306 exec/s: 1422 rss: 496Mb L: 457/239306 MS: 2 InsertRepeatedBytes-EraseBytes-
#64110	REDUCE cov: 1458 ft: 2857 corp: 300/10234Kb lim: 239306 exec/s: 1424 rss: 496Mb L: 276/239306 MS: 1 EraseBytes-
#64346	REDUCE cov: 1458 ft: 2857 corp: 300/10214Kb lim: 239306 exec/s: 1429 rss: 496Mb L: 39609/239306 MS: 1 EraseBytes-
#64364	REDUCE cov: 1458 ft: 2857 corp: 300/10214Kb lim: 239306 exec/s: 1430 rss: 496Mb L: 33/239306 MS: 3 ChangeBit-CMP-EraseBytes- DE: "\001\000\000\000"-
#64395	REDUCE cov: 1458 ft: 2857 corp: 300/10214Kb lim: 239306 exec/s: 1431 rss: 496Mb L: 13/239306 MS: 1 EraseBytes-
#64471	REDUCE cov: 1458 ft: 2857 corp: 300/10214Kb lim: 239306 exec/s: 1432 rss: 496Mb L: 635/239306 MS: 1 EraseBytes-
#64549	REDUCE cov: 1458 ft: 2857 corp: 300/10198Kb lim: 239306 exec/s: 1434 rss: 496Mb L: 153832/239306 MS: 3 InsertByte-InsertRepeatedBytes-EraseBytes-
#64670	REDUCE cov: 1458 ft: 2857 corp: 300/10195Kb lim: 239306 exec/s: 1437 rss: 496Mb L: 3344/239306 MS: 1 EraseBytes-
#64699	REDUCE cov: 1458 ft: 2857 corp: 300/10163Kb lim: 239306 exec/s: 1437 rss: 496Mb L: 56713/239306 MS: 4 PersAutoDict-ChangeBit-EraseBytes-InsertRepeatedBytes- DE: "\000\000\000\000"-
#64780	NEW    cov: 1459 ft: 2858 corp: 301/10170Kb lim: 239306 exec/s: 1439 rss: 496Mb L: 6565/239306 MS: 1 CopyPart-
#64881	REDUCE cov: 1459 ft: 2858 corp: 301/10169Kb lim: 239306 exec/s: 1441 rss: 496Mb L: 317/239306 MS: 1 EraseBytes-
#64942	REDUCE cov: 1459 ft: 2858 corp: 301/10169Kb lim: 239306 exec/s: 1443 rss: 496Mb L: 4/239306 MS: 1 EraseBytes-
#64965	REDUCE cov: 1459 ft: 2858 corp: 301/10169Kb lim: 239306 exec/s: 1443 rss: 496Mb L: 8291/239306 MS: 3 InsertRepeatedBytes-ChangeBinInt-EraseBytes-
#65031	REDUCE cov: 1459 ft: 2858 corp: 301/10169Kb lim: 239306 exec/s: 1445 rss: 496Mb L: 870/239306 MS: 1 EraseBytes-
#65033	REDUCE cov: 1459 ft: 2858 corp: 301/10168Kb lim: 239306 exec/s: 1445 rss: 496Mb L: 583/239306 MS: 2 ChangeBit-EraseBytes-
#65104	REDUCE cov: 1459 ft: 2858 corp: 301/10168Kb lim: 239306 exec/s: 1446 rss: 496Mb L: 98/239306 MS: 1 EraseBytes-
#65235	NEW    cov: 1459 ft: 2864 corp: 302/10170Kb lim: 239306 exec/s: 1449 rss: 496Mb L: 1489/239306 MS: 1 InsertRepeatedBytes-
#65236	NEW    cov: 1460 ft: 2865 corp: 303/10170Kb lim: 239306 exec/s: 1449 rss: 496Mb L: 7/239306 MS: 1 ShuffleBytes-
#65265	REDUCE cov: 1460 ft: 2865 corp: 303/10170Kb lim: 239306 exec/s: 1450 rss: 496Mb L: 429/239306 MS: 4 ChangeByte-ShuffleBytes-ChangeByte-EraseBytes-
#65288	REDUCE cov: 1460 ft: 2865 corp: 303/10170Kb lim: 239306 exec/s: 1450 rss: 496Mb L: 1124/239306 MS: 3 InsertRepeatedBytes-ChangeByte-EraseBytes-
#65389	REDUCE cov: 1460 ft: 2865 corp: 303/10170Kb lim: 239306 exec/s: 1453 rss: 496Mb L: 128/239306 MS: 1 EraseBytes-
#65408	REDUCE cov: 1460 ft: 2865 corp: 303/10170Kb lim: 239306 exec/s: 1453 rss: 496Mb L: 91/239306 MS: 4 InsertRepeatedBytes-ChangeBinInt-CopyPart-EraseBytes-
#65492	REDUCE cov: 1460 ft: 2865 corp: 303/10170Kb lim: 239306 exec/s: 1455 rss: 496Mb L: 76/239306 MS: 4 PersAutoDict-CopyPart-ChangeByte-EraseBytes- DE: "\000\000\000\000\000\000\000/"-
#65518	REDUCE cov: 1460 ft: 2865 corp: 303/10170Kb lim: 239306 exec/s: 1455 rss: 496Mb L: 826/239306 MS: 1 EraseBytes-
#65519	REDUCE cov: 1460 ft: 2865 corp: 303/10169Kb lim: 239306 exec/s: 1455 rss: 496Mb L: 335/239306 MS: 1 EraseBytes-
#65531	NEW    cov: 1461 ft: 2866 corp: 304/10169Kb lim: 239306 exec/s: 1456 rss: 496Mb L: 8/239306 MS: 2 InsertByte-CMP- DE: "\000\000\000\000\000\000\000\000"-
#65536	pulse  cov: 1461 ft: 2866 corp: 304/10169Kb lim: 239306 exec/s: 1456 rss: 496Mb
#65540	REDUCE cov: 1461 ft: 2866 corp: 304/10166Kb lim: 239306 exec/s: 1456 rss: 496Mb L: 8018/239306 MS: 4 ChangeByte-ChangeBinInt-InsertByte-EraseBytes-
#65558	REDUCE cov: 1461 ft: 2866 corp: 304/10166Kb lim: 239306 exec/s: 1456 rss: 496Mb L: 39/239306 MS: 3 ChangeBit-ChangeBit-EraseBytes-
#65589	REDUCE cov: 1461 ft: 2866 corp: 304/10166Kb lim: 239306 exec/s: 1457 rss: 496Mb L: 526/239306 MS: 1 EraseBytes-
#65636	REDUCE cov: 1461 ft: 2866 corp: 304/10165Kb lim: 239306 exec/s: 1458 rss: 496Mb L: 759/239306 MS: 2 ShuffleBytes-EraseBytes-
#65693	REDUCE cov: 1461 ft: 2866 corp: 304/10162Kb lim: 239306 exec/s: 1428 rss: 496Mb L: 17648/239306 MS: 2 InsertRepeatedBytes-EraseBytes-
#65709	REDUCE cov: 1461 ft: 2866 corp: 304/10161Kb lim: 239306 exec/s: 1428 rss: 496Mb L: 17092/239306 MS: 1 EraseBytes-
#65752	REDUCE cov: 1461 ft: 2866 corp: 304/10158Kb lim: 239306 exec/s: 1429 rss: 496Mb L: 9449/239306 MS: 3 CMP-ChangeBinInt-EraseBytes- DE: "\377\377"-
#65903	REDUCE cov: 1461 ft: 2866 corp: 304/10158Kb lim: 239306 exec/s: 1432 rss: 496Mb L: 349/239306 MS: 1 EraseBytes-
#65904	REDUCE cov: 1461 ft: 2866 corp: 304/10158Kb lim: 239306 exec/s: 1432 rss: 496Mb L: 95/239306 MS: 1 EraseBytes-
#65936	REDUCE cov: 1461 ft: 2866 corp: 304/10158Kb lim: 239306 exec/s: 1433 rss: 496Mb L: 86/239306 MS: 2 InsertByte-EraseBytes-
#65954	NEW    cov: 1462 ft: 2867 corp: 305/10164Kb lim: 239306 exec/s: 1433 rss: 496Mb L: 5812/239306 MS: 3 ChangeBinInt-CopyPart-ChangeByte-
#65991	REDUCE cov: 1462 ft: 2867 corp: 305/10164Kb lim: 239306 exec/s: 1434 rss: 496Mb L: 450/239306 MS: 2 ChangeASCIIInt-EraseBytes-
#66052	REDUCE cov: 1462 ft: 2867 corp: 305/10164Kb lim: 239306 exec/s: 1435 rss: 496Mb L: 607/239306 MS: 1 EraseBytes-
#66106	REDUCE cov: 1462 ft: 2867 corp: 305/10164Kb lim: 239306 exec/s: 1437 rss: 496Mb L: 336/239306 MS: 4 CrossOver-ChangeByte-ShuffleBytes-EraseBytes-
#66172	REDUCE cov: 1462 ft: 2867 corp: 305/10164Kb lim: 239306 exec/s: 1438 rss: 496Mb L: 1074/239306 MS: 1 EraseBytes-
#66178	REDUCE cov: 1462 ft: 2867 corp: 305/10163Kb lim: 239306 exec/s: 1438 rss: 496Mb L: 535/239306 MS: 1 EraseBytes-
#66296	REDUCE cov: 1462 ft: 2867 corp: 305/10163Kb lim: 239306 exec/s: 1441 rss: 496Mb L: 702/239306 MS: 3 ChangeBit-PersAutoDict-EraseBytes- DE: "\000\000\000\000\000\000\000\026"-
#66303	REDUCE cov: 1462 ft: 2867 corp: 305/10163Kb lim: 239306 exec/s: 1441 rss: 496Mb L: 811/239306 MS: 2 InsertByte-EraseBytes-
#66374	REDUCE cov: 1462 ft: 2867 corp: 305/10163Kb lim: 239306 exec/s: 1442 rss: 496Mb L: 108/239306 MS: 1 EraseBytes-
#66490	REDUCE cov: 1462 ft: 2867 corp: 305/10163Kb lim: 239306 exec/s: 1445 rss: 496Mb L: 787/239306 MS: 1 EraseBytes-
#66644	REDUCE cov: 1462 ft: 2867 corp: 305/10163Kb lim: 239306 exec/s: 1448 rss: 496Mb L: 659/239306 MS: 4 ChangeBinInt-ShuffleBytes-InsertRepeatedBytes-EraseBytes-
#66872	REDUCE cov: 1462 ft: 2867 corp: 305/10153Kb lim: 239306 exec/s: 1453 rss: 496Mb L: 17226/239306 MS: 3 InsertByte-InsertRepeatedBytes-CrossOver-
#66903	REDUCE cov: 1462 ft: 2867 corp: 305/10153Kb lim: 239306 exec/s: 1454 rss: 496Mb L: 3/239306 MS: 1 EraseBytes-
#66904	REDUCE cov: 1462 ft: 2867 corp: 305/10153Kb lim: 239306 exec/s: 1454 rss: 496Mb L: 321/239306 MS: 1 EraseBytes-
#67112	REDUCE cov: 1462 ft: 2867 corp: 305/10152Kb lim: 239306 exec/s: 1458 rss: 496Mb L: 23694/239306 MS: 3 ChangeASCIIInt-ChangeASCIIInt-EraseBytes-
#67185	REDUCE cov: 1462 ft: 2867 corp: 305/10137Kb lim: 239306 exec/s: 1460 rss: 496Mb L: 16305/239306 MS: 3 PersAutoDict-ChangeBinInt-EraseBytes- DE: "\377\377\377\377"-
#67231	REDUCE cov: 1462 ft: 2867 corp: 305/10136Kb lim: 239306 exec/s: 1461 rss: 496Mb L: 2424/239306 MS: 1 EraseBytes-
#67252	REDUCE cov: 1462 ft: 2867 corp: 305/10136Kb lim: 239306 exec/s: 1462 rss: 496Mb L: 5722/239306 MS: 1 EraseBytes-
#67272	REDUCE cov: 1462 ft: 2867 corp: 305/10118Kb lim: 239306 exec/s: 1462 rss: 496Mb L: 71392/239306 MS: 5 CopyPart-InsertRepeatedBytes-ChangeBit-CopyPart-EraseBytes-
#67383	REDUCE cov: 1462 ft: 2867 corp: 305/10118Kb lim: 239306 exec/s: 1464 rss: 496Mb L: 113/239306 MS: 1 EraseBytes-
#67446	REDUCE cov: 1462 ft: 2867 corp: 305/10118Kb lim: 239306 exec/s: 1466 rss: 496Mb L: 1339/239306 MS: 3 ChangeASCIIInt-ShuffleBytes-EraseBytes-
#67477	REDUCE cov: 1462 ft: 2867 corp: 305/10118Kb lim: 239306 exec/s: 1466 rss: 496Mb L: 124/239306 MS: 1 EraseBytes-
#67482	REDUCE cov: 1462 ft: 2867 corp: 305/10116Kb lim: 239306 exec/s: 1467 rss: 496Mb L: 3802/239306 MS: 5 ChangeBit-ChangeASCIIInt-CrossOver-CMP-EraseBytes- DE: "L\000\000\000\000\000\000\000"-
#67579	REDUCE cov: 1462 ft: 2867 corp: 305/10114Kb lim: 239306 exec/s: 1469 rss: 496Mb L: 4444/239306 MS: 2 ChangeASCIIInt-EraseBytes-
#67663	REDUCE cov: 1463 ft: 2868 corp: 306/10142Kb lim: 239306 exec/s: 1439 rss: 496Mb L: 28022/239306 MS: 4 EraseBytes-CMP-ChangeBinInt-CrossOver- DE: "\377\377"-
#67764	REDUCE cov: 1463 ft: 2868 corp: 306/10142Kb lim: 239306 exec/s: 1441 rss: 496Mb L: 36/239306 MS: 1 EraseBytes-
#67817	REDUCE cov: 1463 ft: 2868 corp: 306/10135Kb lim: 239306 exec/s: 1442 rss: 496Mb L: 69599/239306 MS: 3 InsertRepeatedBytes-InsertByte-EraseBytes-
#67844	REDUCE cov: 1463 ft: 2868 corp: 306/10119Kb lim: 239306 exec/s: 1443 rss: 496Mb L: 19749/239306 MS: 2 ChangeASCIIInt-EraseBytes-
#67901	NEW    cov: 1464 ft: 2869 corp: 307/10119Kb lim: 239306 exec/s: 1444 rss: 496Mb L: 21/239306 MS: 2 ShuffleBytes-CrossOver-
#67977	REDUCE cov: 1464 ft: 2869 corp: 307/10101Kb lim: 239306 exec/s: 1446 rss: 496Mb L: 52607/239306 MS: 1 EraseBytes-
#67994	REDUCE cov: 1464 ft: 2869 corp: 307/10101Kb lim: 239306 exec/s: 1446 rss: 496Mb L: 359/239306 MS: 2 ChangeASCIIInt-EraseBytes-
#68095	REDUCE cov: 1464 ft: 2869 corp: 307/10100Kb lim: 239306 exec/s: 1448 rss: 496Mb L: 223/239306 MS: 1 EraseBytes-
#68101	REDUCE cov: 1464 ft: 2874 corp: 308/10101Kb lim: 239306 exec/s: 1448 rss: 496Mb L: 103/239306 MS: 1 InsertRepeatedBytes-
#68158	REDUCE cov: 1464 ft: 2874 corp: 308/10098Kb lim: 239306 exec/s: 1450 rss: 496Mb L: 4154/239306 MS: 2 CMP-EraseBytes- DE: "\017\377\377\377\377\377\377\377"-
#68172	REDUCE cov: 1464 ft: 2874 corp: 308/10098Kb lim: 239306 exec/s: 1450 rss: 496Mb L: 573/239306 MS: 4 ChangeByte-CMP-ChangeASCIIInt-EraseBytes- DE: "\001\000"-
#68294	REDUCE cov: 1464 ft: 2874 corp: 308/10098Kb lim: 239306 exec/s: 1453 rss: 496Mb L: 2/239306 MS: 2 ChangeBit-EraseBytes-
#68376	NEW    cov: 1465 ft: 2875 corp: 309/10098Kb lim: 239306 exec/s: 1454 rss: 496Mb L: 21/239306 MS: 2 ShuffleBytes-ShuffleBytes-
#68395	REDUCE cov: 1465 ft: 2875 corp: 309/10098Kb lim: 239306 exec/s: 1455 rss: 496Mb L: 975/239306 MS: 4 ChangeBit-ChangeBit-CopyPart-EraseBytes-
#68397	REDUCE cov: 1465 ft: 2875 corp: 309/10097Kb lim: 239306 exec/s: 1455 rss: 496Mb L: 3327/239306 MS: 2 ChangeBinInt-EraseBytes-
#68430	REDUCE cov: 1465 ft: 2875 corp: 309/10093Kb lim: 239306 exec/s: 1455 rss: 496Mb L: 6775/239306 MS: 3 ChangeByte-InsertByte-EraseBytes-
#68442	REDUCE cov: 1465 ft: 2875 corp: 309/10090Kb lim: 239306 exec/s: 1456 rss: 496Mb L: 25055/239306 MS: 2 InsertByte-EraseBytes-
#68458	REDUCE cov: 1465 ft: 2875 corp: 309/10082Kb lim: 239306 exec/s: 1456 rss: 496Mb L: 59776/239306 MS: 1 EraseBytes-
#68782	REDUCE cov: 1465 ft: 2875 corp: 309/10082Kb lim: 239306 exec/s: 1463 rss: 496Mb L: 682/239306 MS: 4 InsertRepeatedBytes-InsertByte-InsertRepeatedBytes-EraseBytes-
#68787	REDUCE cov: 1465 ft: 2875 corp: 309/10080Kb lim: 239306 exec/s: 1463 rss: 496Mb L: 51826/239306 MS: 5 EraseBytes-ChangeASCIIInt-ChangeBit-PersAutoDict-CopyPart- DE: "\001\000\000\000"-
#68929	REDUCE cov: 1465 ft: 2875 corp: 309/10079Kb lim: 239306 exec/s: 1466 rss: 496Mb L: 549/239306 MS: 2 InsertRepeatedBytes-EraseBytes-
#68935	REDUCE cov: 1465 ft: 2875 corp: 309/10079Kb lim: 239306 exec/s: 1466 rss: 496Mb L: 202/239306 MS: 1 EraseBytes-
#68987	REDUCE cov: 1465 ft: 2875 corp: 309/10079Kb lim: 239306 exec/s: 1467 rss: 496Mb L: 1254/239306 MS: 2 ShuffleBytes-EraseBytes-
#69083	REDUCE cov: 1465 ft: 2875 corp: 309/10077Kb lim: 239306 exec/s: 1469 rss: 496Mb L: 10678/239306 MS: 1 EraseBytes-
#69371	REDUCE cov: 1465 ft: 2875 corp: 309/10075Kb lim: 239306 exec/s: 1475 rss: 496Mb L: 23877/239306 MS: 3 InsertRepeatedBytes-ChangeBit-EraseBytes-
#69376	REDUCE cov: 1465 ft: 2875 corp: 309/10075Kb lim: 239306 exec/s: 1476 rss: 496Mb L: 726/239306 MS: 5 ChangeByte-CrossOver-ChangeBinInt-ShuffleBytes-EraseBytes-
#69398	REDUCE cov: 1465 ft: 2875 corp: 309/10068Kb lim: 239306 exec/s: 1476 rss: 496Mb L: 37961/239306 MS: 2 InsertByte-EraseBytes-
#69669	REDUCE cov: 1465 ft: 2875 corp: 309/10049Kb lim: 239306 exec/s: 1482 rss: 496Mb L: 19784/239306 MS: 1 EraseBytes-
#69716	REDUCE cov: 1465 ft: 2875 corp: 309/10045Kb lim: 239306 exec/s: 1483 rss: 496Mb L: 5982/239306 MS: 2 ChangeBit-EraseBytes-
#70142	REDUCE cov: 1465 ft: 2875 corp: 309/10037Kb lim: 239306 exec/s: 1461 rss: 496Mb L: 11248/239306 MS: 1 EraseBytes-
#70194	REDUCE cov: 1465 ft: 2875 corp: 309/10037Kb lim: 239306 exec/s: 1462 rss: 496Mb L: 278/239306 MS: 2 ChangeBit-EraseBytes-
#70334	REDUCE cov: 1465 ft: 2875 corp: 309/10037Kb lim: 239306 exec/s: 1465 rss: 496Mb L: 26/239306 MS: 5 CopyPart-InsertByte-ChangeBit-PersAutoDict-EraseBytes- DE: "\000\000\000\000\000\000\000\001"-
#70375	REDUCE cov: 1465 ft: 2875 corp: 309/10036Kb lim: 239306 exec/s: 1466 rss: 496Mb L: 6978/239306 MS: 1 EraseBytes-
#70386	REDUCE cov: 1465 ft: 2875 corp: 309/10021Kb lim: 239306 exec/s: 1466 rss: 496Mb L: 46699/239306 MS: 1 EraseBytes-
#70672	REDUCE cov: 1465 ft: 2875 corp: 309/10021Kb lim: 239306 exec/s: 1472 rss: 496Mb L: 19/239306 MS: 1 EraseBytes-
#70808	REDUCE cov: 1465 ft: 2875 corp: 309/10020Kb lim: 239306 exec/s: 1475 rss: 496Mb L: 33387/239306 MS: 1 EraseBytes-
#70845	REDUCE cov: 1465 ft: 2875 corp: 309/10020Kb lim: 239306 exec/s: 1475 rss: 496Mb L: 16002/239306 MS: 2 CrossOver-EraseBytes-
#70916	REDUCE cov: 1465 ft: 2875 corp: 309/10020Kb lim: 239306 exec/s: 1477 rss: 496Mb L: 119/239306 MS: 1 EraseBytes-
#71027	REDUCE cov: 1465 ft: 2875 corp: 309/10020Kb lim: 239306 exec/s: 1479 rss: 496Mb L: 72/239306 MS: 1 EraseBytes-
#71063	REDUCE cov: 1465 ft: 2875 corp: 309/10016Kb lim: 239306 exec/s: 1480 rss: 496Mb L: 42286/239306 MS: 1 EraseBytes-
#71089	REDUCE cov: 1465 ft: 2875 corp: 309/10016Kb lim: 239306 exec/s: 1481 rss: 496Mb L: 221/239306 MS: 1 EraseBytes-
#71096	REDUCE cov: 1465 ft: 2875 corp: 309/10015Kb lim: 239306 exec/s: 1481 rss: 496Mb L: 469/239306 MS: 2 ShuffleBytes-EraseBytes-
#71139	REDUCE cov: 1465 ft: 2875 corp: 309/10011Kb lim: 239306 exec/s: 1482 rss: 496Mb L: 4905/239306 MS: 3 CrossOver-ChangeBinInt-EraseBytes-
#71186	REDUCE cov: 1465 ft: 2875 corp: 309/10011Kb lim: 239306 exec/s: 1483 rss: 496Mb L: 4776/239306 MS: 2 ChangeBinInt-EraseBytes-
#71260	REDUCE cov: 1465 ft: 2875 corp: 309/10011Kb lim: 239306 exec/s: 1484 rss: 496Mb L: 249/239306 MS: 4 ChangeBit-InsertRepeatedBytes-ChangeBit-EraseBytes-
#71266	REDUCE cov: 1465 ft: 2875 corp: 309/10011Kb lim: 239306 exec/s: 1484 rss: 496Mb L: 536/239306 MS: 1 EraseBytes-
#71397	REDUCE cov: 1465 ft: 2875 corp: 309/10011Kb lim: 239306 exec/s: 1487 rss: 496Mb L: 704/239306 MS: 1 EraseBytes-
#71423	REDUCE cov: 1465 ft: 2875 corp: 309/10011Kb lim: 239306 exec/s: 1487 rss: 496Mb L: 940/239306 MS: 1 EraseBytes-
#71494	REDUCE cov: 1465 ft: 2875 corp: 309/10010Kb lim: 239306 exec/s: 1489 rss: 496Mb L: 440/239306 MS: 1 EraseBytes-
#71504	REDUCE cov: 1465 ft: 2875 corp: 309/9995Kb lim: 239306 exec/s: 1489 rss: 496Mb L: 19299/239306 MS: 5 EraseBytes-InsertByte-PersAutoDict-InsertByte-InsertRepeatedBytes- DE: "\377\377"-
#71513	REDUCE cov: 1465 ft: 2875 corp: 309/9995Kb lim: 239306 exec/s: 1489 rss: 496Mb L: 7467/239306 MS: 4 ChangeBit-PersAutoDict-ChangeByte-EraseBytes- DE: "\377\377\377\377"-
#71590	REDUCE cov: 1465 ft: 2875 corp: 309/9994Kb lim: 239306 exec/s: 1491 rss: 496Mb L: 421/239306 MS: 2 InsertRepeatedBytes-EraseBytes-
#71593	REDUCE cov: 1465 ft: 2875 corp: 309/9994Kb lim: 239306 exec/s: 1491 rss: 496Mb L: 107/239306 MS: 3 PersAutoDict-ChangeBit-EraseBytes- DE: "\000\000\000\000"-
#71617	REDUCE cov: 1465 ft: 2875 corp: 309/9994Kb lim: 239306 exec/s: 1492 rss: 496Mb L: 15925/239306 MS: 4 CrossOver-CMP-CrossOver-EraseBytes- DE: "\210\021\301'7{\366&"-
#71629	REDUCE cov: 1465 ft: 2875 corp: 309/9994Kb lim: 239306 exec/s: 1492 rss: 496Mb L: 607/239306 MS: 2 ChangeBinInt-EraseBytes-
#71685	REDUCE cov: 1465 ft: 2876 corp: 310/9994Kb lim: 239306 exec/s: 1493 rss: 496Mb L: 115/239306 MS: 1 PersAutoDict- DE: "\001\000\000\000\000\000\000\026"-
#71884	REDUCE cov: 1465 ft: 2876 corp: 310/9992Kb lim: 239306 exec/s: 1497 rss: 496Mb L: 13580/239306 MS: 4 ChangeByte-InsertByte-ChangeASCIIInt-EraseBytes-
#72012	REDUCE cov: 1465 ft: 2876 corp: 310/9992Kb lim: 239306 exec/s: 1500 rss: 496Mb L: 611/239306 MS: 3 ChangeBinInt-ChangeASCIIInt-EraseBytes-
#72013	REDUCE cov: 1465 ft: 2876 corp: 310/9992Kb lim: 239306 exec/s: 1500 rss: 496Mb L: 89/239306 MS: 1 EraseBytes-
#72239	REDUCE cov: 1465 ft: 2876 corp: 310/9992Kb lim: 239306 exec/s: 1474 rss: 496Mb L: 371/239306 MS: 1 EraseBytes-
#72272	REDUCE cov: 1465 ft: 2876 corp: 310/9990Kb lim: 239306 exec/s: 1474 rss: 496Mb L: 7899/239306 MS: 3 ChangeBit-ChangeBinInt-EraseBytes-
#72312	REDUCE cov: 1465 ft: 2876 corp: 310/9975Kb lim: 239306 exec/s: 1475 rss: 496Mb L: 22503/239306 MS: 5 ChangeBinInt-ChangeBinInt-ChangeBit-ChangeASCIIInt-EraseBytes-
#72383	REDUCE cov: 1465 ft: 2876 corp: 310/9975Kb lim: 239306 exec/s: 1477 rss: 496Mb L: 200/239306 MS: 1 EraseBytes-
#72543	REDUCE cov: 1465 ft: 2876 corp: 310/9964Kb lim: 239306 exec/s: 1480 rss: 496Mb L: 12438/239306 MS: 5 ChangeASCIIInt-ShuffleBytes-ChangeBit-InsertRepeatedBytes-EraseBytes-
#72674	REDUCE cov: 1465 ft: 2876 corp: 310/9958Kb lim: 239306 exec/s: 1483 rss: 496Mb L: 6872/239306 MS: 1 EraseBytes-
#72676	REDUCE cov: 1465 ft: 2876 corp: 310/9795Kb lim: 239306 exec/s: 1483 rss: 496Mb L: 2353/239306 MS: 2 CrossOver-EraseBytes-
#72678	REDUCE cov: 1465 ft: 2876 corp: 310/9788Kb lim: 239306 exec/s: 1483 rss: 496Mb L: 12327/239306 MS: 2 InsertByte-EraseBytes-
#72729	REDUCE cov: 1465 ft: 2876 corp: 310/9788Kb lim: 239306 exec/s: 1484 rss: 496Mb L: 294/239306 MS: 1 EraseBytes-
#72847	REDUCE cov: 1465 ft: 2876 corp: 310/9788Kb lim: 239306 exec/s: 1486 rss: 496Mb L: 517/239306 MS: 3 ChangeByte-InsertByte-EraseBytes-
#72969	REDUCE cov: 1465 ft: 2876 corp: 310/9787Kb lim: 239306 exec/s: 1489 rss: 496Mb L: 431/239306 MS: 2 PersAutoDict-EraseBytes- DE: "\001\000"-
#73020	REDUCE cov: 1465 ft: 2876 corp: 310/9787Kb lim: 239306 exec/s: 1490 rss: 496Mb L: 3325/239306 MS: 1 EraseBytes-
#73063	REDUCE cov: 1465 ft: 2876 corp: 310/9779Kb lim: 239306 exec/s: 1491 rss: 496Mb L: 9635/239306 MS: 3 CrossOver-InsertByte-EraseBytes-
#73121	REDUCE cov: 1465 ft: 2876 corp: 310/9778Kb lim: 239306 exec/s: 1492 rss: 496Mb L: 13030/239306 MS: 3 InsertRepeatedBytes-PersAutoDict-EraseBytes- DE: "\377\377\377\377\377\377\377c"-
#73211	REDUCE cov: 1465 ft: 2876 corp: 310/9778Kb lim: 239306 exec/s: 1494 rss: 496Mb L: 2193/239306 MS: 5 ChangeByte-ChangeASCIIInt-PersAutoDict-ChangeBinInt-EraseBytes- DE: "\005\000\000\000\000\000\000\000"-
#73258	REDUCE cov: 1465 ft: 2876 corp: 310/9778Kb lim: 239306 exec/s: 1495 rss: 496Mb L: 74/239306 MS: 2 CMP-EraseBytes- DE: "\000\000\000\000\000\000\000\000"-
#73359	REDUCE cov: 1465 ft: 2876 corp: 310/9778Kb lim: 239306 exec/s: 1497 rss: 496Mb L: 17/239306 MS: 1 EraseBytes-
#73490	REDUCE cov: 1465 ft: 2876 corp: 310/9778Kb lim: 239306 exec/s: 1499 rss: 496Mb L: 189/239306 MS: 1 EraseBytes-
#73502	REDUCE cov: 1465 ft: 2876 corp: 310/9777Kb lim: 239306 exec/s: 1500 rss: 496Mb L: 2061/239306 MS: 2 ChangeBit-EraseBytes-
#73643	REDUCE cov: 1465 ft: 2876 corp: 310/9777Kb lim: 239306 exec/s: 1502 rss: 496Mb L: 619/239306 MS: 1 EraseBytes-
#73797	REDUCE cov: 1465 ft: 2876 corp: 310/9777Kb lim: 239306 exec/s: 1506 rss: 496Mb L: 32/239306 MS: 4 ChangeBinInt-CrossOver-ChangeByte-EraseBytes-
#73997	REDUCE cov: 1465 ft: 2876 corp: 310/9772Kb lim: 239306 exec/s: 1510 rss: 496Mb L: 12802/239306 MS: 5 ChangeBinInt-ChangeBinInt-ChangeBit-InsertRepeatedBytes-EraseBytes-
#74062	REDUCE cov: 1465 ft: 2876 corp: 310/9772Kb lim: 239306 exec/s: 1511 rss: 496Mb L: 97/239306 MS: 5 EraseBytes-CopyPart-ChangeBit-PersAutoDict-PersAutoDict- DE: "\030\007\000\000\000\000\000\000"-"\000\000\000\000\001\000\000\001"-
#74109	REDUCE cov: 1465 ft: 2876 corp: 310/9771Kb lim: 239306 exec/s: 1512 rss: 496Mb L: 6950/239306 MS: 2 ChangeBit-EraseBytes-
#74261	REDUCE cov: 1465 ft: 2876 corp: 310/9771Kb lim: 239306 exec/s: 1485 rss: 496Mb L: 434/239306 MS: 2 ShuffleBytes-EraseBytes-
#74304	REDUCE cov: 1465 ft: 2876 corp: 310/9765Kb lim: 239306 exec/s: 1486 rss: 496Mb L: 4503/239306 MS: 3 CMP-ShuffleBytes-CrossOver- DE: "\001\000"-
#74333	REDUCE cov: 1465 ft: 2876 corp: 310/9764Kb lim: 239306 exec/s: 1486 rss: 496Mb L: 6222/239306 MS: 4 ChangeByte-InsertRepeatedBytes-PersAutoDict-EraseBytes- DE: "\377\377\377\377"-
#74448	REDUCE cov: 1465 ft: 2876 corp: 310/9764Kb lim: 239306 exec/s: 1488 rss: 496Mb L: 31/239306 MS: 5 ChangeByte-ShuffleBytes-InsertByte-ChangeBinInt-EraseBytes-
#74475	REDUCE cov: 1465 ft: 2876 corp: 310/9763Kb lim: 239306 exec/s: 1489 rss: 496Mb L: 12551/239306 MS: 2 ChangeBinInt-EraseBytes-
#74486	REDUCE cov: 1465 ft: 2882 corp: 311/9913Kb lim: 239306 exec/s: 1489 rss: 496Mb L: 154004/239306 MS: 1 CrossOver-
#74537	REDUCE cov: 1465 ft: 2882 corp: 311/9913Kb lim: 239306 exec/s: 1490 rss: 496Mb L: 44/239306 MS: 1 EraseBytes-
#74640	REDUCE cov: 1465 ft: 2882 corp: 311/9913Kb lim: 239306 exec/s: 1492 rss: 496Mb L: 467/239306 MS: 3 ChangeASCIIInt-ChangeASCIIInt-EraseBytes-
#74747	REDUCE cov: 1465 ft: 2882 corp: 311/9905Kb lim: 239306 exec/s: 1494 rss: 496Mb L: 16881/239306 MS: 2 CopyPart-EraseBytes-
#74893	REDUCE cov: 1465 ft: 2882 corp: 311/9905Kb lim: 239306 exec/s: 1497 rss: 496Mb L: 13970/239306 MS: 1 EraseBytes-
#74949	REDUCE cov: 1465 ft: 2882 corp: 311/9905Kb lim: 239306 exec/s: 1498 rss: 496Mb L: 194/239306 MS: 1 EraseBytes-
#74989	REDUCE cov: 1465 ft: 2882 corp: 311/9904Kb lim: 239306 exec/s: 1499 rss: 496Mb L: 50762/239306 MS: 5 ChangeBit-InsertRepeatedBytes-EraseBytes-CopyPart-CopyPart-
#75087	REDUCE cov: 1465 ft: 2882 corp: 311/9895Kb lim: 239306 exec/s: 1501 rss: 496Mb L: 33751/239306 MS: 3 CrossOver-InsertByte-EraseBytes-
#75330	REDUCE cov: 1465 ft: 2882 corp: 311/9895Kb lim: 239306 exec/s: 1506 rss: 496Mb L: 12162/239306 MS: 3 ChangeBit-PersAutoDict-EraseBytes- DE: "\377\377\377\000"-
#75408	REDUCE cov: 1465 ft: 2882 corp: 311/9895Kb lim: 239306 exec/s: 1508 rss: 496Mb L: 25/239306 MS: 3 CopyPart-ChangeByte-EraseBytes-
#75476	REDUCE cov: 1465 ft: 2882 corp: 311/9895Kb lim: 239306 exec/s: 1509 rss: 496Mb L: 74/239306 MS: 3 PersAutoDict-InsertByte-EraseBytes- DE: "\001\000\000\000"-
#75507	REDUCE cov: 1465 ft: 2882 corp: 311/9893Kb lim: 239306 exec/s: 1510 rss: 496Mb L: 5222/239306 MS: 1 EraseBytes-
#75593	REDUCE cov: 1465 ft: 2882 corp: 311/9893Kb lim: 239306 exec/s: 1511 rss: 496Mb L: 14251/239306 MS: 1 EraseBytes-
#75646	REDUCE cov: 1465 ft: 2885 corp: 312/9893Kb lim: 239306 exec/s: 1512 rss: 496Mb L: 206/239306 MS: 3 InsertRepeatedBytes-PersAutoDict-ChangeByte- DE: "\000\000\000\000\000\000\000\026"-
#75672	REDUCE cov: 1465 ft: 2885 corp: 312/9891Kb lim: 239306 exec/s: 1513 rss: 496Mb L: 20898/239306 MS: 1 EraseBytes-
#75684	REDUCE cov: 1465 ft: 2885 corp: 312/9891Kb lim: 239306 exec/s: 1513 rss: 496Mb L: 1111/239306 MS: 2 ChangeByte-EraseBytes-
#75699	REDUCE cov: 1465 ft: 2885 corp: 312/9891Kb lim: 239306 exec/s: 1513 rss: 496Mb L: 4196/239306 MS: 5 ShuffleBytes-InsertRepeatedBytes-InsertByte-ChangeBit-EraseBytes-
#75915	REDUCE cov: 1465 ft: 2885 corp: 312/9891Kb lim: 239306 exec/s: 1518 rss: 496Mb L: 289/239306 MS: 1 EraseBytes-
#76076	REDUCE cov: 1465 ft: 2885 corp: 312/9891Kb lim: 239306 exec/s: 1521 rss: 496Mb L: 273/239306 MS: 1 EraseBytes-
#76318	REDUCE cov: 1465 ft: 2885 corp: 312/9890Kb lim: 239306 exec/s: 1526 rss: 496Mb L: 3897/239306 MS: 2 PersAutoDict-EraseBytes- DE: "\000\000\000\000\000\000\000\002"-
#76545	REDUCE cov: 1465 ft: 2885 corp: 312/9888Kb lim: 239306 exec/s: 1530 rss: 496Mb L: 9445/239306 MS: 2 ChangeBinInt-EraseBytes-
#76558	REDUCE cov: 1465 ft: 2885 corp: 312/9887Kb lim: 239306 exec/s: 1531 rss: 496Mb L: 517/239306 MS: 3 CMP-CopyPart-EraseBytes- DE: "\000\000"-
#76876	REDUCE cov: 1465 ft: 2885 corp: 312/9887Kb lim: 239306 exec/s: 1507 rss: 496Mb L: 23536/239306 MS: 3 ChangeBit-ChangeByte-EraseBytes-
#76919	REDUCE cov: 1465 ft: 2885 corp: 312/9887Kb lim: 239306 exec/s: 1508 rss: 496Mb L: 332/239306 MS: 3 InsertByte-InsertRepeatedBytes-EraseBytes-
#76950	REDUCE cov: 1465 ft: 2885 corp: 312/9885Kb lim: 239306 exec/s: 1508 rss: 496Mb L: 5152/239306 MS: 1 EraseBytes-
#76963	REDUCE cov: 1465 ft: 2885 corp: 312/9885Kb lim: 239306 exec/s: 1509 rss: 496Mb L: 929/239306 MS: 3 ShuffleBytes-InsertByte-EraseBytes-
#77036	REDUCE cov: 1465 ft: 2885 corp: 312/9885Kb lim: 239306 exec/s: 1510 rss: 496Mb L: 282/239306 MS: 3 ChangeByte-ShuffleBytes-EraseBytes-
#77087	REDUCE cov: 1465 ft: 2885 corp: 312/9885Kb lim: 239306 exec/s: 1511 rss: 496Mb L: 14104/239306 MS: 1 EraseBytes-
#77099	REDUCE cov: 1465 ft: 2885 corp: 312/9879Kb lim: 239306 exec/s: 1511 rss: 496Mb L: 6332/239306 MS: 2 PersAutoDict-EraseBytes- DE: "\265\000\000\000\000\000\000\000"-
#77160	NEW    cov: 1465 ft: 2891 corp: 313/9880Kb lim: 239306 exec/s: 1512 rss: 496Mb L: 225/239306 MS: 1 InsertRepeatedBytes-
#77229	REDUCE cov: 1465 ft: 2891 corp: 313/9879Kb lim: 239306 exec/s: 1514 rss: 496Mb L: 625/239306 MS: 4 PersAutoDict-PersAutoDict-CopyPart-EraseBytes- DE: "\027\000\000\000\000\000\000\000"-"\377\377\377\000"-
#77250	REDUCE cov: 1465 ft: 2891 corp: 313/9874Kb lim: 239306 exec/s: 1514 rss: 496Mb L: 46895/239306 MS: 1 EraseBytes-
#77443	REDUCE cov: 1465 ft: 2891 corp: 313/9874Kb lim: 239306 exec/s: 1518 rss: 496Mb L: 156/239306 MS: 3 ChangeBit-CopyPart-EraseBytes-
#77623	REDUCE cov: 1465 ft: 2891 corp: 313/9872Kb lim: 239306 exec/s: 1522 rss: 496Mb L: 10132/239306 MS: 5 ChangeByte-CMP-ChangeByte-ChangeByte-EraseBytes- DE: "\260\000\000\000\000\000\000\000"-
#77776	REDUCE cov: 1465 ft: 2891 corp: 313/9871Kb lim: 239306 exec/s: 1525 rss: 496Mb L: 287/239306 MS: 3 InsertByte-CopyPart-EraseBytes-
#78047	REDUCE cov: 1465 ft: 2891 corp: 313/9871Kb lim: 239306 exec/s: 1530 rss: 496Mb L: 274/239306 MS: 1 EraseBytes-
#78053	REDUCE cov: 1465 ft: 2891 corp: 313/9871Kb lim: 239306 exec/s: 1530 rss: 496Mb L: 231/239306 MS: 1 EraseBytes-
#78143	REDUCE cov: 1465 ft: 2891 corp: 313/9865Kb lim: 239306 exec/s: 1532 rss: 496Mb L: 12976/239306 MS: 5 CrossOver-CMP-CMP-InsertRepeatedBytes-EraseBytes- DE: "\377\377\377\377"-"\000\000\000\000"-
#78406	REDUCE cov: 1465 ft: 2891 corp: 313/9862Kb lim: 239306 exec/s: 1537 rss: 496Mb L: 9836/239306 MS: 3 InsertByte-ChangeBit-EraseBytes-
#78453	REDUCE cov: 1465 ft: 2891 corp: 313/9847Kb lim: 239306 exec/s: 1538 rss: 496Mb L: 138073/239306 MS: 2 ChangeBit-EraseBytes-
#78484	REDUCE cov: 1465 ft: 2891 corp: 313/9842Kb lim: 239306 exec/s: 1538 rss: 496Mb L: 8015/239306 MS: 1 EraseBytes-
#78790	REDUCE cov: 1465 ft: 2891 corp: 313/9841Kb lim: 239306 exec/s: 1544 rss: 496Mb L: 87638/239306 MS: 1 EraseBytes-
#78806	REDUCE cov: 1465 ft: 2891 corp: 313/9841Kb lim: 239306 exec/s: 1545 rss: 496Mb L: 243/239306 MS: 1 EraseBytes-
#78807	REDUCE cov: 1465 ft: 2891 corp: 313/9841Kb lim: 239306 exec/s: 1545 rss: 496Mb L: 22/239306 MS: 1 EraseBytes-
#78888	REDUCE cov: 1465 ft: 2891 corp: 313/9836Kb lim: 239306 exec/s: 1546 rss: 496Mb L: 37350/239306 MS: 1 EraseBytes-
#79043	REDUCE cov: 1465 ft: 2891 corp: 313/9836Kb lim: 239306 exec/s: 1520 rss: 496Mb L: 362/239306 MS: 5 CopyPart-CrossOver-InsertRepeatedBytes-ShuffleBytes-EraseBytes-
#79139	REDUCE cov: 1465 ft: 2891 corp: 313/9836Kb lim: 239306 exec/s: 1521 rss: 496Mb L: 5913/239306 MS: 1 EraseBytes-
#79310	REDUCE cov: 1465 ft: 2893 corp: 314/9837Kb lim: 239306 exec/s: 1525 rss: 496Mb L: 658/239306 MS: 1 ChangeBit-
#79408	REDUCE cov: 1465 ft: 2893 corp: 314/9834Kb lim: 239306 exec/s: 1527 rss: 496Mb L: 9797/239306 MS: 3 PersAutoDict-ChangeASCIIInt-EraseBytes- DE: "/\000\000\000\000\000\000\000"-
#79436	REDUCE cov: 1465 ft: 2893 corp: 314/9832Kb lim: 239306 exec/s: 1527 rss: 496Mb L: 9843/239306 MS: 3 ChangeByte-ChangeBit-EraseBytes-
#79480	REDUCE cov: 1465 ft: 2893 corp: 314/9831Kb lim: 239306 exec/s: 1528 rss: 496Mb L: 20234/239306 MS: 4 CMP-ChangeByte-InsertRepeatedBytes-EraseBytes- DE: "\026\000\000\000\000\000\000\000"-
#79517	REDUCE cov: 1465 ft: 2893 corp: 314/9831Kb lim: 239306 exec/s: 1529 rss: 496Mb L: 195/239306 MS: 2 ChangeByte-EraseBytes-
#79784	REDUCE cov: 1465 ft: 2893 corp: 314/9830Kb lim: 239306 exec/s: 1534 rss: 496Mb L: 4883/239306 MS: 2 PersAutoDict-EraseBytes- DE: "\000\000\000\000\000\000\000\000"-
#79955	REDUCE cov: 1465 ft: 2893 corp: 314/9827Kb lim: 239306 exec/s: 1537 rss: 496Mb L: 4785/239306 MS: 1 EraseBytes-
#79999	REDUCE cov: 1465 ft: 2893 corp: 314/9826Kb lim: 239306 exec/s: 1538 rss: 496Mb L: 5494/239306 MS: 4 CopyPart-CMP-ChangeASCIIInt-EraseBytes- DE: "\332\030n\022\251\324\3604"-
#80000	REDUCE cov: 1465 ft: 2893 corp: 314/9821Kb lim: 239306 exec/s: 1538 rss: 496Mb L: 15046/239306 MS: 1 EraseBytes-
#80032	REDUCE cov: 1465 ft: 2893 corp: 314/9821Kb lim: 239306 exec/s: 1539 rss: 496Mb L: 461/239306 MS: 2 InsertRepeatedBytes-EraseBytes-
#80139	REDUCE cov: 1465 ft: 2893 corp: 314/9821Kb lim: 239306 exec/s: 1541 rss: 496Mb L: 2104/239306 MS: 2 ShuffleBytes-EraseBytes-
#80156	REDUCE cov: 1465 ft: 2894 corp: 315/9821Kb lim: 239306 exec/s: 1541 rss: 496Mb L: 655/239306 MS: 2 ShuffleBytes-InsertRepeatedBytes-
#80159	REDUCE cov: 1465 ft: 2894 corp: 315/9821Kb lim: 239306 exec/s: 1541 rss: 496Mb L: 1975/239306 MS: 3 PersAutoDict-ChangeByte-EraseBytes- DE: "\001\003"-
#80197	REDUCE cov: 1465 ft: 2894 corp: 315/9817Kb lim: 239306 exec/s: 1542 rss: 496Mb L: 498/239306 MS: 3 ChangeBinInt-CopyPart-CrossOver-
#80275	REDUCE cov: 1465 ft: 2894 corp: 315/9815Kb lim: 239306 exec/s: 1543 rss: 496Mb L: 4331/239306 MS: 3 InsertRepeatedBytes-ChangeBit-EraseBytes-
#80328	REDUCE cov: 1465 ft: 2894 corp: 315/9773Kb lim: 239306 exec/s: 1544 rss: 496Mb L: 90726/239306 MS: 3 ChangeBit-CrossOver-CopyPart-
#80337	REDUCE cov: 1465 ft: 2894 corp: 315/9773Kb lim: 239306 exec/s: 1544 rss: 496Mb L: 3138/239306 MS: 4 PersAutoDict-ChangeBit-ChangeASCIIInt-EraseBytes- DE: "\000\000\000\000\000\000\000\000\000\000\000\000\000\000\000\000\000\000\000\000\000\000\000\000\000\000\000\000\000\000\000\000"-
#80402	REDUCE cov: 1465 ft: 2894 corp: 315/9772Kb lim: 239306 exec/s: 1546 rss: 496Mb L: 1992/239306 MS: 5 CMP-CrossOver-ChangeASCIIInt-ChangeBinInt-EraseBytes- DE: "\001\000"-
#80436	REDUCE cov: 1465 ft: 2894 corp: 315/9769Kb lim: 239306 exec/s: 1546 rss: 496Mb L: 8594/239306 MS: 4 PersAutoDict-ChangeBit-PersAutoDict-EraseBytes- DE: "\030\000\000\000\000\000\000\000"-"\200\000\000\000\000\000\000\000"-
#80447	REDUCE cov: 1465 ft: 2894 corp: 315/9759Kb lim: 239306 exec/s: 1547 rss: 496Mb L: 142333/239306 MS: 1 EraseBytes-
#80481	REDUCE cov: 1465 ft: 2894 corp: 315/9756Kb lim: 239306 exec/s: 1547 rss: 496Mb L: 17542/239306 MS: 4 ShuffleBytes-CopyPart-CopyPart-EraseBytes-
#80488	REDUCE cov: 1465 ft: 2894 corp: 315/9754Kb lim: 239306 exec/s: 1547 rss: 496Mb L: 4103/239306 MS: 2 ChangeASCIIInt-EraseBytes-
#80537	REDUCE cov: 1465 ft: 2894 corp: 315/9752Kb lim: 239306 exec/s: 1548 rss: 496Mb L: 5827/239306 MS: 4 ChangeByte-ChangeByte-CopyPart-EraseBytes-
#80633	REDUCE cov: 1465 ft: 2894 corp: 315/9751Kb lim: 239306 exec/s: 1550 rss: 496Mb L: 1351/239306 MS: 1 EraseBytes-
#80859	REDUCE cov: 1465 ft: 2894 corp: 315/9751Kb lim: 239306 exec/s: 1554 rss: 496Mb L: 486/239306 MS: 1 EraseBytes-
#80882	REDUCE cov: 1465 ft: 2894 corp: 315/9751Kb lim: 239306 exec/s: 1555 rss: 496Mb L: 387/239306 MS: 3 InsertByte-CrossOver-EraseBytes-
#80907	REDUCE cov: 1465 ft: 2894 corp: 315/9746Kb lim: 239306 exec/s: 1555 rss: 496Mb L: 10986/239306 MS: 5 InsertByte-ShuffleBytes-PersAutoDict-ShuffleBytes-EraseBytes- DE: "\000\000\000\000\000\000\000\005"-
#81001	REDUCE cov: 1465 ft: 2894 corp: 315/9745Kb lim: 239306 exec/s: 1557 rss: 496Mb L: 327/239306 MS: 4 ChangeBit-ShuffleBytes-ShuffleBytes-EraseBytes-
#81117	REDUCE cov: 1465 ft: 2894 corp: 315/9745Kb lim: 239306 exec/s: 1559 rss: 496Mb L: 188/239306 MS: 1 EraseBytes-
#81168	REDUCE cov: 1465 ft: 2894 corp: 315/9743Kb lim: 239306 exec/s: 1560 rss: 496Mb L: 15116/239306 MS: 1 EraseBytes-
#81500	REDUCE cov: 1465 ft: 2894 corp: 315/9743Kb lim: 239306 exec/s: 1537 rss: 496Mb L: 1965/239306 MS: 2 CopyPart-EraseBytes-
#81602	REDUCE cov: 1465 ft: 2894 corp: 315/9743Kb lim: 239306 exec/s: 1539 rss: 496Mb L: 105/239306 MS: 2 ChangeBinInt-EraseBytes-
#81794	REDUCE cov: 1465 ft: 2894 corp: 315/9741Kb lim: 239306 exec/s: 1543 rss: 496Mb L: 4921/239306 MS: 2 PersAutoDict-EraseBytes- DE: "\001\000\000\000\000\000\000\026"-
#81804	REDUCE cov: 1465 ft: 2894 corp: 315/9741Kb lim: 239306 exec/s: 1543 rss: 496Mb L: 521/239306 MS: 5 CMP-EraseBytes-ChangeBit-CopyPart-ChangeBit- DE: "\000\000\000\000\000\002\022\005"-
#81827	REDUCE cov: 1465 ft: 2894 corp: 315/9740Kb lim: 239306 exec/s: 1543 rss: 496Mb L: 58/239306 MS: 3 CopyPart-ChangeBit-EraseBytes-
#81834	REDUCE cov: 1465 ft: 2894 corp: 315/9738Kb lim: 239306 exec/s: 1544 rss: 496Mb L: 2959/239306 MS: 2 ShuffleBytes-EraseBytes-
#81850	REDUCE cov: 1465 ft: 2894 corp: 315/9738Kb lim: 239306 exec/s: 1544 rss: 496Mb L: 38/239306 MS: 1 EraseBytes-
#82192	REDUCE cov: 1465 ft: 2894 corp: 315/9679Kb lim: 239306 exec/s: 1550 rss: 496Mb L: 83152/239306 MS: 2 ChangeASCIIInt-EraseBytes-
#82213	REDUCE cov: 1465 ft: 2894 corp: 315/9677Kb lim: 239306 exec/s: 1551 rss: 496Mb L: 11660/239306 MS: 1 EraseBytes-
#82306	REDUCE cov: 1465 ft: 2894 corp: 315/9585Kb lim: 239306 exec/s: 1552 rss: 496Mb L: 132370/239306 MS: 3 ChangeASCIIInt-ShuffleBytes-EraseBytes-
#82376	REDUCE cov: 1465 ft: 2894 corp: 315/9583Kb lim: 239306 exec/s: 1554 rss: 496Mb L: 7471/239306 MS: 5 ChangeASCIIInt-ShuffleBytes-CrossOver-ChangeBit-EraseBytes-
#82893	REDUCE cov: 1465 ft: 2894 corp: 315/9583Kb lim: 239306 exec/s: 1564 rss: 496Mb L: 5280/239306 MS: 2 ChangeBit-EraseBytes-
#82979	REDUCE cov: 1465 ft: 2894 corp: 315/9583Kb lim: 239306 exec/s: 1565 rss: 496Mb L: 61/239306 MS: 1 EraseBytes-
#83151	REDUCE cov: 1465 ft: 2894 corp: 315/9582Kb lim: 239306 exec/s: 1568 rss: 496Mb L: 6497/239306 MS: 2 EraseBytes-PersAutoDict- DE: "\000\000\000\000\000\002\022\005"-
#83220	REDUCE cov: 1465 ft: 2894 corp: 315/9582Kb lim: 239306 exec/s: 1570 rss: 496Mb L: 884/239306 MS: 4 ChangeByte-ShuffleBytes-ChangeBinInt-EraseBytes-
#83417	REDUCE cov: 1465 ft: 2894 corp: 315/9581Kb lim: 239306 exec/s: 1573 rss: 496Mb L: 4297/239306 MS: 2 InsertByte-EraseBytes-
#83449	REDUCE cov: 1465 ft: 2894 corp: 315/9581Kb lim: 239306 exec/s: 1574 rss: 496Mb L: 254/239306 MS: 2 ShuffleBytes-EraseBytes-
#83567	REDUCE cov: 1465 ft: 2894 corp: 315/9581Kb lim: 239306 exec/s: 1576 rss: 496Mb L: 14/239306 MS: 3 ShuffleBytes-ChangeByte-EraseBytes-
#83659	REDUCE cov: 1465 ft: 2894 corp: 315/9580Kb lim: 239306 exec/s: 1549 rss: 496Mb L: 1218/239306 MS: 2 ChangeBinInt-EraseBytes-
#84160	REDUCE cov: 1465 ft: 2894 corp: 315/9580Kb lim: 239306 exec/s: 1558 rss: 496Mb L: 282/239306 MS: 1 EraseBytes-
#84181	REDUCE cov: 1465 ft: 2894 corp: 315/9579Kb lim: 239306 exec/s: 1558 rss: 496Mb L: 2555/239306 MS: 1 EraseBytes-
#84188	REDUCE cov: 1465 ft: 2894 corp: 315/9579Kb lim: 239306 exec/s: 1559 rss: 496Mb L: 242/239306 MS: 2 ChangeBit-EraseBytes-
#84192	REDUCE cov: 1465 ft: 2894 corp: 315/9578Kb lim: 239306 exec/s: 1559 rss: 496Mb L: 3340/239306 MS: 4 InsertRepeatedBytes-ChangeASCIIInt-ChangeASCIIInt-EraseBytes-
#84322	REDUCE cov: 1465 ft: 2894 corp: 315/9578Kb lim: 239306 exec/s: 1561 rss: 496Mb L: 108/239306 MS: 5 EraseBytes-ChangeBit-CrossOver-ChangeBit-ChangeBinInt-
#84339	REDUCE cov: 1465 ft: 2894 corp: 315/9578Kb lim: 239306 exec/s: 1561 rss: 496Mb L: 274/239306 MS: 2 ChangeASCIIInt-EraseBytes-
#84426	REDUCE cov: 1465 ft: 2894 corp: 315/9577Kb lim: 239306 exec/s: 1563 rss: 496Mb L: 1011/239306 MS: 2 PersAutoDict-EraseBytes- DE: "\001\000\000\000\000\000\000\000"-
#84469	REDUCE cov: 1465 ft: 2894 corp: 315/9577Kb lim: 239306 exec/s: 1564 rss: 496Mb L: 17/239306 MS: 3 InsertByte-ShuffleBytes-EraseBytes-
#84470	REDUCE cov: 1465 ft: 2894 corp: 315/9577Kb lim: 239306 exec/s: 1564 rss: 496Mb L: 19/239306 MS: 1 EraseBytes-
#84587	REDUCE cov: 1465 ft: 2894 corp: 315/9573Kb lim: 239306 exec/s: 1566 rss: 496Mb L: 30642/239306 MS: 2 ChangeBit-EraseBytes-
#84723	REDUCE cov: 1465 ft: 2894 corp: 315/9573Kb lim: 239306 exec/s: 1568 rss: 496Mb L: 217/239306 MS: 1 EraseBytes-
#84727	REDUCE cov: 1465 ft: 2894 corp: 315/9572Kb lim: 239306 exec/s: 1569 rss: 496Mb L: 1234/239306 MS: 4 InsertByte-InsertByte-ChangeASCIIInt-EraseBytes-
#84773	REDUCE cov: 1465 ft: 2894 corp: 315/9571Kb lim: 239306 exec/s: 1569 rss: 496Mb L: 3602/239306 MS: 1 EraseBytes-
#84786	REDUCE cov: 1465 ft: 2894 corp: 315/9561Kb lim: 239306 exec/s: 1570 rss: 496Mb L: 17542/239306 MS: 3 CopyPart-PersAutoDict-EraseBytes- DE: "\000\000\000\000\000\000\000/"-
#84843	REDUCE cov: 1465 ft: 2894 corp: 315/9561Kb lim: 239306 exec/s: 1571 rss: 496Mb L: 7981/239306 MS: 2 ChangeBit-EraseBytes-
#84854	REDUCE cov: 1465 ft: 2894 corp: 315/9561Kb lim: 239306 exec/s: 1571 rss: 496Mb L: 274/239306 MS: 1 EraseBytes-
#84935	REDUCE cov: 1465 ft: 2894 corp: 315/9560Kb lim: 239306 exec/s: 1572 rss: 496Mb L: 825/239306 MS: 1 EraseBytes-
#85040	REDUCE cov: 1465 ft: 2894 corp: 315/9560Kb lim: 239306 exec/s: 1574 rss: 496Mb L: 3/239306 MS: 5 InsertByte-ShuffleBytes-ShuffleBytes-EraseBytes-EraseBytes-
#85066	REDUCE cov: 1465 ft: 2894 corp: 315/9560Kb lim: 239306 exec/s: 1575 rss: 496Mb L: 1007/239306 MS: 1 EraseBytes-
#85152	REDUCE cov: 1465 ft: 2894 corp: 315/9560Kb lim: 239306 exec/s: 1576 rss: 496Mb L: 5928/239306 MS: 1 EraseBytes-
#85174	REDUCE cov: 1465 ft: 2894 corp: 315/9559Kb lim: 239306 exec/s: 1577 rss: 496Mb L: 361/239306 MS: 2 CopyPart-EraseBytes-
#85211	REDUCE cov: 1465 ft: 2894 corp: 315/9559Kb lim: 239306 exec/s: 1577 rss: 496Mb L: 20082/239306 MS: 2 InsertByte-EraseBytes-
#85434	REDUCE cov: 1465 ft: 2894 corp: 315/9554Kb lim: 239306 exec/s: 1582 rss: 496Mb L: 8854/239306 MS: 3 ChangeASCIIInt-ChangeBit-EraseBytes-
#85514	REDUCE cov: 1465 ft: 2894 corp: 315/9554Kb lim: 239306 exec/s: 1583 rss: 496Mb L: 297/239306 MS: 5 PersAutoDict-InsertByte-ShuffleBytes-ShuffleBytes-EraseBytes- DE: "\001\000\000\000"-
#85575	REDUCE cov: 1465 ft: 2894 corp: 315/9543Kb lim: 239306 exec/s: 1584 rss: 496Mb L: 61459/239306 MS: 1 EraseBytes-
#85851	REDUCE cov: 1465 ft: 2894 corp: 315/9543Kb lim: 239306 exec/s: 1589 rss: 496Mb L: 59/239306 MS: 1 EraseBytes-
#86099	REDUCE cov: 1465 ft: 2894 corp: 315/9523Kb lim: 239306 exec/s: 1565 rss: 496Mb L: 29977/239306 MS: 3 ShuffleBytes-PersAutoDict-EraseBytes- DE: "\260\000\000\000\000\000\000\000"-
#86178	REDUCE cov: 1465 ft: 2894 corp: 315/9523Kb lim: 239306 exec/s: 1566 rss: 496Mb L: 14/239306 MS: 4 InsertByte-InsertByte-CrossOver-EraseBytes-
#86200	REDUCE cov: 1465 ft: 2894 corp: 315/9523Kb lim: 239306 exec/s: 1567 rss: 496Mb L: 481/239306 MS: 2 PersAutoDict-EraseBytes- DE: "Q\023\000\000\000\000\000\000"-
#86297	REDUCE cov: 1465 ft: 2894 corp: 315/9522Kb lim: 239306 exec/s: 1569 rss: 496Mb L: 2271/239306 MS: 2 ChangeBit-EraseBytes-
#86310	REDUCE cov: 1465 ft: 2894 corp: 315/9518Kb lim: 239306 exec/s: 1569 rss: 496Mb L: 80596/239306 MS: 3 ChangeBit-ShuffleBytes-EraseBytes-
#86367	REDUCE cov: 1465 ft: 2894 corp: 315/9516Kb lim: 239306 exec/s: 1570 rss: 496Mb L: 4366/239306 MS: 2 ChangeBit-EraseBytes-
#86583	REDUCE cov: 1465 ft: 2894 corp: 315/9492Kb lim: 239306 exec/s: 1574 rss: 496Mb L: 35282/239306 MS: 1 CrossOver-
#86620	REDUCE cov: 1465 ft: 2894 corp: 315/9492Kb lim: 239306 exec/s: 1574 rss: 496Mb L: 546/239306 MS: 2 ChangeBit-EraseBytes-
#86811	REDUCE cov: 1465 ft: 2894 corp: 315/9491Kb lim: 239306 exec/s: 1578 rss: 496Mb L: 14662/239306 MS: 1 EraseBytes-
#86831	REDUCE cov: 1465 ft: 2894 corp: 315/9491Kb lim: 239306 exec/s: 1578 rss: 496Mb L: 4477/239306 MS: 5 CrossOver-ChangeByte-InsertByte-InsertByte-EraseBytes-
#86877	REDUCE cov: 1465 ft: 2894 corp: 315/9489Kb lim: 239306 exec/s: 1579 rss: 496Mb L: 5387/239306 MS: 1 EraseBytes-
#86962	REDUCE cov: 1465 ft: 2894 corp: 315/9489Kb lim: 239306 exec/s: 1581 rss: 496Mb L: 271/239306 MS: 5 ChangeBit-ChangeASCIIInt-PersAutoDict-PersAutoDict-EraseBytes- DE: "\000\000\000\000\000\002\022\005"-"\377\377\377\377\377\377\377\025"-
#87004	REDUCE cov: 1465 ft: 2894 corp: 315/9488Kb lim: 239306 exec/s: 1581 rss: 496Mb L: 1519/239306 MS: 2 CrossOver-EraseBytes-
#87011	REDUCE cov: 1465 ft: 2894 corp: 315/9486Kb lim: 239306 exec/s: 1582 rss: 496Mb L: 9159/239306 MS: 2 CMP-EraseBytes- DE: "\377\377\377\377"-
#87153	REDUCE cov: 1465 ft: 2894 corp: 315/9486Kb lim: 239306 exec/s: 1584 rss: 496Mb L: 16/239306 MS: 2 ShuffleBytes-EraseBytes-
#87480	REDUCE cov: 1465 ft: 2894 corp: 315/9486Kb lim: 239306 exec/s: 1590 rss: 496Mb L: 12/239306 MS: 2 PersAutoDict-EraseBytes- DE: "N\000\000\000\000\000\000\000"-
#87527	REDUCE cov: 1465 ft: 2894 corp: 315/9486Kb lim: 239306 exec/s: 1591 rss: 496Mb L: 1/239306 MS: 2 CrossOver-EraseBytes-
#87583	REDUCE cov: 1465 ft: 2894 corp: 315/9486Kb lim: 239306 exec/s: 1592 rss: 496Mb L: 230/239306 MS: 1 EraseBytes-
#87619	REDUCE cov: 1465 ft: 2894 corp: 315/9486Kb lim: 239306 exec/s: 1593 rss: 496Mb L: 233/239306 MS: 1 EraseBytes-
#87715	REDUCE cov: 1465 ft: 2894 corp: 315/9486Kb lim: 239306 exec/s: 1594 rss: 496Mb L: 23/239306 MS: 1 EraseBytes-
#87767	REDUCE cov: 1465 ft: 2894 corp: 315/9484Kb lim: 239306 exec/s: 1595 rss: 496Mb L: 8971/239306 MS: 2 CrossOver-EraseBytes-
#87854	REDUCE cov: 1465 ft: 2894 corp: 315/9484Kb lim: 239306 exec/s: 1597 rss: 496Mb L: 489/239306 MS: 2 ChangeByte-EraseBytes-
#87897	REDUCE cov: 1465 ft: 2894 corp: 315/9483Kb lim: 239306 exec/s: 1598 rss: 496Mb L: 2524/239306 MS: 3 ShuffleBytes-CopyPart-EraseBytes-
#88087	REDUCE cov: 1465 ft: 2894 corp: 315/9482Kb lim: 239306 exec/s: 1601 rss: 496Mb L: 839/239306 MS: 5 ChangeBit-InsertByte-PersAutoDict-InsertRepeatedBytes-EraseBytes- DE: "\377\377"-
#88308	REDUCE cov: 1465 ft: 2894 corp: 315/9481Kb lim: 239306 exec/s: 1576 rss: 496Mb L: 6632/239306 MS: 1 EraseBytes-
#88361	REDUCE cov: 1467 ft: 2896 corp: 316/9482Kb lim: 239306 exec/s: 1577 rss: 496Mb L: 130/239306 MS: 3 CMP-ChangeBit-CrossOver- DE: "\377\377"-
#88767	REDUCE cov: 1467 ft: 2896 corp: 316/9479Kb lim: 239306 exec/s: 1585 rss: 496Mb L: 9127/239306 MS: 1 EraseBytes-
#89085	REDUCE cov: 1467 ft: 2896 corp: 316/9479Kb lim: 239306 exec/s: 1590 rss: 496Mb L: 21/239306 MS: 3 ChangeByte-PersAutoDict-EraseBytes- DE: "\001\000\000\000\000\000\000\000"-
#89417	REDUCE cov: 1467 ft: 2896 corp: 316/9479Kb lim: 239306 exec/s: 1596 rss: 496Mb L: 565/239306 MS: 2 ChangeByte-EraseBytes-
#89468	REDUCE cov: 1467 ft: 2896 corp: 316/9479Kb lim: 239306 exec/s: 1597 rss: 496Mb L: 290/239306 MS: 1 EraseBytes-
#89509	REDUCE cov: 1467 ft: 2896 corp: 316/9479Kb lim: 239306 exec/s: 1598 rss: 496Mb L: 10/239306 MS: 1 EraseBytes-
#89922	REDUCE cov: 1467 ft: 2896 corp: 316/9479Kb lim: 239306 exec/s: 1605 rss: 496Mb L: 37/239306 MS: 3 EraseBytes-ChangeBinInt-InsertByte-
#90237	REDUCE cov: 1467 ft: 2896 corp: 316/9479Kb lim: 239306 exec/s: 1611 rss: 496Mb L: 545/239306 MS: 5 ChangeBinInt-InsertByte-CopyPart-ChangeByte-EraseBytes-
#90254	REDUCE cov: 1467 ft: 2896 corp: 316/9478Kb lim: 239306 exec/s: 1611 rss: 496Mb L: 1592/239306 MS: 2 CrossOver-EraseBytes-
#90495	REDUCE cov: 1467 ft: 2896 corp: 316/9463Kb lim: 239306 exec/s: 1615 rss: 496Mb L: 19431/239306 MS: 1 EraseBytes-
#90607	REDUCE cov: 1467 ft: 2896 corp: 316/9461Kb lim: 239306 exec/s: 1617 rss: 496Mb L: 88868/239306 MS: 2 CopyPart-EraseBytes-
#90913	REDUCE cov: 1467 ft: 2896 corp: 316/9461Kb lim: 239306 exec/s: 1594 rss: 496Mb L: 4072/239306 MS: 1 EraseBytes-
#91004	REDUCE cov: 1467 ft: 2896 corp: 316/9461Kb lim: 239306 exec/s: 1596 rss: 496Mb L: 1493/239306 MS: 1 EraseBytes-
#91017	REDUCE cov: 1467 ft: 2896 corp: 316/9461Kb lim: 239306 exec/s: 1596 rss: 496Mb L: 11/239306 MS: 3 ChangeBinInt-ChangeByte-EraseBytes-
#91118	REDUCE cov: 1467 ft: 2896 corp: 316/9461Kb lim: 239306 exec/s: 1598 rss: 496Mb L: 1278/239306 MS: 1 EraseBytes-
#91221	REDUCE cov: 1467 ft: 2896 corp: 316/9461Kb lim: 239306 exec/s: 1600 rss: 496Mb L: 3259/239306 MS: 3 ShuffleBytes-ChangeASCIIInt-EraseBytes-
#91284	REDUCE cov: 1467 ft: 2896 corp: 316/9460Kb lim: 239306 exec/s: 1601 rss: 496Mb L: 3839/239306 MS: 3 PersAutoDict-ChangeBit-EraseBytes- DE: "\001\000&I\000\035\357\020"-
#91331	REDUCE cov: 1467 ft: 2896 corp: 316/9460Kb lim: 239306 exec/s: 1602 rss: 496Mb L: 206/239306 MS: 2 CMP-EraseBytes- DE: "\000\000"-
#91368	REDUCE cov: 1467 ft: 2896 corp: 316/9460Kb lim: 239306 exec/s: 1602 rss: 496Mb L: 456/239306 MS: 2 ShuffleBytes-EraseBytes-
#91374	REDUCE cov: 1467 ft: 2896 corp: 316/9460Kb lim: 239306 exec/s: 1603 rss: 496Mb L: 9144/239306 MS: 1 EraseBytes-
#91464	REDUCE cov: 1467 ft: 2896 corp: 316/9460Kb lim: 239306 exec/s: 1604 rss: 496Mb L: 539/239306 MS: 5 InsertRepeatedBytes-ChangeASCIIInt-EraseBytes-ChangeBinInt-CopyPart-
#91483	REDUCE cov: 1467 ft: 2896 corp: 316/9460Kb lim: 239306 exec/s: 1604 rss: 496Mb L: 715/239306 MS: 4 InsertByte-InsertByte-InsertRepeatedBytes-EraseBytes-
#91569	REDUCE cov: 1467 ft: 2896 corp: 316/9460Kb lim: 239306 exec/s: 1606 rss: 496Mb L: 18/239306 MS: 1 EraseBytes-
#91605	NEW    cov: 1467 ft: 2897 corp: 317/9460Kb lim: 239306 exec/s: 1607 rss: 496Mb L: 23/239306 MS: 1 CMP- DE: "\027\000\000\000\000\000\000\000"-
#91768	REDUCE cov: 1467 ft: 2897 corp: 317/9460Kb lim: 239306 exec/s: 1609 rss: 496Mb L: 211/239306 MS: 3 InsertByte-ShuffleBytes-EraseBytes-
#91792	REDUCE cov: 1467 ft: 2897 corp: 317/9459Kb lim: 239306 exec/s: 1610 rss: 496Mb L: 3411/239306 MS: 4 ShuffleBytes-EraseBytes-CrossOver-ChangeBinInt-
#91979	REDUCE cov: 1467 ft: 2897 corp: 317/9459Kb lim: 239306 exec/s: 1613 rss: 496Mb L: 3585/239306 MS: 2 InsertRepeatedBytes-EraseBytes-
#92255	REDUCE cov: 1467 ft: 2897 corp: 317/9459Kb lim: 239306 exec/s: 1618 rss: 496Mb L: 189/239306 MS: 1 EraseBytes-
#92272	REDUCE cov: 1467 ft: 2897 corp: 317/9458Kb lim: 239306 exec/s: 1618 rss: 496Mb L: 7830/239306 MS: 2 CrossOver-EraseBytes-
#92355	REDUCE cov: 1467 ft: 2897 corp: 317/9458Kb lim: 239306 exec/s: 1620 rss: 496Mb L: 461/239306 MS: 3 ChangeBit-ChangeBinInt-EraseBytes-
#92379	NEW    cov: 1468 ft: 2898 corp: 318/9458Kb lim: 239306 exec/s: 1620 rss: 496Mb L: 135/239306 MS: 4 ChangeBinInt-CMP-ChangeBinInt-InsertRepeatedBytes- DE: "\001\000"-
#92467	REDUCE cov: 1468 ft: 2898 corp: 318/9456Kb lim: 239306 exec/s: 1622 rss: 496Mb L: 2307/239306 MS: 3 ShuffleBytes-CopyPart-EraseBytes-
#92510	REDUCE cov: 1468 ft: 2898 corp: 318/9456Kb lim: 239306 exec/s: 1622 rss: 496Mb L: 193/239306 MS: 3 ChangeBinInt-PersAutoDict-EraseBytes- DE: "\332\030n\022\251\324\3604"-
#92666	REDUCE cov: 1468 ft: 2898 corp: 318/9456Kb lim: 239306 exec/s: 1625 rss: 496Mb L: 153/239306 MS: 1 EraseBytes-
#92807	REDUCE cov: 1468 ft: 2898 corp: 318/9456Kb lim: 239306 exec/s: 1628 rss: 496Mb L: 173/239306 MS: 1 EraseBytes-
#93014	REDUCE cov: 1468 ft: 2898 corp: 318/9456Kb lim: 239306 exec/s: 1603 rss: 496Mb L: 23/239306 MS: 2 PersAutoDict-EraseBytes- DE: "\001\000\000\001"-
#93097	REDUCE cov: 1468 ft: 2898 corp: 318/9456Kb lim: 239306 exec/s: 1605 rss: 496Mb L: 455/239306 MS: 3 ChangeByte-ChangeASCIIInt-EraseBytes-
#93204	REDUCE cov: 1468 ft: 2898 corp: 318/9451Kb lim: 239306 exec/s: 1606 rss: 496Mb L: 12221/239306 MS: 2 CMP-EraseBytes- DE: "\317\276\"\000\031&\000\000"-
#93235	REDUCE cov: 1468 ft: 2898 corp: 318/9447Kb lim: 239306 exec/s: 1607 rss: 496Mb L: 6344/239306 MS: 1 EraseBytes-
#93252	REDUCE cov: 1468 ft: 2898 corp: 318/9439Kb lim: 239306 exec/s: 1607 rss: 496Mb L: 42279/239306 MS: 2 InsertByte-EraseBytes-
#93395	REDUCE cov: 1468 ft: 2898 corp: 318/9439Kb lim: 239306 exec/s: 1610 rss: 496Mb L: 84/239306 MS: 3 ShuffleBytes-InsertByte-EraseBytes-
#93438	REDUCE cov: 1468 ft: 2898 corp: 318/9439Kb lim: 239306 exec/s: 1611 rss: 496Mb L: 268/239306 MS: 3 CrossOver-ChangeBinInt-EraseBytes-
#93537	REDUCE cov: 1468 ft: 2898 corp: 318/9439Kb lim: 239306 exec/s: 1612 rss: 496Mb L: 195/239306 MS: 4 ShuffleBytes-InsertRepeatedBytes-PersAutoDict-EraseBytes- DE: "\000\000\000\000\000\000\000\005"-
#93544	REDUCE cov: 1468 ft: 2898 corp: 318/9439Kb lim: 239306 exec/s: 1612 rss: 496Mb L: 12/239306 MS: 2 EraseBytes-PersAutoDict- DE: "\027\000\000\000\000\000\000\000"-
#93612	REDUCE cov: 1468 ft: 2898 corp: 318/9432Kb lim: 239306 exec/s: 1614 rss: 496Mb L: 81698/239306 MS: 3 InsertByte-PersAutoDict-EraseBytes- DE: "\002\000\000\000\000\000\000\000"-
#93763	REDUCE cov: 1468 ft: 2898 corp: 318/9432Kb lim: 239306 exec/s: 1616 rss: 496Mb L: 7/239306 MS: 1 EraseBytes-
#94179	REDUCE cov: 1468 ft: 2898 corp: 318/9431Kb lim: 239306 exec/s: 1623 rss: 496Mb L: 2997/239306 MS: 1 EraseBytes-
#94392	REDUCE cov: 1468 ft: 2898 corp: 318/9431Kb lim: 239306 exec/s: 1627 rss: 496Mb L: 460/239306 MS: 3 ShuffleBytes-PersAutoDict-EraseBytes- DE: "\001\000\000\000\000\000\000\014"-
#94398	REDUCE cov: 1468 ft: 2898 corp: 318/9431Kb lim: 239306 exec/s: 1627 rss: 496Mb L: 81/239306 MS: 1 EraseBytes-
#94496	REDUCE cov: 1468 ft: 2898 corp: 318/9431Kb lim: 239306 exec/s: 1629 rss: 496Mb L: 156/239306 MS: 3 ShuffleBytes-EraseBytes-CMP- DE: "\001\000"-
#94499	REDUCE cov: 1468 ft: 2898 corp: 318/9431Kb lim: 239306 exec/s: 1629 rss: 496Mb L: 19/239306 MS: 3 ChangeBit-InsertByte-EraseBytes-
#94546	REDUCE cov: 1468 ft: 2898 corp: 318/9429Kb lim: 239306 exec/s: 1630 rss: 496Mb L: 7512/239306 MS: 2 ChangeASCIIInt-EraseBytes-
#94558	REDUCE cov: 1468 ft: 2898 corp: 318/9420Kb lim: 239306 exec/s: 1630 rss: 496Mb L: 52065/239306 MS: 2 ChangeBit-EraseBytes-
#94825	REDUCE cov: 1468 ft: 2898 corp: 318/9420Kb lim: 239306 exec/s: 1634 rss: 496Mb L: 130/239306 MS: 2 InsertByte-EraseBytes-
#94826	REDUCE cov: 1468 ft: 2898 corp: 318/9418Kb lim: 239306 exec/s: 1634 rss: 496Mb L: 3133/239306 MS: 1 EraseBytes-
#94862	REDUCE cov: 1468 ft: 2898 corp: 318/9414Kb lim: 239306 exec/s: 1635 rss: 496Mb L: 11259/239306 MS: 1 EraseBytes-
#95015	REDUCE cov: 1468 ft: 2898 corp: 318/9414Kb lim: 239306 exec/s: 1638 rss: 496Mb L: 225/239306 MS: 3 InsertRepeatedBytes-ShuffleBytes-EraseBytes-
#95345	REDUCE cov: 1468 ft: 2898 corp: 318/9414Kb lim: 239306 exec/s: 1643 rss: 496Mb L: 3926/239306 MS: 5 ChangeBit-ChangeBit-InsertRepeatedBytes-CrossOver-EraseBytes-
#95526	REDUCE cov: 1468 ft: 2898 corp: 318/9414Kb lim: 239306 exec/s: 1619 rss: 496Mb L: 1069/239306 MS: 1 EraseBytes-
#95792	REDUCE cov: 1468 ft: 2898 corp: 318/9414Kb lim: 239306 exec/s: 1623 rss: 496Mb L: 88/239306 MS: 1 EraseBytes-
#95948	REDUCE cov: 1468 ft: 2898 corp: 318/9414Kb lim: 239306 exec/s: 1626 rss: 496Mb L: 335/239306 MS: 1 EraseBytes-
#96284	REDUCE cov: 1468 ft: 2898 corp: 318/9413Kb lim: 239306 exec/s: 1631 rss: 496Mb L: 1521/239306 MS: 1 EraseBytes-
#96420	REDUCE cov: 1468 ft: 2898 corp: 318/9413Kb lim: 239306 exec/s: 1634 rss: 496Mb L: 400/239306 MS: 1 EraseBytes-
#96476	REDUCE cov: 1468 ft: 2898 corp: 318/9413Kb lim: 239306 exec/s: 1635 rss: 496Mb L: 49/239306 MS: 1 EraseBytes-
#96637	REDUCE cov: 1468 ft: 2898 corp: 318/9411Kb lim: 239306 exec/s: 1637 rss: 496Mb L: 5868/239306 MS: 1 EraseBytes-
#96793	REDUCE cov: 1468 ft: 2898 corp: 318/9411Kb lim: 239306 exec/s: 1640 rss: 496Mb L: 197/239306 MS: 1 EraseBytes-
#96893	REDUCE cov: 1468 ft: 2898 corp: 318/9411Kb lim: 239306 exec/s: 1642 rss: 496Mb L: 1034/239306 MS: 5 ShuffleBytes-InsertRepeatedBytes-CrossOver-CopyPart-EraseBytes-
#96936	REDUCE cov: 1468 ft: 2898 corp: 318/9410Kb lim: 239306 exec/s: 1642 rss: 496Mb L: 402/239306 MS: 3 CMP-ChangeBit-EraseBytes- DE: "\012\252\252\252\252\252\252\252"-
#96984	REDUCE cov: 1468 ft: 2898 corp: 318/9410Kb lim: 239306 exec/s: 1643 rss: 496Mb L: 2388/239306 MS: 3 ChangeASCIIInt-ChangeBit-EraseBytes-
#97145	REDUCE cov: 1468 ft: 2898 corp: 318/9410Kb lim: 239306 exec/s: 1646 rss: 496Mb L: 312/239306 MS: 1 EraseBytes-
#97207	REDUCE cov: 1468 ft: 2898 corp: 318/9408Kb lim: 239306 exec/s: 1647 rss: 496Mb L: 2511/239306 MS: 2 ShuffleBytes-EraseBytes-
#97263	REDUCE cov: 1468 ft: 2898 corp: 318/9399Kb lim: 239306 exec/s: 1648 rss: 496Mb L: 10972/239306 MS: 1 EraseBytes-
#97324	REDUCE cov: 1468 ft: 2898 corp: 318/9399Kb lim: 239306 exec/s: 1649 rss: 496Mb L: 257/239306 MS: 1 EraseBytes-
#97392	REDUCE cov: 1468 ft: 2898 corp: 318/9398Kb lim: 239306 exec/s: 1650 rss: 496Mb L: 1976/239306 MS: 3 ChangeBit-ChangeBinInt-EraseBytes-
#97442	REDUCE cov: 1468 ft: 2898 corp: 318/9398Kb lim: 239306 exec/s: 1651 rss: 496Mb L: 3179/239306 MS: 5 ChangeASCIIInt-ChangeASCIIInt-ChangeASCIIInt-ChangeASCIIInt-EraseBytes-
#97524	REDUCE cov: 1468 ft: 2898 corp: 318/9397Kb lim: 239306 exec/s: 1652 rss: 496Mb L: 395/239306 MS: 2 CopyPart-EraseBytes-
#97720	REDUCE cov: 1468 ft: 2898 corp: 318/9397Kb lim: 239306 exec/s: 1656 rss: 496Mb L: 16/239306 MS: 1 EraseBytes-
#97772	REDUCE cov: 1468 ft: 2898 corp: 318/9397Kb lim: 239306 exec/s: 1657 rss: 496Mb L: 80/239306 MS: 2 ChangeBit-EraseBytes-
#97930	REDUCE cov: 1468 ft: 2898 corp: 318/9394Kb lim: 239306 exec/s: 1659 rss: 496Mb L: 16311/239306 MS: 3 EraseBytes-CrossOver-CopyPart-
#98213	REDUCE cov: 1468 ft: 2898 corp: 318/9393Kb lim: 239306 exec/s: 1636 rss: 496Mb L: 2164/239306 MS: 3 ChangeBinInt-ShuffleBytes-EraseBytes-
#98217	REDUCE cov: 1468 ft: 2898 corp: 318/9393Kb lim: 239306 exec/s: 1636 rss: 496Mb L: 1232/239306 MS: 4 ChangeBinInt-InsertRepeatedBytes-ShuffleBytes-EraseBytes-
#98379	REDUCE cov: 1468 ft: 2898 corp: 318/9393Kb lim: 239306 exec/s: 1639 rss: 496Mb L: 615/239306 MS: 2 CrossOver-EraseBytes-
#98480	REDUCE cov: 1468 ft: 2898 corp: 318/9390Kb lim: 239306 exec/s: 1641 rss: 496Mb L: 12773/239306 MS: 1 EraseBytes-
#98643	REDUCE cov: 1468 ft: 2898 corp: 318/9390Kb lim: 239306 exec/s: 1644 rss: 496Mb L: 87/239306 MS: 3 ShuffleBytes-PersAutoDict-EraseBytes- DE: "\027\000\000\000\000\000\000\000"-
#98676	REDUCE cov: 1468 ft: 2898 corp: 318/9389Kb lim: 239306 exec/s: 1644 rss: 496Mb L: 879/239306 MS: 3 PersAutoDict-ShuffleBytes-EraseBytes- DE: "\001\000\000\000\000\000\000\026"-
#98929	REDUCE cov: 1468 ft: 2898 corp: 318/9388Kb lim: 239306 exec/s: 1648 rss: 496Mb L: 13522/239306 MS: 3 CMP-ChangeBinInt-EraseBytes- DE: "\010\017\000\000\000\000\000\000"-
#99289	REDUCE cov: 1468 ft: 2898 corp: 318/9388Kb lim: 239306 exec/s: 1654 rss: 496Mb L: 32/239306 MS: 5 EraseBytes-ShuffleBytes-ChangeBit-ShuffleBytes-ChangeByte-
#99310	REDUCE cov: 1468 ft: 2898 corp: 318/9388Kb lim: 239306 exec/s: 1655 rss: 496Mb L: 79/239306 MS: 1 EraseBytes-
#99397	REDUCE cov: 1468 ft: 2898 corp: 318/9388Kb lim: 239306 exec/s: 1656 rss: 496Mb L: 6389/239306 MS: 2 ChangeASCIIInt-EraseBytes-
#99550	REDUCE cov: 1468 ft: 2901 corp: 319/9388Kb lim: 239306 exec/s: 1659 rss: 496Mb L: 233/239306 MS: 3 ChangeBinInt-PersAutoDict-ChangeByte- DE: "\002\000\000\000\000\000\000\000"-
#99801	REDUCE cov: 1468 ft: 2901 corp: 319/9388Kb lim: 239306 exec/s: 1663 rss: 496Mb L: 8/239306 MS: 1 EraseBytes-
#99812	REDUCE cov: 1468 ft: 2901 corp: 319/9388Kb lim: 239306 exec/s: 1663 rss: 496Mb L: 832/239306 MS: 1 EraseBytes-
#99923	REDUCE cov: 1468 ft: 2901 corp: 319/9385Kb lim: 239306 exec/s: 1665 rss: 496Mb L: 4444/239306 MS: 1 EraseBytes-
#99929	REDUCE cov: 1468 ft: 2901 corp: 319/9385Kb lim: 239306 exec/s: 1665 rss: 496Mb L: 285/239306 MS: 1 EraseBytes-
#99980	REDUCE cov: 1468 ft: 2901 corp: 319/9385Kb lim: 239306 exec/s: 1666 rss: 496Mb L: 9603/239306 MS: 1 EraseBytes-
#99983	REDUCE cov: 1468 ft: 2901 corp: 319/9385Kb lim: 239306 exec/s: 1666 rss: 496Mb L: 325/239306 MS: 3 InsertRepeatedBytes-ShuffleBytes-EraseBytes-
#100147	REDUCE cov: 1468 ft: 2901 corp: 319/9384Kb lim: 239306 exec/s: 1669 rss: 496Mb L: 5607/239306 MS: 4 ChangeASCIIInt-ChangeByte-ChangeASCIIInt-EraseBytes-
#100154	REDUCE cov: 1468 ft: 2901 corp: 319/9384Kb lim: 239306 exec/s: 1669 rss: 496Mb L: 7/239306 MS: 2 ChangeBit-EraseBytes-
#100178	REDUCE cov: 1468 ft: 2901 corp: 319/9384Kb lim: 239306 exec/s: 1669 rss: 496Mb L: 6068/239306 MS: 4 ChangeBit-InsertByte-InsertRepeatedBytes-EraseBytes-
#100334	REDUCE cov: 1468 ft: 2901 corp: 319/9380Kb lim: 239306 exec/s: 1672 rss: 496Mb L: 149893/239306 MS: 1 EraseBytes-
#100385	REDUCE cov: 1468 ft: 2901 corp: 319/9380Kb lim: 239306 exec/s: 1673 rss: 496Mb L: 1252/239306 MS: 1 EraseBytes-
#100548	REDUCE cov: 1468 ft: 2901 corp: 319/9379Kb lim: 239306 exec/s: 1675 rss: 496Mb L: 4817/239306 MS: 3 CopyPart-ShuffleBytes-EraseBytes-
#100623	DONE   cov: 1468 ft: 2901 corp: 319/9379Kb lim: 239306 exec/s: 1649 rss: 496Mb
###### Recommended dictionary. ######
"\000\000\000\000" # Uses: 264
"\265\000\000\000\000\000\000\000" # Uses: 288
"\000\000" # Uses: 269
"\260\000\000\000\000\000\000\000" # Uses: 249
"\001\000\000\000\000\000\000\000" # Uses: 257
"Q\023\000\000\000\000\000\000" # Uses: 254
"\001\000" # Uses: 247
"\001\000\000\000" # Uses: 249
"\030\000\000\000\000\000\000\000" # Uses: 257
"J\222$I\222$I\002" # Uses: 220
"\000\000\000\000\000\000\000\000\000\000\000\000\000\000\000\000\000\000\000\000\000\000\000\000\000\000\000\000\000\000\000\000" # Uses: 200
"\377\377" # Uses: 265
"\000\000\000\000\000\000\000\000" # Uses: 264
"\377\377\377\377" # Uses: 226
"\001\003" # Uses: 231
"\001\000\000\000\000\000\000\026" # Uses: 231
"\000\000\000\000\000\000\000\002" # Uses: 209
"\000\000\000\000\000\000\000\001" # Uses: 200
"\377\377\377\377\377\377\377\377" # Uses: 196
"\377\377\377\377\377\377\377\003" # Uses: 188
"\000\000\000\000\000\000\000\026" # Uses: 195
"\200\000\000\000\000\000\000\000" # Uses: 186
"\377\377\377\377\377\377\377c" # Uses: 193
"\001\000&I\000\035\357\020" # Uses: 198
"\001\000\000\001" # Uses: 151
"\001\000\000\000\000\000\000\002" # Uses: 183
"\002\000\000\000\000\000\000\000" # Uses: 181
"\011\000\000\000\000\000\000\000" # Uses: 171
"\001\000\000\000\000\000\000\014" # Uses: 163
"N\000\000\000\000\000\000\000" # Uses: 144
"\000\000\000\000\000\000\000/" # Uses: 140
"\377\377\377\000" # Uses: 160
"\377\377\377\377\000\000\000\001" # Uses: 145
"\027\000\000\000\000\000\000\000" # Uses: 135
"/\000\000\000\000\000\000\000" # Uses: 146
"\000\000\000\000\377\377\377\377" # Uses: 153
"\000\000\000\000\000\000\000\005" # Uses: 123
"\007\377\377\377\377\377\377\377" # Uses: 97
"\254\376\262y\317\232V\013" # Uses: 94
"\004UUUUUUU" # Uses: 114
"\377\377\377\377\377\377\377\027" # Uses: 99
"\377\377\377\377\377\377\377\025" # Uses: 84
"\003\000\000\000\000\000\000\000" # Uses: 79
"\377\377\377\377\377\377\377\205" # Uses: 70
"\000\000\000\000\001\000\000\001" # Uses: 77
"\030\007\000\000\000\000\000\000" # Uses: 65
"\264\000\000\000\000\000\000\000" # Uses: 60
"\017\000\000\000\000\000\000\000" # Uses: 57
"\005\000\000\000\000\000\000\000" # Uses: 57
"L\000\000\000\000\000\000\000" # Uses: 53
"\017\377\377\377\377\377\377\377" # Uses: 53
"\210\021\301'7{\366&" # Uses: 39
"\026\000\000\000\000\000\000\000" # Uses: 29
"\332\030n\022\251\324\3604" # Uses: 40
"\000\000\000\000\000\002\022\005" # Uses: 32
"\317\276\"\000\031&\000\000" # Uses: 10
"\012\252\252\252\252\252\252\252" # Uses: 4
"\010\017\000\000\000\000\000\000" # Uses: 3
###### End of recommended dictionary. ######
Done 100623 runs in 61 second(s)
stat::number_of_executed_units: 100623
stat::average_exec_per_sec:     1649
stat::new_units_added:          1899
stat::slowest_unit_time_sec:    0
stat::peak_rss_mb:              496
