tinyzkp-fuzz-target-v1 target=plonky3_proof_bytes_v1 corpus_sha256=fc1d33984ab9ff9c0a44480359ed28f2974d2422ac8d787180691d6f7e4a3356 toolchain=nightly-2026-04-15
   Compiling hc-fuzz v0.0.0 (/home/runner/work/hc-stark/hc-stark/raw-reports/immutable-source/fuzz)
    Finished `release` profile [optimized + debuginfo] target(s) in 0.42s
INFO: Running with entropic power schedule (0xFF, 100).
INFO: Seed: 2593449784
INFO: Loaded 1 modules   (14602 inline 8-bit counters): 14602 [0x558e9dfd91d0, 0x558e9dfdcada), 
INFO: Loaded 1 PC tables (14602 PCs): 14602 [0x558e9dfdcae0,0x558e9e015b80), 
INFO:        0 files found in /home/runner/work/hc-stark/hc-stark/raw-reports/fuzz-logs/execution-corpus/plonky3_proof_bytes_v1
INFO:        2 files found in /home/runner/work/hc-stark/hc-stark/raw-reports/fuzz-logs/smoke-corpus/plonky3_proof_bytes_v1
INFO: -max_len is not provided; libFuzzer will not generate inputs larger than 239306 bytes
INFO: seed corpus: files: 2 min: 89737b max: 239306b total: 329043b rss: 46Mb
#3	INITED cov: 1139 ft: 1228 corp: 2/321Kb exec/s: 0 rss: 51Mb
	NEW_FUNC[1/3]: 0x558e9df573c0  (/home/runner/work/hc-stark/hc-stark/raw-reports/cargo-target/x86_64-unknown-linux-gnu/release/plonky3_proof_bytes_v1+0x28b3c0) (BuildId: 93b0a3be9bf8948c6041fb18af8421d78e04255e)
	NEW_FUNC[2/3]: 0x558e9df60630  (/home/runner/work/hc-stark/hc-stark/raw-reports/cargo-target/x86_64-unknown-linux-gnu/release/plonky3_proof_bytes_v1+0x294630) (BuildId: 93b0a3be9bf8948c6041fb18af8421d78e04255e)
#5	NEW    cov: 1175 ft: 1310 corp: 3/430Kb lim: 239306 exec/s: 0 rss: 54Mb L: 111540/239306 MS: 2 ShuffleBytes-CopyPart-
#8	NEW    cov: 1175 ft: 1317 corp: 4/554Kb lim: 239306 exec/s: 0 rss: 55Mb L: 127041/239306 MS: 3 ChangeBit-ChangeBinInt-CopyPart-
#10	NEW    cov: 1175 ft: 1325 corp: 5/663Kb lim: 239306 exec/s: 0 rss: 57Mb L: 111540/239306 MS: 2 ChangeBinInt-ChangeBinInt-
#11	NEW    cov: 1186 ft: 1351 corp: 6/896Kb lim: 239306 exec/s: 0 rss: 58Mb L: 239306/239306 MS: 1 ChangeBit-
#12	NEW    cov: 1187 ft: 1431 corp: 7/1005Kb lim: 239306 exec/s: 0 rss: 59Mb L: 111587/239306 MS: 1 InsertRepeatedBytes-
#16	NEW    cov: 1187 ft: 1439 corp: 8/1218Kb lim: 239306 exec/s: 0 rss: 62Mb L: 217402/239306 MS: 4 ShuffleBytes-CopyPart-ShuffleBytes-CrossOver-
#19	NEW    cov: 1188 ft: 1464 corp: 9/1451Kb lim: 239306 exec/s: 0 rss: 65Mb L: 239306/239306 MS: 3 ChangeASCIIInt-ChangeASCIIInt-CopyPart-
#21	NEW    cov: 1193 ft: 1496 corp: 10/1539Kb lim: 239306 exec/s: 0 rss: 67Mb L: 89808/239306 MS: 2 ShuffleBytes-InsertRepeatedBytes-
#22	NEW    cov: 1194 ft: 1506 corp: 11/1773Kb lim: 239306 exec/s: 0 rss: 68Mb L: 239306/239306 MS: 1 CMP- DE: "\002\377\377\377\377\377\377\377"-
#26	NEW    cov: 1195 ft: 1509 corp: 12/1983Kb lim: 239306 exec/s: 0 rss: 70Mb L: 215389/239306 MS: 4 CrossOver-ChangeBit-ChangeASCIIInt-CopyPart-
#32	NEW    cov: 1197 ft: 1578 corp: 13/2021Kb lim: 239306 exec/s: 0 rss: 73Mb L: 38597/239306 MS: 1 CrossOver-
#33	NEW    cov: 1198 ft: 1585 corp: 14/2255Kb lim: 239306 exec/s: 0 rss: 75Mb L: 239306/239306 MS: 1 CrossOver-
#34	NEW    cov: 1199 ft: 1587 corp: 15/2488Kb lim: 239306 exec/s: 0 rss: 76Mb L: 239306/239306 MS: 1 ChangeBit-
#35	NEW    cov: 1199 ft: 1590 corp: 16/2722Kb lim: 239306 exec/s: 0 rss: 78Mb L: 239306/239306 MS: 1 ChangeByte-
	NEW_FUNC[1/1]: 0x558e9df27600  (/home/runner/work/hc-stark/hc-stark/raw-reports/cargo-target/x86_64-unknown-linux-gnu/release/plonky3_proof_bytes_v1+0x25b600) (BuildId: 93b0a3be9bf8948c6041fb18af8421d78e04255e)
#37	NEW    cov: 1211 ft: 1608 corp: 17/2847Kb lim: 239306 exec/s: 0 rss: 80Mb L: 128020/239306 MS: 2 ChangeASCIIInt-CrossOver-
#38	NEW    cov: 1211 ft: 1621 corp: 18/3081Kb lim: 239306 exec/s: 0 rss: 81Mb L: 239306/239306 MS: 1 CMP- DE: "\377\377\377\377\377\377\377\377"-
#39	NEW    cov: 1212 ft: 1623 corp: 19/3169Kb lim: 239306 exec/s: 0 rss: 82Mb L: 90629/239306 MS: 1 EraseBytes-
#41	NEW    cov: 1212 ft: 1630 corp: 20/3400Kb lim: 239306 exec/s: 0 rss: 84Mb L: 236795/239306 MS: 2 ChangeBit-EraseBytes-
#42	NEW    cov: 1214 ft: 1673 corp: 21/3611Kb lim: 239306 exec/s: 0 rss: 85Mb L: 216055/239306 MS: 1 EraseBytes-
#43	NEW    cov: 1215 ft: 1680 corp: 22/3700Kb lim: 239306 exec/s: 0 rss: 86Mb L: 90629/239306 MS: 1 CrossOver-
#45	NEW    cov: 1215 ft: 1682 corp: 23/3843Kb lim: 239306 exec/s: 0 rss: 88Mb L: 146487/239306 MS: 2 EraseBytes-EraseBytes-
#52	NEW    cov: 1216 ft: 1683 corp: 24/3881Kb lim: 239306 exec/s: 0 rss: 91Mb L: 38597/239306 MS: 2 ChangeBit-CopyPart-
#53	NEW    cov: 1216 ft: 1684 corp: 25/3918Kb lim: 239306 exec/s: 0 rss: 92Mb L: 38598/239306 MS: 1 InsertByte-
#59	NEW    cov: 1216 ft: 1693 corp: 26/4152Kb lim: 239306 exec/s: 0 rss: 97Mb L: 239306/239306 MS: 1 ChangeByte-
#64	NEW    cov: 1216 ft: 1745 corp: 27/4300Kb lim: 239306 exec/s: 0 rss: 101Mb L: 151918/239306 MS: 5 ChangeASCIIInt-CopyPart-ChangeASCIIInt-EraseBytes-PersAutoDict- DE: "\002\377\377\377\377\377\377\377"-
#65	NEW    cov: 1217 ft: 1747 corp: 28/4362Kb lim: 239306 exec/s: 0 rss: 102Mb L: 63448/239306 MS: 1 EraseBytes-
#75	NEW    cov: 1222 ft: 1779 corp: 29/4400Kb lim: 239306 exec/s: 0 rss: 105Mb L: 38727/239306 MS: 5 PersAutoDict-ChangeASCIIInt-ChangeASCIIInt-InsertRepeatedBytes-PersAutoDict- DE: "\377\377\377\377\377\377\377\377"-"\002\377\377\377\377\377\377\377"-
#76	NEW    cov: 1222 ft: 1780 corp: 30/4634Kb lim: 239306 exec/s: 0 rss: 106Mb L: 239306/239306 MS: 1 CopyPart-
#77	NEW    cov: 1223 ft: 1783 corp: 31/4761Kb lim: 239306 exec/s: 0 rss: 107Mb L: 129803/239306 MS: 1 EraseBytes-
#88	NEW    cov: 1223 ft: 1785 corp: 32/4912Kb lim: 239306 exec/s: 0 rss: 112Mb L: 154755/239306 MS: 1 CrossOver-
#92	NEW    cov: 1223 ft: 1786 corp: 33/5145Kb lim: 239306 exec/s: 0 rss: 116Mb L: 239306/239306 MS: 4 PersAutoDict-ChangeByte-CopyPart-ShuffleBytes- DE: "\377\377\377\377\377\377\377\377"-
#94	REDUCE cov: 1223 ft: 1786 corp: 33/5102Kb lim: 239306 exec/s: 0 rss: 118Mb L: 192740/239306 MS: 2 ChangeASCIIInt-EraseBytes-
#103	NEW    cov: 1223 ft: 1787 corp: 34/5336Kb lim: 239306 exec/s: 0 rss: 124Mb L: 239306/239306 MS: 4 ChangeBinInt-ChangeBit-ChangeByte-PersAutoDict- DE: "\002\377\377\377\377\377\377\377"-
#106	NEW    cov: 1223 ft: 1824 corp: 35/5570Kb lim: 239306 exec/s: 0 rss: 128Mb L: 239306/239306 MS: 3 ShuffleBytes-ChangeBit-CopyPart-
#111	NEW    cov: 1223 ft: 1838 corp: 36/5751Kb lim: 239306 exec/s: 0 rss: 131Mb L: 185098/239306 MS: 5 CopyPart-ChangeASCIIInt-CopyPart-ChangeASCIIInt-ChangeByte-
#112	NEW    cov: 1223 ft: 1841 corp: 37/5843Kb lim: 239306 exec/s: 0 rss: 132Mb L: 94958/239306 MS: 1 CopyPart-
#123	REDUCE cov: 1223 ft: 1841 corp: 37/5812Kb lim: 239306 exec/s: 0 rss: 140Mb L: 79679/239306 MS: 1 EraseBytes-
#124	REDUCE cov: 1223 ft: 1841 corp: 37/5788Kb lim: 239306 exec/s: 0 rss: 140Mb L: 54679/239306 MS: 1 EraseBytes-
#126	NEW    cov: 1223 ft: 1864 corp: 38/5981Kb lim: 239306 exec/s: 0 rss: 142Mb L: 197915/239306 MS: 2 ChangeByte-CrossOver-
#136	NEW    cov: 1224 ft: 1866 corp: 39/6035Kb lim: 239306 exec/s: 0 rss: 146Mb L: 55602/239306 MS: 5 ChangeBinInt-PersAutoDict-ShuffleBytes-InsertRepeatedBytes-EraseBytes- DE: "\377\377\377\377\377\377\377\377"-
	NEW_FUNC[1/1]: 0x558e9df27790  (/home/runner/work/hc-stark/hc-stark/raw-reports/cargo-target/x86_64-unknown-linux-gnu/release/plonky3_proof_bytes_v1+0x25b790) (BuildId: 93b0a3be9bf8948c6041fb18af8421d78e04255e)
#142	NEW    cov: 1227 ft: 1875 corp: 40/6090Kb lim: 239306 exec/s: 0 rss: 149Mb L: 55610/239306 MS: 1 PersAutoDict- DE: "\002\377\377\377\377\377\377\377"-
#145	NEW    cov: 1228 ft: 1876 corp: 41/6253Kb lim: 239306 exec/s: 0 rss: 152Mb L: 167726/239306 MS: 3 CopyPart-ChangeASCIIInt-EraseBytes-
#156	NEW    cov: 1228 ft: 1879 corp: 42/6487Kb lim: 239306 exec/s: 0 rss: 157Mb L: 239306/239306 MS: 1 PersAutoDict- DE: "\002\377\377\377\377\377\377\377"-
#159	NEW    cov: 1228 ft: 1882 corp: 43/6668Kb lim: 239306 exec/s: 0 rss: 160Mb L: 185341/239306 MS: 3 EraseBytes-ShuffleBytes-CrossOver-
#161	NEW    cov: 1228 ft: 1883 corp: 44/6892Kb lim: 239306 exec/s: 0 rss: 162Mb L: 229537/239306 MS: 2 ChangeByte-EraseBytes-
#167	NEW    cov: 1232 ft: 1887 corp: 45/7090Kb lim: 239306 exec/s: 0 rss: 167Mb L: 202743/239306 MS: 1 EraseBytes-
#169	NEW    cov: 1252 ft: 1914 corp: 46/7178Kb lim: 239306 exec/s: 0 rss: 168Mb L: 89739/239306 MS: 2 ChangeByte-CMP- DE: "\001\000"-
#175	NEW    cov: 1252 ft: 1927 corp: 47/7412Kb lim: 239306 exec/s: 0 rss: 171Mb L: 239306/239306 MS: 1 ChangeByte-
#186	REDUCE cov: 1252 ft: 1927 corp: 47/7408Kb lim: 239306 exec/s: 0 rss: 177Mb L: 51012/239306 MS: 1 EraseBytes-
#192	NEW    cov: 1252 ft: 1931 corp: 48/7556Kb lim: 239306 exec/s: 0 rss: 181Mb L: 151918/239306 MS: 1 ChangeBinInt-
#197	NEW    cov: 1252 ft: 1932 corp: 49/7738Kb lim: 239306 exec/s: 0 rss: 187Mb L: 185723/239306 MS: 5 CopyPart-EraseBytes-InsertByte-ChangeBit-InsertByte-
#203	NEW    cov: 1252 ft: 1933 corp: 50/7962Kb lim: 239306 exec/s: 0 rss: 192Mb L: 229545/239306 MS: 1 InsertRepeatedBytes-
#209	NEW    cov: 1252 ft: 1934 corp: 51/8050Kb lim: 239306 exec/s: 0 rss: 194Mb L: 89746/239306 MS: 1 InsertRepeatedBytes-
#214	NEW    cov: 1252 ft: 1953 corp: 52/8064Kb lim: 239306 exec/s: 0 rss: 196Mb L: 14691/239306 MS: 5 CMP-CopyPart-ChangeBit-ChangeBinInt-CrossOver- DE: "/Z\014o\263%\000\000"-
#232	NEW    cov: 1252 ft: 1957 corp: 53/8118Kb lim: 239306 exec/s: 0 rss: 203Mb L: 55384/239306 MS: 3 InsertByte-InsertRepeatedBytes-EraseBytes-
#240	NEW    cov: 1252 ft: 1958 corp: 54/8242Kb lim: 239306 exec/s: 0 rss: 208Mb L: 127116/239306 MS: 3 InsertRepeatedBytes-ChangeBinInt-EraseBytes-
#243	REDUCE cov: 1252 ft: 1958 corp: 54/8130Kb lim: 239306 exec/s: 0 rss: 210Mb L: 124252/239306 MS: 3 ChangeBinInt-ChangeBit-EraseBytes-
#245	REDUCE cov: 1260 ft: 1968 corp: 55/8361Kb lim: 239306 exec/s: 0 rss: 213Mb L: 237148/239306 MS: 2 CopyPart-InsertRepeatedBytes-
#248	NEW    cov: 1261 ft: 1969 corp: 56/8492Kb lim: 239306 exec/s: 0 rss: 215Mb L: 133712/239306 MS: 3 EraseBytes-CrossOver-EraseBytes-
#252	NEW    cov: 1262 ft: 1978 corp: 57/8608Kb lim: 239306 exec/s: 0 rss: 217Mb L: 118900/239306 MS: 4 ChangeASCIIInt-ChangeByte-CrossOver-PersAutoDict- DE: "\001\000"-
#262	NEW    cov: 1262 ft: 1979 corp: 58/8646Kb lim: 239306 exec/s: 0 rss: 220Mb L: 38599/239306 MS: 5 ChangeBit-ChangeASCIIInt-ShuffleBytes-InsertByte-InsertByte-
#265	REDUCE cov: 1262 ft: 1979 corp: 58/8645Kb lim: 239306 exec/s: 0 rss: 221Mb L: 37954/239306 MS: 3 ChangeBinInt-EraseBytes-InsertRepeatedBytes-
#267	NEW    cov: 1268 ft: 1985 corp: 59/8683Kb lim: 239306 exec/s: 0 rss: 221Mb L: 38599/239306 MS: 2 ChangeASCIIInt-PersAutoDict- DE: "\001\000"-
#270	REDUCE cov: 1268 ft: 1988 corp: 60/8846Kb lim: 239306 exec/s: 0 rss: 224Mb L: 167398/239306 MS: 3 CMP-CopyPart-CMP- DE: "\007\000\000\000\000\000\000\000"-"\001\000\000\000\000\000\000\004"-
#272	NEW    cov: 1271 ft: 2005 corp: 61/8861Kb lim: 239306 exec/s: 0 rss: 224Mb L: 14691/239306 MS: 2 ShuffleBytes-PersAutoDict- DE: "\007\000\000\000\000\000\000\000"-
#286	NEW    cov: 1271 ft: 2006 corp: 62/8898Kb lim: 239306 exec/s: 0 rss: 230Mb L: 38606/239306 MS: 4 CopyPart-CMP-ChangeByte-CopyPart- DE: "\000\000\000\000\377\377\377\377"-
#288	REDUCE cov: 1271 ft: 2006 corp: 62/8845Kb lim: 239306 exec/s: 0 rss: 232Mb L: 184296/239306 MS: 2 ChangeBinInt-EraseBytes-
#290	REDUCE cov: 1271 ft: 2006 corp: 62/8781Kb lim: 239306 exec/s: 0 rss: 234Mb L: 173650/239306 MS: 2 ChangeASCIIInt-EraseBytes-
#292	NEW    cov: 1271 ft: 2007 corp: 63/9007Kb lim: 239306 exec/s: 0 rss: 236Mb L: 231599/239306 MS: 2 CMP-CopyPart- DE: "\377\377"-
#323	NEW    cov: 1271 ft: 2011 corp: 64/9155Kb lim: 239306 exec/s: 0 rss: 249Mb L: 151918/239306 MS: 1 ChangeByte-
#335	NEW    cov: 1271 ft: 2012 corp: 65/9209Kb lim: 239306 exec/s: 0 rss: 252Mb L: 55602/239306 MS: 2 ChangeByte-CMP- DE: "\001\000\000\000"-
#343	NEW    cov: 1271 ft: 2021 corp: 66/9233Kb lim: 239306 exec/s: 0 rss: 257Mb L: 24686/239306 MS: 3 CrossOver-EraseBytes-CrossOver-
#349	REDUCE cov: 1271 ft: 2022 corp: 67/9355Kb lim: 239306 exec/s: 0 rss: 263Mb L: 124252/239306 MS: 1 CMP- DE: "\016\205J\207Z\3475\310"-
#351	NEW    cov: 1271 ft: 2023 corp: 68/9588Kb lim: 239306 exec/s: 0 rss: 266Mb L: 239306/239306 MS: 2 ChangeASCIIInt-ChangeBinInt-
#368	REDUCE cov: 1271 ft: 2023 corp: 68/9549Kb lim: 239306 exec/s: 0 rss: 275Mb L: 198695/239306 MS: 2 CMP-EraseBytes- DE: "\377\377\377\377"-
#369	REDUCE cov: 1271 ft: 2038 corp: 69/9737Kb lim: 239306 exec/s: 0 rss: 277Mb L: 192797/239306 MS: 1 InsertRepeatedBytes-
#370	NEW    cov: 1271 ft: 2048 corp: 70/9825Kb lim: 239306 exec/s: 0 rss: 278Mb L: 89774/239306 MS: 1 InsertRepeatedBytes-
#374	REDUCE cov: 1271 ft: 2048 corp: 70/9776Kb lim: 239306 exec/s: 0 rss: 280Mb L: 135432/239306 MS: 4 ShuffleBytes-ChangeByte-PersAutoDict-EraseBytes- DE: "\007\000\000\000\000\000\000\000"-
#379	REDUCE cov: 1271 ft: 2048 corp: 70/9576Kb lim: 239306 exec/s: 0 rss: 283Mb L: 34109/239306 MS: 5 ShuffleBytes-ChangeBit-EraseBytes-CrossOver-CrossOver-
#384	NEW    cov: 1271 ft: 2049 corp: 71/9625Kb lim: 239306 exec/s: 0 rss: 285Mb L: 49806/239306 MS: 5 EraseBytes-ChangeASCIIInt-CrossOver-CrossOver-InsertRepeatedBytes-
#385	REDUCE cov: 1271 ft: 2049 corp: 71/9616Kb lim: 239306 exec/s: 0 rss: 286Mb L: 82419/239306 MS: 1 EraseBytes-
#393	NEW    cov: 1271 ft: 2051 corp: 72/9770Kb lim: 239306 exec/s: 0 rss: 291Mb L: 156865/239306 MS: 3 PersAutoDict-ChangeBinInt-CopyPart- DE: "\007\000\000\000\000\000\000\000"-
#404	REDUCE cov: 1271 ft: 2051 corp: 72/9755Kb lim: 239306 exec/s: 0 rss: 293Mb L: 23837/239306 MS: 1 EraseBytes-
#410	NEW    cov: 1271 ft: 2057 corp: 73/9989Kb lim: 239306 exec/s: 0 rss: 297Mb L: 239306/239306 MS: 1 CopyPart-
#411	REDUCE cov: 1271 ft: 2058 corp: 74/10039Kb lim: 239306 exec/s: 0 rss: 297Mb L: 51020/239306 MS: 1 PersAutoDict- DE: "\016\205J\207Z\3475\310"-
#413	NEW    cov: 1271 ft: 2061 corp: 75/10230Kb lim: 239306 exec/s: 0 rss: 299Mb L: 195653/239306 MS: 2 CopyPart-ChangeBinInt-
#414	NEW    cov: 1271 ft: 2062 corp: 76/10464Kb lim: 239306 exec/s: 0 rss: 301Mb L: 239306/239306 MS: 1 ShuffleBytes-
#415	NEW    cov: 1276 ft: 2069 corp: 77/10697Kb lim: 239306 exec/s: 0 rss: 302Mb L: 239306/239306 MS: 1 ShuffleBytes-
#416	NEW    cov: 1280 ft: 2074 corp: 78/10759Kb lim: 239306 exec/s: 0 rss: 303Mb L: 63538/239306 MS: 1 InsertRepeatedBytes-
#453	NEW    cov: 1280 ft: 2075 corp: 79/10986Kb lim: 239306 exec/s: 0 rss: 319Mb L: 232068/239306 MS: 2 ChangeBinInt-CrossOver-
#454	NEW    cov: 1284 ft: 2095 corp: 80/11197Kb lim: 239306 exec/s: 0 rss: 321Mb L: 216161/239306 MS: 1 InsertRepeatedBytes-
#465	REDUCE cov: 1284 ft: 2098 corp: 81/11318Kb lim: 239306 exec/s: 0 rss: 325Mb L: 124253/239306 MS: 1 InsertByte-
#480	NEW    cov: 1284 ft: 2101 corp: 82/11507Kb lim: 239306 exec/s: 0 rss: 331Mb L: 192798/239306 MS: 5 CMP-ChangeASCIIInt-ChangeASCIIInt-CMP-InsertByte- DE: "\001\000\000\000\000\000\000\000"-"\001\000\000\000"-
#486	REDUCE cov: 1285 ft: 2108 corp: 83/11544Kb lim: 239306 exec/s: 0 rss: 332Mb L: 37980/239306 MS: 1 InsertRepeatedBytes-
#495	REDUCE cov: 1285 ft: 2109 corp: 84/11732Kb lim: 239306 exec/s: 0 rss: 338Mb L: 192698/239306 MS: 4 CMP-CopyPart-ChangeBinInt-InsertRepeatedBytes- DE: "\001\000\000\000\000\000\000\000"-
#505	NEW    cov: 1285 ft: 2115 corp: 85/11920Kb lim: 239306 exec/s: 0 rss: 344Mb L: 193086/239306 MS: 5 ChangeASCIIInt-InsertRepeatedBytes-CopyPart-ChangeBinInt-InsertRepeatedBytes-
#508	NEW    cov: 1285 ft: 2118 corp: 86/12008Kb lim: 239306 exec/s: 0 rss: 346Mb L: 89162/239306 MS: 3 CopyPart-CMP-EraseBytes- DE: "\001\000\000\000"-
#514	REDUCE cov: 1285 ft: 2118 corp: 86/12002Kb lim: 239306 exec/s: 0 rss: 347Mb L: 32423/239306 MS: 1 EraseBytes-
	NEW_FUNC[1/2]: 0x558e9df4ff70  (/home/runner/work/hc-stark/hc-stark/raw-reports/cargo-target/x86_64-unknown-linux-gnu/release/plonky3_proof_bytes_v1+0x283f70) (BuildId: 93b0a3be9bf8948c6041fb18af8421d78e04255e)
	NEW_FUNC[2/2]: 0x558e9df57650  (/home/runner/work/hc-stark/hc-stark/raw-reports/cargo-target/x86_64-unknown-linux-gnu/release/plonky3_proof_bytes_v1+0x28b650) (BuildId: 93b0a3be9bf8948c6041fb18af8421d78e04255e)
#521	NEW    cov: 1305 ft: 2184 corp: 87/12056Kb lim: 239306 exec/s: 0 rss: 350Mb L: 55614/239306 MS: 2 ChangeASCIIInt-PersAutoDict- DE: "\001\000\000\000"-
#523	NEW    cov: 1305 ft: 2201 corp: 88/12095Kb lim: 239306 exec/s: 0 rss: 350Mb L: 39861/239306 MS: 2 CrossOver-InsertByte-
#526	NEW    cov: 1305 ft: 2202 corp: 89/12328Kb lim: 239306 exec/s: 0 rss: 354Mb L: 239306/239306 MS: 3 PersAutoDict-ShuffleBytes-CrossOver- DE: "\002\377\377\377\377\377\377\377"-
#529	REDUCE cov: 1305 ft: 2202 corp: 89/12320Kb lim: 239306 exec/s: 0 rss: 356Mb L: 115905/239306 MS: 3 ChangeBit-CrossOver-EraseBytes-
#545	REDUCE cov: 1305 ft: 2202 corp: 89/12295Kb lim: 239306 exec/s: 0 rss: 358Mb L: 29758/239306 MS: 1 EraseBytes-
#563	REDUCE cov: 1305 ft: 2202 corp: 89/12237Kb lim: 239306 exec/s: 0 rss: 368Mb L: 179675/239306 MS: 3 ChangeBit-CopyPart-EraseBytes-
#567	REDUCE cov: 1305 ft: 2202 corp: 89/12227Kb lim: 239306 exec/s: 0 rss: 370Mb L: 79844/239306 MS: 4 ChangeByte-InsertByte-CopyPart-EraseBytes-
#616	REDUCE cov: 1305 ft: 2202 corp: 89/12183Kb lim: 239306 exec/s: 616 rss: 387Mb L: 73123/239306 MS: 4 CrossOver-ChangeByte-ChangeASCIIInt-CrossOver-
#623	NEW    cov: 1305 ft: 2203 corp: 90/12206Kb lim: 239306 exec/s: 623 rss: 387Mb L: 23893/239306 MS: 2 EraseBytes-ChangeBit-
#627	NEW    cov: 1305 ft: 2204 corp: 91/12359Kb lim: 239306 exec/s: 627 rss: 387Mb L: 156970/239306 MS: 4 ChangeASCIIInt-ChangeBit-InsertRepeatedBytes-ChangeBinInt-
#629	NEW    cov: 1305 ft: 2205 corp: 92/12586Kb lim: 239306 exec/s: 629 rss: 387Mb L: 232068/239306 MS: 2 ChangeASCIIInt-CrossOver-
#646	REDUCE cov: 1305 ft: 2205 corp: 92/12585Kb lim: 239306 exec/s: 646 rss: 387Mb L: 156287/239306 MS: 2 ChangeByte-EraseBytes-
#684	REDUCE cov: 1305 ft: 2205 corp: 92/12530Kb lim: 239306 exec/s: 684 rss: 387Mb L: 182803/239306 MS: 3 ChangeByte-ShuffleBytes-EraseBytes-
#715	REDUCE cov: 1305 ft: 2205 corp: 92/12521Kb lim: 239306 exec/s: 715 rss: 387Mb L: 220574/239306 MS: 1 EraseBytes-
#718	NEW    cov: 1305 ft: 2212 corp: 93/12609Kb lim: 239306 exec/s: 718 rss: 387Mb L: 89808/239306 MS: 3 ChangeBit-ChangeBit-ChangeBinInt-
#739	REDUCE cov: 1305 ft: 2212 corp: 93/12595Kb lim: 239306 exec/s: 739 rss: 387Mb L: 109652/239306 MS: 1 EraseBytes-
#789	REDUCE cov: 1305 ft: 2212 corp: 93/12557Kb lim: 239306 exec/s: 789 rss: 387Mb L: 200339/239306 MS: 5 PersAutoDict-ChangeBit-ChangeASCIIInt-PersAutoDict-EraseBytes- DE: "\377\377\377\377"-"\016\205J\207Z\3475\310"-
#799	REDUCE cov: 1305 ft: 2212 corp: 93/12519Kb lim: 239306 exec/s: 799 rss: 387Mb L: 177632/239306 MS: 5 ChangeASCIIInt-InsertRepeatedBytes-InsertRepeatedBytes-PersAutoDict-EraseBytes- DE: "\377\377\377\377\377\377\377\377"-
#812	REDUCE cov: 1305 ft: 2212 corp: 93/12458Kb lim: 239306 exec/s: 812 rss: 388Mb L: 122398/239306 MS: 3 ShuffleBytes-ChangeBinInt-EraseBytes-
#829	REDUCE cov: 1305 ft: 2212 corp: 93/12444Kb lim: 239306 exec/s: 829 rss: 388Mb L: 121590/239306 MS: 2 ChangeASCIIInt-EraseBytes-
#837	REDUCE cov: 1305 ft: 2212 corp: 93/12441Kb lim: 239306 exec/s: 837 rss: 388Mb L: 34999/239306 MS: 3 ShuffleBytes-ChangeBinInt-EraseBytes-
#849	NEW    cov: 1305 ft: 2213 corp: 94/12566Kb lim: 239306 exec/s: 849 rss: 388Mb L: 128084/239306 MS: 2 ShuffleBytes-InsertRepeatedBytes-
#870	REDUCE cov: 1305 ft: 2213 corp: 94/12514Kb lim: 239306 exec/s: 870 rss: 391Mb L: 93408/239306 MS: 1 EraseBytes-
#906	NEW    cov: 1305 ft: 2216 corp: 95/12623Kb lim: 239306 exec/s: 906 rss: 391Mb L: 111540/239306 MS: 1 CopyPart-
#934	REDUCE cov: 1305 ft: 2216 corp: 95/12608Kb lim: 239306 exec/s: 934 rss: 391Mb L: 22530/239306 MS: 3 InsertByte-PersAutoDict-EraseBytes- DE: "\002\377\377\377\377\377\377\377"-
#936	REDUCE cov: 1305 ft: 2227 corp: 96/12611Kb lim: 239306 exec/s: 936 rss: 391Mb L: 3278/239306 MS: 2 InsertRepeatedBytes-CrossOver-
#949	REDUCE cov: 1305 ft: 2227 corp: 96/12514Kb lim: 239306 exec/s: 949 rss: 391Mb L: 140342/239306 MS: 3 CopyPart-ChangeASCIIInt-EraseBytes-
#993	NEW    cov: 1305 ft: 2230 corp: 97/12623Kb lim: 239306 exec/s: 993 rss: 391Mb L: 111541/239306 MS: 4 ChangeASCIIInt-InsertByte-CrossOver-ChangeBinInt-
#1031	REDUCE cov: 1305 ft: 2230 corp: 97/12566Kb lim: 239306 exec/s: 1031 rss: 391Mb L: 30400/239306 MS: 3 ChangeBinInt-ChangeASCIIInt-CrossOver-
#1039	REDUCE cov: 1305 ft: 2230 corp: 97/12552Kb lim: 239306 exec/s: 1039 rss: 391Mb L: 16238/239306 MS: 3 CopyPart-CMP-EraseBytes- DE: "\377\377\377\377"-
#1042	REDUCE cov: 1305 ft: 2230 corp: 97/12495Kb lim: 239306 exec/s: 1042 rss: 391Mb L: 181250/239306 MS: 3 ShuffleBytes-ChangeByte-EraseBytes-
#1046	REDUCE cov: 1305 ft: 2230 corp: 97/12489Kb lim: 239306 exec/s: 1046 rss: 391Mb L: 117449/239306 MS: 4 PersAutoDict-ChangeByte-InsertRepeatedBytes-EraseBytes- DE: "\002\377\377\377\377\377\377\377"-
#1067	REDUCE cov: 1305 ft: 2230 corp: 97/12430Kb lim: 239306 exec/s: 1067 rss: 391Mb L: 179120/239306 MS: 1 EraseBytes-
#1072	NEW    cov: 1305 ft: 2231 corp: 98/12462Kb lim: 239306 exec/s: 1072 rss: 391Mb L: 33105/239306 MS: 5 ChangeASCIIInt-EraseBytes-ChangeBit-ChangeByte-PersAutoDict- DE: "\001\000\000\000\000\000\000\000"-
#1079	REDUCE cov: 1305 ft: 2231 corp: 98/12443Kb lim: 239306 exec/s: 1079 rss: 391Mb L: 147392/239306 MS: 2 ShuffleBytes-EraseBytes-
#1102	NEW    cov: 1305 ft: 2232 corp: 99/12531Kb lim: 239306 exec/s: 1102 rss: 392Mb L: 89919/239306 MS: 3 PersAutoDict-InsertRepeatedBytes-ChangeByte- DE: "\001\000\000\000\000\000\000\004"-
#1137	REDUCE cov: 1305 ft: 2232 corp: 99/12503Kb lim: 239306 exec/s: 1137 rss: 393Mb L: 211490/239306 MS: 5 ChangeBinInt-ChangeBinInt-ShuffleBytes-CopyPart-EraseBytes-
#1138	REDUCE cov: 1305 ft: 2232 corp: 99/12471Kb lim: 239306 exec/s: 1138 rss: 393Mb L: 199303/239306 MS: 1 EraseBytes-
#1140	REDUCE cov: 1305 ft: 2232 corp: 99/12448Kb lim: 239306 exec/s: 1140 rss: 393Mb L: 25317/239306 MS: 2 CrossOver-EraseBytes-
#1144	REDUCE cov: 1305 ft: 2233 corp: 100/12485Kb lim: 239306 exec/s: 1144 rss: 393Mb L: 37964/239306 MS: 4 CopyPart-PersAutoDict-ChangeByte-PersAutoDict- DE: "\377\377"-"\002\377\377\377\377\377\377\377"-
#1161	NEW    cov: 1305 ft: 2235 corp: 101/12648Kb lim: 239306 exec/s: 1161 rss: 393Mb L: 167642/239306 MS: 2 ShuffleBytes-CopyPart-
#1169	NEW    cov: 1305 ft: 2236 corp: 102/12740Kb lim: 239306 exec/s: 1169 rss: 393Mb L: 94002/239306 MS: 3 ChangeBinInt-CopyPart-CMP- DE: "TUUUUUU\005"-
#1191	NEW    cov: 1305 ft: 2237 corp: 103/12904Kb lim: 239306 exec/s: 1191 rss: 393Mb L: 167642/239306 MS: 2 ChangeByte-ChangeByte-
#1197	REDUCE cov: 1305 ft: 2237 corp: 103/12897Kb lim: 239306 exec/s: 1197 rss: 393Mb L: 104750/239306 MS: 1 CrossOver-
#1223	REDUCE cov: 1305 ft: 2237 corp: 103/12872Kb lim: 239306 exec/s: 1223 rss: 393Mb L: 91925/239306 MS: 1 EraseBytes-
#1240	REDUCE cov: 1305 ft: 2237 corp: 103/12801Kb lim: 239306 exec/s: 620 rss: 393Mb L: 119419/239306 MS: 2 ChangeBit-EraseBytes-
#1272	REDUCE cov: 1305 ft: 2237 corp: 103/12799Kb lim: 239306 exec/s: 636 rss: 393Mb L: 88352/239306 MS: 2 CopyPart-EraseBytes-
#1330	REDUCE cov: 1305 ft: 2237 corp: 103/12785Kb lim: 239306 exec/s: 665 rss: 396Mb L: 216673/239306 MS: 3 ChangeASCIIInt-ChangeByte-EraseBytes-
#1349	REDUCE cov: 1305 ft: 2237 corp: 103/12742Kb lim: 239306 exec/s: 674 rss: 396Mb L: 96174/239306 MS: 4 ShuffleBytes-ShuffleBytes-CMP-EraseBytes- DE: "\007\000\000\000\000\000\000\000"-
#1369	NEW    cov: 1305 ft: 2238 corp: 104/12796Kb lim: 239306 exec/s: 684 rss: 396Mb L: 55611/239306 MS: 5 CMP-InsertByte-ChangeBinInt-ChangeByte-CrossOver- DE: "\000\000\000\000\000\000\000d"-
#1396	REDUCE cov: 1305 ft: 2238 corp: 104/12789Kb lim: 239306 exec/s: 698 rss: 396Mb L: 188814/239306 MS: 2 InsertByte-EraseBytes-
#1409	REDUCE cov: 1305 ft: 2238 corp: 104/12779Kb lim: 239306 exec/s: 704 rss: 396Mb L: 81868/239306 MS: 3 InsertRepeatedBytes-ChangeBit-EraseBytes-
#1435	REDUCE cov: 1305 ft: 2238 corp: 104/12710Kb lim: 239306 exec/s: 717 rss: 396Mb L: 51241/239306 MS: 1 CrossOver-
#1438	REDUCE cov: 1305 ft: 2238 corp: 104/12661Kb lim: 239306 exec/s: 719 rss: 396Mb L: 71519/239306 MS: 3 PersAutoDict-PersAutoDict-EraseBytes- DE: "\377\377\377\377\377\377\377\377"-"\016\205J\207Z\3475\310"-
#1441	REDUCE cov: 1305 ft: 2238 corp: 104/12648Kb lim: 239306 exec/s: 720 rss: 396Mb L: 76449/239306 MS: 3 ChangeASCIIInt-InsertByte-EraseBytes-
#1552	REDUCE cov: 1305 ft: 2239 corp: 105/12765Kb lim: 239306 exec/s: 776 rss: 396Mb L: 119419/239306 MS: 1 ChangeByte-
#1561	NEW    cov: 1305 ft: 2240 corp: 106/12819Kb lim: 239306 exec/s: 780 rss: 396Mb L: 55602/239306 MS: 4 ChangeBit-ChangeASCIIInt-ChangeBinInt-CMP- DE: "\001\000"-
#1562	REDUCE cov: 1305 ft: 2240 corp: 106/12806Kb lim: 239306 exec/s: 781 rss: 396Mb L: 25280/239306 MS: 1 EraseBytes-
#1585	REDUCE cov: 1305 ft: 2240 corp: 106/12780Kb lim: 239306 exec/s: 792 rss: 396Mb L: 47138/239306 MS: 3 InsertRepeatedBytes-ShuffleBytes-EraseBytes-
#1616	REDUCE cov: 1305 ft: 2240 corp: 106/12681Kb lim: 239306 exec/s: 808 rss: 396Mb L: 81291/239306 MS: 1 CrossOver-
#1619	REDUCE cov: 1305 ft: 2240 corp: 106/12677Kb lim: 239306 exec/s: 809 rss: 396Mb L: 213305/239306 MS: 3 PersAutoDict-EraseBytes-CrossOver- DE: "\007\000\000\000\000\000\000\000"-
#1638	REDUCE cov: 1305 ft: 2240 corp: 106/12659Kb lim: 239306 exec/s: 819 rss: 396Mb L: 62925/239306 MS: 4 PersAutoDict-ChangeASCIIInt-CMP-EraseBytes- DE: "\377\377\377\377\377\377\377\377"-"\001\000\000\003"-
#1639	REDUCE cov: 1305 ft: 2240 corp: 106/12610Kb lim: 239306 exec/s: 819 rss: 396Mb L: 129131/239306 MS: 1 EraseBytes-
#1663	REDUCE cov: 1305 ft: 2240 corp: 106/12537Kb lim: 239306 exec/s: 831 rss: 396Mb L: 123604/239306 MS: 4 ChangeByte-ShuffleBytes-ChangeByte-EraseBytes-
#1675	NEW    cov: 1305 ft: 2251 corp: 107/12680Kb lim: 239306 exec/s: 837 rss: 396Mb L: 146206/239306 MS: 2 ChangeByte-EraseBytes-
#1696	REDUCE cov: 1305 ft: 2251 corp: 107/12639Kb lim: 239306 exec/s: 848 rss: 396Mb L: 197040/239306 MS: 1 EraseBytes-
#1713	REDUCE cov: 1305 ft: 2251 corp: 107/12630Kb lim: 239306 exec/s: 856 rss: 396Mb L: 41716/239306 MS: 2 ChangeBit-EraseBytes-
#1736	NEW    cov: 1305 ft: 2252 corp: 108/12760Kb lim: 239306 exec/s: 868 rss: 402Mb L: 133168/239306 MS: 3 InsertByte-ChangeASCIIInt-EraseBytes-
#1740	NEW    cov: 1305 ft: 2254 corp: 109/12993Kb lim: 239306 exec/s: 870 rss: 402Mb L: 239176/239306 MS: 4 ChangeBit-InsertRepeatedBytes-ChangeASCIIInt-CopyPart-
#1754	REDUCE cov: 1305 ft: 2254 corp: 109/12982Kb lim: 239306 exec/s: 877 rss: 402Mb L: 60600/239306 MS: 4 CopyPart-ChangeByte-CMP-CrossOver- DE: "\000\000"-
#1760	REDUCE cov: 1305 ft: 2254 corp: 109/12982Kb lim: 239306 exec/s: 880 rss: 402Mb L: 37887/239306 MS: 1 EraseBytes-
#1792	NEW    cov: 1310 ft: 2274 corp: 110/13136Kb lim: 239306 exec/s: 896 rss: 402Mb L: 156972/239306 MS: 2 ChangeByte-PersAutoDict- DE: "\001\000"-
#1816	REDUCE cov: 1310 ft: 2274 corp: 110/13128Kb lim: 239306 exec/s: 908 rss: 402Mb L: 17554/239306 MS: 4 InsertByte-PersAutoDict-ChangeBinInt-EraseBytes- DE: "\000\000"-
#1827	REDUCE cov: 1310 ft: 2274 corp: 110/13112Kb lim: 239306 exec/s: 913 rss: 402Mb L: 31097/239306 MS: 1 EraseBytes-
#1859	NEW    cov: 1315 ft: 2279 corp: 111/13264Kb lim: 239306 exec/s: 929 rss: 402Mb L: 154755/239306 MS: 2 ChangeASCIIInt-CMP- DE: "\001\000\000\000\000\000\000M"-
#1860	NEW    cov: 1315 ft: 2280 corp: 112/13303Kb lim: 239306 exec/s: 930 rss: 402Mb L: 39861/239306 MS: 1 ChangeByte-
#1866	REDUCE cov: 1315 ft: 2280 corp: 112/13271Kb lim: 239306 exec/s: 933 rss: 402Mb L: 114659/239306 MS: 1 EraseBytes-
#1894	REDUCE cov: 1315 ft: 2280 corp: 112/13254Kb lim: 239306 exec/s: 947 rss: 402Mb L: 38849/239306 MS: 3 InsertRepeatedBytes-InsertByte-EraseBytes-
#1923	NEW    cov: 1315 ft: 2281 corp: 113/13380Kb lim: 239306 exec/s: 961 rss: 402Mb L: 128388/239306 MS: 4 InsertByte-ChangeASCIIInt-ChangeBit-CopyPart-
#1929	REDUCE cov: 1315 ft: 2281 corp: 113/13373Kb lim: 239306 exec/s: 964 rss: 402Mb L: 33294/239306 MS: 1 EraseBytes-
#1950	REDUCE cov: 1315 ft: 2281 corp: 113/13322Kb lim: 239306 exec/s: 975 rss: 402Mb L: 186393/239306 MS: 1 EraseBytes-
#1977	REDUCE cov: 1315 ft: 2281 corp: 113/13243Kb lim: 239306 exec/s: 988 rss: 402Mb L: 74848/239306 MS: 2 ChangeByte-CrossOver-
#1981	REDUCE cov: 1315 ft: 2281 corp: 113/13239Kb lim: 239306 exec/s: 660 rss: 402Mb L: 106859/239306 MS: 4 ChangeBinInt-InsertByte-ChangeBit-EraseBytes-
#2016	REDUCE cov: 1315 ft: 2281 corp: 113/13223Kb lim: 239306 exec/s: 672 rss: 402Mb L: 223252/239306 MS: 5 ShuffleBytes-CrossOver-CopyPart-ChangeASCIIInt-EraseBytes-
#2036	REDUCE cov: 1315 ft: 2281 corp: 113/13218Kb lim: 239306 exec/s: 678 rss: 402Mb L: 16784/239306 MS: 5 ChangeBinInt-ChangeBinInt-ChangeByte-ShuffleBytes-EraseBytes-
#2048	pulse  cov: 1315 ft: 2281 corp: 113/13218Kb lim: 239306 exec/s: 682 rss: 402Mb
#2063	REDUCE cov: 1315 ft: 2281 corp: 113/13161Kb lim: 239306 exec/s: 687 rss: 402Mb L: 178757/239306 MS: 2 ChangeASCIIInt-EraseBytes-
#2074	REDUCE cov: 1316 ft: 2287 corp: 114/13190Kb lim: 239306 exec/s: 691 rss: 402Mb L: 29758/239306 MS: 1 CrossOver-
#2085	NEW    cov: 1316 ft: 2288 corp: 115/13423Kb lim: 239306 exec/s: 695 rss: 402Mb L: 239306/239306 MS: 1 CopyPart-
#2086	REDUCE cov: 1316 ft: 2288 corp: 115/13421Kb lim: 239306 exec/s: 695 rss: 402Mb L: 13680/239306 MS: 1 EraseBytes-
#2093	NEW    cov: 1318 ft: 2290 corp: 116/13453Kb lim: 239306 exec/s: 697 rss: 402Mb L: 33113/239306 MS: 2 ChangeByte-PersAutoDict- DE: "\016\205J\207Z\3475\310"-
#2101	REDUCE cov: 1318 ft: 2297 corp: 117/13676Kb lim: 239306 exec/s: 700 rss: 407Mb L: 227731/239306 MS: 3 CopyPart-InsertRepeatedBytes-PersAutoDict- DE: "\007\000\000\000\000\000\000\000"-
#2238	REDUCE cov: 1318 ft: 2297 corp: 117/13662Kb lim: 239306 exec/s: 746 rss: 407Mb L: 185119/239306 MS: 2 InsertByte-EraseBytes-
#2244	NEW    cov: 1320 ft: 2300 corp: 118/13742Kb lim: 239306 exec/s: 748 rss: 407Mb L: 82037/239306 MS: 1 CrossOver-
#2262	REDUCE cov: 1320 ft: 2300 corp: 118/13698Kb lim: 239306 exec/s: 754 rss: 407Mb L: 172093/239306 MS: 3 CrossOver-ChangeBit-EraseBytes-
#2266	REDUCE cov: 1320 ft: 2300 corp: 118/13697Kb lim: 239306 exec/s: 755 rss: 407Mb L: 36289/239306 MS: 4 InsertRepeatedBytes-InsertRepeatedBytes-ChangeBinInt-EraseBytes-
#2272	REDUCE cov: 1320 ft: 2300 corp: 118/13669Kb lim: 239306 exec/s: 757 rss: 407Mb L: 53569/239306 MS: 1 EraseBytes-
#2292	NEW    cov: 1321 ft: 2301 corp: 119/13672Kb lim: 239306 exec/s: 764 rss: 407Mb L: 3287/239306 MS: 5 PersAutoDict-ChangeBinInt-InsertByte-ShuffleBytes-CMP- DE: "\001\000\000\003"-"\376\377\377\377\377\377\377\001"-
#2321	REDUCE cov: 1321 ft: 2301 corp: 119/13669Kb lim: 239306 exec/s: 773 rss: 407Mb L: 85142/239306 MS: 4 CrossOver-ShuffleBytes-InsertByte-EraseBytes-
#2361	NEW    cov: 1321 ft: 2305 corp: 120/13883Kb lim: 239306 exec/s: 787 rss: 407Mb L: 219707/239306 MS: 5 ChangeBit-CrossOver-EraseBytes-ChangeByte-CrossOver-
#2385	REDUCE cov: 1321 ft: 2305 corp: 120/13830Kb lim: 239306 exec/s: 795 rss: 407Mb L: 64663/239306 MS: 4 InsertByte-CMP-InsertByte-EraseBytes- DE: "\377\377\377\377"-
#2387	REDUCE cov: 1321 ft: 2305 corp: 120/13792Kb lim: 239306 exec/s: 795 rss: 407Mb L: 118505/239306 MS: 2 ChangeBinInt-EraseBytes-
#2407	NEW    cov: 1321 ft: 2306 corp: 121/13823Kb lim: 239306 exec/s: 802 rss: 407Mb L: 31450/239306 MS: 5 ChangeBit-EraseBytes-ChangeByte-InsertRepeatedBytes-CopyPart-
#2445	REDUCE cov: 1321 ft: 2306 corp: 121/13818Kb lim: 239306 exec/s: 815 rss: 407Mb L: 69715/239306 MS: 3 ChangeBit-ChangeASCIIInt-EraseBytes-
#2447	REDUCE cov: 1321 ft: 2306 corp: 121/13816Kb lim: 239306 exec/s: 815 rss: 407Mb L: 36446/239306 MS: 2 CMP-EraseBytes- DE: "\001\000\000\000\000\000\000\000"-
#2463	REDUCE cov: 1321 ft: 2306 corp: 121/13812Kb lim: 239306 exec/s: 821 rss: 407Mb L: 30888/239306 MS: 1 EraseBytes-
#2483	REDUCE cov: 1321 ft: 2306 corp: 121/13792Kb lim: 239306 exec/s: 827 rss: 407Mb L: 218310/239306 MS: 5 ChangeBinInt-CMP-CopyPart-CopyPart-EraseBytes- DE: "\000\000\000\000\000\000\000 "-
#2536	REDUCE cov: 1321 ft: 2306 corp: 121/13782Kb lim: 239306 exec/s: 845 rss: 407Mb L: 44942/239306 MS: 3 ChangeASCIIInt-ChangeByte-EraseBytes-
#2541	REDUCE cov: 1321 ft: 2306 corp: 121/13741Kb lim: 239306 exec/s: 847 rss: 407Mb L: 48655/239306 MS: 5 CMP-PersAutoDict-InsertRepeatedBytes-InsertByte-EraseBytes- DE: "\377\377\377\377"-"\002\377\377\377\377\377\377\377"-
#2617	NEW    cov: 1324 ft: 2309 corp: 122/13756Kb lim: 239306 exec/s: 872 rss: 411Mb L: 14692/239306 MS: 1 InsertByte-
#2632	REDUCE cov: 1324 ft: 2320 corp: 123/13812Kb lim: 239306 exec/s: 877 rss: 411Mb L: 57831/239306 MS: 5 CMP-InsertRepeatedBytes-CrossOver-ChangeASCIIInt-CopyPart- DE: "\000\000\000\000\000\000\000\000"-
#2635	REDUCE cov: 1324 ft: 2320 corp: 123/13809Kb lim: 239306 exec/s: 878 rss: 411Mb L: 30092/239306 MS: 3 ShuffleBytes-ChangeASCIIInt-EraseBytes-
#2657	NEW    cov: 1324 ft: 2321 corp: 124/13823Kb lim: 239306 exec/s: 885 rss: 411Mb L: 14501/239306 MS: 2 ShuffleBytes-EraseBytes-
#2683	REDUCE cov: 1324 ft: 2321 corp: 124/13814Kb lim: 239306 exec/s: 894 rss: 411Mb L: 80248/239306 MS: 1 EraseBytes-
#2689	REDUCE cov: 1324 ft: 2321 corp: 124/13800Kb lim: 239306 exec/s: 896 rss: 411Mb L: 41552/239306 MS: 1 EraseBytes-
#2701	REDUCE cov: 1324 ft: 2321 corp: 124/13747Kb lim: 239306 exec/s: 900 rss: 411Mb L: 91351/239306 MS: 2 ChangeByte-EraseBytes-
#2723	NEW    cov: 1324 ft: 2324 corp: 125/13945Kb lim: 239306 exec/s: 907 rss: 411Mb L: 203435/239306 MS: 2 ChangeByte-CopyPart-
#2790	REDUCE cov: 1324 ft: 2324 corp: 125/13934Kb lim: 239306 exec/s: 697 rss: 413Mb L: 18103/239306 MS: 2 PersAutoDict-EraseBytes- DE: "\001\000\000\003"-
#2801	REDUCE cov: 1324 ft: 2324 corp: 125/13870Kb lim: 239306 exec/s: 700 rss: 413Mb L: 157495/239306 MS: 1 EraseBytes-
#2836	REDUCE cov: 1324 ft: 2324 corp: 125/13843Kb lim: 239306 exec/s: 709 rss: 413Mb L: 88011/239306 MS: 5 ChangeByte-ChangeBit-ChangeByte-PersAutoDict-EraseBytes- DE: "\001\000\000\000\000\000\000\000"-
#2887	REDUCE cov: 1324 ft: 2328 corp: 126/14023Kb lim: 239306 exec/s: 721 rss: 413Mb L: 185092/239306 MS: 1 CrossOver-
#2888	REDUCE cov: 1324 ft: 2328 corp: 126/14014Kb lim: 239306 exec/s: 722 rss: 413Mb L: 22276/239306 MS: 1 EraseBytes-
#2895	REDUCE cov: 1324 ft: 2328 corp: 126/14011Kb lim: 239306 exec/s: 723 rss: 413Mb L: 214709/239306 MS: 2 CMP-EraseBytes- DE: "\016\377\377\377\377\377\377\377"-
#2899	REDUCE cov: 1324 ft: 2329 corp: 127/14121Kb lim: 239306 exec/s: 724 rss: 413Mb L: 112434/239306 MS: 4 InsertRepeatedBytes-CMP-InsertByte-CrossOver- DE: "\001\000"-
#2906	REDUCE cov: 1324 ft: 2329 corp: 127/14052Kb lim: 239306 exec/s: 726 rss: 413Mb L: 149267/239306 MS: 2 CMP-EraseBytes- DE: "\000\000\000\000"-
#2907	REDUCE cov: 1324 ft: 2329 corp: 127/13974Kb lim: 239306 exec/s: 726 rss: 413Mb L: 136093/239306 MS: 1 EraseBytes-
#2966	REDUCE cov: 1324 ft: 2329 corp: 127/13966Kb lim: 239306 exec/s: 741 rss: 413Mb L: 72293/239306 MS: 4 ChangeBinInt-CopyPart-PersAutoDict-EraseBytes- DE: "\000\000\000\000\377\377\377\377"-
#2975	REDUCE cov: 1324 ft: 2329 corp: 127/13904Kb lim: 239306 exec/s: 743 rss: 413Mb L: 134535/239306 MS: 4 ChangeASCIIInt-CMP-ChangeBit-EraseBytes- DE: "\377\377\377\377"-
#2997	REDUCE cov: 1324 ft: 2329 corp: 127/13884Kb lim: 239306 exec/s: 749 rss: 413Mb L: 37379/239306 MS: 2 InsertRepeatedBytes-EraseBytes-
#3005	NEW    cov: 1324 ft: 2330 corp: 128/13898Kb lim: 239306 exec/s: 751 rss: 413Mb L: 14510/239306 MS: 3 PersAutoDict-ChangeASCIIInt-InsertByte- DE: "\000\000\000\000\000\000\000 "-
#3013	REDUCE cov: 1324 ft: 2330 corp: 128/13892Kb lim: 239306 exec/s: 753 rss: 413Mb L: 8713/239306 MS: 3 InsertRepeatedBytes-ChangeASCIIInt-EraseBytes-
#3024	REDUCE cov: 1324 ft: 2330 corp: 128/13871Kb lim: 239306 exec/s: 756 rss: 413Mb L: 42388/239306 MS: 1 EraseBytes-
#3040	REDUCE cov: 1324 ft: 2330 corp: 128/13865Kb lim: 239306 exec/s: 760 rss: 413Mb L: 108180/239306 MS: 1 EraseBytes-
#3055	REDUCE cov: 1324 ft: 2330 corp: 128/13825Kb lim: 239306 exec/s: 763 rss: 413Mb L: 44563/239306 MS: 5 ChangeASCIIInt-PersAutoDict-PersAutoDict-ChangeBit-EraseBytes- DE: "\000\000\000\000\000\000\000\000"-"\001\000\000\000\000\000\000\000"-
#3116	REDUCE cov: 1324 ft: 2330 corp: 128/13821Kb lim: 239306 exec/s: 779 rss: 413Mb L: 26918/239306 MS: 1 EraseBytes-
#3157	REDUCE cov: 1324 ft: 2330 corp: 128/13815Kb lim: 239306 exec/s: 789 rss: 413Mb L: 38233/239306 MS: 1 EraseBytes-
#3176	REDUCE cov: 1324 ft: 2330 corp: 128/13798Kb lim: 239306 exec/s: 794 rss: 413Mb L: 18018/239306 MS: 4 ShuffleBytes-PersAutoDict-ChangeASCIIInt-EraseBytes- DE: "\001\000\000\000\000\000\000\004"-
#3178	NEW    cov: 1326 ft: 2418 corp: 129/13836Kb lim: 239306 exec/s: 794 rss: 413Mb L: 38296/239306 MS: 2 EraseBytes-CMP- DE: "\000\003"-
#3188	REDUCE cov: 1326 ft: 2418 corp: 129/13725Kb lim: 239306 exec/s: 797 rss: 413Mb L: 114938/239306 MS: 5 ChangeBit-ChangeASCIIInt-InsertByte-PersAutoDict-EraseBytes- DE: "\000\000\000\000\000\000\000d"-
#3190	NEW    cov: 1331 ft: 2427 corp: 130/13780Kb lim: 239306 exec/s: 797 rss: 413Mb L: 55610/239306 MS: 2 CopyPart-CMP- DE: "\257\000\000\000\000\000\000\000"-
#3213	NEW    cov: 1332 ft: 2428 corp: 131/13882Kb lim: 239306 exec/s: 803 rss: 413Mb L: 104436/239306 MS: 3 ChangeByte-CMP-CrossOver- DE: "\377\377\377\377"-
#3264	REDUCE cov: 1332 ft: 2428 corp: 131/13876Kb lim: 239306 exec/s: 816 rss: 415Mb L: 8427/239306 MS: 1 EraseBytes-
#3318	REDUCE cov: 1332 ft: 2428 corp: 131/13868Kb lim: 239306 exec/s: 829 rss: 415Mb L: 9575/239306 MS: 4 CopyPart-ChangeBinInt-InsertByte-EraseBytes-
#3324	REDUCE cov: 1332 ft: 2428 corp: 131/13850Kb lim: 239306 exec/s: 831 rss: 415Mb L: 58308/239306 MS: 1 EraseBytes-
#3348	REDUCE cov: 1332 ft: 2428 corp: 131/13812Kb lim: 239306 exec/s: 837 rss: 415Mb L: 57285/239306 MS: 4 CrossOver-ChangeASCIIInt-ChangeBit-EraseBytes-
#3380	REDUCE cov: 1332 ft: 2428 corp: 131/13797Kb lim: 239306 exec/s: 845 rss: 415Mb L: 22296/239306 MS: 2 ShuffleBytes-EraseBytes-
#3383	REDUCE cov: 1332 ft: 2428 corp: 131/13772Kb lim: 239306 exec/s: 845 rss: 415Mb L: 84146/239306 MS: 3 ChangeBit-ChangeBit-EraseBytes-
#3396	REDUCE cov: 1332 ft: 2428 corp: 131/13711Kb lim: 239306 exec/s: 849 rss: 415Mb L: 109502/239306 MS: 3 CopyPart-CMP-CrossOver- DE: "\000\000\000\000\000\000\000\000"-
#3404	REDUCE cov: 1332 ft: 2428 corp: 131/13681Kb lim: 239306 exec/s: 851 rss: 415Mb L: 79490/239306 MS: 3 ShuffleBytes-ChangeByte-EraseBytes-
#3450	REDUCE cov: 1332 ft: 2428 corp: 131/13671Kb lim: 239306 exec/s: 862 rss: 415Mb L: 44554/239306 MS: 1 EraseBytes-
	NEW_FUNC[1/1]: 0x558e9df27ab0  (/home/runner/work/hc-stark/hc-stark/raw-reports/cargo-target/x86_64-unknown-linux-gnu/release/plonky3_proof_bytes_v1+0x25bab0) (BuildId: 93b0a3be9bf8948c6041fb18af8421d78e04255e)
#3456	REDUCE cov: 1335 ft: 2433 corp: 132/13793Kb lim: 239306 exec/s: 864 rss: 415Mb L: 125881/239306 MS: 1 CrossOver-
#3459	REDUCE cov: 1335 ft: 2435 corp: 133/13798Kb lim: 239306 exec/s: 864 rss: 415Mb L: 4615/239306 MS: 3 InsertByte-ChangeBit-EraseBytes-
#3466	REDUCE cov: 1335 ft: 2435 corp: 133/13777Kb lim: 239306 exec/s: 866 rss: 415Mb L: 27067/239306 MS: 2 PersAutoDict-EraseBytes- DE: "\000\000"-
#3478	REDUCE cov: 1335 ft: 2435 corp: 133/13772Kb lim: 239306 exec/s: 869 rss: 415Mb L: 74443/239306 MS: 2 ChangeByte-EraseBytes-
#3501	REDUCE cov: 1336 ft: 2436 corp: 134/13831Kb lim: 239306 exec/s: 875 rss: 415Mb L: 60600/239306 MS: 3 CrossOver-ChangeASCIIInt-PersAutoDict- DE: "\016\377\377\377\377\377\377\377"-
#3536	REDUCE cov: 1336 ft: 2436 corp: 134/13821Kb lim: 239306 exec/s: 884 rss: 415Mb L: 81240/239306 MS: 5 ShuffleBytes-PersAutoDict-InsertByte-ChangeBinInt-EraseBytes- DE: "\001\000\000\000"-
#3544	REDUCE cov: 1336 ft: 2436 corp: 134/13806Kb lim: 239306 exec/s: 886 rss: 415Mb L: 66260/239306 MS: 3 ShuffleBytes-ChangeASCIIInt-EraseBytes-
#3631	REDUCE cov: 1336 ft: 2436 corp: 134/13801Kb lim: 239306 exec/s: 907 rss: 415Mb L: 33115/239306 MS: 2 ChangeBinInt-EraseBytes-
#3637	REDUCE cov: 1336 ft: 2436 corp: 134/13743Kb lim: 239306 exec/s: 909 rss: 415Mb L: 63999/239306 MS: 1 EraseBytes-
#3663	REDUCE cov: 1336 ft: 2436 corp: 134/13698Kb lim: 239306 exec/s: 915 rss: 415Mb L: 141080/239306 MS: 1 EraseBytes-
#3664	REDUCE cov: 1336 ft: 2436 corp: 134/13698Kb lim: 239306 exec/s: 916 rss: 415Mb L: 23603/239306 MS: 1 EraseBytes-
#3701	REDUCE cov: 1336 ft: 2436 corp: 134/13628Kb lim: 239306 exec/s: 925 rss: 415Mb L: 34688/239306 MS: 2 ChangeBit-CrossOver-
#3789	REDUCE cov: 1336 ft: 2436 corp: 134/13557Kb lim: 239306 exec/s: 757 rss: 415Mb L: 116431/239306 MS: 3 ChangeByte-InsertByte-EraseBytes-
#3800	REDUCE cov: 1336 ft: 2436 corp: 134/13552Kb lim: 239306 exec/s: 760 rss: 415Mb L: 11595/239306 MS: 1 EraseBytes-
#3806	REDUCE cov: 1336 ft: 2436 corp: 134/13549Kb lim: 239306 exec/s: 761 rss: 415Mb L: 30430/239306 MS: 1 EraseBytes-
#3808	REDUCE cov: 1336 ft: 2436 corp: 134/13522Kb lim: 239306 exec/s: 761 rss: 415Mb L: 53350/239306 MS: 2 CopyPart-EraseBytes-
#3811	REDUCE cov: 1336 ft: 2436 corp: 134/13502Kb lim: 239306 exec/s: 762 rss: 415Mb L: 152934/239306 MS: 3 ChangeBit-ShuffleBytes-EraseBytes-
#3822	REDUCE cov: 1337 ft: 2437 corp: 135/13531Kb lim: 239306 exec/s: 764 rss: 415Mb L: 30092/239306 MS: 1 PersAutoDict- DE: "\377\377\377\377\377\377\377\377"-
#3831	REDUCE cov: 1337 ft: 2437 corp: 135/13528Kb lim: 239306 exec/s: 766 rss: 415Mb L: 10151/239306 MS: 4 ChangeByte-ChangeByte-ChangeBit-EraseBytes-
#3842	NEW    cov: 1339 ft: 2439 corp: 136/13700Kb lim: 239306 exec/s: 768 rss: 415Mb L: 177031/239306 MS: 1 CrossOver-
#3879	REDUCE cov: 1339 ft: 2439 corp: 136/13678Kb lim: 239306 exec/s: 775 rss: 415Mb L: 41274/239306 MS: 2 ChangeASCIIInt-EraseBytes-
#3894	NEW    cov: 1339 ft: 2440 corp: 137/13752Kb lim: 239306 exec/s: 778 rss: 415Mb L: 75982/239306 MS: 5 EraseBytes-CrossOver-CrossOver-EraseBytes-InsertRepeatedBytes-
#3899	REDUCE cov: 1339 ft: 2440 corp: 137/13750Kb lim: 239306 exec/s: 779 rss: 415Mb L: 27521/239306 MS: 5 CrossOver-ChangeASCIIInt-ChangeByte-PersAutoDict-EraseBytes- DE: "\001\000"-
#3900	REDUCE cov: 1339 ft: 2440 corp: 137/13747Kb lim: 239306 exec/s: 780 rss: 415Mb L: 175986/239306 MS: 1 EraseBytes-
#3922	REDUCE cov: 1339 ft: 2440 corp: 137/13747Kb lim: 239306 exec/s: 784 rss: 415Mb L: 3171/239306 MS: 2 CMP-EraseBytes- DE: "UUUUUUU\005"-
#4038	REDUCE cov: 1339 ft: 2440 corp: 137/13715Kb lim: 239306 exec/s: 807 rss: 415Mb L: 178966/239306 MS: 1 EraseBytes-
#4056	REDUCE cov: 1339 ft: 2440 corp: 137/13699Kb lim: 239306 exec/s: 811 rss: 415Mb L: 67748/239306 MS: 3 CMP-PersAutoDict-EraseBytes- DE: "\000\000\000\000\377\377\377\377"-"\002\377\377\377\377\377\377\377"-
#4096	pulse  cov: 1339 ft: 2440 corp: 137/13699Kb lim: 239306 exec/s: 819 rss: 415Mb
#4129	REDUCE cov: 1339 ft: 2440 corp: 137/13691Kb lim: 239306 exec/s: 825 rss: 415Mb L: 48685/239306 MS: 3 ShuffleBytes-InsertByte-EraseBytes-
#4221	REDUCE cov: 1339 ft: 2440 corp: 137/13680Kb lim: 239306 exec/s: 844 rss: 415Mb L: 12774/239306 MS: 2 EraseBytes-ChangeBinInt-
#4237	REDUCE cov: 1339 ft: 2440 corp: 137/13672Kb lim: 239306 exec/s: 847 rss: 416Mb L: 18918/239306 MS: 1 EraseBytes-
#4347	REDUCE cov: 1339 ft: 2440 corp: 137/13667Kb lim: 239306 exec/s: 869 rss: 422Mb L: 28331/239306 MS: 5 ChangeBinInt-ChangeBinInt-ChangeByte-PersAutoDict-EraseBytes- DE: "\000\000\000\000\377\377\377\377"-
#4359	REDUCE cov: 1339 ft: 2440 corp: 137/13652Kb lim: 239306 exec/s: 871 rss: 423Mb L: 52104/239306 MS: 2 ShuffleBytes-EraseBytes-
#4406	REDUCE cov: 1339 ft: 2440 corp: 137/13632Kb lim: 239306 exec/s: 881 rss: 426Mb L: 45967/239306 MS: 2 ChangeBit-EraseBytes-
#4425	REDUCE cov: 1339 ft: 2440 corp: 137/13629Kb lim: 239306 exec/s: 885 rss: 426Mb L: 60922/239306 MS: 4 ShuffleBytes-InsertByte-CrossOver-PersAutoDict- DE: "TUUUUUU\005"-
#4431	REDUCE cov: 1339 ft: 2440 corp: 137/13629Kb lim: 239306 exec/s: 886 rss: 426Mb L: 3898/239306 MS: 1 EraseBytes-
#4462	NEW    cov: 1340 ft: 2441 corp: 138/13631Kb lim: 239306 exec/s: 892 rss: 426Mb L: 2427/239306 MS: 1 EraseBytes-
#4500	REDUCE cov: 1340 ft: 2441 corp: 138/13608Kb lim: 239306 exec/s: 900 rss: 426Mb L: 112386/239306 MS: 3 ChangeByte-ChangeByte-EraseBytes-
#4526	REDUCE cov: 1342 ft: 2443 corp: 139/13653Kb lim: 239306 exec/s: 905 rss: 426Mb L: 45967/239306 MS: 1 CopyPart-
#4537	REDUCE cov: 1342 ft: 2443 corp: 139/13644Kb lim: 239306 exec/s: 907 rss: 426Mb L: 35289/239306 MS: 1 EraseBytes-
#4543	REDUCE cov: 1342 ft: 2443 corp: 139/13641Kb lim: 239306 exec/s: 908 rss: 426Mb L: 27639/239306 MS: 1 EraseBytes-
#4552	REDUCE cov: 1342 ft: 2443 corp: 139/13592Kb lim: 239306 exec/s: 910 rss: 426Mb L: 126334/239306 MS: 4 ChangeBinInt-ChangeBit-ShuffleBytes-EraseBytes-
#4558	REDUCE cov: 1342 ft: 2443 corp: 139/13583Kb lim: 239306 exec/s: 911 rss: 426Mb L: 49183/239306 MS: 1 EraseBytes-
#4563	REDUCE cov: 1342 ft: 2443 corp: 139/13578Kb lim: 239306 exec/s: 912 rss: 426Mb L: 13942/239306 MS: 5 CopyPart-InsertRepeatedBytes-InsertRepeatedBytes-CMP-CrossOver- DE: "M\000\000\000\000\000\000\000"-
#4629	REDUCE cov: 1342 ft: 2443 corp: 139/13521Kb lim: 239306 exec/s: 925 rss: 426Mb L: 117982/239306 MS: 1 EraseBytes-
#4631	REDUCE cov: 1342 ft: 2443 corp: 139/13506Kb lim: 239306 exec/s: 926 rss: 426Mb L: 22231/239306 MS: 2 ShuffleBytes-EraseBytes-
#4633	REDUCE cov: 1342 ft: 2443 corp: 139/13487Kb lim: 239306 exec/s: 926 rss: 426Mb L: 93189/239306 MS: 2 ChangeASCIIInt-EraseBytes-
#4694	REDUCE cov: 1342 ft: 2443 corp: 139/13466Kb lim: 239306 exec/s: 938 rss: 426Mb L: 119568/239306 MS: 1 EraseBytes-
#4743	REDUCE cov: 1342 ft: 2443 corp: 139/13463Kb lim: 239306 exec/s: 790 rss: 426Mb L: 9304/239306 MS: 4 InsertRepeatedBytes-ShuffleBytes-InsertByte-EraseBytes-
#4744	REDUCE cov: 1342 ft: 2443 corp: 139/13462Kb lim: 239306 exec/s: 790 rss: 426Mb L: 25915/239306 MS: 1 EraseBytes-
#4745	REDUCE cov: 1342 ft: 2443 corp: 139/13452Kb lim: 239306 exec/s: 790 rss: 426Mb L: 42589/239306 MS: 1 EraseBytes-
#4780	REDUCE cov: 1342 ft: 2443 corp: 139/13443Kb lim: 239306 exec/s: 796 rss: 426Mb L: 169763/239306 MS: 5 ChangeBit-ChangeBinInt-ChangeBit-ChangeByte-EraseBytes-
#4786	REDUCE cov: 1342 ft: 2443 corp: 139/13433Kb lim: 239306 exec/s: 797 rss: 426Mb L: 35042/239306 MS: 1 EraseBytes-
#4812	REDUCE cov: 1342 ft: 2443 corp: 139/13430Kb lim: 239306 exec/s: 802 rss: 426Mb L: 8280/239306 MS: 1 EraseBytes-
#4828	REDUCE cov: 1342 ft: 2443 corp: 139/13423Kb lim: 239306 exec/s: 804 rss: 426Mb L: 27790/239306 MS: 1 EraseBytes-
#4841	NEW    cov: 1342 ft: 2446 corp: 140/13431Kb lim: 239306 exec/s: 806 rss: 426Mb L: 7615/239306 MS: 3 EraseBytes-EraseBytes-PersAutoDict- DE: "/Z\014o\263%\000\000"-
#4926	REDUCE cov: 1342 ft: 2446 corp: 140/13402Kb lim: 239306 exec/s: 821 rss: 426Mb L: 40880/239306 MS: 5 ChangeByte-ChangeBit-CMP-ChangeBinInt-EraseBytes- DE: "\001\000\000\000\000\000\000\000"-
#4951	REDUCE cov: 1342 ft: 2446 corp: 140/13400Kb lim: 239306 exec/s: 825 rss: 426Mb L: 33822/239306 MS: 5 CrossOver-CopyPart-InsertByte-ChangeByte-EraseBytes-
#5049	REDUCE cov: 1342 ft: 2446 corp: 140/13341Kb lim: 239306 exec/s: 841 rss: 426Mb L: 65532/239306 MS: 3 ChangeByte-ChangeBit-CrossOver-
#5062	REDUCE cov: 1342 ft: 2446 corp: 140/13325Kb lim: 239306 exec/s: 843 rss: 426Mb L: 34531/239306 MS: 3 CrossOver-ChangeBinInt-EraseBytes-
#5077	REDUCE cov: 1342 ft: 2446 corp: 140/13318Kb lim: 239306 exec/s: 846 rss: 426Mb L: 15239/239306 MS: 5 ChangeBinInt-ShuffleBytes-InsertByte-PersAutoDict-EraseBytes- DE: "UUUUUUU\005"-
#5083	REDUCE cov: 1342 ft: 2446 corp: 140/13274Kb lim: 239306 exec/s: 847 rss: 426Mb L: 107362/239306 MS: 1 EraseBytes-
#5086	REDUCE cov: 1342 ft: 2446 corp: 140/13246Kb lim: 239306 exec/s: 847 rss: 426Mb L: 31196/239306 MS: 3 InsertByte-ChangeASCIIInt-EraseBytes-
#5089	REDUCE cov: 1342 ft: 2446 corp: 140/13243Kb lim: 239306 exec/s: 848 rss: 426Mb L: 5324/239306 MS: 3 ChangeASCIIInt-ChangeBinInt-EraseBytes-
#5094	REDUCE cov: 1342 ft: 2447 corp: 141/13361Kb lim: 239306 exec/s: 849 rss: 426Mb L: 120494/239306 MS: 5 CopyPart-ChangeByte-CMP-PersAutoDict-CMP- DE: "\001\000\000\000"-"\002\377\377\377\377\377\377\377"-"\377\377\377\377\377\377\377\377"-
#5240	REDUCE cov: 1344 ft: 2449 corp: 142/13514Kb lim: 239306 exec/s: 873 rss: 426Mb L: 157503/239306 MS: 1 PersAutoDict- DE: "\016\377\377\377\377\377\377\377"-
#5261	REDUCE cov: 1344 ft: 2449 corp: 142/13513Kb lim: 239306 exec/s: 876 rss: 426Mb L: 2333/239306 MS: 1 EraseBytes-
#5279	REDUCE cov: 1344 ft: 2449 corp: 142/13513Kb lim: 239306 exec/s: 879 rss: 426Mb L: 33976/239306 MS: 3 CMP-InsertByte-EraseBytes- DE: "\000\000\000\000\000\000\000\001"-
#5310	NEW    cov: 1345 ft: 2450 corp: 143/13615Kb lim: 239306 exec/s: 885 rss: 426Mb L: 104436/239306 MS: 1 ChangeByte-
#5340	NEW    cov: 1347 ft: 2452 corp: 144/13784Kb lim: 239306 exec/s: 890 rss: 426Mb L: 173446/239306 MS: 5 CopyPart-EraseBytes-CrossOver-CopyPart-CMP- DE: "\001\000"-
#5360	REDUCE cov: 1347 ft: 2452 corp: 144/13781Kb lim: 239306 exec/s: 893 rss: 426Mb L: 39257/239306 MS: 5 InsertByte-CrossOver-ChangeASCIIInt-ChangeBinInt-EraseBytes-
#5416	REDUCE cov: 1347 ft: 2452 corp: 144/13769Kb lim: 239306 exec/s: 902 rss: 426Mb L: 181451/239306 MS: 1 EraseBytes-
#5424	REDUCE cov: 1347 ft: 2452 corp: 144/13761Kb lim: 239306 exec/s: 904 rss: 426Mb L: 9661/239306 MS: 3 CrossOver-CrossOver-EraseBytes-
#5431	REDUCE cov: 1347 ft: 2452 corp: 144/13749Kb lim: 239306 exec/s: 905 rss: 426Mb L: 137126/239306 MS: 2 InsertByte-EraseBytes-
#5522	REDUCE cov: 1347 ft: 2452 corp: 144/13742Kb lim: 239306 exec/s: 920 rss: 426Mb L: 24033/239306 MS: 1 EraseBytes-
#5534	NEW    cov: 1347 ft: 2454 corp: 145/13851Kb lim: 239306 exec/s: 922 rss: 426Mb L: 111540/239306 MS: 2 ChangeByte-CrossOver-
#5630	REDUCE cov: 1347 ft: 2454 corp: 145/13840Kb lim: 239306 exec/s: 938 rss: 426Mb L: 42369/239306 MS: 1 EraseBytes-
#5649	REDUCE cov: 1347 ft: 2454 corp: 145/13835Kb lim: 239306 exec/s: 941 rss: 426Mb L: 60270/239306 MS: 4 PersAutoDict-ChangeBit-ChangeASCIIInt-EraseBytes- DE: "\001\000\000\000\000\000\000\004"-
#5650	NEW    cov: 1348 ft: 2455 corp: 146/14069Kb lim: 239306 exec/s: 941 rss: 426Mb L: 239306/239306 MS: 1 ChangeByte-
#5710	REDUCE cov: 1348 ft: 2455 corp: 146/14069Kb lim: 239306 exec/s: 951 rss: 426Mb L: 3746/239306 MS: 5 ShuffleBytes-ChangeASCIIInt-ChangeASCIIInt-ChangeByte-EraseBytes-
#5712	REDUCE cov: 1348 ft: 2455 corp: 146/14065Kb lim: 239306 exec/s: 952 rss: 426Mb L: 5874/239306 MS: 2 CopyPart-EraseBytes-
#5734	REDUCE cov: 1348 ft: 2455 corp: 146/14002Kb lim: 239306 exec/s: 955 rss: 426Mb L: 88328/239306 MS: 2 CopyPart-CrossOver-
#5764	REDUCE cov: 1348 ft: 2455 corp: 146/13958Kb lim: 239306 exec/s: 823 rss: 426Mb L: 146973/239306 MS: 5 ChangeByte-ChangeBinInt-CopyPart-PersAutoDict-EraseBytes- DE: "\377\377\377\377\377\377\377\377"-
#5822	REDUCE cov: 1348 ft: 2456 corp: 147/13998Kb lim: 239306 exec/s: 831 rss: 426Mb L: 41741/239306 MS: 3 ChangeASCIIInt-ChangeBit-InsertRepeatedBytes-
#5903	NEW    cov: 1348 ft: 2460 corp: 148/14053Kb lim: 239306 exec/s: 843 rss: 426Mb L: 55602/239306 MS: 1 CMP- DE: "\001\000\000\000\000\000\000M"-
#5911	REDUCE cov: 1348 ft: 2460 corp: 148/14034Kb lim: 239306 exec/s: 844 rss: 426Mb L: 159430/239306 MS: 3 ShuffleBytes-ChangeASCIIInt-EraseBytes-
#5935	REDUCE cov: 1348 ft: 2460 corp: 148/14029Kb lim: 239306 exec/s: 847 rss: 426Mb L: 28093/239306 MS: 4 InsertRepeatedBytes-ChangeASCIIInt-CopyPart-EraseBytes-
#5964	REDUCE cov: 1348 ft: 2460 corp: 148/13882Kb lim: 239306 exec/s: 852 rss: 426Mb L: 47252/239306 MS: 4 CrossOver-InsertRepeatedBytes-ChangeBit-CrossOver-
#6015	REDUCE cov: 1348 ft: 2461 corp: 149/13942Kb lim: 239306 exec/s: 859 rss: 430Mb L: 60922/239306 MS: 1 PersAutoDict- DE: "\376\377\377\377\377\377\377\001"-
#6118	REDUCE cov: 1348 ft: 2461 corp: 149/13930Kb lim: 239306 exec/s: 874 rss: 434Mb L: 15483/239306 MS: 3 CopyPart-InsertByte-EraseBytes-
#6127	REDUCE cov: 1348 ft: 2461 corp: 149/13920Kb lim: 239306 exec/s: 875 rss: 434Mb L: 24360/239306 MS: 4 PersAutoDict-CMP-InsertRepeatedBytes-EraseBytes- DE: "/Z\014o\263%\000\000"-"\377\377\377\377"-
#6194	REDUCE cov: 1348 ft: 2461 corp: 149/13911Kb lim: 239306 exec/s: 884 rss: 434Mb L: 38822/239306 MS: 2 ShuffleBytes-EraseBytes-
#6196	REDUCE cov: 1348 ft: 2461 corp: 149/13906Kb lim: 239306 exec/s: 885 rss: 434Mb L: 19869/239306 MS: 2 ShuffleBytes-EraseBytes-
#6203	REDUCE cov: 1348 ft: 2461 corp: 149/13865Kb lim: 239306 exec/s: 886 rss: 434Mb L: 69287/239306 MS: 2 ChangeByte-EraseBytes-
#6253	REDUCE cov: 1348 ft: 2461 corp: 149/13767Kb lim: 239306 exec/s: 893 rss: 434Mb L: 102985/239306 MS: 5 ChangeASCIIInt-InsertRepeatedBytes-ChangeBit-CopyPart-EraseBytes-
#6264	REDUCE cov: 1348 ft: 2461 corp: 149/13711Kb lim: 239306 exec/s: 894 rss: 434Mb L: 58503/239306 MS: 1 EraseBytes-
#6277	REDUCE cov: 1348 ft: 2461 corp: 149/13708Kb lim: 239306 exec/s: 896 rss: 434Mb L: 44645/239306 MS: 3 ChangeASCIIInt-ChangeASCIIInt-CrossOver-
#6283	REDUCE cov: 1348 ft: 2461 corp: 149/13697Kb lim: 239306 exec/s: 897 rss: 434Mb L: 46886/239306 MS: 1 EraseBytes-
#6284	NEW    cov: 1350 ft: 2463 corp: 150/13766Kb lim: 239306 exec/s: 897 rss: 434Mb L: 70741/239306 MS: 1 EraseBytes-
#6321	REDUCE cov: 1351 ft: 2464 corp: 151/13767Kb lim: 239306 exec/s: 903 rss: 434Mb L: 1287/239306 MS: 2 ChangeASCIIInt-EraseBytes-
#6342	NEW    cov: 1352 ft: 2465 corp: 152/13793Kb lim: 239306 exec/s: 906 rss: 434Mb L: 26995/239306 MS: 1 CrossOver-
#6353	REDUCE cov: 1352 ft: 2465 corp: 152/13786Kb lim: 239306 exec/s: 907 rss: 434Mb L: 10795/239306 MS: 1 EraseBytes-
#6392	NEW    cov: 1352 ft: 2466 corp: 153/13865Kb lim: 239306 exec/s: 913 rss: 434Mb L: 80957/239306 MS: 4 ChangeASCIIInt-CMP-ChangeBit-EraseBytes- DE: "\377\377"-
#6394	REDUCE cov: 1352 ft: 2466 corp: 153/13855Kb lim: 239306 exec/s: 913 rss: 434Mb L: 24997/239306 MS: 2 ChangeBit-EraseBytes-
#6406	REDUCE cov: 1352 ft: 2466 corp: 153/13840Kb lim: 239306 exec/s: 915 rss: 434Mb L: 25732/239306 MS: 2 ChangeByte-EraseBytes-
#6440	REDUCE cov: 1356 ft: 2471 corp: 154/13843Kb lim: 239306 exec/s: 920 rss: 434Mb L: 3205/239306 MS: 4 CopyPart-PersAutoDict-ChangeByte-PersAutoDict- DE: "\001\000\000\000"-"\000\000\000\000\000\000\000 "-
#6631	REDUCE cov: 1356 ft: 2471 corp: 154/13817Kb lim: 239306 exec/s: 947 rss: 434Mb L: 44285/239306 MS: 1 EraseBytes-
#6660	REDUCE cov: 1356 ft: 2471 corp: 154/13809Kb lim: 239306 exec/s: 951 rss: 434Mb L: 17020/239306 MS: 4 CopyPart-ShuffleBytes-ChangeASCIIInt-EraseBytes-
#6683	REDUCE cov: 1356 ft: 2471 corp: 154/13780Kb lim: 239306 exec/s: 954 rss: 434Mb L: 155979/239306 MS: 3 InsertRepeatedBytes-InsertByte-EraseBytes-
#6727	REDUCE cov: 1356 ft: 2471 corp: 154/13773Kb lim: 239306 exec/s: 961 rss: 434Mb L: 19393/239306 MS: 4 ChangeBit-ChangeByte-ChangeBinInt-EraseBytes-
#6799	REDUCE cov: 1357 ft: 2474 corp: 155/13778Kb lim: 239306 exec/s: 971 rss: 434Mb L: 4791/239306 MS: 2 EraseBytes-EraseBytes-
#6801	REDUCE cov: 1359 ft: 2476 corp: 156/13930Kb lim: 239306 exec/s: 971 rss: 434Mb L: 156287/239306 MS: 2 ShuffleBytes-CMP- DE: "\001\000"-
#6832	REDUCE cov: 1359 ft: 2476 corp: 156/13920Kb lim: 239306 exec/s: 854 rss: 434Mb L: 17015/239306 MS: 1 EraseBytes-
#6834	REDUCE cov: 1359 ft: 2476 corp: 156/13917Kb lim: 239306 exec/s: 854 rss: 434Mb L: 24115/239306 MS: 2 EraseBytes-PersAutoDict- DE: "\000\000\000\000\000\000\000 "-
#6840	REDUCE cov: 1359 ft: 2486 corp: 157/14043Kb lim: 239306 exec/s: 855 rss: 434Mb L: 129166/239306 MS: 1 InsertRepeatedBytes-
#6858	REDUCE cov: 1359 ft: 2486 corp: 157/14033Kb lim: 239306 exec/s: 857 rss: 434Mb L: 63718/239306 MS: 3 ChangeBinInt-ChangeBit-EraseBytes-
#6914	REDUCE cov: 1359 ft: 2486 corp: 157/14024Kb lim: 239306 exec/s: 864 rss: 434Mb L: 10736/239306 MS: 1 EraseBytes-
#6915	REDUCE cov: 1359 ft: 2486 corp: 157/14016Kb lim: 239306 exec/s: 864 rss: 434Mb L: 8957/239306 MS: 1 EraseBytes-
#6921	REDUCE cov: 1359 ft: 2486 corp: 157/14015Kb lim: 239306 exec/s: 865 rss: 434Mb L: 7359/239306 MS: 1 EraseBytes-
#6986	REDUCE cov: 1359 ft: 2486 corp: 157/13984Kb lim: 239306 exec/s: 873 rss: 434Mb L: 41067/239306 MS: 5 InsertRepeatedBytes-CrossOver-InsertByte-ChangeByte-EraseBytes-
#6994	REDUCE cov: 1359 ft: 2486 corp: 157/13908Kb lim: 239306 exec/s: 874 rss: 434Mb L: 150811/239306 MS: 3 ChangeASCIIInt-ChangeBit-EraseBytes-
#7002	REDUCE cov: 1359 ft: 2486 corp: 157/13905Kb lim: 239306 exec/s: 875 rss: 434Mb L: 7718/239306 MS: 3 InsertRepeatedBytes-ShuffleBytes-EraseBytes-
#7028	REDUCE cov: 1359 ft: 2486 corp: 157/13894Kb lim: 239306 exec/s: 878 rss: 434Mb L: 228702/239306 MS: 1 EraseBytes-
#7052	REDUCE cov: 1359 ft: 2486 corp: 157/13793Kb lim: 239306 exec/s: 881 rss: 434Mb L: 89305/239306 MS: 4 CrossOver-CrossOver-EraseBytes-EraseBytes-
#7113	REDUCE cov: 1359 ft: 2486 corp: 157/13767Kb lim: 239306 exec/s: 889 rss: 434Mb L: 54122/239306 MS: 1 EraseBytes-
#7145	REDUCE cov: 1359 ft: 2486 corp: 157/13734Kb lim: 239306 exec/s: 893 rss: 434Mb L: 46419/239306 MS: 2 CrossOver-EraseBytes-
#7163	REDUCE cov: 1359 ft: 2486 corp: 157/13729Kb lim: 239306 exec/s: 895 rss: 434Mb L: 168282/239306 MS: 3 ChangeBinInt-CopyPart-CrossOver-
#7176	REDUCE cov: 1359 ft: 2486 corp: 157/13725Kb lim: 239306 exec/s: 897 rss: 434Mb L: 12899/239306 MS: 3 ChangeBinInt-PersAutoDict-EraseBytes- DE: "\000\000\000\000\000\000\000d"-
#7193	REDUCE cov: 1359 ft: 2486 corp: 157/13715Kb lim: 239306 exec/s: 899 rss: 434Mb L: 14489/239306 MS: 2 PersAutoDict-EraseBytes- DE: "\000\000"-
#7273	REDUCE cov: 1359 ft: 2486 corp: 157/13643Kb lim: 239306 exec/s: 909 rss: 434Mb L: 93253/239306 MS: 5 PersAutoDict-ChangeByte-CrossOver-ChangeBit-EraseBytes- DE: "\377\377"-
#7279	REDUCE cov: 1359 ft: 2486 corp: 157/13626Kb lim: 239306 exec/s: 909 rss: 434Mb L: 17248/239306 MS: 1 EraseBytes-
#7295	REDUCE cov: 1359 ft: 2486 corp: 157/13549Kb lim: 239306 exec/s: 911 rss: 434Mb L: 123287/239306 MS: 1 EraseBytes-
#7306	REDUCE cov: 1359 ft: 2486 corp: 157/13537Kb lim: 239306 exec/s: 913 rss: 434Mb L: 107027/239306 MS: 1 EraseBytes-
#7387	REDUCE cov: 1359 ft: 2486 corp: 157/13535Kb lim: 239306 exec/s: 923 rss: 434Mb L: 6144/239306 MS: 1 EraseBytes-
#7397	REDUCE cov: 1359 ft: 2486 corp: 157/13482Kb lim: 239306 exec/s: 924 rss: 434Mb L: 113941/239306 MS: 5 ChangeByte-ChangeBinInt-InsertRepeatedBytes-ShuffleBytes-EraseBytes-
#7510	REDUCE cov: 1359 ft: 2486 corp: 157/13406Kb lim: 239306 exec/s: 938 rss: 434Mb L: 107304/239306 MS: 3 ChangeASCIIInt-PersAutoDict-EraseBytes- DE: "\001\000\000\000\000\000\000\000"-
#7531	REDUCE cov: 1359 ft: 2486 corp: 157/13396Kb lim: 239306 exec/s: 941 rss: 434Mb L: 17772/239306 MS: 1 EraseBytes-
#7543	REDUCE cov: 1359 ft: 2486 corp: 157/13376Kb lim: 239306 exec/s: 942 rss: 434Mb L: 135334/239306 MS: 2 CopyPart-EraseBytes-
#7582	REDUCE cov: 1359 ft: 2486 corp: 157/13373Kb lim: 239306 exec/s: 947 rss: 434Mb L: 6684/239306 MS: 4 ChangeASCIIInt-ChangeBinInt-InsertByte-EraseBytes-
#7603	REDUCE cov: 1359 ft: 2486 corp: 157/13335Kb lim: 239306 exec/s: 950 rss: 440Mb L: 108736/239306 MS: 1 EraseBytes-
#7742	REDUCE cov: 1359 ft: 2486 corp: 157/13323Kb lim: 239306 exec/s: 967 rss: 443Mb L: 38592/239306 MS: 4 ChangeBinInt-CMP-ChangeByte-EraseBytes- DE: "\000\000"-
#7761	REDUCE cov: 1359 ft: 2486 corp: 157/13293Kb lim: 239306 exec/s: 970 rss: 443Mb L: 88084/239306 MS: 4 PersAutoDict-ChangeBinInt-ChangeBinInt-EraseBytes- DE: "\000\000\000\000"-
#7810	REDUCE cov: 1359 ft: 2486 corp: 157/13283Kb lim: 239306 exec/s: 976 rss: 443Mb L: 43052/239306 MS: 4 InsertRepeatedBytes-ShuffleBytes-InsertByte-EraseBytes-
#7817	REDUCE cov: 1359 ft: 2486 corp: 157/13272Kb lim: 239306 exec/s: 977 rss: 443Mb L: 14330/239306 MS: 2 CopyPart-EraseBytes-
#7838	REDUCE cov: 1359 ft: 2486 corp: 157/13268Kb lim: 239306 exec/s: 979 rss: 443Mb L: 10637/239306 MS: 1 EraseBytes-
#7850	REDUCE cov: 1359 ft: 2486 corp: 157/13241Kb lim: 239306 exec/s: 981 rss: 443Mb L: 35682/239306 MS: 2 ChangeBit-EraseBytes-
#7857	REDUCE cov: 1359 ft: 2486 corp: 157/13240Kb lim: 239306 exec/s: 982 rss: 443Mb L: 10309/239306 MS: 2 InsertRepeatedBytes-EraseBytes-
#7908	REDUCE cov: 1359 ft: 2486 corp: 157/13181Kb lim: 239306 exec/s: 878 rss: 443Mb L: 96902/239306 MS: 1 CrossOver-
#7949	REDUCE cov: 1359 ft: 2486 corp: 157/13179Kb lim: 239306 exec/s: 883 rss: 443Mb L: 12480/239306 MS: 1 EraseBytes-
#7962	REDUCE cov: 1359 ft: 2486 corp: 157/13165Kb lim: 239306 exec/s: 884 rss: 443Mb L: 27345/239306 MS: 3 InsertByte-InsertRepeatedBytes-EraseBytes-
#7981	REDUCE cov: 1359 ft: 2486 corp: 157/13160Kb lim: 239306 exec/s: 886 rss: 443Mb L: 6031/239306 MS: 4 ChangeBinInt-ShuffleBytes-ChangeBinInt-EraseBytes-
#7990	REDUCE cov: 1360 ft: 2487 corp: 158/13265Kb lim: 239306 exec/s: 887 rss: 443Mb L: 107028/239306 MS: 4 ChangeBit-ChangeASCIIInt-ChangeBit-InsertByte-
#8061	REDUCE cov: 1360 ft: 2487 corp: 158/13170Kb lim: 239306 exec/s: 895 rss: 443Mb L: 95815/239306 MS: 1 CrossOver-
#8083	REDUCE cov: 1360 ft: 2487 corp: 158/13153Kb lim: 239306 exec/s: 898 rss: 443Mb L: 25526/239306 MS: 2 ShuffleBytes-CrossOver-
#8105	REDUCE cov: 1360 ft: 2487 corp: 158/13140Kb lim: 239306 exec/s: 900 rss: 443Mb L: 25295/239306 MS: 2 PersAutoDict-EraseBytes- DE: "\001\000\000\000"-
#8166	REDUCE cov: 1360 ft: 2487 corp: 158/13129Kb lim: 239306 exec/s: 907 rss: 443Mb L: 21313/239306 MS: 1 EraseBytes-
#8187	REDUCE cov: 1360 ft: 2487 corp: 158/13047Kb lim: 239306 exec/s: 909 rss: 443Mb L: 22239/239306 MS: 1 CrossOver-
#8192	pulse  cov: 1360 ft: 2487 corp: 158/13047Kb lim: 239306 exec/s: 910 rss: 443Mb
#8217	REDUCE cov: 1360 ft: 2487 corp: 158/13042Kb lim: 239306 exec/s: 913 rss: 443Mb L: 20223/239306 MS: 5 PersAutoDict-InsertRepeatedBytes-CMP-ChangeByte-EraseBytes- DE: "\000\003"-"\377\377\377\377"-
#8219	REDUCE cov: 1360 ft: 2487 corp: 158/13040Kb lim: 239306 exec/s: 913 rss: 443Mb L: 7658/239306 MS: 2 ShuffleBytes-EraseBytes-
#8240	REDUCE cov: 1360 ft: 2487 corp: 158/13018Kb lim: 239306 exec/s: 915 rss: 443Mb L: 80588/239306 MS: 1 EraseBytes-
#8254	REDUCE cov: 1360 ft: 2487 corp: 158/12993Kb lim: 239306 exec/s: 917 rss: 443Mb L: 54818/239306 MS: 4 ChangeByte-InsertRepeatedBytes-InsertByte-EraseBytes-
#8277	REDUCE cov: 1360 ft: 2487 corp: 158/12983Kb lim: 239306 exec/s: 919 rss: 443Mb L: 15511/239306 MS: 3 ChangeByte-ChangeASCIIInt-EraseBytes-
#8310	REDUCE cov: 1360 ft: 2490 corp: 159/13012Kb lim: 239306 exec/s: 923 rss: 443Mb L: 29109/239306 MS: 3 InsertByte-ChangeByte-CopyPart-
#8321	REDUCE cov: 1360 ft: 2490 corp: 159/13010Kb lim: 239306 exec/s: 924 rss: 443Mb L: 7622/239306 MS: 1 EraseBytes-
#8333	REDUCE cov: 1360 ft: 2494 corp: 160/13021Kb lim: 239306 exec/s: 925 rss: 443Mb L: 10645/239306 MS: 2 ChangeASCIIInt-CMP- DE: "\000\000\000\000\000\000\000\000"-
#8392	REDUCE cov: 1360 ft: 2494 corp: 160/13007Kb lim: 239306 exec/s: 932 rss: 443Mb L: 20443/239306 MS: 4 ShuffleBytes-ChangeBit-ChangeBit-EraseBytes-
#8411	REDUCE cov: 1360 ft: 2494 corp: 160/13003Kb lim: 239306 exec/s: 934 rss: 443Mb L: 16609/239306 MS: 4 PersAutoDict-InsertRepeatedBytes-InsertByte-EraseBytes- DE: "\377\377"-
#8414	REDUCE cov: 1360 ft: 2494 corp: 160/13001Kb lim: 239306 exec/s: 934 rss: 443Mb L: 38445/239306 MS: 3 ChangeASCIIInt-PersAutoDict-EraseBytes- DE: "TUUUUUU\005"-
#8662	REDUCE cov: 1360 ft: 2494 corp: 160/12992Kb lim: 239306 exec/s: 962 rss: 443Mb L: 51059/239306 MS: 3 ChangeBit-InsertRepeatedBytes-EraseBytes-
#8698	NEW    cov: 1360 ft: 2495 corp: 161/13051Kb lim: 239306 exec/s: 966 rss: 443Mb L: 60251/239306 MS: 1 EraseBytes-
#8704	REDUCE cov: 1360 ft: 2495 corp: 161/13028Kb lim: 239306 exec/s: 967 rss: 443Mb L: 134734/239306 MS: 1 EraseBytes-
#8721	REDUCE cov: 1364 ft: 2499 corp: 162/13028Kb lim: 239306 exec/s: 969 rss: 443Mb L: 64/239306 MS: 2 ChangeBinInt-CrossOver-
#8831	REDUCE cov: 1364 ft: 2499 corp: 162/13019Kb lim: 239306 exec/s: 981 rss: 443Mb L: 29895/239306 MS: 5 ChangeBinInt-ChangeBinInt-InsertRepeatedBytes-ChangeByte-EraseBytes-
#8850	REDUCE cov: 1364 ft: 2499 corp: 162/13003Kb lim: 239306 exec/s: 983 rss: 443Mb L: 91128/239306 MS: 4 CMP-InsertByte-ChangeByte-EraseBytes- DE: "\000\000\000\000\000\000\000\000\000\000\000\000\000\000\000\000\000\000\000\000\000\000\000\000\000\000\000\000\000\000\000\000"-
#8876	REDUCE cov: 1364 ft: 2499 corp: 162/12991Kb lim: 239306 exec/s: 986 rss: 443Mb L: 27079/239306 MS: 1 EraseBytes-
#8893	REDUCE cov: 1364 ft: 2499 corp: 162/12989Kb lim: 239306 exec/s: 988 rss: 443Mb L: 2984/239306 MS: 2 ChangeByte-EraseBytes-
#8901	REDUCE cov: 1364 ft: 2499 corp: 162/12975Kb lim: 239306 exec/s: 989 rss: 443Mb L: 24316/239306 MS: 3 ChangeASCIIInt-CopyPart-EraseBytes-
#8922	REDUCE cov: 1364 ft: 2499 corp: 162/12930Kb lim: 239306 exec/s: 991 rss: 443Mb L: 41567/239306 MS: 1 CrossOver-
#8975	REDUCE cov: 1364 ft: 2499 corp: 162/12923Kb lim: 239306 exec/s: 997 rss: 443Mb L: 17587/239306 MS: 3 ChangeBit-ChangeBit-EraseBytes-
#9085	NEW    cov: 1364 ft: 2500 corp: 163/13033Kb lim: 239306 exec/s: 908 rss: 443Mb L: 112462/239306 MS: 5 ShuffleBytes-CMP-PersAutoDict-ChangeBinInt-InsertRepeatedBytes- DE: "\031\000\000\000\000\000\000\000"-"\000\000\000\000\000\000\000d"-
#9086	REDUCE cov: 1364 ft: 2500 corp: 163/13016Kb lim: 239306 exec/s: 908 rss: 443Mb L: 23941/239306 MS: 1 EraseBytes-
#9188	REDUCE cov: 1364 ft: 2500 corp: 163/12944Kb lim: 239306 exec/s: 918 rss: 443Mb L: 39876/239306 MS: 2 ShuffleBytes-CrossOver-
#9194	REDUCE cov: 1364 ft: 2500 corp: 163/12943Kb lim: 239306 exec/s: 919 rss: 443Mb L: 2648/239306 MS: 1 EraseBytes-
#9195	REDUCE cov: 1364 ft: 2500 corp: 163/12939Kb lim: 239306 exec/s: 919 rss: 443Mb L: 13160/239306 MS: 1 EraseBytes-
#9215	REDUCE cov: 1365 ft: 2501 corp: 164/12959Kb lim: 239306 exec/s: 921 rss: 443Mb L: 21389/239306 MS: 5 ChangeASCIIInt-ChangeASCIIInt-ChangeASCIIInt-InsertRepeatedBytes-PersAutoDict- DE: "\000\000\000\000\377\377\377\377"-
#9229	REDUCE cov: 1365 ft: 2501 corp: 164/12948Kb lim: 239306 exec/s: 922 rss: 443Mb L: 29435/239306 MS: 4 ChangeByte-InsertRepeatedBytes-PersAutoDict-EraseBytes- DE: "/Z\014o\263%\000\000"-
#9250	REDUCE cov: 1365 ft: 2501 corp: 164/12925Kb lim: 239306 exec/s: 925 rss: 443Mb L: 32875/239306 MS: 1 EraseBytes-
#9258	REDUCE cov: 1365 ft: 2501 corp: 164/12917Kb lim: 239306 exec/s: 925 rss: 443Mb L: 17931/239306 MS: 3 ChangeASCIIInt-CMP-EraseBytes- DE: "\377\377"-
#9290	REDUCE cov: 1365 ft: 2501 corp: 164/12916Kb lim: 239306 exec/s: 929 rss: 443Mb L: 104118/239306 MS: 2 PersAutoDict-EraseBytes- DE: "\001\000\000\000"-
#9307	REDUCE cov: 1365 ft: 2501 corp: 164/12852Kb lim: 239306 exec/s: 930 rss: 443Mb L: 115504/239306 MS: 2 InsertByte-EraseBytes-
#9340	REDUCE cov: 1365 ft: 2501 corp: 164/12824Kb lim: 239306 exec/s: 934 rss: 443Mb L: 32949/239306 MS: 3 InsertByte-CMP-EraseBytes- DE: "\377\377\377\377"-
#9361	REDUCE cov: 1365 ft: 2501 corp: 164/12815Kb lim: 239306 exec/s: 936 rss: 443Mb L: 10598/239306 MS: 1 EraseBytes-
#9362	REDUCE cov: 1365 ft: 2501 corp: 164/12808Kb lim: 239306 exec/s: 936 rss: 443Mb L: 17067/239306 MS: 1 EraseBytes-
#9368	REDUCE cov: 1365 ft: 2501 corp: 164/12725Kb lim: 239306 exec/s: 936 rss: 443Mb L: 128910/239306 MS: 1 EraseBytes-
#9385	REDUCE cov: 1365 ft: 2501 corp: 164/12713Kb lim: 239306 exec/s: 938 rss: 443Mb L: 188720/239306 MS: 2 InsertByte-EraseBytes-
#9396	REDUCE cov: 1365 ft: 2501 corp: 164/12693Kb lim: 239306 exec/s: 939 rss: 443Mb L: 72409/239306 MS: 1 EraseBytes-
#9402	REDUCE cov: 1365 ft: 2501 corp: 164/12664Kb lim: 239306 exec/s: 940 rss: 443Mb L: 21999/239306 MS: 1 CrossOver-
#9434	REDUCE cov: 1365 ft: 2501 corp: 164/12652Kb lim: 239306 exec/s: 943 rss: 443Mb L: 31659/239306 MS: 2 InsertRepeatedBytes-EraseBytes-
#9473	REDUCE cov: 1365 ft: 2501 corp: 164/12622Kb lim: 239306 exec/s: 947 rss: 443Mb L: 98378/239306 MS: 4 ChangeBinInt-InsertRepeatedBytes-ChangeBit-EraseBytes-
#9490	REDUCE cov: 1365 ft: 2501 corp: 164/12617Kb lim: 239306 exec/s: 949 rss: 443Mb L: 7734/239306 MS: 2 InsertRepeatedBytes-EraseBytes-
#9542	REDUCE cov: 1366 ft: 2502 corp: 165/12632Kb lim: 239306 exec/s: 954 rss: 443Mb L: 15402/239306 MS: 2 ChangeBinInt-CrossOver-
#9629	REDUCE cov: 1366 ft: 2502 corp: 165/12579Kb lim: 239306 exec/s: 962 rss: 443Mb L: 64289/239306 MS: 2 ShuffleBytes-EraseBytes-
#9640	REDUCE cov: 1366 ft: 2502 corp: 165/12543Kb lim: 239306 exec/s: 964 rss: 443Mb L: 66562/239306 MS: 1 EraseBytes-
#9649	REDUCE cov: 1366 ft: 2502 corp: 165/12515Kb lim: 239306 exec/s: 964 rss: 443Mb L: 34196/239306 MS: 4 InsertRepeatedBytes-InsertRepeatedBytes-ChangeByte-EraseBytes-
#9753	NEW    cov: 1367 ft: 2503 corp: 166/12617Kb lim: 239306 exec/s: 975 rss: 443Mb L: 104531/239306 MS: 4 ShuffleBytes-ShuffleBytes-ChangeBit-InsertRepeatedBytes-
#9764	REDUCE cov: 1367 ft: 2503 corp: 166/12616Kb lim: 239306 exec/s: 976 rss: 443Mb L: 6075/239306 MS: 1 EraseBytes-
#9765	REDUCE cov: 1367 ft: 2503 corp: 166/12593Kb lim: 239306 exec/s: 976 rss: 443Mb L: 83636/239306 MS: 1 EraseBytes-
#9803	REDUCE cov: 1367 ft: 2503 corp: 166/12585Kb lim: 239306 exec/s: 980 rss: 443Mb L: 23943/239306 MS: 3 ShuffleBytes-ChangeBit-EraseBytes-
#9891	REDUCE cov: 1367 ft: 2503 corp: 166/12554Kb lim: 239306 exec/s: 989 rss: 443Mb L: 63337/239306 MS: 3 ChangeBinInt-EraseBytes-ShuffleBytes-
#9908	NEW    cov: 1368 ft: 2504 corp: 167/12630Kb lim: 239306 exec/s: 990 rss: 443Mb L: 77098/239306 MS: 2 CrossOver-InsertRepeatedBytes-
#10004	REDUCE cov: 1368 ft: 2504 corp: 167/12627Kb lim: 239306 exec/s: 1000 rss: 443Mb L: 63695/239306 MS: 1 EraseBytes-
#10021	NEW    cov: 1368 ft: 2505 corp: 168/12627Kb lim: 239306 exec/s: 1002 rss: 443Mb L: 68/239306 MS: 2 ChangeBit-CMP- DE: "\001\000\000\000"-
#10046	REDUCE cov: 1368 ft: 2505 corp: 168/12621Kb lim: 239306 exec/s: 1004 rss: 443Mb L: 18042/239306 MS: 5 InsertByte-InsertByte-ChangeASCIIInt-CrossOver-EraseBytes-
#10053	REDUCE cov: 1368 ft: 2505 corp: 168/12610Kb lim: 239306 exec/s: 1005 rss: 443Mb L: 52469/239306 MS: 2 ShuffleBytes-EraseBytes-
#10088	REDUCE cov: 1368 ft: 2505 corp: 168/12596Kb lim: 239306 exec/s: 1008 rss: 443Mb L: 21800/239306 MS: 5 ChangeByte-CrossOver-ChangeBit-ShuffleBytes-EraseBytes-
#10089	REDUCE cov: 1368 ft: 2505 corp: 168/12538Kb lim: 239306 exec/s: 1008 rss: 443Mb L: 128988/239306 MS: 1 EraseBytes-
#10105	REDUCE cov: 1368 ft: 2505 corp: 168/12537Kb lim: 239306 exec/s: 1010 rss: 443Mb L: 5529/239306 MS: 1 EraseBytes-
#10106	REDUCE cov: 1368 ft: 2505 corp: 168/12436Kb lim: 239306 exec/s: 1010 rss: 443Mb L: 23054/239306 MS: 1 CrossOver-
#10111	REDUCE cov: 1368 ft: 2505 corp: 168/12435Kb lim: 239306 exec/s: 919 rss: 443Mb L: 53073/239306 MS: 5 ChangeBinInt-CopyPart-CopyPart-InsertRepeatedBytes-EraseBytes-
#10142	REDUCE cov: 1368 ft: 2505 corp: 168/12418Kb lim: 239306 exec/s: 922 rss: 443Mb L: 86909/239306 MS: 1 EraseBytes-
#10147	REDUCE cov: 1368 ft: 2505 corp: 168/12400Kb lim: 239306 exec/s: 922 rss: 443Mb L: 137878/239306 MS: 5 ChangeASCIIInt-InsertRepeatedBytes-InsertByte-ChangeBinInt-CrossOver-
#10174	REDUCE cov: 1368 ft: 2505 corp: 168/12400Kb lim: 239306 exec/s: 924 rss: 443Mb L: 2201/239306 MS: 2 CMP-EraseBytes- DE: "\301\\\002\211\354-\012\221g\354\216e\241\215\353\276^U2\373\356\242\223\370\013\311B\356\220\206\301q"-
#10178	REDUCE cov: 1368 ft: 2505 corp: 168/12394Kb lim: 239306 exec/s: 925 rss: 443Mb L: 54699/239306 MS: 4 CrossOver-ChangeByte-ChangeBinInt-EraseBytes-
#10182	REDUCE cov: 1368 ft: 2505 corp: 168/12387Kb lim: 239306 exec/s: 925 rss: 443Mb L: 128027/239306 MS: 4 InsertRepeatedBytes-ChangeByte-ChangeASCIIInt-EraseBytes-
#10240	REDUCE cov: 1368 ft: 2505 corp: 168/12358Kb lim: 239306 exec/s: 930 rss: 443Mb L: 46486/239306 MS: 3 ShuffleBytes-ChangeByte-EraseBytes-
#10293	REDUCE cov: 1368 ft: 2505 corp: 168/12354Kb lim: 239306 exec/s: 935 rss: 443Mb L: 25619/239306 MS: 3 PersAutoDict-CMP-EraseBytes- DE: "\001\000"-"\001\000"-
#10341	REDUCE cov: 1368 ft: 2506 corp: 169/12460Kb lim: 239306 exec/s: 940 rss: 443Mb L: 108736/239306 MS: 3 ShuffleBytes-ChangeBinInt-CrossOver-
#10346	REDUCE cov: 1368 ft: 2506 corp: 169/12402Kb lim: 239306 exec/s: 940 rss: 443Mb L: 97527/239306 MS: 5 InsertRepeatedBytes-EraseBytes-ChangeBinInt-ChangeBinInt-CMP- DE: "\001\000"-
#10352	REDUCE cov: 1368 ft: 2506 corp: 169/12381Kb lim: 239306 exec/s: 941 rss: 443Mb L: 31074/239306 MS: 1 EraseBytes-
#10378	REDUCE cov: 1368 ft: 2506 corp: 169/12364Kb lim: 239306 exec/s: 943 rss: 443Mb L: 77915/239306 MS: 1 EraseBytes-
#10392	REDUCE cov: 1368 ft: 2506 corp: 169/12346Kb lim: 239306 exec/s: 944 rss: 443Mb L: 28212/239306 MS: 4 ShuffleBytes-InsertRepeatedBytes-ChangeBinInt-EraseBytes-
#10439	REDUCE cov: 1368 ft: 2506 corp: 169/12323Kb lim: 239306 exec/s: 949 rss: 443Mb L: 74760/239306 MS: 2 InsertByte-EraseBytes-
#10469	REDUCE cov: 1368 ft: 2506 corp: 169/12320Kb lim: 239306 exec/s: 951 rss: 443Mb L: 51180/239306 MS: 5 CopyPart-ChangeBit-EraseBytes-PersAutoDict-EraseBytes- DE: "\002\377\377\377\377\377\377\377"-
#10474	REDUCE cov: 1368 ft: 2506 corp: 169/12304Kb lim: 239306 exec/s: 952 rss: 443Mb L: 4993/239306 MS: 5 ChangeASCIIInt-ChangeASCIIInt-CrossOver-InsertByte-CrossOver-
#10488	REDUCE cov: 1368 ft: 2506 corp: 169/12300Kb lim: 239306 exec/s: 953 rss: 443Mb L: 51227/239306 MS: 4 CopyPart-PersAutoDict-ChangeBit-EraseBytes- DE: "\001\000\000\000\000\000\000M"-
#10489	REDUCE cov: 1368 ft: 2506 corp: 169/12300Kb lim: 239306 exec/s: 953 rss: 443Mb L: 6931/239306 MS: 1 EraseBytes-
#10519	REDUCE cov: 1368 ft: 2506 corp: 169/12231Kb lim: 239306 exec/s: 956 rss: 443Mb L: 107321/239306 MS: 5 ShuffleBytes-ChangeASCIIInt-InsertRepeatedBytes-ShuffleBytes-EraseBytes-
#10520	REDUCE cov: 1368 ft: 2506 corp: 169/12194Kb lim: 239306 exec/s: 956 rss: 443Mb L: 69285/239306 MS: 1 EraseBytes-
#10550	REDUCE cov: 1368 ft: 2506 corp: 169/12192Kb lim: 239306 exec/s: 959 rss: 443Mb L: 20157/239306 MS: 5 ChangeByte-ChangeBinInt-PersAutoDict-ChangeBit-EraseBytes- DE: "\000\000\000\000\000\000\000\000\000\000\000\000\000\000\000\000\000\000\000\000\000\000\000\000\000\000\000\000\000\000\000\000"-
#10601	REDUCE cov: 1368 ft: 2506 corp: 169/12183Kb lim: 239306 exec/s: 963 rss: 443Mb L: 41706/239306 MS: 1 CrossOver-
#10615	REDUCE cov: 1368 ft: 2506 corp: 169/12170Kb lim: 239306 exec/s: 965 rss: 443Mb L: 84183/239306 MS: 4 ChangeBit-ChangeBinInt-ShuffleBytes-EraseBytes-
#10653	REDUCE cov: 1368 ft: 2506 corp: 169/12132Kb lim: 239306 exec/s: 968 rss: 443Mb L: 54228/239306 MS: 3 ChangeBinInt-InsertRepeatedBytes-EraseBytes-
#10658	REDUCE cov: 1368 ft: 2506 corp: 169/12129Kb lim: 239306 exec/s: 968 rss: 443Mb L: 14382/239306 MS: 5 CopyPart-PersAutoDict-ChangeASCIIInt-ChangeASCIIInt-EraseBytes- DE: "\001\000\000\000\000\000\000\004"-
#10754	REDUCE cov: 1368 ft: 2514 corp: 170/12175Kb lim: 239306 exec/s: 977 rss: 443Mb L: 46419/239306 MS: 1 ChangeBit-
#10760	REDUCE cov: 1368 ft: 2514 corp: 170/12169Kb lim: 239306 exec/s: 978 rss: 443Mb L: 12619/239306 MS: 1 EraseBytes-
#10763	REDUCE cov: 1368 ft: 2514 corp: 170/12169Kb lim: 239306 exec/s: 978 rss: 443Mb L: 10169/239306 MS: 3 InsertRepeatedBytes-ChangeBinInt-EraseBytes-
#10833	REDUCE cov: 1368 ft: 2514 corp: 170/12140Kb lim: 239306 exec/s: 984 rss: 443Mb L: 129738/239306 MS: 5 ChangeByte-InsertRepeatedBytes-ChangeBit-PersAutoDict-EraseBytes- DE: "\016\205J\207Z\3475\310"-
#10868	REDUCE cov: 1368 ft: 2514 corp: 170/12139Kb lim: 239306 exec/s: 988 rss: 443Mb L: 1145/239306 MS: 5 ChangeByte-ChangeBit-ChangeBit-ShuffleBytes-EraseBytes-
#10934	REDUCE cov: 1368 ft: 2514 corp: 170/12137Kb lim: 239306 exec/s: 994 rss: 443Mb L: 22114/239306 MS: 1 EraseBytes-
#10936	REDUCE cov: 1369 ft: 2515 corp: 171/12140Kb lim: 239306 exec/s: 994 rss: 443Mb L: 2678/239306 MS: 2 CrossOver-CopyPart-
#10948	REDUCE cov: 1369 ft: 2518 corp: 172/12169Kb lim: 239306 exec/s: 995 rss: 443Mb L: 30096/239306 MS: 2 CMP-CrossOver- DE: "\377\377\377\377"-
#11026	REDUCE cov: 1369 ft: 2518 corp: 172/12165Kb lim: 239306 exec/s: 1002 rss: 443Mb L: 9044/239306 MS: 3 ChangeBit-CrossOver-EraseBytes-
#11029	REDUCE cov: 1369 ft: 2518 corp: 172/12139Kb lim: 239306 exec/s: 1002 rss: 443Mb L: 60962/239306 MS: 3 ChangeBinInt-ChangeBit-EraseBytes-
#11039	REDUCE cov: 1369 ft: 2518 corp: 172/12099Kb lim: 239306 exec/s: 1003 rss: 443Mb L: 95015/239306 MS: 5 CrossOver-ShuffleBytes-ShuffleBytes-ChangeBinInt-EraseBytes-
#11061	REDUCE cov: 1369 ft: 2518 corp: 172/12098Kb lim: 239306 exec/s: 1005 rss: 443Mb L: 12514/239306 MS: 2 CMP-EraseBytes- DE: "\000\000\000\000"-
#11063	REDUCE cov: 1369 ft: 2518 corp: 172/12096Kb lim: 239306 exec/s: 1005 rss: 443Mb L: 132277/239306 MS: 2 CopyPart-EraseBytes-
#11071	NEW    cov: 1370 ft: 2519 corp: 173/12096Kb lim: 239306 exec/s: 1006 rss: 443Mb L: 64/239306 MS: 3 ChangeBinInt-ChangeBinInt-CopyPart-
#11118	REDUCE cov: 1370 ft: 2519 corp: 173/12067Kb lim: 239306 exec/s: 1010 rss: 443Mb L: 99787/239306 MS: 2 ChangeASCIIInt-EraseBytes-
#11204	REDUCE cov: 1370 ft: 2519 corp: 173/12064Kb lim: 239306 exec/s: 1018 rss: 443Mb L: 6105/239306 MS: 1 EraseBytes-
#11239	REDUCE cov: 1370 ft: 2519 corp: 173/12057Kb lim: 239306 exec/s: 1021 rss: 443Mb L: 17645/239306 MS: 5 ShuffleBytes-CopyPart-CMP-ShuffleBytes-EraseBytes- DE: "\377\377\377\377\377\377\377\377"-
#11248	REDUCE cov: 1370 ft: 2519 corp: 173/12016Kb lim: 239306 exec/s: 1022 rss: 443Mb L: 42707/239306 MS: 4 CMP-CMP-InsertRepeatedBytes-EraseBytes- DE: "\301\\\002\211\354-\012\221g\354\216e\241\215\353\276^U2\373\356\242\223\370\013\311B\356\220\206\301q"-"\000\000\000\000\000\000\000\000"-
#11253	REDUCE cov: 1370 ft: 2519 corp: 173/11969Kb lim: 239306 exec/s: 1023 rss: 443Mb L: 63505/239306 MS: 5 CMP-ChangeBit-CrossOver-InsertRepeatedBytes-EraseBytes- DE: "e\000\000\000\000\000\000\000"-
#11254	REDUCE cov: 1370 ft: 2519 corp: 173/11966Kb lim: 239306 exec/s: 1023 rss: 443Mb L: 6967/239306 MS: 1 EraseBytes-
#11260	REDUCE cov: 1370 ft: 2519 corp: 173/11922Kb lim: 239306 exec/s: 1023 rss: 443Mb L: 176355/239306 MS: 1 EraseBytes-
#11284	REDUCE cov: 1370 ft: 2519 corp: 173/11922Kb lim: 239306 exec/s: 1025 rss: 443Mb L: 42655/239306 MS: 4 ChangeByte-InsertRepeatedBytes-ChangeBinInt-EraseBytes-
#11345	REDUCE cov: 1370 ft: 2519 corp: 173/11908Kb lim: 239306 exec/s: 1031 rss: 443Mb L: 16476/239306 MS: 1 EraseBytes-
#11353	REDUCE cov: 1370 ft: 2519 corp: 173/11831Kb lim: 239306 exec/s: 1032 rss: 443Mb L: 105743/239306 MS: 3 ChangeByte-InsertRepeatedBytes-EraseBytes-
#11383	REDUCE cov: 1370 ft: 2519 corp: 173/11781Kb lim: 239306 exec/s: 1034 rss: 443Mb L: 76179/239306 MS: 5 PersAutoDict-CrossOver-ChangeASCIIInt-ChangeBinInt-EraseBytes- DE: "\016\205J\207Z\3475\310"-
#11384	REDUCE cov: 1370 ft: 2519 corp: 173/11779Kb lim: 239306 exec/s: 1034 rss: 443Mb L: 4289/239306 MS: 1 EraseBytes-
#11455	REDUCE cov: 1370 ft: 2519 corp: 173/11775Kb lim: 239306 exec/s: 954 rss: 443Mb L: 17775/239306 MS: 1 EraseBytes-
#11488	NEW    cov: 1371 ft: 2520 corp: 174/11817Kb lim: 239306 exec/s: 957 rss: 443Mb L: 43035/239306 MS: 3 InsertRepeatedBytes-CMP-CrossOver- DE: "U\014\000\000\000\000\000\000"-
#11504	REDUCE cov: 1371 ft: 2520 corp: 174/11810Kb lim: 239306 exec/s: 958 rss: 443Mb L: 43790/239306 MS: 1 EraseBytes-
#11525	REDUCE cov: 1371 ft: 2520 corp: 174/11806Kb lim: 239306 exec/s: 960 rss: 443Mb L: 26458/239306 MS: 1 EraseBytes-
#11546	REDUCE cov: 1371 ft: 2520 corp: 174/11791Kb lim: 239306 exec/s: 962 rss: 443Mb L: 223209/239306 MS: 1 EraseBytes-
#11547	REDUCE cov: 1371 ft: 2520 corp: 174/11790Kb lim: 239306 exec/s: 962 rss: 443Mb L: 14553/239306 MS: 1 EraseBytes-
#11548	REDUCE cov: 1371 ft: 2520 corp: 174/11785Kb lim: 239306 exec/s: 962 rss: 443Mb L: 17726/239306 MS: 1 EraseBytes-
#11589	REDUCE cov: 1371 ft: 2520 corp: 174/11779Kb lim: 239306 exec/s: 965 rss: 443Mb L: 7600/239306 MS: 1 EraseBytes-
#11602	REDUCE cov: 1371 ft: 2520 corp: 174/11778Kb lim: 239306 exec/s: 966 rss: 443Mb L: 13727/239306 MS: 3 ChangeBit-PersAutoDict-EraseBytes- DE: "\000\000\000\000\000\000\000\001"-
#11640	NEW    cov: 1373 ft: 2526 corp: 175/11866Kb lim: 239306 exec/s: 970 rss: 443Mb L: 90036/239306 MS: 3 InsertRepeatedBytes-ChangeBinInt-InsertRepeatedBytes-
#11693	REDUCE cov: 1373 ft: 2526 corp: 175/11862Kb lim: 239306 exec/s: 974 rss: 443Mb L: 3927/239306 MS: 3 InsertRepeatedBytes-CrossOver-EraseBytes-
#11735	REDUCE cov: 1373 ft: 2526 corp: 175/11856Kb lim: 239306 exec/s: 977 rss: 443Mb L: 14003/239306 MS: 2 InsertRepeatedBytes-EraseBytes-
#11752	REDUCE cov: 1373 ft: 2526 corp: 175/11835Kb lim: 239306 exec/s: 979 rss: 443Mb L: 207042/239306 MS: 2 ChangeBinInt-EraseBytes-
#11754	REDUCE cov: 1373 ft: 2526 corp: 175/11829Kb lim: 239306 exec/s: 979 rss: 443Mb L: 23632/239306 MS: 2 InsertByte-EraseBytes-
#11892	NEW    cov: 1374 ft: 2527 corp: 176/11829Kb lim: 239306 exec/s: 991 rss: 445Mb L: 181/239306 MS: 3 InsertByte-ChangeBit-InsertRepeatedBytes-
#11910	REDUCE cov: 1374 ft: 2527 corp: 176/11734Kb lim: 239306 exec/s: 992 rss: 445Mb L: 142099/239306 MS: 3 ChangeBinInt-CopyPart-EraseBytes-
#11924	REDUCE cov: 1374 ft: 2527 corp: 176/11708Kb lim: 239306 exec/s: 993 rss: 445Mb L: 110754/239306 MS: 4 CrossOver-PersAutoDict-ShuffleBytes-EraseBytes- DE: "\031\000\000\000\000\000\000\000"-
#12000	REDUCE cov: 1374 ft: 2527 corp: 176/11706Kb lim: 239306 exec/s: 1000 rss: 445Mb L: 4317/239306 MS: 1 EraseBytes-
#12007	REDUCE cov: 1374 ft: 2527 corp: 176/11705Kb lim: 239306 exec/s: 1000 rss: 445Mb L: 1508/239306 MS: 2 ChangeByte-EraseBytes-
#12009	REDUCE cov: 1374 ft: 2527 corp: 176/11696Kb lim: 239306 exec/s: 1000 rss: 445Mb L: 11110/239306 MS: 2 ChangeASCIIInt-EraseBytes-
#12067	REDUCE cov: 1374 ft: 2527 corp: 176/11694Kb lim: 239306 exec/s: 1005 rss: 445Mb L: 69994/239306 MS: 3 InsertRepeatedBytes-CrossOver-EraseBytes-
#12100	REDUCE cov: 1374 ft: 2527 corp: 176/11680Kb lim: 239306 exec/s: 1008 rss: 445Mb L: 19461/239306 MS: 3 ChangeBit-ChangeBit-EraseBytes-
#12202	REDUCE cov: 1374 ft: 2527 corp: 176/11680Kb lim: 239306 exec/s: 1016 rss: 447Mb L: 29136/239306 MS: 2 PersAutoDict-EraseBytes- DE: "\016\205J\207Z\3475\310"-
#12228	REDUCE cov: 1374 ft: 2527 corp: 176/11655Kb lim: 239306 exec/s: 1019 rss: 447Mb L: 18335/239306 MS: 1 CrossOver-
#12237	REDUCE cov: 1374 ft: 2527 corp: 176/11654Kb lim: 239306 exec/s: 1019 rss: 447Mb L: 11355/239306 MS: 4 ChangeASCIIInt-CrossOver-ChangeBit-EraseBytes-
#12287	REDUCE cov: 1374 ft: 2527 corp: 176/11648Kb lim: 239306 exec/s: 1023 rss: 448Mb L: 106554/239306 MS: 5 CMP-ChangeByte-ChangeBinInt-ShuffleBytes-EraseBytes- DE: "\001\000\000\000\377\377\377\377"-
#12288	REDUCE cov: 1374 ft: 2527 corp: 176/11647Kb lim: 239306 exec/s: 1024 rss: 448Mb L: 8656/239306 MS: 1 EraseBytes-
#12289	REDUCE cov: 1374 ft: 2527 corp: 176/11646Kb lim: 239306 exec/s: 1024 rss: 448Mb L: 951/239306 MS: 1 EraseBytes-
#12308	REDUCE cov: 1374 ft: 2527 corp: 176/11644Kb lim: 239306 exec/s: 1025 rss: 448Mb L: 2210/239306 MS: 4 CMP-PersAutoDict-ChangeBit-EraseBytes- DE: "\377\377\377\377"-"U\014\000\000\000\000\000\000"-
#12369	REDUCE cov: 1374 ft: 2527 corp: 176/11634Kb lim: 239306 exec/s: 1030 rss: 448Mb L: 30646/239306 MS: 1 EraseBytes-
#12464	REDUCE cov: 1374 ft: 2527 corp: 176/11536Kb lim: 239306 exec/s: 1038 rss: 450Mb L: 38043/239306 MS: 5 ChangeBinInt-ChangeBit-ChangeBinInt-CMP-CrossOver- DE: "\001\000\000\003"-
#12646	REDUCE cov: 1374 ft: 2527 corp: 176/11504Kb lim: 239306 exec/s: 1053 rss: 454Mb L: 62147/239306 MS: 2 ChangeBit-EraseBytes-
#12709	REDUCE cov: 1374 ft: 2527 corp: 176/11501Kb lim: 239306 exec/s: 1059 rss: 454Mb L: 58145/239306 MS: 3 ChangeBinInt-ChangeByte-EraseBytes-
#12730	REDUCE cov: 1374 ft: 2527 corp: 176/11495Kb lim: 239306 exec/s: 979 rss: 454Mb L: 9053/239306 MS: 1 EraseBytes-
#12766	REDUCE cov: 1374 ft: 2527 corp: 176/11494Kb lim: 239306 exec/s: 982 rss: 458Mb L: 13784/239306 MS: 1 EraseBytes-
#12775	REDUCE cov: 1374 ft: 2527 corp: 176/11470Kb lim: 239306 exec/s: 982 rss: 460Mb L: 38636/239306 MS: 4 ChangeASCIIInt-ChangeByte-PersAutoDict-CrossOver- DE: "\001\000\000\000\000\000\000M"-
#12776	REDUCE cov: 1374 ft: 2527 corp: 176/11460Kb lim: 239306 exec/s: 982 rss: 460Mb L: 95350/239306 MS: 1 EraseBytes-
#12797	NEW    cov: 1375 ft: 2529 corp: 177/11460Kb lim: 239306 exec/s: 984 rss: 461Mb L: 189/239306 MS: 1 PersAutoDict- DE: "\031\000\000\000\000\000\000\000"-
#12825	REDUCE cov: 1375 ft: 2529 corp: 177/11460Kb lim: 239306 exec/s: 986 rss: 461Mb L: 17099/239306 MS: 3 CopyPart-EraseBytes-PersAutoDict- DE: "TUUUUUU\005"-
#12848	REDUCE cov: 1375 ft: 2529 corp: 177/11435Kb lim: 239306 exec/s: 988 rss: 461Mb L: 35138/239306 MS: 3 CrossOver-ShuffleBytes-EraseBytes-
#12869	NEW    cov: 1375 ft: 2532 corp: 178/11523Kb lim: 239306 exec/s: 989 rss: 461Mb L: 90141/239306 MS: 1 InsertRepeatedBytes-
#12878	REDUCE cov: 1375 ft: 2532 corp: 178/11522Kb lim: 239306 exec/s: 990 rss: 461Mb L: 28069/239306 MS: 4 PersAutoDict-ShuffleBytes-InsertRepeatedBytes-EraseBytes- DE: "e\000\000\000\000\000\000\000"-
#12952	REDUCE cov: 1375 ft: 2532 corp: 178/11520Kb lim: 239306 exec/s: 996 rss: 461Mb L: 35910/239306 MS: 4 ChangeASCIIInt-InsertRepeatedBytes-InsertByte-EraseBytes-
#12956	REDUCE cov: 1375 ft: 2532 corp: 178/11463Kb lim: 239306 exec/s: 996 rss: 461Mb L: 71516/239306 MS: 4 InsertByte-ChangeByte-ChangeASCIIInt-EraseBytes-
#12972	REDUCE cov: 1375 ft: 2532 corp: 178/11463Kb lim: 239306 exec/s: 997 rss: 461Mb L: 12352/239306 MS: 1 EraseBytes-
#12973	REDUCE cov: 1375 ft: 2532 corp: 178/11456Kb lim: 239306 exec/s: 997 rss: 461Mb L: 107943/239306 MS: 1 EraseBytes-
#12982	REDUCE cov: 1375 ft: 2532 corp: 178/11452Kb lim: 239306 exec/s: 998 rss: 461Mb L: 163455/239306 MS: 4 PersAutoDict-ShuffleBytes-EraseBytes-PersAutoDict- DE: "\001\000\000\000\000\000\000M"-"\001\000\000\000"-
#13028	REDUCE cov: 1375 ft: 2532 corp: 178/11439Kb lim: 239306 exec/s: 1002 rss: 461Mb L: 14834/239306 MS: 1 EraseBytes-
#13039	REDUCE cov: 1375 ft: 2532 corp: 178/11420Kb lim: 239306 exec/s: 1003 rss: 461Mb L: 36018/239306 MS: 1 EraseBytes-
#13115	REDUCE cov: 1375 ft: 2532 corp: 178/11420Kb lim: 239306 exec/s: 1008 rss: 461Mb L: 4055/239306 MS: 1 EraseBytes-
#13119	REDUCE cov: 1375 ft: 2532 corp: 178/11420Kb lim: 239306 exec/s: 1009 rss: 461Mb L: 5061/239306 MS: 4 InsertByte-InsertByte-ShuffleBytes-EraseBytes-
#13128	REDUCE cov: 1375 ft: 2532 corp: 178/11403Kb lim: 239306 exec/s: 1009 rss: 461Mb L: 54310/239306 MS: 4 PersAutoDict-CopyPart-CrossOver-EraseBytes- DE: "\377\377\377\377"-
#13147	NEW    cov: 1377 ft: 2534 corp: 179/11403Kb lim: 239306 exec/s: 1011 rss: 461Mb L: 66/239306 MS: 4 ChangeBinInt-ChangeByte-ChangeByte-PersAutoDict- DE: "\000\000"-
#13183	REDUCE cov: 1377 ft: 2534 corp: 179/11398Kb lim: 239306 exec/s: 1014 rss: 461Mb L: 12931/239306 MS: 1 EraseBytes-
#13194	REDUCE cov: 1377 ft: 2534 corp: 179/11398Kb lim: 239306 exec/s: 1014 rss: 461Mb L: 1058/239306 MS: 1 EraseBytes-
#13210	REDUCE cov: 1377 ft: 2534 corp: 179/11383Kb lim: 239306 exec/s: 1016 rss: 461Mb L: 92084/239306 MS: 1 CrossOver-
#13213	REDUCE cov: 1377 ft: 2534 corp: 179/11375Kb lim: 239306 exec/s: 1016 rss: 461Mb L: 45752/239306 MS: 3 PersAutoDict-PersAutoDict-EraseBytes- DE: "\377\377"-"\000\000"-
#13260	REDUCE cov: 1377 ft: 2534 corp: 179/11370Kb lim: 239306 exec/s: 1020 rss: 461Mb L: 73221/239306 MS: 2 ShuffleBytes-EraseBytes-
#13266	REDUCE cov: 1377 ft: 2534 corp: 179/11336Kb lim: 239306 exec/s: 1020 rss: 461Mb L: 93088/239306 MS: 1 EraseBytes-
#13283	REDUCE cov: 1379 ft: 2536 corp: 180/11373Kb lim: 239306 exec/s: 1021 rss: 461Mb L: 38600/239306 MS: 2 ChangeByte-CMP- DE: "M\000\000\000\000\000\000\000"-
#13299	REDUCE cov: 1379 ft: 2536 corp: 180/11372Kb lim: 239306 exec/s: 1023 rss: 461Mb L: 1816/239306 MS: 1 EraseBytes-
#13325	REDUCE cov: 1379 ft: 2536 corp: 180/11372Kb lim: 239306 exec/s: 1025 rss: 461Mb L: 573/239306 MS: 1 EraseBytes-
#13336	REDUCE cov: 1379 ft: 2536 corp: 180/11359Kb lim: 239306 exec/s: 1025 rss: 461Mb L: 33977/239306 MS: 1 EraseBytes-
#13503	REDUCE cov: 1379 ft: 2536 corp: 180/11357Kb lim: 239306 exec/s: 1038 rss: 461Mb L: 2642/239306 MS: 2 ChangeByte-EraseBytes-
#13507	REDUCE cov: 1379 ft: 2536 corp: 180/11356Kb lim: 239306 exec/s: 1039 rss: 461Mb L: 11285/239306 MS: 4 ChangeByte-InsertRepeatedBytes-InsertRepeatedBytes-EraseBytes-
#13658	REDUCE cov: 1379 ft: 2536 corp: 180/11346Kb lim: 239306 exec/s: 1050 rss: 461Mb L: 13643/239306 MS: 1 EraseBytes-
#13669	REDUCE cov: 1379 ft: 2536 corp: 180/11344Kb lim: 239306 exec/s: 1051 rss: 461Mb L: 10011/239306 MS: 1 EraseBytes-
#13716	REDUCE cov: 1379 ft: 2536 corp: 180/11330Kb lim: 239306 exec/s: 1055 rss: 461Mb L: 18622/239306 MS: 2 CrossOver-EraseBytes-
#13737	REDUCE cov: 1379 ft: 2536 corp: 180/11328Kb lim: 239306 exec/s: 1056 rss: 461Mb L: 37674/239306 MS: 1 EraseBytes-
#13775	REDUCE cov: 1379 ft: 2536 corp: 180/11324Kb lim: 239306 exec/s: 1059 rss: 461Mb L: 38418/239306 MS: 3 ChangeBit-ChangeBit-EraseBytes-
#13836	REDUCE cov: 1379 ft: 2536 corp: 180/11324Kb lim: 239306 exec/s: 1064 rss: 461Mb L: 1741/239306 MS: 1 EraseBytes-
#13897	REDUCE cov: 1379 ft: 2536 corp: 180/11319Kb lim: 239306 exec/s: 1069 rss: 461Mb L: 25707/239306 MS: 1 EraseBytes-
#13950	REDUCE cov: 1379 ft: 2536 corp: 180/11310Kb lim: 239306 exec/s: 1073 rss: 461Mb L: 13035/239306 MS: 3 ChangeBit-CMP-EraseBytes- DE: "\000\000\000\000\000\000\000\020"-
#13956	REDUCE cov: 1379 ft: 2536 corp: 180/11307Kb lim: 239306 exec/s: 1073 rss: 461Mb L: 7778/239306 MS: 1 EraseBytes-
#13972	REDUCE cov: 1379 ft: 2536 corp: 180/11304Kb lim: 239306 exec/s: 1074 rss: 461Mb L: 4552/239306 MS: 1 EraseBytes-
#14004	REDUCE cov: 1379 ft: 2536 corp: 180/11289Kb lim: 239306 exec/s: 1077 rss: 461Mb L: 22937/239306 MS: 2 ShuffleBytes-EraseBytes-
#14055	NEW    cov: 1381 ft: 2538 corp: 181/11289Kb lim: 239306 exec/s: 1081 rss: 461Mb L: 66/239306 MS: 1 PersAutoDict- DE: "\000\000\000\000\000\000\000\020"-
#14056	REDUCE cov: 1381 ft: 2538 corp: 181/11289Kb lim: 239306 exec/s: 1081 rss: 461Mb L: 9790/239306 MS: 1 EraseBytes-
#14077	REDUCE cov: 1381 ft: 2538 corp: 181/11271Kb lim: 239306 exec/s: 1005 rss: 461Mb L: 56352/239306 MS: 1 CrossOver-
#14089	REDUCE cov: 1381 ft: 2538 corp: 181/11271Kb lim: 239306 exec/s: 1006 rss: 461Mb L: 109/239306 MS: 2 PersAutoDict-EraseBytes- DE: "\257\000\000\000\000\000\000\000"-
#14115	REDUCE cov: 1381 ft: 2538 corp: 181/11270Kb lim: 239306 exec/s: 1008 rss: 461Mb L: 806/239306 MS: 1 EraseBytes-
#14116	REDUCE cov: 1381 ft: 2549 corp: 182/11280Kb lim: 239306 exec/s: 1008 rss: 461Mb L: 9639/239306 MS: 1 EraseBytes-
#14124	REDUCE cov: 1381 ft: 2549 corp: 182/11279Kb lim: 239306 exec/s: 1008 rss: 461Mb L: 3487/239306 MS: 3 InsertByte-ChangeBit-EraseBytes-
#14125	REDUCE cov: 1381 ft: 2549 corp: 182/11268Kb lim: 239306 exec/s: 1008 rss: 461Mb L: 170966/239306 MS: 1 EraseBytes-
#14157	REDUCE cov: 1381 ft: 2549 corp: 182/11265Kb lim: 239306 exec/s: 1011 rss: 461Mb L: 102809/239306 MS: 2 ShuffleBytes-EraseBytes-
#14168	REDUCE cov: 1381 ft: 2549 corp: 182/11257Kb lim: 239306 exec/s: 1012 rss: 461Mb L: 82257/239306 MS: 1 EraseBytes-
#14170	REDUCE cov: 1381 ft: 2549 corp: 182/11222Kb lim: 239306 exec/s: 1012 rss: 461Mb L: 140066/239306 MS: 2 InsertByte-EraseBytes-
#14175	REDUCE cov: 1381 ft: 2549 corp: 182/11201Kb lim: 239306 exec/s: 1012 rss: 461Mb L: 68786/239306 MS: 5 InsertRepeatedBytes-CrossOver-InsertRepeatedBytes-ChangeBinInt-EraseBytes-
#14176	REDUCE cov: 1381 ft: 2549 corp: 182/11200Kb lim: 239306 exec/s: 1012 rss: 461Mb L: 23903/239306 MS: 1 EraseBytes-
#14192	REDUCE cov: 1381 ft: 2549 corp: 182/11197Kb lim: 239306 exec/s: 1013 rss: 461Mb L: 14709/239306 MS: 1 EraseBytes-
#14208	REDUCE cov: 1381 ft: 2549 corp: 182/11174Kb lim: 239306 exec/s: 1014 rss: 461Mb L: 76209/239306 MS: 1 EraseBytes-
#14214	REDUCE cov: 1381 ft: 2549 corp: 182/11172Kb lim: 239306 exec/s: 1015 rss: 461Mb L: 7267/239306 MS: 1 EraseBytes-
#14231	REDUCE cov: 1381 ft: 2549 corp: 182/11170Kb lim: 239306 exec/s: 1016 rss: 461Mb L: 9738/239306 MS: 2 ChangeBit-EraseBytes-
#14235	REDUCE cov: 1381 ft: 2549 corp: 182/11169Kb lim: 239306 exec/s: 1016 rss: 461Mb L: 40493/239306 MS: 4 CrossOver-CrossOver-ChangeBinInt-EraseBytes-
#14296	REDUCE cov: 1381 ft: 2549 corp: 182/11130Kb lim: 239306 exec/s: 1021 rss: 461Mb L: 51195/239306 MS: 1 EraseBytes-
#14306	REDUCE cov: 1381 ft: 2549 corp: 182/11129Kb lim: 239306 exec/s: 1021 rss: 461Mb L: 34115/239306 MS: 5 InsertByte-CMP-CopyPart-ChangeBinInt-EraseBytes- DE: "\001\000\000\000"-
#14348	REDUCE cov: 1381 ft: 2549 corp: 182/11104Kb lim: 239306 exec/s: 1024 rss: 461Mb L: 57996/239306 MS: 2 InsertRepeatedBytes-EraseBytes-
#14363	REDUCE cov: 1381 ft: 2549 corp: 182/11101Kb lim: 239306 exec/s: 1025 rss: 461Mb L: 131354/239306 MS: 5 ChangeBinInt-PersAutoDict-ChangeASCIIInt-InsertByte-EraseBytes- DE: "UUUUUUU\005"-
#14374	REDUCE cov: 1381 ft: 2549 corp: 182/11098Kb lim: 239306 exec/s: 1026 rss: 461Mb L: 34744/239306 MS: 1 EraseBytes-
#14472	REDUCE cov: 1381 ft: 2549 corp: 182/11095Kb lim: 239306 exec/s: 1033 rss: 461Mb L: 31612/239306 MS: 3 ChangeBit-ChangeByte-EraseBytes-
#14478	REDUCE cov: 1381 ft: 2549 corp: 182/11095Kb lim: 239306 exec/s: 1034 rss: 461Mb L: 97/239306 MS: 1 EraseBytes-
#14539	REDUCE cov: 1381 ft: 2549 corp: 182/11087Kb lim: 239306 exec/s: 1038 rss: 461Mb L: 29280/239306 MS: 1 EraseBytes-
#14610	NEW    cov: 1383 ft: 2551 corp: 183/11087Kb lim: 239306 exec/s: 1043 rss: 461Mb L: 66/239306 MS: 1 PersAutoDict- DE: "\000\000\000\000\000\000\000\000"-
#14612	REDUCE cov: 1383 ft: 2551 corp: 183/11079Kb lim: 239306 exec/s: 1043 rss: 461Mb L: 29950/239306 MS: 2 ChangeBinInt-EraseBytes-
#14615	REDUCE cov: 1383 ft: 2551 corp: 183/11071Kb lim: 239306 exec/s: 1043 rss: 461Mb L: 55587/239306 MS: 3 ChangeASCIIInt-ChangeBinInt-EraseBytes-
#14683	REDUCE cov: 1383 ft: 2551 corp: 183/11064Kb lim: 239306 exec/s: 1048 rss: 461Mb L: 22795/239306 MS: 3 InsertByte-CrossOver-EraseBytes-
#14694	REDUCE cov: 1383 ft: 2551 corp: 183/11042Kb lim: 239306 exec/s: 1049 rss: 461Mb L: 88441/239306 MS: 1 EraseBytes-
#14717	REDUCE cov: 1383 ft: 2551 corp: 183/11042Kb lim: 239306 exec/s: 1051 rss: 461Mb L: 15060/239306 MS: 3 ChangeBinInt-ChangeByte-EraseBytes-
#14789	REDUCE cov: 1383 ft: 2551 corp: 183/11042Kb lim: 239306 exec/s: 1056 rss: 461Mb L: 402/239306 MS: 2 ChangeBit-EraseBytes-
#14806	REDUCE cov: 1383 ft: 2551 corp: 183/11039Kb lim: 239306 exec/s: 1057 rss: 461Mb L: 6140/239306 MS: 2 ShuffleBytes-EraseBytes-
#14857	NEW    cov: 1384 ft: 2552 corp: 184/11039Kb lim: 239306 exec/s: 1061 rss: 461Mb L: 66/239306 MS: 1 ChangeBinInt-
#14879	NEW    cov: 1385 ft: 2553 corp: 185/11041Kb lim: 239306 exec/s: 1062 rss: 461Mb L: 1291/239306 MS: 2 PersAutoDict-CopyPart- DE: "\001\000\000\003"-
#14899	REDUCE cov: 1385 ft: 2553 corp: 185/11038Kb lim: 239306 exec/s: 1064 rss: 461Mb L: 4957/239306 MS: 5 ShuffleBytes-ChangeBit-ShuffleBytes-CopyPart-EraseBytes-
#14916	REDUCE cov: 1385 ft: 2553 corp: 185/11037Kb lim: 239306 exec/s: 1065 rss: 461Mb L: 5311/239306 MS: 2 ChangeBinInt-EraseBytes-
#14960	REDUCE cov: 1385 ft: 2553 corp: 185/11036Kb lim: 239306 exec/s: 1068 rss: 461Mb L: 17482/239306 MS: 4 InsertByte-ShuffleBytes-CrossOver-EraseBytes-
#14974	REDUCE cov: 1385 ft: 2553 corp: 185/11036Kb lim: 239306 exec/s: 1069 rss: 461Mb L: 7703/239306 MS: 4 PersAutoDict-InsertByte-ChangeASCIIInt-EraseBytes- DE: "/Z\014o\263%\000\000"-
#14996	REDUCE cov: 1385 ft: 2553 corp: 185/11026Kb lim: 239306 exec/s: 1071 rss: 461Mb L: 52234/239306 MS: 2 PersAutoDict-EraseBytes- DE: "\002\377\377\377\377\377\377\377"-
#15032	REDUCE cov: 1385 ft: 2553 corp: 185/11024Kb lim: 239306 exec/s: 1073 rss: 461Mb L: 28185/239306 MS: 1 EraseBytes-
#15044	REDUCE cov: 1385 ft: 2553 corp: 185/11020Kb lim: 239306 exec/s: 1074 rss: 461Mb L: 159822/239306 MS: 2 PersAutoDict-CrossOver- DE: "\377\377\377\377\377\377\377\377"-
#15056	REDUCE cov: 1385 ft: 2553 corp: 185/11020Kb lim: 239306 exec/s: 1075 rss: 461Mb L: 21972/239306 MS: 2 InsertByte-EraseBytes-
#15094	REDUCE cov: 1385 ft: 2553 corp: 185/11014Kb lim: 239306 exec/s: 1078 rss: 461Mb L: 15235/239306 MS: 3 ChangeASCIIInt-InsertRepeatedBytes-EraseBytes-
#15142	REDUCE cov: 1385 ft: 2553 corp: 185/11010Kb lim: 239306 exec/s: 1081 rss: 461Mb L: 6861/239306 MS: 3 ChangeByte-PersAutoDict-EraseBytes- DE: "\001\000\000\003"-
#15167	REDUCE cov: 1385 ft: 2553 corp: 185/11008Kb lim: 239306 exec/s: 1083 rss: 461Mb L: 5200/239306 MS: 5 ChangeByte-CopyPart-ChangeASCIIInt-ChangeASCIIInt-EraseBytes-
#15219	REDUCE cov: 1385 ft: 2553 corp: 185/10984Kb lim: 239306 exec/s: 1087 rss: 461Mb L: 27162/239306 MS: 2 ShuffleBytes-EraseBytes-
#15227	REDUCE cov: 1387 ft: 2555 corp: 186/11084Kb lim: 239306 exec/s: 1087 rss: 461Mb L: 102867/239306 MS: 3 InsertByte-InsertRepeatedBytes-PersAutoDict- DE: "\001\000"-
#15341	REDUCE cov: 1387 ft: 2555 corp: 186/11031Kb lim: 239306 exec/s: 1095 rss: 463Mb L: 116692/239306 MS: 4 ChangeBinInt-ChangeBinInt-InsertByte-EraseBytes-
#15357	REDUCE cov: 1387 ft: 2555 corp: 186/11025Kb lim: 239306 exec/s: 1096 rss: 463Mb L: 46856/239306 MS: 1 EraseBytes-
#15412	REDUCE cov: 1387 ft: 2555 corp: 186/11025Kb lim: 239306 exec/s: 1027 rss: 463Mb L: 37/239306 MS: 5 CrossOver-InsertByte-EraseBytes-EraseBytes-EraseBytes-
#15419	REDUCE cov: 1387 ft: 2555 corp: 186/11024Kb lim: 239306 exec/s: 1027 rss: 463Mb L: 23687/239306 MS: 2 ShuffleBytes-EraseBytes-
#15506	REDUCE cov: 1387 ft: 2555 corp: 186/11020Kb lim: 239306 exec/s: 1033 rss: 463Mb L: 6208/239306 MS: 2 PersAutoDict-EraseBytes- DE: "\000\000\000\000\000\000\000\001"-
#15509	REDUCE cov: 1387 ft: 2555 corp: 186/11020Kb lim: 239306 exec/s: 1033 rss: 463Mb L: 60/239306 MS: 3 CopyPart-CopyPart-EraseBytes-
#15589	REDUCE cov: 1387 ft: 2555 corp: 186/11016Kb lim: 239306 exec/s: 1039 rss: 463Mb L: 25785/239306 MS: 5 ShuffleBytes-CMP-InsertRepeatedBytes-ChangeBinInt-EraseBytes- DE: "\004\000\000\000\000\000\000\000"-
#15615	REDUCE cov: 1387 ft: 2555 corp: 186/11002Kb lim: 239306 exec/s: 1041 rss: 463Mb L: 16546/239306 MS: 1 EraseBytes-
#15662	REDUCE cov: 1387 ft: 2555 corp: 186/11001Kb lim: 239306 exec/s: 1044 rss: 467Mb L: 5008/239306 MS: 2 CrossOver-EraseBytes-
#15673	REDUCE cov: 1387 ft: 2555 corp: 186/10982Kb lim: 239306 exec/s: 1044 rss: 467Mb L: 110311/239306 MS: 1 EraseBytes-
#15678	REDUCE cov: 1387 ft: 2555 corp: 186/10981Kb lim: 239306 exec/s: 1045 rss: 467Mb L: 3410/239306 MS: 5 ChangeASCIIInt-ChangeBinInt-PersAutoDict-EraseBytes-ChangeBinInt- DE: "\377\377\377\377"-
#15680	NEW    cov: 1388 ft: 2558 corp: 187/10981Kb lim: 239306 exec/s: 1045 rss: 467Mb L: 70/239306 MS: 2 ChangeBinInt-PersAutoDict- DE: "\000\000\000\000"-
#15711	REDUCE cov: 1388 ft: 2558 corp: 187/10981Kb lim: 239306 exec/s: 1047 rss: 467Mb L: 3055/239306 MS: 1 EraseBytes-
#15840	REDUCE cov: 1388 ft: 2558 corp: 187/10979Kb lim: 239306 exec/s: 1056 rss: 467Mb L: 2398/239306 MS: 4 CMP-ChangeASCIIInt-CMP-EraseBytes- DE: "\000\000"-"\000\000\000\000"-
#15892	REDUCE cov: 1388 ft: 2558 corp: 187/10979Kb lim: 239306 exec/s: 1059 rss: 467Mb L: 96/239306 MS: 2 ChangeASCIIInt-EraseBytes-
#15928	REDUCE cov: 1388 ft: 2558 corp: 187/10974Kb lim: 239306 exec/s: 1061 rss: 467Mb L: 9444/239306 MS: 1 EraseBytes-
#15931	REDUCE cov: 1388 ft: 2558 corp: 187/10974Kb lim: 239306 exec/s: 1062 rss: 467Mb L: 504/239306 MS: 3 PersAutoDict-ChangeBinInt-EraseBytes- DE: "\000\000\000\000\000\000\000\000\000\000\000\000\000\000\000\000\000\000\000\000\000\000\000\000\000\000\000\000\000\000\000\000"-
#15941	REDUCE cov: 1388 ft: 2558 corp: 187/10961Kb lim: 239306 exec/s: 1062 rss: 467Mb L: 44756/239306 MS: 5 CrossOver-ChangeASCIIInt-ShuffleBytes-ChangeBinInt-EraseBytes-
#15994	REDUCE cov: 1388 ft: 2558 corp: 187/10961Kb lim: 239306 exec/s: 1066 rss: 467Mb L: 1144/239306 MS: 3 InsertRepeatedBytes-CopyPart-EraseBytes-
#16021	REDUCE cov: 1388 ft: 2558 corp: 187/10961Kb lim: 239306 exec/s: 1068 rss: 467Mb L: 40/239306 MS: 2 ChangeByte-EraseBytes-
#16045	REDUCE cov: 1388 ft: 2558 corp: 187/10956Kb lim: 239306 exec/s: 1069 rss: 467Mb L: 23953/239306 MS: 4 InsertRepeatedBytes-InsertByte-CrossOver-EraseBytes-
#16048	REDUCE cov: 1388 ft: 2558 corp: 187/10955Kb lim: 239306 exec/s: 1069 rss: 467Mb L: 9861/239306 MS: 3 ChangeASCIIInt-ChangeBit-EraseBytes-
#16090	REDUCE cov: 1388 ft: 2558 corp: 187/10952Kb lim: 239306 exec/s: 1072 rss: 467Mb L: 6444/239306 MS: 2 ChangeASCIIInt-EraseBytes-
#16112	REDUCE cov: 1388 ft: 2558 corp: 187/10952Kb lim: 239306 exec/s: 1074 rss: 467Mb L: 159/239306 MS: 2 ShuffleBytes-EraseBytes-
#16138	REDUCE cov: 1388 ft: 2558 corp: 187/10941Kb lim: 239306 exec/s: 1075 rss: 467Mb L: 13150/239306 MS: 1 EraseBytes-
#16165	REDUCE cov: 1388 ft: 2558 corp: 187/10938Kb lim: 239306 exec/s: 1077 rss: 467Mb L: 14625/239306 MS: 2 ChangeBit-EraseBytes-
#16190	REDUCE cov: 1388 ft: 2558 corp: 187/10937Kb lim: 239306 exec/s: 1079 rss: 467Mb L: 2319/239306 MS: 5 ChangeBit-ChangeASCIIInt-InsertByte-ChangeBinInt-EraseBytes-
#16237	NEW    cov: 1388 ft: 2559 corp: 188/10995Kb lim: 239306 exec/s: 1082 rss: 467Mb L: 58812/239306 MS: 2 ShuffleBytes-CrossOver-
#16249	REDUCE cov: 1388 ft: 2559 corp: 188/10990Kb lim: 239306 exec/s: 1083 rss: 467Mb L: 18050/239306 MS: 2 PersAutoDict-EraseBytes- DE: "\000\000\000\000\000\000\000d"-
#16262	REDUCE cov: 1388 ft: 2559 corp: 188/10989Kb lim: 239306 exec/s: 1084 rss: 467Mb L: 12168/239306 MS: 3 CopyPart-InsertByte-EraseBytes-
#16278	REDUCE cov: 1388 ft: 2559 corp: 188/10958Kb lim: 239306 exec/s: 1085 rss: 467Mb L: 71446/239306 MS: 1 CrossOver-
#16298	REDUCE cov: 1388 ft: 2559 corp: 188/10958Kb lim: 239306 exec/s: 1086 rss: 467Mb L: 3260/239306 MS: 5 ChangeASCIIInt-PersAutoDict-ChangeBit-ChangeBit-EraseBytes- DE: "\002\377\377\377\377\377\377\377"-
#16319	REDUCE cov: 1388 ft: 2559 corp: 188/10957Kb lim: 239306 exec/s: 1087 rss: 467Mb L: 4899/239306 MS: 1 EraseBytes-
#16323	REDUCE cov: 1388 ft: 2559 corp: 188/10950Kb lim: 239306 exec/s: 1088 rss: 467Mb L: 27651/239306 MS: 4 ChangeASCIIInt-PersAutoDict-InsertByte-EraseBytes- DE: "\000\000\000\000\000\000\000\020"-
#16327	REDUCE cov: 1388 ft: 2559 corp: 188/10944Kb lim: 239306 exec/s: 1088 rss: 467Mb L: 7788/239306 MS: 4 CMP-InsertRepeatedBytes-ChangeBit-EraseBytes- DE: "\001\000\000\000\000\000\000M"-
#16360	REDUCE cov: 1388 ft: 2559 corp: 188/10935Kb lim: 239306 exec/s: 1090 rss: 467Mb L: 26329/239306 MS: 3 ChangeBinInt-PersAutoDict-EraseBytes- DE: "\031\000\000\000\000\000\000\000"-
#16384	pulse  cov: 1388 ft: 2559 corp: 188/10935Kb lim: 239306 exec/s: 1092 rss: 467Mb
#16391	REDUCE cov: 1388 ft: 2559 corp: 188/10933Kb lim: 239306 exec/s: 1092 rss: 467Mb L: 165192/239306 MS: 1 EraseBytes-
#16396	REDUCE cov: 1388 ft: 2559 corp: 188/10922Kb lim: 239306 exec/s: 1093 rss: 467Mb L: 60387/239306 MS: 5 CrossOver-ChangeBinInt-ShuffleBytes-ChangeASCIIInt-EraseBytes-
#16443	REDUCE cov: 1388 ft: 2559 corp: 188/10890Kb lim: 239306 exec/s: 1096 rss: 467Mb L: 96235/239306 MS: 2 CopyPart-EraseBytes-
#16474	REDUCE cov: 1388 ft: 2559 corp: 188/10883Kb lim: 239306 exec/s: 1098 rss: 467Mb L: 27677/239306 MS: 1 EraseBytes-
#16485	REDUCE cov: 1388 ft: 2559 corp: 188/10882Kb lim: 239306 exec/s: 1099 rss: 467Mb L: 1140/239306 MS: 1 EraseBytes-
#16501	REDUCE cov: 1388 ft: 2559 corp: 188/10854Kb lim: 239306 exec/s: 1100 rss: 467Mb L: 31304/239306 MS: 1 EraseBytes-
#16587	REDUCE cov: 1388 ft: 2559 corp: 188/10854Kb lim: 239306 exec/s: 1105 rss: 467Mb L: 2520/239306 MS: 1 EraseBytes-
#16664	REDUCE cov: 1388 ft: 2559 corp: 188/10843Kb lim: 239306 exec/s: 1110 rss: 467Mb L: 44320/239306 MS: 2 EraseBytes-CMP- DE: "\001\000\000\000\000\000\011,"-
#16682	REDUCE cov: 1388 ft: 2559 corp: 188/10842Kb lim: 239306 exec/s: 1112 rss: 467Mb L: 7170/239306 MS: 3 CopyPart-ChangeBinInt-EraseBytes-
#16690	REDUCE cov: 1388 ft: 2559 corp: 188/10837Kb lim: 239306 exec/s: 1112 rss: 467Mb L: 12554/239306 MS: 3 ChangeBit-ChangeASCIIInt-EraseBytes-
#16712	REDUCE cov: 1388 ft: 2559 corp: 188/10837Kb lim: 239306 exec/s: 1114 rss: 467Mb L: 942/239306 MS: 2 InsertRepeatedBytes-EraseBytes-
#16754	REDUCE cov: 1388 ft: 2559 corp: 188/10801Kb lim: 239306 exec/s: 1116 rss: 467Mb L: 52367/239306 MS: 2 ChangeBinInt-EraseBytes-
#16880	REDUCE cov: 1388 ft: 2559 corp: 188/10794Kb lim: 239306 exec/s: 1055 rss: 467Mb L: 8647/239306 MS: 1 EraseBytes-
#16892	NEW    cov: 1388 ft: 2561 corp: 189/10903Kb lim: 239306 exec/s: 1055 rss: 467Mb L: 111578/239306 MS: 2 InsertRepeatedBytes-InsertRepeatedBytes-
#16935	REDUCE cov: 1388 ft: 2561 corp: 189/10896Kb lim: 239306 exec/s: 1058 rss: 467Mb L: 63403/239306 MS: 3 ChangeBit-ChangeASCIIInt-EraseBytes-
#16956	REDUCE cov: 1388 ft: 2561 corp: 189/10893Kb lim: 239306 exec/s: 1059 rss: 467Mb L: 20832/239306 MS: 1 EraseBytes-
#16978	REDUCE cov: 1388 ft: 2561 corp: 189/10893Kb lim: 239306 exec/s: 1061 rss: 467Mb L: 11877/239306 MS: 2 ChangeBinInt-EraseBytes-
#16994	REDUCE cov: 1388 ft: 2561 corp: 189/10887Kb lim: 239306 exec/s: 1062 rss: 467Mb L: 39723/239306 MS: 1 EraseBytes-
#17002	REDUCE cov: 1388 ft: 2561 corp: 189/10886Kb lim: 239306 exec/s: 1062 rss: 467Mb L: 10767/239306 MS: 3 CopyPart-PersAutoDict-EraseBytes- DE: "\377\377\377\377\377\377\377\377"-
#17095	NEW    cov: 1388 ft: 2562 corp: 190/10889Kb lim: 239306 exec/s: 1068 rss: 467Mb L: 3125/239306 MS: 3 ShuffleBytes-CopyPart-CrossOver-
#17119	REDUCE cov: 1388 ft: 2562 corp: 190/10888Kb lim: 239306 exec/s: 1069 rss: 467Mb L: 3354/239306 MS: 4 ShuffleBytes-ChangeBinInt-CopyPart-EraseBytes-
#17138	REDUCE cov: 1388 ft: 2562 corp: 190/10879Kb lim: 239306 exec/s: 1071 rss: 467Mb L: 12096/239306 MS: 4 ShuffleBytes-ShuffleBytes-ChangeByte-EraseBytes-
#17349	REDUCE cov: 1388 ft: 2562 corp: 190/10866Kb lim: 239306 exec/s: 1084 rss: 467Mb L: 56190/239306 MS: 1 EraseBytes-
#17358	REDUCE cov: 1388 ft: 2562 corp: 190/10865Kb lim: 239306 exec/s: 1084 rss: 467Mb L: 108707/239306 MS: 4 PersAutoDict-ChangeASCIIInt-CrossOver-EraseBytes- DE: "\001\000\000\000\000\000\011,"-
#17364	REDUCE cov: 1388 ft: 2563 corp: 191/10970Kb lim: 239306 exec/s: 1085 rss: 467Mb L: 107945/239306 MS: 1 CMP- DE: "\000\000"-
#17408	REDUCE cov: 1388 ft: 2563 corp: 191/10968Kb lim: 239306 exec/s: 1088 rss: 467Mb L: 5455/239306 MS: 4 CMP-PersAutoDict-CMP-EraseBytes- DE: "\001\000\000\000"-"\001\000\000\000\000\000\011,"-"Z\261\270O\343\234r\247"-
#17434	REDUCE cov: 1388 ft: 2563 corp: 191/10968Kb lim: 239306 exec/s: 1089 rss: 467Mb L: 2164/239306 MS: 1 EraseBytes-
#17461	REDUCE cov: 1388 ft: 2563 corp: 191/10963Kb lim: 239306 exec/s: 1091 rss: 467Mb L: 21498/239306 MS: 2 ShuffleBytes-EraseBytes-
#17473	REDUCE cov: 1388 ft: 2563 corp: 191/10960Kb lim: 239306 exec/s: 1092 rss: 467Mb L: 4830/239306 MS: 2 CMP-EraseBytes- DE: "\001\000\000\000\000\000\000\000"-
#17531	REDUCE cov: 1388 ft: 2563 corp: 191/10960Kb lim: 239306 exec/s: 1095 rss: 467Mb L: 1507/239306 MS: 3 ChangeBit-ChangeBit-EraseBytes-
#17555	REDUCE cov: 1388 ft: 2563 corp: 191/10956Kb lim: 239306 exec/s: 1097 rss: 467Mb L: 6270/239306 MS: 4 InsertByte-ChangeBinInt-PersAutoDict-EraseBytes- DE: "\301\\\002\211\354-\012\221g\354\216e\241\215\353\276^U2\373\356\242\223\370\013\311B\356\220\206\301q"-
#17615	REDUCE cov: 1388 ft: 2563 corp: 191/10927Kb lim: 239306 exec/s: 1100 rss: 467Mb L: 103155/239306 MS: 5 ChangeBit-ChangeBinInt-PersAutoDict-PersAutoDict-EraseBytes- DE: "\000\000"-"\001\000\000\000\377\377\377\377"-
#17652	REDUCE cov: 1388 ft: 2563 corp: 191/10927Kb lim: 239306 exec/s: 1103 rss: 467Mb L: 87/239306 MS: 2 ChangeBit-EraseBytes-
#17710	REDUCE cov: 1388 ft: 2570 corp: 192/10927Kb lim: 239306 exec/s: 1106 rss: 467Mb L: 68/239306 MS: 3 CrossOver-ChangeASCIIInt-CMP- DE: "\021\000\000\000\000\000\000\000"-
#17712	REDUCE cov: 1388 ft: 2570 corp: 192/10925Kb lim: 239306 exec/s: 1107 rss: 467Mb L: 5838/239306 MS: 2 InsertRepeatedBytes-EraseBytes-
#17713	NEW    cov: 1388 ft: 2578 corp: 193/10928Kb lim: 239306 exec/s: 1107 rss: 467Mb L: 3210/239306 MS: 1 InsertRepeatedBytes-
#17787	REDUCE cov: 1388 ft: 2578 corp: 193/10909Kb lim: 239306 exec/s: 1111 rss: 467Mb L: 91467/239306 MS: 4 InsertByte-ChangeASCIIInt-ChangeBit-CrossOver-
#17792	REDUCE cov: 1388 ft: 2578 corp: 193/10895Kb lim: 239306 exec/s: 1112 rss: 467Mb L: 32236/239306 MS: 5 InsertRepeatedBytes-ShuffleBytes-InsertRepeatedBytes-ShuffleBytes-EraseBytes-
#17813	REDUCE cov: 1388 ft: 2578 corp: 193/10893Kb lim: 239306 exec/s: 1113 rss: 467Mb L: 42770/239306 MS: 1 EraseBytes-
#17829	REDUCE cov: 1388 ft: 2578 corp: 193/10892Kb lim: 239306 exec/s: 1114 rss: 467Mb L: 39782/239306 MS: 1 EraseBytes-
#17832	REDUCE cov: 1388 ft: 2579 corp: 194/10901Kb lim: 239306 exec/s: 1114 rss: 467Mb L: 8656/239306 MS: 3 PersAutoDict-ShuffleBytes-InsertByte- DE: "\000\000\000\000\377\377\377\377"-
#17879	REDUCE cov: 1388 ft: 2579 corp: 194/10899Kb lim: 239306 exec/s: 1117 rss: 467Mb L: 94192/239306 MS: 2 ShuffleBytes-EraseBytes-
#18005	REDUCE cov: 1389 ft: 2580 corp: 195/10899Kb lim: 239306 exec/s: 1125 rss: 467Mb L: 49/239306 MS: 1 CopyPart-
#18027	REDUCE cov: 1389 ft: 2580 corp: 195/10876Kb lim: 239306 exec/s: 1126 rss: 467Mb L: 63152/239306 MS: 2 ChangeByte-EraseBytes-
#18068	REDUCE cov: 1389 ft: 2580 corp: 195/10875Kb lim: 239306 exec/s: 1129 rss: 467Mb L: 7662/239306 MS: 1 EraseBytes-
#18190	REDUCE cov: 1389 ft: 2580 corp: 195/10875Kb lim: 239306 exec/s: 1136 rss: 467Mb L: 1064/239306 MS: 2 CopyPart-EraseBytes-
#18201	REDUCE cov: 1389 ft: 2580 corp: 195/10867Kb lim: 239306 exec/s: 1137 rss: 467Mb L: 18383/239306 MS: 1 EraseBytes-
#18248	REDUCE cov: 1389 ft: 2580 corp: 195/10843Kb lim: 239306 exec/s: 1140 rss: 467Mb L: 125402/239306 MS: 2 ChangeASCIIInt-EraseBytes-
#18326	REDUCE cov: 1389 ft: 2580 corp: 195/10797Kb lim: 239306 exec/s: 1078 rss: 467Mb L: 74194/239306 MS: 3 CMP-CMP-EraseBytes- DE: "\000\000\000\000"-"\001\000\000\000"-
#18359	REDUCE cov: 1389 ft: 2580 corp: 195/10797Kb lim: 239306 exec/s: 1079 rss: 467Mb L: 6547/239306 MS: 3 ChangeByte-ShuffleBytes-EraseBytes-
#18398	REDUCE cov: 1389 ft: 2580 corp: 195/10782Kb lim: 239306 exec/s: 1082 rss: 467Mb L: 33311/239306 MS: 4 PersAutoDict-InsertRepeatedBytes-ChangeASCIIInt-EraseBytes- DE: "\376\377\377\377\377\377\377\001"-
#18449	REDUCE cov: 1390 ft: 2581 corp: 196/10789Kb lim: 239306 exec/s: 1085 rss: 467Mb L: 7600/239306 MS: 1 CMP- DE: "\377\377"-
#18645	REDUCE cov: 1390 ft: 2581 corp: 196/10788Kb lim: 239306 exec/s: 1096 rss: 467Mb L: 6335/239306 MS: 1 EraseBytes-
#18651	REDUCE cov: 1390 ft: 2581 corp: 196/10777Kb lim: 239306 exec/s: 1097 rss: 467Mb L: 15905/239306 MS: 1 EraseBytes-
#18737	REDUCE cov: 1390 ft: 2581 corp: 196/10765Kb lim: 239306 exec/s: 1102 rss: 467Mb L: 96939/239306 MS: 1 EraseBytes-
#18768	REDUCE cov: 1390 ft: 2581 corp: 196/10763Kb lim: 239306 exec/s: 1104 rss: 467Mb L: 3553/239306 MS: 1 EraseBytes-
#18784	REDUCE cov: 1390 ft: 2581 corp: 196/10761Kb lim: 239306 exec/s: 1104 rss: 467Mb L: 37679/239306 MS: 1 EraseBytes-
#18805	REDUCE cov: 1390 ft: 2581 corp: 196/10756Kb lim: 239306 exec/s: 1106 rss: 467Mb L: 34795/239306 MS: 1 EraseBytes-
#18864	NEW    cov: 1392 ft: 2583 corp: 197/10756Kb lim: 239306 exec/s: 1109 rss: 467Mb L: 74/239306 MS: 4 ChangeBinInt-ChangeByte-PersAutoDict-CMP- DE: "\257\000\000\000\000\000\000\000"-"\377\377\377\377\377\377\377\377"-
#18865	REDUCE cov: 1392 ft: 2583 corp: 197/10728Kb lim: 239306 exec/s: 1109 rss: 467Mb L: 39571/239306 MS: 1 EraseBytes-
#18881	REDUCE cov: 1392 ft: 2583 corp: 197/10716Kb lim: 239306 exec/s: 1110 rss: 467Mb L: 76335/239306 MS: 1 EraseBytes-
#18887	REDUCE cov: 1392 ft: 2583 corp: 197/10709Kb lim: 239306 exec/s: 1111 rss: 467Mb L: 35011/239306 MS: 1 EraseBytes-
#18893	REDUCE cov: 1392 ft: 2583 corp: 197/10707Kb lim: 239306 exec/s: 1111 rss: 467Mb L: 3728/239306 MS: 1 EraseBytes-
#18924	REDUCE cov: 1392 ft: 2583 corp: 197/10701Kb lim: 239306 exec/s: 1113 rss: 467Mb L: 14841/239306 MS: 1 EraseBytes-
#19000	REDUCE cov: 1392 ft: 2583 corp: 197/10698Kb lim: 239306 exec/s: 1117 rss: 467Mb L: 13676/239306 MS: 1 EraseBytes-
#19016	NEW    cov: 1392 ft: 2598 corp: 198/10701Kb lim: 239306 exec/s: 1118 rss: 467Mb L: 3225/239306 MS: 1 InsertRepeatedBytes-
#19030	REDUCE cov: 1392 ft: 2598 corp: 198/10700Kb lim: 239306 exec/s: 1119 rss: 467Mb L: 139235/239306 MS: 4 PersAutoDict-InsertRepeatedBytes-ChangeBinInt-EraseBytes- DE: "\001\000\000\000\000\000\000M"-
#19053	NEW    cov: 1392 ft: 2601 corp: 199/10700Kb lim: 239306 exec/s: 1120 rss: 467Mb L: 172/239306 MS: 3 ChangeByte-ChangeByte-InsertRepeatedBytes-
#19114	REDUCE cov: 1392 ft: 2601 corp: 199/10542Kb lim: 239306 exec/s: 1124 rss: 467Mb L: 51463/239306 MS: 1 CrossOver-
#19142	REDUCE cov: 1392 ft: 2601 corp: 199/10542Kb lim: 239306 exec/s: 1126 rss: 467Mb L: 7925/239306 MS: 3 ChangeASCIIInt-CMP-EraseBytes- DE: "\377\377"-
#19164	REDUCE cov: 1392 ft: 2601 corp: 199/10499Kb lim: 239306 exec/s: 1127 rss: 467Mb L: 48052/239306 MS: 2 ChangeByte-EraseBytes-
#19200	REDUCE cov: 1392 ft: 2601 corp: 199/10497Kb lim: 239306 exec/s: 1129 rss: 467Mb L: 4052/239306 MS: 1 EraseBytes-
#19253	REDUCE cov: 1392 ft: 2601 corp: 199/10497Kb lim: 239306 exec/s: 1132 rss: 467Mb L: 683/239306 MS: 3 ShuffleBytes-ChangeByte-EraseBytes-
#19359	REDUCE cov: 1392 ft: 2601 corp: 199/10480Kb lim: 239306 exec/s: 1138 rss: 467Mb L: 25973/239306 MS: 1 EraseBytes-
#19485	NEW    cov: 1394 ft: 2603 corp: 200/10480Kb lim: 239306 exec/s: 1146 rss: 467Mb L: 180/239306 MS: 1 PersAutoDict- DE: "TUUUUUU\005"-
#19507	REDUCE cov: 1394 ft: 2603 corp: 200/10479Kb lim: 239306 exec/s: 1147 rss: 467Mb L: 45641/239306 MS: 2 InsertRepeatedBytes-EraseBytes-
#19618	REDUCE cov: 1394 ft: 2603 corp: 200/10460Kb lim: 239306 exec/s: 1154 rss: 467Mb L: 28097/239306 MS: 1 EraseBytes-
#19629	REDUCE cov: 1394 ft: 2603 corp: 200/10460Kb lim: 239306 exec/s: 1154 rss: 467Mb L: 354/239306 MS: 1 EraseBytes-
#19630	REDUCE cov: 1394 ft: 2603 corp: 200/10450Kb lim: 239306 exec/s: 1154 rss: 467Mb L: 11609/239306 MS: 1 EraseBytes-
#19678	REDUCE cov: 1394 ft: 2603 corp: 200/10447Kb lim: 239306 exec/s: 1157 rss: 467Mb L: 5143/239306 MS: 3 InsertByte-ShuffleBytes-EraseBytes-
#19680	REDUCE cov: 1394 ft: 2604 corp: 201/10634Kb lim: 239306 exec/s: 1157 rss: 467Mb L: 191235/239306 MS: 2 ChangeBinInt-CopyPart-
#19686	REDUCE cov: 1394 ft: 2604 corp: 201/10626Kb lim: 239306 exec/s: 1158 rss: 467Mb L: 22772/239306 MS: 1 EraseBytes-
#19690	REDUCE cov: 1394 ft: 2604 corp: 201/10626Kb lim: 239306 exec/s: 1158 rss: 467Mb L: 1467/239306 MS: 4 PersAutoDict-PersAutoDict-CrossOver-EraseBytes- DE: "UUUUUUU\005"-"\001\000\000\000\000\000\000M"-
#19730	REDUCE cov: 1394 ft: 2604 corp: 201/10621Kb lim: 239306 exec/s: 1160 rss: 467Mb L: 13467/239306 MS: 5 InsertByte-CrossOver-ChangeBinInt-CopyPart-EraseBytes-
#19764	NEW    cov: 1394 ft: 2606 corp: 202/10622Kb lim: 239306 exec/s: 1162 rss: 467Mb L: 172/239306 MS: 4 ChangeBinInt-ChangeBit-ChangeBit-CrossOver-
#19817	REDUCE cov: 1394 ft: 2606 corp: 202/10621Kb lim: 239306 exec/s: 1100 rss: 467Mb L: 3047/239306 MS: 3 ChangeASCIIInt-ChangeBinInt-EraseBytes-
	NEW_FUNC[1/1]: 0x558e9df27920  (/home/runner/work/hc-stark/hc-stark/raw-reports/cargo-target/x86_64-unknown-linux-gnu/release/plonky3_proof_bytes_v1+0x25b920) (BuildId: 93b0a3be9bf8948c6041fb18af8421d78e04255e)
#19865	REDUCE cov: 1397 ft: 2609 corp: 203/10627Kb lim: 239306 exec/s: 1103 rss: 467Mb L: 5365/239306 MS: 3 EraseBytes-ShuffleBytes-PersAutoDict- DE: "\001\000\000\000\000\000\000\004"-
#19883	NEW    cov: 1397 ft: 2611 corp: 204/10627Kb lim: 239306 exec/s: 1104 rss: 467Mb L: 172/239306 MS: 3 ChangeASCIIInt-ChangeByte-CMP- DE: "\027\000\000\000\000\000\000\000"-
#19887	REDUCE cov: 1397 ft: 2611 corp: 204/10615Kb lim: 239306 exec/s: 1104 rss: 467Mb L: 43316/239306 MS: 4 ChangeBit-ChangeBinInt-ShuffleBytes-EraseBytes-
#19889	REDUCE cov: 1397 ft: 2611 corp: 204/10615Kb lim: 239306 exec/s: 1104 rss: 467Mb L: 40/239306 MS: 2 ChangeBit-EraseBytes-
#20024	REDUCE cov: 1397 ft: 2611 corp: 204/10585Kb lim: 239306 exec/s: 1112 rss: 467Mb L: 72912/239306 MS: 5 CopyPart-ShuffleBytes-CMP-InsertRepeatedBytes-EraseBytes- DE: "\000\000\000\000\000\000\000\010"-
#20035	REDUCE cov: 1397 ft: 2611 corp: 204/10584Kb lim: 239306 exec/s: 1113 rss: 467Mb L: 3367/239306 MS: 1 EraseBytes-
#20134	REDUCE cov: 1397 ft: 2611 corp: 204/10584Kb lim: 239306 exec/s: 1118 rss: 467Mb L: 1701/239306 MS: 4 ChangeByte-InsertRepeatedBytes-ChangeBinInt-EraseBytes-
#20155	REDUCE cov: 1397 ft: 2611 corp: 204/10584Kb lim: 239306 exec/s: 1119 rss: 467Mb L: 36/239306 MS: 1 EraseBytes-
#20177	REDUCE cov: 1397 ft: 2611 corp: 204/10572Kb lim: 239306 exec/s: 1120 rss: 467Mb L: 14064/239306 MS: 2 ChangeBit-EraseBytes-
#20226	REDUCE cov: 1398 ft: 2612 corp: 205/10580Kb lim: 239306 exec/s: 1123 rss: 467Mb L: 8210/239306 MS: 4 CrossOver-ChangeBinInt-PersAutoDict-PersAutoDict- DE: "\001\000\000\000\000\000\000\000"-"\001\000"-
#20297	REDUCE cov: 1398 ft: 2612 corp: 205/10575Kb lim: 239306 exec/s: 1127 rss: 467Mb L: 90119/239306 MS: 1 EraseBytes-
#20314	REDUCE cov: 1398 ft: 2612 corp: 205/10574Kb lim: 239306 exec/s: 1128 rss: 467Mb L: 4404/239306 MS: 2 InsertByte-EraseBytes-
#20334	REDUCE cov: 1398 ft: 2612 corp: 205/10571Kb lim: 239306 exec/s: 1129 rss: 467Mb L: 4458/239306 MS: 5 ChangeBinInt-InsertByte-InsertByte-PersAutoDict-EraseBytes- DE: "\001\000\000\000\377\377\377\377"-
#20344	REDUCE cov: 1398 ft: 2612 corp: 205/10513Kb lim: 239306 exec/s: 1130 rss: 467Mb L: 173027/239306 MS: 5 InsertByte-ChangeASCIIInt-ChangeBinInt-ChangeBit-EraseBytes-
#20381	REDUCE cov: 1398 ft: 2612 corp: 205/10497Kb lim: 239306 exec/s: 1132 rss: 467Mb L: 92064/239306 MS: 2 InsertRepeatedBytes-EraseBytes-
#20422	REDUCE cov: 1398 ft: 2612 corp: 205/10486Kb lim: 239306 exec/s: 1134 rss: 467Mb L: 11994/239306 MS: 1 EraseBytes-
#20464	REDUCE cov: 1398 ft: 2612 corp: 205/10485Kb lim: 239306 exec/s: 1136 rss: 467Mb L: 7369/239306 MS: 2 ChangeASCIIInt-EraseBytes-
#20491	REDUCE cov: 1398 ft: 2612 corp: 205/10423Kb lim: 239306 exec/s: 1138 rss: 467Mb L: 67486/239306 MS: 2 InsertRepeatedBytes-EraseBytes-
#20592	REDUCE cov: 1398 ft: 2612 corp: 205/10419Kb lim: 239306 exec/s: 1144 rss: 467Mb L: 8792/239306 MS: 1 EraseBytes-
#20683	REDUCE cov: 1398 ft: 2612 corp: 205/10419Kb lim: 239306 exec/s: 1149 rss: 467Mb L: 31/239306 MS: 1 EraseBytes-
#20715	REDUCE cov: 1398 ft: 2612 corp: 205/10402Kb lim: 239306 exec/s: 1150 rss: 467Mb L: 28191/239306 MS: 2 ChangeBinInt-EraseBytes-
#20760	REDUCE cov: 1398 ft: 2612 corp: 205/10402Kb lim: 239306 exec/s: 1153 rss: 467Mb L: 55/239306 MS: 5 InsertRepeatedBytes-EraseBytes-ShuffleBytes-ShuffleBytes-EraseBytes-
#20761	REDUCE cov: 1398 ft: 2612 corp: 205/10380Kb lim: 239306 exec/s: 1153 rss: 467Mb L: 28127/239306 MS: 1 EraseBytes-
#20767	REDUCE cov: 1398 ft: 2612 corp: 205/10375Kb lim: 239306 exec/s: 1153 rss: 467Mb L: 23095/239306 MS: 1 EraseBytes-
#20802	REDUCE cov: 1398 ft: 2612 corp: 205/10366Kb lim: 239306 exec/s: 1155 rss: 467Mb L: 48791/239306 MS: 5 InsertByte-ChangeBinInt-CrossOver-CrossOver-ChangeByte-
	NEW_FUNC[1/1]: 0x558e9df56ab0  (/home/runner/work/hc-stark/hc-stark/raw-reports/cargo-target/x86_64-unknown-linux-gnu/release/plonky3_proof_bytes_v1+0x28aab0) (BuildId: 93b0a3be9bf8948c6041fb18af8421d78e04255e)
#20850	REDUCE cov: 1405 ft: 2619 corp: 206/10366Kb lim: 239306 exec/s: 1158 rss: 467Mb L: 512/239306 MS: 3 ShuffleBytes-ShuffleBytes-PersAutoDict- DE: "\027\000\000\000\000\000\000\000"-
#20861	REDUCE cov: 1405 ft: 2619 corp: 206/10364Kb lim: 239306 exec/s: 1158 rss: 467Mb L: 6328/239306 MS: 1 EraseBytes-
#20968	REDUCE cov: 1406 ft: 2620 corp: 207/10364Kb lim: 239306 exec/s: 1164 rss: 467Mb L: 60/239306 MS: 2 ShuffleBytes-PersAutoDict- DE: "\000\000\000\000\000\000\000\001"-
#20970	REDUCE cov: 1406 ft: 2620 corp: 207/10315Kb lim: 239306 exec/s: 1165 rss: 467Mb L: 119101/239306 MS: 2 CrossOver-EraseBytes-
#21031	REDUCE cov: 1406 ft: 2620 corp: 207/10313Kb lim: 239306 exec/s: 1168 rss: 467Mb L: 3892/239306 MS: 1 EraseBytes-
#21092	REDUCE cov: 1406 ft: 2620 corp: 207/10312Kb lim: 239306 exec/s: 1171 rss: 467Mb L: 1095/239306 MS: 1 EraseBytes-
#21095	REDUCE cov: 1406 ft: 2620 corp: 207/10310Kb lim: 239306 exec/s: 1171 rss: 467Mb L: 24300/239306 MS: 3 InsertByte-PersAutoDict-EraseBytes- DE: "\000\000\000\000\000\000\000 "-
#21135	REDUCE cov: 1406 ft: 2620 corp: 207/10310Kb lim: 239306 exec/s: 1174 rss: 467Mb L: 599/239306 MS: 5 ShuffleBytes-CopyPart-InsertRepeatedBytes-ShuffleBytes-EraseBytes-
#21144	NEW    cov: 1406 ft: 2625 corp: 208/10310Kb lim: 239306 exec/s: 1174 rss: 467Mb L: 513/239306 MS: 4 CMP-InsertByte-ChangeBinInt-ChangeBinInt- DE: "\000\000\000\000"-
#21150	REDUCE cov: 1406 ft: 2625 corp: 208/10309Kb lim: 239306 exec/s: 1175 rss: 467Mb L: 4342/239306 MS: 1 EraseBytes-
#21180	REDUCE cov: 1406 ft: 2625 corp: 208/10308Kb lim: 239306 exec/s: 1176 rss: 467Mb L: 1318/239306 MS: 5 InsertByte-InsertByte-InsertByte-ChangeASCIIInt-EraseBytes-
#21191	NEW    cov: 1406 ft: 2630 corp: 209/10309Kb lim: 239306 exec/s: 1177 rss: 467Mb L: 172/239306 MS: 1 CrossOver-
#21228	REDUCE cov: 1406 ft: 2630 corp: 209/10308Kb lim: 239306 exec/s: 1179 rss: 467Mb L: 2804/239306 MS: 2 EraseBytes-InsertRepeatedBytes-
#21269	NEW    cov: 1407 ft: 2631 corp: 210/10308Kb lim: 239306 exec/s: 1181 rss: 467Mb L: 60/239306 MS: 1 ChangeByte-
#21318	REDUCE cov: 1407 ft: 2631 corp: 210/10306Kb lim: 239306 exec/s: 1184 rss: 467Mb L: 12559/239306 MS: 4 InsertRepeatedBytes-ChangeBinInt-ChangeByte-EraseBytes-
#21350	REDUCE cov: 1407 ft: 2631 corp: 210/10304Kb lim: 239306 exec/s: 1123 rss: 467Mb L: 4845/239306 MS: 2 PersAutoDict-EraseBytes- DE: "\301\\\002\211\354-\012\221g\354\216e\241\215\353\276^U2\373\356\242\223\370\013\311B\356\220\206\301q"-
#21366	REDUCE cov: 1407 ft: 2631 corp: 210/10304Kb lim: 239306 exec/s: 1124 rss: 467Mb L: 40/239306 MS: 1 EraseBytes-
#21428	REDUCE cov: 1407 ft: 2631 corp: 210/10304Kb lim: 239306 exec/s: 1127 rss: 467Mb L: 3109/239306 MS: 2 ChangeASCIIInt-EraseBytes-
#21476	REDUCE cov: 1407 ft: 2631 corp: 210/10302Kb lim: 239306 exec/s: 1130 rss: 467Mb L: 2437/239306 MS: 3 CrossOver-ShuffleBytes-EraseBytes-
#21477	REDUCE cov: 1407 ft: 2631 corp: 210/10296Kb lim: 239306 exec/s: 1130 rss: 467Mb L: 6773/239306 MS: 1 EraseBytes-
#21491	REDUCE cov: 1407 ft: 2631 corp: 210/10296Kb lim: 239306 exec/s: 1131 rss: 467Mb L: 170/239306 MS: 4 ShuffleBytes-ChangeBit-ChangeByte-EraseBytes-
#21646	REDUCE cov: 1407 ft: 2631 corp: 210/10295Kb lim: 239306 exec/s: 1139 rss: 467Mb L: 1633/239306 MS: 5 ChangeBinInt-InsertRepeatedBytes-EraseBytes-InsertByte-ChangeBinInt-
#21672	REDUCE cov: 1407 ft: 2631 corp: 210/10291Kb lim: 239306 exec/s: 1140 rss: 467Mb L: 20494/239306 MS: 1 EraseBytes-
#21684	REDUCE cov: 1407 ft: 2631 corp: 210/10290Kb lim: 239306 exec/s: 1141 rss: 467Mb L: 2412/239306 MS: 2 ChangeByte-EraseBytes-
#21783	REDUCE cov: 1407 ft: 2631 corp: 210/10288Kb lim: 239306 exec/s: 1146 rss: 467Mb L: 15000/239306 MS: 4 ChangeBinInt-ChangeBit-PersAutoDict-EraseBytes- DE: "UUUUUUU\005"-
#21802	REDUCE cov: 1407 ft: 2631 corp: 210/10287Kb lim: 239306 exec/s: 1147 rss: 467Mb L: 2912/239306 MS: 4 ChangeBit-ShuffleBytes-PersAutoDict-EraseBytes- DE: "e\000\000\000\000\000\000\000"-
#21854	REDUCE cov: 1407 ft: 2631 corp: 210/10287Kb lim: 239306 exec/s: 1150 rss: 467Mb L: 41/239306 MS: 2 PersAutoDict-EraseBytes- DE: "\376\377\377\377\377\377\377\001"-
#21866	REDUCE cov: 1407 ft: 2631 corp: 210/10286Kb lim: 239306 exec/s: 1150 rss: 467Mb L: 9138/239306 MS: 2 ChangeBinInt-EraseBytes-
#21925	REDUCE cov: 1407 ft: 2631 corp: 210/10272Kb lim: 239306 exec/s: 1153 rss: 467Mb L: 88145/239306 MS: 4 ChangeBinInt-ShuffleBytes-CMP-EraseBytes- DE: "\001\000"-
#21936	REDUCE cov: 1407 ft: 2631 corp: 210/10272Kb lim: 239306 exec/s: 1154 rss: 467Mb L: 34/239306 MS: 1 EraseBytes-
#21954	REDUCE cov: 1407 ft: 2631 corp: 210/10268Kb lim: 239306 exec/s: 1155 rss: 467Mb L: 16220/239306 MS: 3 ChangeBinInt-ChangeByte-EraseBytes-
#21956	REDUCE cov: 1407 ft: 2631 corp: 210/10266Kb lim: 239306 exec/s: 1155 rss: 467Mb L: 2230/239306 MS: 2 ShuffleBytes-EraseBytes-
#21967	REDUCE cov: 1407 ft: 2631 corp: 210/10259Kb lim: 239306 exec/s: 1156 rss: 467Mb L: 20546/239306 MS: 1 EraseBytes-
#22069	REDUCE cov: 1407 ft: 2631 corp: 210/10258Kb lim: 239306 exec/s: 1161 rss: 467Mb L: 6108/239306 MS: 2 InsertByte-EraseBytes-
#22089	REDUCE cov: 1407 ft: 2631 corp: 210/10254Kb lim: 239306 exec/s: 1162 rss: 467Mb L: 9323/239306 MS: 5 ShuffleBytes-ChangeBit-ChangeByte-CrossOver-EraseBytes-
#22136	REDUCE cov: 1407 ft: 2631 corp: 210/10241Kb lim: 239306 exec/s: 1165 rss: 467Mb L: 14098/239306 MS: 2 ChangeBinInt-EraseBytes-
#22148	REDUCE cov: 1407 ft: 2631 corp: 210/10233Kb lim: 239306 exec/s: 1165 rss: 467Mb L: 21559/239306 MS: 2 ChangeASCIIInt-EraseBytes-
#22233	REDUCE cov: 1407 ft: 2631 corp: 210/10231Kb lim: 239306 exec/s: 1170 rss: 467Mb L: 8097/239306 MS: 5 ShuffleBytes-ChangeBit-ChangeBit-ChangeASCIIInt-EraseBytes-
#22245	REDUCE cov: 1407 ft: 2631 corp: 210/10231Kb lim: 239306 exec/s: 1170 rss: 467Mb L: 62/239306 MS: 2 ChangeBinInt-EraseBytes-
#22252	REDUCE cov: 1407 ft: 2631 corp: 210/10231Kb lim: 239306 exec/s: 1171 rss: 467Mb L: 100/239306 MS: 2 ChangeByte-EraseBytes-
#22273	REDUCE cov: 1407 ft: 2632 corp: 211/10320Kb lim: 239306 exec/s: 1172 rss: 467Mb L: 90949/239306 MS: 1 CrossOver-
#22277	REDUCE cov: 1407 ft: 2632 corp: 211/10314Kb lim: 239306 exec/s: 1172 rss: 467Mb L: 17612/239306 MS: 4 ShuffleBytes-ChangeBinInt-CMP-EraseBytes- DE: "\001\000"-
#22431	REDUCE cov: 1407 ft: 2632 corp: 211/10313Kb lim: 239306 exec/s: 1180 rss: 467Mb L: 2474/239306 MS: 4 CopyPart-ChangeBinInt-ChangeByte-EraseBytes-
#22516	REDUCE cov: 1407 ft: 2632 corp: 211/10311Kb lim: 239306 exec/s: 1185 rss: 467Mb L: 14457/239306 MS: 5 PersAutoDict-CopyPart-ChangeByte-CopyPart-EraseBytes- DE: "\000\000\000\000\000\000\000\000\000\000\000\000\000\000\000\000\000\000\000\000\000\000\000\000\000\000\000\000\000\000\000\000"-
#22546	REDUCE cov: 1407 ft: 2632 corp: 211/10308Kb lim: 239306 exec/s: 1186 rss: 467Mb L: 20566/239306 MS: 5 InsertByte-ChangeBinInt-PersAutoDict-ChangeBit-EraseBytes- DE: "\001\000\000\000\000\000\011,"-
#22574	REDUCE cov: 1407 ft: 2632 corp: 211/10281Kb lim: 239306 exec/s: 1188 rss: 467Mb L: 36638/239306 MS: 3 InsertByte-InsertRepeatedBytes-EraseBytes-
#22652	REDUCE cov: 1407 ft: 2632 corp: 211/10281Kb lim: 239306 exec/s: 1192 rss: 467Mb L: 145/239306 MS: 3 ChangeBit-PersAutoDict-EraseBytes- DE: "\376\377\377\377\377\377\377\001"-
#22702	REDUCE cov: 1407 ft: 2632 corp: 211/10281Kb lim: 239306 exec/s: 1194 rss: 467Mb L: 63/239306 MS: 5 PersAutoDict-CrossOver-ChangeBinInt-PersAutoDict-EraseBytes- DE: "\001\000\000\000\000\000\000\000"-"\001\000\000\000\000\000\011,"-
#22945	REDUCE cov: 1407 ft: 2632 corp: 211/10281Kb lim: 239306 exec/s: 1207 rss: 467Mb L: 1445/239306 MS: 3 ChangeBit-ChangeBit-EraseBytes-
#22948	REDUCE cov: 1407 ft: 2632 corp: 211/10281Kb lim: 239306 exec/s: 1207 rss: 467Mb L: 2742/239306 MS: 3 InsertRepeatedBytes-ChangeByte-EraseBytes-
#23044	REDUCE cov: 1407 ft: 2632 corp: 211/10260Kb lim: 239306 exec/s: 1212 rss: 467Mb L: 97559/239306 MS: 1 EraseBytes-
#23054	NEW    cov: 1407 ft: 2634 corp: 212/10260Kb lim: 239306 exec/s: 1213 rss: 467Mb L: 82/239306 MS: 5 InsertRepeatedBytes-CopyPart-ChangeBit-EraseBytes-EraseBytes-
#23103	REDUCE cov: 1407 ft: 2634 corp: 212/10256Kb lim: 239306 exec/s: 1215 rss: 467Mb L: 9356/239306 MS: 4 CMP-CrossOver-ShuffleBytes-EraseBytes- DE: "\000\000\000\000\000\000\000\264"-
#23113	REDUCE cov: 1407 ft: 2634 corp: 212/10239Kb lim: 239306 exec/s: 1155 rss: 467Mb L: 142307/239306 MS: 5 ShuffleBytes-CopyPart-InsertRepeatedBytes-ChangeBit-CrossOver-
#23119	REDUCE cov: 1407 ft: 2634 corp: 212/10239Kb lim: 239306 exec/s: 1155 rss: 467Mb L: 1072/239306 MS: 1 EraseBytes-
#23122	REDUCE cov: 1407 ft: 2634 corp: 212/10235Kb lim: 239306 exec/s: 1156 rss: 467Mb L: 7752/239306 MS: 3 InsertByte-ChangeByte-EraseBytes-
#23218	REDUCE cov: 1407 ft: 2634 corp: 212/10230Kb lim: 239306 exec/s: 1160 rss: 469Mb L: 13287/239306 MS: 1 EraseBytes-
#23289	REDUCE cov: 1407 ft: 2634 corp: 212/10230Kb lim: 239306 exec/s: 1164 rss: 469Mb L: 23/239306 MS: 1 EraseBytes-
#23427	REDUCE cov: 1407 ft: 2634 corp: 212/10221Kb lim: 239306 exec/s: 1171 rss: 469Mb L: 28042/239306 MS: 3 ChangeByte-ChangeASCIIInt-EraseBytes-
#23448	REDUCE cov: 1407 ft: 2634 corp: 212/10221Kb lim: 239306 exec/s: 1172 rss: 469Mb L: 92/239306 MS: 1 EraseBytes-
#23479	REDUCE cov: 1407 ft: 2634 corp: 212/10221Kb lim: 239306 exec/s: 1173 rss: 469Mb L: 506/239306 MS: 1 EraseBytes-
#23508	REDUCE cov: 1407 ft: 2634 corp: 212/10220Kb lim: 239306 exec/s: 1175 rss: 469Mb L: 18262/239306 MS: 4 ChangeByte-ChangeByte-PersAutoDict-EraseBytes- DE: "\001\000\000\000\000\000\011,"-
#23554	REDUCE cov: 1407 ft: 2634 corp: 212/10220Kb lim: 239306 exec/s: 1177 rss: 469Mb L: 393/239306 MS: 1 EraseBytes-
#23610	REDUCE cov: 1407 ft: 2634 corp: 212/10166Kb lim: 239306 exec/s: 1180 rss: 469Mb L: 117711/239306 MS: 1 CrossOver-
#23636	REDUCE cov: 1408 ft: 2635 corp: 213/10166Kb lim: 239306 exec/s: 1181 rss: 469Mb L: 514/239306 MS: 1 PersAutoDict- DE: "\007\000\000\000\000\000\000\000"-
#23767	REDUCE cov: 1408 ft: 2635 corp: 213/10166Kb lim: 239306 exec/s: 1188 rss: 469Mb L: 274/239306 MS: 1 EraseBytes-
#23778	REDUCE cov: 1408 ft: 2635 corp: 213/10164Kb lim: 239306 exec/s: 1188 rss: 469Mb L: 3060/239306 MS: 1 EraseBytes-
#23781	REDUCE cov: 1408 ft: 2635 corp: 213/10164Kb lim: 239306 exec/s: 1189 rss: 469Mb L: 13666/239306 MS: 3 ChangeBit-ChangeBinInt-EraseBytes-
#23787	REDUCE cov: 1408 ft: 2635 corp: 213/10154Kb lim: 239306 exec/s: 1189 rss: 469Mb L: 10790/239306 MS: 1 EraseBytes-
#23823	REDUCE cov: 1411 ft: 2638 corp: 214/10154Kb lim: 239306 exec/s: 1191 rss: 469Mb L: 230/239306 MS: 1 EraseBytes-
#23946	REDUCE cov: 1411 ft: 2638 corp: 214/10154Kb lim: 239306 exec/s: 1197 rss: 469Mb L: 21/239306 MS: 3 CMP-ShuffleBytes-EraseBytes- DE: "\000\000\000\000"-
#24045	REDUCE cov: 1411 ft: 2638 corp: 214/10147Kb lim: 239306 exec/s: 1202 rss: 469Mb L: 30909/239306 MS: 4 ChangeByte-ChangeASCIIInt-CrossOver-PersAutoDict- DE: "\016\205J\207Z\3475\310"-
#24075	REDUCE cov: 1411 ft: 2638 corp: 214/10146Kb lim: 239306 exec/s: 1203 rss: 469Mb L: 7093/239306 MS: 5 ChangeBit-ChangeBit-ChangeASCIIInt-ChangeBit-EraseBytes-
#24179	REDUCE cov: 1411 ft: 2638 corp: 214/10129Kb lim: 239306 exec/s: 1208 rss: 469Mb L: 17707/239306 MS: 4 ShuffleBytes-InsertRepeatedBytes-ChangeBinInt-EraseBytes-
#24211	REDUCE cov: 1411 ft: 2638 corp: 214/10129Kb lim: 239306 exec/s: 1210 rss: 469Mb L: 12689/239306 MS: 2 ChangeASCIIInt-EraseBytes-
#24268	REDUCE cov: 1411 ft: 2638 corp: 214/10127Kb lim: 239306 exec/s: 1213 rss: 469Mb L: 72073/239306 MS: 2 InsertRepeatedBytes-EraseBytes-
#24270	REDUCE cov: 1411 ft: 2638 corp: 214/10126Kb lim: 239306 exec/s: 1213 rss: 469Mb L: 1861/239306 MS: 2 PersAutoDict-EraseBytes- DE: "\000\000\000\000\000\000\000\001"-
#24379	REDUCE cov: 1411 ft: 2639 corp: 215/10279Kb lim: 239306 exec/s: 1218 rss: 469Mb L: 156408/239306 MS: 4 PersAutoDict-CrossOver-ChangeASCIIInt-CrossOver- DE: "\000\000\000\000\000\000\000 "-
#24385	REDUCE cov: 1411 ft: 2639 corp: 215/10278Kb lim: 239306 exec/s: 1219 rss: 469Mb L: 1865/239306 MS: 1 EraseBytes-
#24421	REDUCE cov: 1411 ft: 2639 corp: 215/10277Kb lim: 239306 exec/s: 1221 rss: 469Mb L: 1696/239306 MS: 1 EraseBytes-
#24493	REDUCE cov: 1411 ft: 2639 corp: 215/10275Kb lim: 239306 exec/s: 1224 rss: 469Mb L: 4216/239306 MS: 2 ShuffleBytes-EraseBytes-
#24535	REDUCE cov: 1411 ft: 2639 corp: 215/10272Kb lim: 239306 exec/s: 1226 rss: 469Mb L: 8937/239306 MS: 2 CopyPart-EraseBytes-
#24583	REDUCE cov: 1411 ft: 2639 corp: 215/10272Kb lim: 239306 exec/s: 1229 rss: 469Mb L: 1558/239306 MS: 3 CMP-InsertByte-EraseBytes- DE: "\000\000"-
#24627	REDUCE cov: 1411 ft: 2639 corp: 215/10272Kb lim: 239306 exec/s: 1231 rss: 469Mb L: 76/239306 MS: 4 ChangeBit-CrossOver-ChangeBinInt-EraseBytes-
#24633	REDUCE cov: 1411 ft: 2639 corp: 215/10263Kb lim: 239306 exec/s: 1231 rss: 469Mb L: 25187/239306 MS: 1 EraseBytes-
#24646	REDUCE cov: 1411 ft: 2639 corp: 215/10262Kb lim: 239306 exec/s: 1232 rss: 469Mb L: 3678/239306 MS: 3 ChangeBit-ChangeASCIIInt-EraseBytes-
#24736	REDUCE cov: 1411 ft: 2639 corp: 215/10262Kb lim: 239306 exec/s: 1236 rss: 469Mb L: 30/239306 MS: 5 CopyPart-EraseBytes-ChangeBinInt-ChangeByte-EraseBytes-
#24737	REDUCE cov: 1411 ft: 2639 corp: 215/10256Kb lim: 239306 exec/s: 1236 rss: 469Mb L: 149768/239306 MS: 1 EraseBytes-
#24753	REDUCE cov: 1411 ft: 2639 corp: 215/10242Kb lim: 239306 exec/s: 1237 rss: 469Mb L: 76025/239306 MS: 1 EraseBytes-
#24771	REDUCE cov: 1411 ft: 2639 corp: 215/10242Kb lim: 239306 exec/s: 1238 rss: 469Mb L: 9353/239306 MS: 3 ChangeASCIIInt-CrossOver-EraseBytes-
#24793	REDUCE cov: 1411 ft: 2639 corp: 215/10217Kb lim: 239306 exec/s: 1180 rss: 469Mb L: 82961/239306 MS: 2 ShuffleBytes-EraseBytes-
#24867	REDUCE cov: 1413 ft: 2641 corp: 216/10240Kb lim: 239306 exec/s: 1184 rss: 469Mb L: 22774/239306 MS: 4 ChangeBit-ChangeByte-ChangeByte-CMP- DE: "\001\000"-
#24880	REDUCE cov: 1413 ft: 2641 corp: 216/10238Kb lim: 239306 exec/s: 1184 rss: 469Mb L: 5322/239306 MS: 3 ShuffleBytes-ChangeASCIIInt-EraseBytes-
#24886	REDUCE cov: 1413 ft: 2641 corp: 216/10229Kb lim: 239306 exec/s: 1185 rss: 469Mb L: 43547/239306 MS: 1 EraseBytes-
#24894	REDUCE cov: 1413 ft: 2641 corp: 216/10229Kb lim: 239306 exec/s: 1185 rss: 469Mb L: 1384/239306 MS: 3 PersAutoDict-ChangeBit-EraseBytes- DE: "\016\205J\207Z\3475\310"-
#25024	REDUCE cov: 1413 ft: 2642 corp: 217/10229Kb lim: 239306 exec/s: 1191 rss: 469Mb L: 23/239306 MS: 5 InsertByte-ChangeByte-ChangeByte-PersAutoDict-InsertByte- DE: "\001\000\000\000"-
#25055	REDUCE cov: 1413 ft: 2642 corp: 217/10224Kb lim: 239306 exec/s: 1193 rss: 469Mb L: 22613/239306 MS: 1 EraseBytes-
#25077	REDUCE cov: 1413 ft: 2642 corp: 217/10221Kb lim: 239306 exec/s: 1194 rss: 469Mb L: 24915/239306 MS: 2 ChangeBinInt-EraseBytes-
#25130	REDUCE cov: 1413 ft: 2642 corp: 217/10221Kb lim: 239306 exec/s: 1196 rss: 469Mb L: 63/239306 MS: 3 ShuffleBytes-InsertByte-EraseBytes-
#25252	REDUCE cov: 1413 ft: 2642 corp: 217/10219Kb lim: 239306 exec/s: 1202 rss: 469Mb L: 14459/239306 MS: 2 InsertByte-EraseBytes-
#25314	REDUCE cov: 1413 ft: 2642 corp: 217/10216Kb lim: 239306 exec/s: 1205 rss: 469Mb L: 12013/239306 MS: 2 CopyPart-EraseBytes-
#25317	REDUCE cov: 1413 ft: 2642 corp: 217/10146Kb lim: 239306 exec/s: 1205 rss: 469Mb L: 119327/239306 MS: 3 ShuffleBytes-ShuffleBytes-EraseBytes-
#25403	REDUCE cov: 1413 ft: 2642 corp: 217/10144Kb lim: 239306 exec/s: 1209 rss: 469Mb L: 3353/239306 MS: 1 EraseBytes-
#25452	REDUCE cov: 1415 ft: 2644 corp: 218/10146Kb lim: 239306 exec/s: 1212 rss: 469Mb L: 1523/239306 MS: 4 InsertRepeatedBytes-InsertByte-ShuffleBytes-InsertRepeatedBytes-
#25457	REDUCE cov: 1415 ft: 2644 corp: 218/10146Kb lim: 239306 exec/s: 1212 rss: 469Mb L: 17/239306 MS: 5 ChangeBinInt-ChangeByte-ShuffleBytes-CopyPart-EraseBytes-
#25550	REDUCE cov: 1415 ft: 2644 corp: 218/10143Kb lim: 239306 exec/s: 1216 rss: 469Mb L: 16024/239306 MS: 3 ChangeBit-ChangeASCIIInt-EraseBytes-
#25582	REDUCE cov: 1415 ft: 2644 corp: 218/10141Kb lim: 239306 exec/s: 1218 rss: 469Mb L: 39726/239306 MS: 2 ChangeBit-EraseBytes-
#25602	REDUCE cov: 1415 ft: 2644 corp: 218/10141Kb lim: 239306 exec/s: 1219 rss: 469Mb L: 61/239306 MS: 5 ChangeBinInt-ChangeBit-InsertRepeatedBytes-EraseBytes-EraseBytes-
#25607	REDUCE cov: 1415 ft: 2644 corp: 218/10137Kb lim: 239306 exec/s: 1219 rss: 469Mb L: 8427/239306 MS: 5 InsertByte-ChangeBit-InsertByte-ChangeASCIIInt-EraseBytes-
#25614	REDUCE cov: 1415 ft: 2644 corp: 218/10123Kb lim: 239306 exec/s: 1219 rss: 469Mb L: 22130/239306 MS: 2 InsertByte-EraseBytes-
#25746	REDUCE cov: 1415 ft: 2644 corp: 218/10114Kb lim: 239306 exec/s: 1226 rss: 469Mb L: 15866/239306 MS: 2 ShuffleBytes-EraseBytes-
#25757	REDUCE cov: 1415 ft: 2644 corp: 218/10109Kb lim: 239306 exec/s: 1226 rss: 469Mb L: 11817/239306 MS: 1 EraseBytes-
#25785	REDUCE cov: 1415 ft: 2645 corp: 219/10109Kb lim: 239306 exec/s: 1227 rss: 469Mb L: 151/239306 MS: 3 CopyPart-InsertRepeatedBytes-CopyPart-
#25826	REDUCE cov: 1415 ft: 2645 corp: 219/10109Kb lim: 239306 exec/s: 1229 rss: 469Mb L: 1420/239306 MS: 1 EraseBytes-
#25830	REDUCE cov: 1415 ft: 2645 corp: 219/10085Kb lim: 239306 exec/s: 1230 rss: 469Mb L: 103583/239306 MS: 4 ChangeByte-CopyPart-ChangeBit-EraseBytes-
#25852	REDUCE cov: 1415 ft: 2645 corp: 219/10083Kb lim: 239306 exec/s: 1231 rss: 469Mb L: 12570/239306 MS: 2 ChangeBinInt-EraseBytes-
#25859	REDUCE cov: 1415 ft: 2645 corp: 219/10082Kb lim: 239306 exec/s: 1231 rss: 469Mb L: 599/239306 MS: 2 PersAutoDict-EraseBytes- DE: "\001\000\000\000\000\000\011,"-
#25871	REDUCE cov: 1415 ft: 2645 corp: 219/10082Kb lim: 239306 exec/s: 1231 rss: 469Mb L: 15134/239306 MS: 2 EraseBytes-CrossOver-
#25932	REDUCE cov: 1415 ft: 2645 corp: 219/10059Kb lim: 239306 exec/s: 1234 rss: 469Mb L: 70487/239306 MS: 1 EraseBytes-
#25936	REDUCE cov: 1415 ft: 2645 corp: 219/10057Kb lim: 239306 exec/s: 1235 rss: 469Mb L: 3102/239306 MS: 4 InsertByte-CMP-InsertRepeatedBytes-EraseBytes- DE: "\001\000\000\000\377\377\377\377"-
#25958	REDUCE cov: 1415 ft: 2645 corp: 219/10057Kb lim: 239306 exec/s: 1236 rss: 469Mb L: 948/239306 MS: 2 ChangeBinInt-EraseBytes-
#25959	REDUCE cov: 1415 ft: 2645 corp: 219/10056Kb lim: 239306 exec/s: 1236 rss: 469Mb L: 3085/239306 MS: 1 EraseBytes-
#25974	REDUCE cov: 1415 ft: 2645 corp: 219/10053Kb lim: 239306 exec/s: 1236 rss: 469Mb L: 6876/239306 MS: 5 ChangeASCIIInt-ChangeBit-ChangeByte-ShuffleBytes-EraseBytes-
#25988	REDUCE cov: 1415 ft: 2645 corp: 219/10052Kb lim: 239306 exec/s: 1237 rss: 469Mb L: 2363/239306 MS: 4 ChangeBinInt-InsertRepeatedBytes-ChangeByte-EraseBytes-
#26028	REDUCE cov: 1415 ft: 2645 corp: 219/10052Kb lim: 239306 exec/s: 1239 rss: 469Mb L: 765/239306 MS: 5 PersAutoDict-InsertRepeatedBytes-InsertRepeatedBytes-CMP-EraseBytes- DE: "\000\000\000\000\000\000\000\000"-"\001\000\000\000\000\000\000\000"-
#26131	REDUCE cov: 1415 ft: 2645 corp: 219/10052Kb lim: 239306 exec/s: 1244 rss: 469Mb L: 77/239306 MS: 3 CopyPart-ChangeBit-EraseBytes-
#26137	REDUCE cov: 1415 ft: 2645 corp: 219/10042Kb lim: 239306 exec/s: 1244 rss: 469Mb L: 109031/239306 MS: 1 EraseBytes-
#26179	REDUCE cov: 1415 ft: 2645 corp: 219/10039Kb lim: 239306 exec/s: 1246 rss: 469Mb L: 2694/239306 MS: 2 InsertByte-EraseBytes-
#26191	NEW    cov: 1415 ft: 2646 corp: 220/10039Kb lim: 239306 exec/s: 1247 rss: 469Mb L: 23/239306 MS: 2 ChangeByte-ShuffleBytes-
#26219	REDUCE cov: 1415 ft: 2646 corp: 220/10037Kb lim: 239306 exec/s: 1248 rss: 469Mb L: 2953/239306 MS: 3 ChangeBit-CMP-EraseBytes- DE: "\010\377\377\377\377\377\377\377"-
#26365	REDUCE cov: 1415 ft: 2646 corp: 220/10037Kb lim: 239306 exec/s: 1255 rss: 469Mb L: 4235/239306 MS: 1 EraseBytes-
#26457	REDUCE cov: 1415 ft: 2646 corp: 220/10037Kb lim: 239306 exec/s: 1259 rss: 469Mb L: 465/239306 MS: 2 CMP-EraseBytes- DE: "\005UUUUUUU"-
#26483	NEW    cov: 1415 ft: 2647 corp: 221/10037Kb lim: 239306 exec/s: 1203 rss: 469Mb L: 142/239306 MS: 1 EraseBytes-
#26595	REDUCE cov: 1415 ft: 2647 corp: 221/10037Kb lim: 239306 exec/s: 1208 rss: 469Mb L: 53/239306 MS: 2 PersAutoDict-EraseBytes- DE: "TUUUUUU\005"-
#26596	REDUCE cov: 1415 ft: 2647 corp: 221/10033Kb lim: 239306 exec/s: 1208 rss: 469Mb L: 8589/239306 MS: 1 EraseBytes-
#26679	REDUCE cov: 1415 ft: 2647 corp: 221/10028Kb lim: 239306 exec/s: 1212 rss: 469Mb L: 40168/239306 MS: 3 CrossOver-ChangeByte-EraseBytes-
#26692	REDUCE cov: 1415 ft: 2647 corp: 221/10021Kb lim: 239306 exec/s: 1213 rss: 469Mb L: 69779/239306 MS: 3 PersAutoDict-ChangeBit-EraseBytes- DE: "\001\000\000\000\000\000\000\004"-
#26708	REDUCE cov: 1415 ft: 2647 corp: 221/10003Kb lim: 239306 exec/s: 1214 rss: 469Mb L: 20897/239306 MS: 1 EraseBytes-
#26710	REDUCE cov: 1415 ft: 2647 corp: 221/10002Kb lim: 239306 exec/s: 1214 rss: 469Mb L: 8676/239306 MS: 2 ChangeASCIIInt-EraseBytes-
#26727	REDUCE cov: 1415 ft: 2647 corp: 221/9986Kb lim: 239306 exec/s: 1214 rss: 469Mb L: 40081/239306 MS: 2 ChangeASCIIInt-EraseBytes-
#26748	REDUCE cov: 1415 ft: 2647 corp: 221/9984Kb lim: 239306 exec/s: 1215 rss: 469Mb L: 4643/239306 MS: 1 EraseBytes-
#26779	REDUCE cov: 1415 ft: 2647 corp: 221/9984Kb lim: 239306 exec/s: 1217 rss: 469Mb L: 55/239306 MS: 1 EraseBytes-
#26811	REDUCE cov: 1415 ft: 2647 corp: 221/9979Kb lim: 239306 exec/s: 1218 rss: 469Mb L: 33530/239306 MS: 2 CMP-EraseBytes- DE: "\377\215\247\013\002{\000\000"-
#26828	REDUCE cov: 1415 ft: 2647 corp: 221/9977Kb lim: 239306 exec/s: 1219 rss: 469Mb L: 15706/239306 MS: 2 InsertRepeatedBytes-EraseBytes-
#26839	REDUCE cov: 1415 ft: 2647 corp: 221/9971Kb lim: 239306 exec/s: 1219 rss: 469Mb L: 21449/239306 MS: 1 EraseBytes-
#26875	REDUCE cov: 1415 ft: 2647 corp: 221/9970Kb lim: 239306 exec/s: 1221 rss: 469Mb L: 1903/239306 MS: 1 EraseBytes-
#26894	REDUCE cov: 1415 ft: 2647 corp: 221/9970Kb lim: 239306 exec/s: 1222 rss: 469Mb L: 2169/239306 MS: 4 CopyPart-ChangeBinInt-CopyPart-EraseBytes-
#26967	REDUCE cov: 1415 ft: 2647 corp: 221/9966Kb lim: 239306 exec/s: 1225 rss: 469Mb L: 16655/239306 MS: 3 ChangeBit-InsertRepeatedBytes-EraseBytes-
#26977	REDUCE cov: 1415 ft: 2651 corp: 222/9981Kb lim: 239306 exec/s: 1226 rss: 469Mb L: 15907/239306 MS: 5 ChangeBinInt-ChangeASCIIInt-ChangeASCIIInt-CopyPart-CMP- DE: "\001\000"-
#26994	REDUCE cov: 1415 ft: 2651 corp: 222/9979Kb lim: 239306 exec/s: 1227 rss: 469Mb L: 10570/239306 MS: 2 PersAutoDict-EraseBytes- DE: "\031\000\000\000\000\000\000\000"-
#27035	REDUCE cov: 1415 ft: 2651 corp: 222/9979Kb lim: 239306 exec/s: 1228 rss: 469Mb L: 1090/239306 MS: 1 EraseBytes-
#27069	REDUCE cov: 1415 ft: 2651 corp: 222/9965Kb lim: 239306 exec/s: 1230 rss: 469Mb L: 17621/239306 MS: 4 ShuffleBytes-ChangeBit-ChangeASCIIInt-EraseBytes-
#27082	REDUCE cov: 1415 ft: 2651 corp: 222/9964Kb lim: 239306 exec/s: 1231 rss: 469Mb L: 3746/239306 MS: 3 CrossOver-InsertByte-EraseBytes-
#27112	REDUCE cov: 1415 ft: 2651 corp: 222/9963Kb lim: 239306 exec/s: 1232 rss: 469Mb L: 2184/239306 MS: 5 ChangeBit-InsertRepeatedBytes-ChangeBinInt-ChangeASCIIInt-EraseBytes-
#27183	REDUCE cov: 1415 ft: 2651 corp: 222/9953Kb lim: 239306 exec/s: 1235 rss: 469Mb L: 30850/239306 MS: 1 EraseBytes-
#27203	REDUCE cov: 1415 ft: 2651 corp: 222/9952Kb lim: 239306 exec/s: 1236 rss: 469Mb L: 2493/239306 MS: 5 ChangeBinInt-ChangeByte-PersAutoDict-InsertRepeatedBytes-EraseBytes- DE: "\000\000\000\000\000\000\000\264"-
#27222	REDUCE cov: 1415 ft: 2651 corp: 222/9952Kb lim: 239306 exec/s: 1237 rss: 469Mb L: 792/239306 MS: 4 ChangeASCIIInt-ChangeASCIIInt-ChangeASCIIInt-EraseBytes-
#27246	REDUCE cov: 1415 ft: 2651 corp: 222/9952Kb lim: 239306 exec/s: 1238 rss: 469Mb L: 1833/239306 MS: 4 ChangeBit-ChangeBit-PersAutoDict-EraseBytes- DE: "TUUUUUU\005"-
#27424	REDUCE cov: 1415 ft: 2651 corp: 222/9952Kb lim: 239306 exec/s: 1246 rss: 469Mb L: 1048/239306 MS: 3 InsertByte-ChangeBit-EraseBytes-
#27501	REDUCE cov: 1415 ft: 2651 corp: 222/9946Kb lim: 239306 exec/s: 1250 rss: 469Mb L: 12334/239306 MS: 2 ChangeBinInt-EraseBytes-
#27584	REDUCE cov: 1415 ft: 2651 corp: 222/9945Kb lim: 239306 exec/s: 1253 rss: 469Mb L: 10721/239306 MS: 3 PersAutoDict-ChangeASCIIInt-EraseBytes- DE: "\000\000\000\000\000\000\000\264"-
#27610	REDUCE cov: 1415 ft: 2651 corp: 222/9938Kb lim: 239306 exec/s: 1255 rss: 469Mb L: 7793/239306 MS: 1 EraseBytes-
#27636	REDUCE cov: 1415 ft: 2651 corp: 222/9938Kb lim: 239306 exec/s: 1256 rss: 469Mb L: 116452/239306 MS: 1 EraseBytes-
#27637	REDUCE cov: 1415 ft: 2651 corp: 222/9938Kb lim: 239306 exec/s: 1256 rss: 469Mb L: 618/239306 MS: 1 EraseBytes-
#27655	REDUCE cov: 1415 ft: 2651 corp: 222/9930Kb lim: 239306 exec/s: 1257 rss: 469Mb L: 9651/239306 MS: 3 PersAutoDict-ChangeBinInt-EraseBytes- DE: "\002\377\377\377\377\377\377\377"-
#27707	REDUCE cov: 1415 ft: 2651 corp: 222/9903Kb lim: 239306 exec/s: 1259 rss: 469Mb L: 179849/239306 MS: 2 InsertRepeatedBytes-EraseBytes-
#27720	REDUCE cov: 1415 ft: 2651 corp: 222/9903Kb lim: 239306 exec/s: 1260 rss: 469Mb L: 3080/239306 MS: 3 ChangeASCIIInt-ChangeBit-EraseBytes-
#27856	REDUCE cov: 1417 ft: 2653 corp: 223/9905Kb lim: 239306 exec/s: 1266 rss: 469Mb L: 1863/239306 MS: 1 CMP- DE: "\001\000"-
#27874	REDUCE cov: 1417 ft: 2653 corp: 223/9905Kb lim: 239306 exec/s: 1267 rss: 469Mb L: 14881/239306 MS: 3 ShuffleBytes-InsertRepeatedBytes-EraseBytes-
#27921	REDUCE cov: 1417 ft: 2653 corp: 223/9904Kb lim: 239306 exec/s: 1269 rss: 469Mb L: 669/239306 MS: 2 ChangeBit-EraseBytes-
#27957	REDUCE cov: 1417 ft: 2653 corp: 223/9901Kb lim: 239306 exec/s: 1270 rss: 469Mb L: 60127/239306 MS: 1 EraseBytes-
#28062	REDUCE cov: 1417 ft: 2653 corp: 223/9901Kb lim: 239306 exec/s: 1275 rss: 469Mb L: 2828/239306 MS: 5 ShuffleBytes-CopyPart-InsertRepeatedBytes-InsertByte-EraseBytes-
#28073	REDUCE cov: 1417 ft: 2653 corp: 223/9900Kb lim: 239306 exec/s: 1276 rss: 469Mb L: 868/239306 MS: 1 EraseBytes-
#28088	REDUCE cov: 1417 ft: 2653 corp: 223/9856Kb lim: 239306 exec/s: 1276 rss: 469Mb L: 62985/239306 MS: 5 CrossOver-ShuffleBytes-PersAutoDict-ChangeByte-EraseBytes- DE: "e\000\000\000\000\000\000\000"-
#28135	REDUCE cov: 1417 ft: 2653 corp: 223/9848Kb lim: 239306 exec/s: 1278 rss: 469Mb L: 13163/239306 MS: 2 PersAutoDict-EraseBytes- DE: "\001\000\000\000\000\000\000\004"-
#28299	REDUCE cov: 1417 ft: 2653 corp: 223/9846Kb lim: 239306 exec/s: 1230 rss: 469Mb L: 6491/239306 MS: 4 ChangeASCIIInt-CopyPart-ChangeBit-EraseBytes-
#28305	REDUCE cov: 1417 ft: 2653 corp: 223/9846Kb lim: 239306 exec/s: 1230 rss: 469Mb L: 52/239306 MS: 1 EraseBytes-
#28311	REDUCE cov: 1417 ft: 2653 corp: 223/9846Kb lim: 239306 exec/s: 1230 rss: 469Mb L: 841/239306 MS: 1 EraseBytes-
#28423	REDUCE cov: 1417 ft: 2653 corp: 223/9846Kb lim: 239306 exec/s: 1235 rss: 469Mb L: 41/239306 MS: 2 ShuffleBytes-EraseBytes-
#28630	REDUCE cov: 1417 ft: 2653 corp: 223/9830Kb lim: 239306 exec/s: 1244 rss: 469Mb L: 47075/239306 MS: 2 CMP-EraseBytes- DE: "\377\377\377\377\377\377\377\007"-
#28703	REDUCE cov: 1417 ft: 2653 corp: 223/9824Kb lim: 239306 exec/s: 1247 rss: 469Mb L: 8794/239306 MS: 3 InsertRepeatedBytes-ChangeByte-EraseBytes-
#28841	REDUCE cov: 1417 ft: 2653 corp: 223/9813Kb lim: 239306 exec/s: 1253 rss: 469Mb L: 29005/239306 MS: 3 PersAutoDict-ChangeBinInt-CrossOver- DE: "\000\000\000\000\377\377\377\377"-
#28867	REDUCE cov: 1417 ft: 2653 corp: 223/9813Kb lim: 239306 exec/s: 1255 rss: 469Mb L: 92/239306 MS: 1 EraseBytes-
#28880	REDUCE cov: 1417 ft: 2653 corp: 223/9792Kb lim: 239306 exec/s: 1255 rss: 469Mb L: 95355/239306 MS: 3 CrossOver-ShuffleBytes-EraseBytes-
#28881	REDUCE cov: 1417 ft: 2653 corp: 223/9790Kb lim: 239306 exec/s: 1255 rss: 469Mb L: 8133/239306 MS: 1 EraseBytes-
#28942	REDUCE cov: 1417 ft: 2653 corp: 223/9789Kb lim: 239306 exec/s: 1258 rss: 471Mb L: 14914/239306 MS: 1 EraseBytes-
#28970	REDUCE cov: 1417 ft: 2653 corp: 223/9789Kb lim: 239306 exec/s: 1259 rss: 471Mb L: 2223/239306 MS: 3 InsertRepeatedBytes-ChangeBinInt-EraseBytes-
#28972	NEW    cov: 1417 ft: 2655 corp: 224/9789Kb lim: 239306 exec/s: 1259 rss: 471Mb L: 173/239306 MS: 2 InsertByte-PersAutoDict- DE: "\257\000\000\000\000\000\000\000"-
#29024	REDUCE cov: 1420 ft: 2658 corp: 225/9789Kb lim: 239306 exec/s: 1261 rss: 471Mb L: 30/239306 MS: 2 ChangeBit-EraseBytes-
#29041	REDUCE cov: 1420 ft: 2658 corp: 225/9788Kb lim: 239306 exec/s: 1262 rss: 471Mb L: 26926/239306 MS: 2 PersAutoDict-EraseBytes- DE: "U\014\000\000\000\000\000\000"-
#29224	REDUCE cov: 1420 ft: 2658 corp: 225/9780Kb lim: 239306 exec/s: 1270 rss: 471Mb L: 22555/239306 MS: 3 InsertByte-ChangeBinInt-EraseBytes-
#29282	REDUCE cov: 1420 ft: 2658 corp: 225/9748Kb lim: 239306 exec/s: 1273 rss: 471Mb L: 106119/239306 MS: 3 ShuffleBytes-ChangeASCIIInt-EraseBytes-
#29291	REDUCE cov: 1420 ft: 2658 corp: 225/9743Kb lim: 239306 exec/s: 1273 rss: 471Mb L: 8899/239306 MS: 4 ChangeByte-ChangeByte-CMP-EraseBytes- DE: "\002\000\000\000\377\377\377\377"-
#29302	REDUCE cov: 1420 ft: 2658 corp: 225/9733Kb lim: 239306 exec/s: 1274 rss: 471Mb L: 12489/239306 MS: 1 EraseBytes-
#29350	REDUCE cov: 1420 ft: 2658 corp: 225/9733Kb lim: 239306 exec/s: 1276 rss: 473Mb L: 14177/239306 MS: 3 InsertByte-ChangeASCIIInt-EraseBytes-
#29409	REDUCE cov: 1420 ft: 2658 corp: 225/9703Kb lim: 239306 exec/s: 1278 rss: 478Mb L: 78457/239306 MS: 4 ChangeBinInt-CMP-ChangeBit-EraseBytes- DE: "\001\000"-
#29425	REDUCE cov: 1420 ft: 2658 corp: 225/9698Kb lim: 239306 exec/s: 1279 rss: 480Mb L: 9478/239306 MS: 1 EraseBytes-
#29427	REDUCE cov: 1420 ft: 2658 corp: 225/9695Kb lim: 239306 exec/s: 1279 rss: 480Mb L: 6070/239306 MS: 2 InsertByte-EraseBytes-
#29528	REDUCE cov: 1420 ft: 2658 corp: 225/9692Kb lim: 239306 exec/s: 1283 rss: 481Mb L: 3509/239306 MS: 1 EraseBytes-
#29579	REDUCE cov: 1420 ft: 2658 corp: 225/9691Kb lim: 239306 exec/s: 1286 rss: 481Mb L: 221415/239306 MS: 1 EraseBytes-
#29601	REDUCE cov: 1420 ft: 2658 corp: 225/9687Kb lim: 239306 exec/s: 1287 rss: 481Mb L: 5886/239306 MS: 2 ShuffleBytes-EraseBytes-
#29652	NEW    cov: 1421 ft: 2659 corp: 226/9687Kb lim: 239306 exec/s: 1289 rss: 481Mb L: 30/239306 MS: 1 CopyPart-
#29674	REDUCE cov: 1421 ft: 2659 corp: 226/9687Kb lim: 239306 exec/s: 1290 rss: 481Mb L: 1913/239306 MS: 2 CMP-EraseBytes- DE: "\000\000"-
#29830	REDUCE cov: 1421 ft: 2659 corp: 226/9687Kb lim: 239306 exec/s: 1296 rss: 481Mb L: 57/239306 MS: 1 EraseBytes-
#29901	REDUCE cov: 1421 ft: 2659 corp: 226/9686Kb lim: 239306 exec/s: 1300 rss: 481Mb L: 420/239306 MS: 1 EraseBytes-
#29946	REDUCE cov: 1421 ft: 2659 corp: 226/9682Kb lim: 239306 exec/s: 1302 rss: 481Mb L: 98721/239306 MS: 5 ChangeASCIIInt-CMP-ChangeBit-ChangeASCIIInt-EraseBytes- DE: "\301\\\002\211\354-\012\221g\354\216e\241\215\353\276^U2\373\356\242\223\370\013\311B\356\220\206\301q"-
#30087	REDUCE cov: 1421 ft: 2659 corp: 226/9680Kb lim: 239306 exec/s: 1253 rss: 481Mb L: 19899/239306 MS: 1 EraseBytes-
#30113	REDUCE cov: 1421 ft: 2659 corp: 226/9680Kb lim: 239306 exec/s: 1254 rss: 481Mb L: 5235/239306 MS: 1 EraseBytes-
#30145	REDUCE cov: 1421 ft: 2659 corp: 226/9674Kb lim: 239306 exec/s: 1256 rss: 481Mb L: 63536/239306 MS: 2 CrossOver-EraseBytes-
#30151	REDUCE cov: 1421 ft: 2659 corp: 226/9674Kb lim: 239306 exec/s: 1256 rss: 481Mb L: 290/239306 MS: 1 EraseBytes-
#30204	REDUCE cov: 1421 ft: 2659 corp: 226/9674Kb lim: 239306 exec/s: 1258 rss: 481Mb L: 39/239306 MS: 3 ChangeBit-CMP-EraseBytes- DE: "\020\000\000\000\000\000\000\000"-
#30234	REDUCE cov: 1421 ft: 2659 corp: 226/9673Kb lim: 239306 exec/s: 1259 rss: 481Mb L: 20003/239306 MS: 5 CopyPart-ChangeBit-ChangeBinInt-CrossOver-EraseBytes-
#30302	REDUCE cov: 1421 ft: 2659 corp: 226/9673Kb lim: 239306 exec/s: 1262 rss: 481Mb L: 45/239306 MS: 3 ChangeBit-ShuffleBytes-EraseBytes-
#30318	REDUCE cov: 1421 ft: 2659 corp: 226/9671Kb lim: 239306 exec/s: 1263 rss: 481Mb L: 12359/239306 MS: 1 CrossOver-
#30455	REDUCE cov: 1421 ft: 2659 corp: 226/9670Kb lim: 239306 exec/s: 1268 rss: 481Mb L: 1588/239306 MS: 2 ShuffleBytes-EraseBytes-
#30457	REDUCE cov: 1421 ft: 2659 corp: 226/9670Kb lim: 239306 exec/s: 1269 rss: 481Mb L: 123/239306 MS: 2 ShuffleBytes-EraseBytes-
#30463	REDUCE cov: 1421 ft: 2659 corp: 226/9669Kb lim: 239306 exec/s: 1269 rss: 481Mb L: 38743/239306 MS: 1 EraseBytes-
#30505	REDUCE cov: 1423 ft: 2661 corp: 227/9772Kb lim: 239306 exec/s: 1271 rss: 481Mb L: 105387/239306 MS: 2 CrossOver-CMP- DE: "\001\000"-
#30549	REDUCE cov: 1423 ft: 2665 corp: 228/9772Kb lim: 239306 exec/s: 1272 rss: 481Mb L: 87/239306 MS: 4 InsertRepeatedBytes-InsertByte-ChangeBinInt-EraseBytes-
#30551	REDUCE cov: 1423 ft: 2665 corp: 228/9731Kb lim: 239306 exec/s: 1272 rss: 481Mb L: 64091/239306 MS: 2 PersAutoDict-EraseBytes- DE: "M\000\000\000\000\000\000\000"-
#30554	REDUCE cov: 1424 ft: 2666 corp: 229/9732Kb lim: 239306 exec/s: 1273 rss: 481Mb L: 662/239306 MS: 3 CopyPart-InsertRepeatedBytes-PersAutoDict- DE: "\027\000\000\000\000\000\000\000"-
#30654	REDUCE cov: 1424 ft: 2666 corp: 229/9730Kb lim: 239306 exec/s: 1277 rss: 481Mb L: 5292/239306 MS: 5 InsertByte-InsertRepeatedBytes-ChangeASCIIInt-PersAutoDict-EraseBytes- DE: "\376\377\377\377\377\377\377\001"-
#30663	REDUCE cov: 1424 ft: 2666 corp: 229/9729Kb lim: 239306 exec/s: 1277 rss: 481Mb L: 21170/239306 MS: 4 ChangeASCIIInt-ChangeBinInt-InsertRepeatedBytes-EraseBytes-
#30666	REDUCE cov: 1424 ft: 2666 corp: 229/9729Kb lim: 239306 exec/s: 1277 rss: 481Mb L: 20/239306 MS: 3 InsertByte-ChangeByte-EraseBytes-
#30684	REDUCE cov: 1424 ft: 2666 corp: 229/9728Kb lim: 239306 exec/s: 1278 rss: 481Mb L: 4811/239306 MS: 3 ChangeByte-ChangeBinInt-EraseBytes-
#30693	REDUCE cov: 1424 ft: 2666 corp: 229/9728Kb lim: 239306 exec/s: 1278 rss: 481Mb L: 2332/239306 MS: 4 PersAutoDict-ChangeBit-InsertRepeatedBytes-EraseBytes- DE: "\301\\\002\211\354-\012\221g\354\216e\241\215\353\276^U2\373\356\242\223\370\013\311B\356\220\206\301q"-
#30694	REDUCE cov: 1424 ft: 2666 corp: 229/9721Kb lim: 239306 exec/s: 1278 rss: 481Mb L: 16037/239306 MS: 1 EraseBytes-
#30901	REDUCE cov: 1424 ft: 2666 corp: 229/9721Kb lim: 239306 exec/s: 1287 rss: 481Mb L: 201/239306 MS: 2 CopyPart-EraseBytes-
#31000	REDUCE cov: 1424 ft: 2667 corp: 230/9916Kb lim: 239306 exec/s: 1291 rss: 481Mb L: 199474/239306 MS: 4 CopyPart-CopyPart-ChangeBinInt-CopyPart-
#31036	REDUCE cov: 1424 ft: 2667 corp: 230/9915Kb lim: 239306 exec/s: 1293 rss: 481Mb L: 1163/239306 MS: 1 EraseBytes-
#31080	REDUCE cov: 1424 ft: 2667 corp: 230/9900Kb lim: 239306 exec/s: 1295 rss: 481Mb L: 17999/239306 MS: 4 ChangeBit-ChangeBit-ChangeASCIIInt-EraseBytes-
#31093	REDUCE cov: 1424 ft: 2667 corp: 230/9899Kb lim: 239306 exec/s: 1295 rss: 481Mb L: 1502/239306 MS: 3 InsertRepeatedBytes-ChangeASCIIInt-EraseBytes-
#31226	REDUCE cov: 1424 ft: 2667 corp: 230/9891Kb lim: 239306 exec/s: 1301 rss: 481Mb L: 13051/239306 MS: 3 ChangeASCIIInt-ChangeASCIIInt-EraseBytes-
#31231	REDUCE cov: 1424 ft: 2667 corp: 230/9857Kb lim: 239306 exec/s: 1301 rss: 481Mb L: 70979/239306 MS: 5 ShuffleBytes-InsertByte-ChangeASCIIInt-ChangeASCIIInt-EraseBytes-
#31359	REDUCE cov: 1424 ft: 2667 corp: 230/9848Kb lim: 239306 exec/s: 1306 rss: 481Mb L: 80402/239306 MS: 3 CrossOver-ChangeBinInt-EraseBytes-
#31370	REDUCE cov: 1424 ft: 2667 corp: 230/9803Kb lim: 239306 exec/s: 1307 rss: 481Mb L: 62097/239306 MS: 1 EraseBytes-
#31379	REDUCE cov: 1424 ft: 2667 corp: 230/9796Kb lim: 239306 exec/s: 1307 rss: 481Mb L: 8028/239306 MS: 4 CrossOver-ChangeASCIIInt-ChangeBinInt-EraseBytes-
#31403	REDUCE cov: 1424 ft: 2667 corp: 230/9785Kb lim: 239306 exec/s: 1308 rss: 481Mb L: 13723/239306 MS: 4 PersAutoDict-EraseBytes-PersAutoDict-CopyPart- DE: "\000\000\000\000\000\000\000 "-"\000\000\000\000"-
#31479	REDUCE cov: 1424 ft: 2667 corp: 230/9784Kb lim: 239306 exec/s: 1311 rss: 481Mb L: 5477/239306 MS: 1 EraseBytes-
#31501	NEW    cov: 1424 ft: 2675 corp: 231/9784Kb lim: 239306 exec/s: 1312 rss: 481Mb L: 766/239306 MS: 2 CopyPart-InsertRepeatedBytes-
#31503	NEW    cov: 1425 ft: 2676 corp: 232/9784Kb lim: 239306 exec/s: 1312 rss: 481Mb L: 216/239306 MS: 2 CopyPart-InsertRepeatedBytes-
#31528	NEW    cov: 1425 ft: 2678 corp: 233/9943Kb lim: 239306 exec/s: 1313 rss: 481Mb L: 162606/239306 MS: 5 CopyPart-ChangeASCIIInt-ChangeBit-ShuffleBytes-CrossOver-
#31576	REDUCE cov: 1425 ft: 2678 corp: 233/9943Kb lim: 239306 exec/s: 1315 rss: 481Mb L: 1941/239306 MS: 3 ChangeByte-ChangeBinInt-EraseBytes-
#31608	REDUCE cov: 1425 ft: 2678 corp: 233/9937Kb lim: 239306 exec/s: 1317 rss: 481Mb L: 40667/239306 MS: 2 ChangeBinInt-EraseBytes-
#31612	REDUCE cov: 1425 ft: 2678 corp: 233/9937Kb lim: 239306 exec/s: 1317 rss: 481Mb L: 16739/239306 MS: 4 ChangeASCIIInt-InsertByte-InsertRepeatedBytes-EraseBytes-
#31771	REDUCE cov: 1425 ft: 2678 corp: 233/9919Kb lim: 239306 exec/s: 1270 rss: 481Mb L: 96856/239306 MS: 4 PersAutoDict-CrossOver-PersAutoDict-EraseBytes- DE: "\000\000\000\000\000\000\000\001"-"\001\000\000\000\377\377\377\377"-
#31787	REDUCE cov: 1425 ft: 2678 corp: 233/9916Kb lim: 239306 exec/s: 1271 rss: 481Mb L: 6645/239306 MS: 1 EraseBytes-
#31789	REDUCE cov: 1425 ft: 2678 corp: 233/9915Kb lim: 239306 exec/s: 1271 rss: 481Mb L: 20676/239306 MS: 2 CrossOver-EraseBytes-
#31811	REDUCE cov: 1425 ft: 2678 corp: 233/9914Kb lim: 239306 exec/s: 1272 rss: 481Mb L: 154932/239306 MS: 2 PersAutoDict-EraseBytes- DE: "Z\261\270O\343\234r\247"-
#31927	REDUCE cov: 1425 ft: 2678 corp: 233/9914Kb lim: 239306 exec/s: 1277 rss: 481Mb L: 11571/239306 MS: 1 EraseBytes-
#31953	NEW    cov: 1426 ft: 2679 corp: 234/9914Kb lim: 239306 exec/s: 1278 rss: 481Mb L: 164/239306 MS: 1 InsertRepeatedBytes-
#31960	REDUCE cov: 1426 ft: 2679 corp: 234/9914Kb lim: 239306 exec/s: 1278 rss: 481Mb L: 41/239306 MS: 2 CrossOver-EraseBytes-
#32017	REDUCE cov: 1426 ft: 2679 corp: 234/9907Kb lim: 239306 exec/s: 1280 rss: 481Mb L: 40597/239306 MS: 2 ShuffleBytes-EraseBytes-
#32056	REDUCE cov: 1426 ft: 2679 corp: 234/9886Kb lim: 239306 exec/s: 1282 rss: 481Mb L: 140558/239306 MS: 4 ChangeBit-ChangeASCIIInt-ShuffleBytes-EraseBytes-
#32080	REDUCE cov: 1426 ft: 2679 corp: 234/9883Kb lim: 239306 exec/s: 1283 rss: 481Mb L: 5022/239306 MS: 4 ChangeBinInt-InsertByte-ChangeASCIIInt-EraseBytes-
#32111	REDUCE cov: 1426 ft: 2682 corp: 235/9885Kb lim: 239306 exec/s: 1284 rss: 481Mb L: 2731/239306 MS: 1 EraseBytes-
#32220	REDUCE cov: 1426 ft: 2682 corp: 235/9885Kb lim: 239306 exec/s: 1288 rss: 481Mb L: 59/239306 MS: 4 ChangeBit-PersAutoDict-ChangeASCIIInt-EraseBytes- DE: "\000\000\000\000\000\000\000\001"-
#32296	REDUCE cov: 1426 ft: 2682 corp: 235/9878Kb lim: 239306 exec/s: 1291 rss: 481Mb L: 19055/239306 MS: 1 EraseBytes-
#32327	REDUCE cov: 1426 ft: 2682 corp: 235/9846Kb lim: 239306 exec/s: 1293 rss: 481Mb L: 108440/239306 MS: 1 EraseBytes-
#32379	REDUCE cov: 1426 ft: 2682 corp: 235/9845Kb lim: 239306 exec/s: 1295 rss: 481Mb L: 1805/239306 MS: 2 ShuffleBytes-EraseBytes-
#32385	REDUCE cov: 1428 ft: 2684 corp: 236/9848Kb lim: 239306 exec/s: 1295 rss: 481Mb L: 2913/239306 MS: 1 InsertByte-
#32400	REDUCE cov: 1428 ft: 2684 corp: 236/9848Kb lim: 239306 exec/s: 1296 rss: 481Mb L: 844/239306 MS: 5 CopyPart-CopyPart-ChangeBit-InsertRepeatedBytes-EraseBytes-
#32453	REDUCE cov: 1428 ft: 2684 corp: 236/9844Kb lim: 239306 exec/s: 1298 rss: 481Mb L: 29313/239306 MS: 3 ChangeBinInt-ChangeASCIIInt-EraseBytes-
#32490	REDUCE cov: 1428 ft: 2684 corp: 236/9843Kb lim: 239306 exec/s: 1299 rss: 481Mb L: 1314/239306 MS: 2 ChangeBinInt-EraseBytes-
#32553	REDUCE cov: 1428 ft: 2684 corp: 236/9837Kb lim: 239306 exec/s: 1302 rss: 481Mb L: 11635/239306 MS: 3 InsertByte-CopyPart-EraseBytes-
#32572	REDUCE cov: 1428 ft: 2684 corp: 236/9836Kb lim: 239306 exec/s: 1302 rss: 481Mb L: 1411/239306 MS: 4 CopyPart-ShuffleBytes-ChangeByte-EraseBytes-
#32594	REDUCE cov: 1428 ft: 2684 corp: 236/9836Kb lim: 239306 exec/s: 1303 rss: 481Mb L: 1476/239306 MS: 2 ChangeBit-EraseBytes-
#32596	NEW    cov: 1428 ft: 2688 corp: 237/9844Kb lim: 239306 exec/s: 1303 rss: 481Mb L: 8330/239306 MS: 2 ShuffleBytes-CrossOver-
#32607	REDUCE cov: 1428 ft: 2688 corp: 237/9844Kb lim: 239306 exec/s: 1304 rss: 481Mb L: 60/239306 MS: 1 EraseBytes-
#32615	REDUCE cov: 1428 ft: 2688 corp: 237/9840Kb lim: 239306 exec/s: 1304 rss: 481Mb L: 7616/239306 MS: 3 ChangeBit-PersAutoDict-EraseBytes- DE: "\301\\\002\211\354-\012\221g\354\216e\241\215\353\276^U2\373\356\242\223\370\013\311B\356\220\206\301q"-
#32662	REDUCE cov: 1428 ft: 2688 corp: 237/9815Kb lim: 239306 exec/s: 1306 rss: 481Mb L: 38110/239306 MS: 2 InsertRepeatedBytes-EraseBytes-
#32664	REDUCE cov: 1428 ft: 2688 corp: 237/9814Kb lim: 239306 exec/s: 1306 rss: 481Mb L: 615/239306 MS: 2 ChangeBinInt-EraseBytes-
#32740	REDUCE cov: 1428 ft: 2688 corp: 237/9812Kb lim: 239306 exec/s: 1309 rss: 481Mb L: 9711/239306 MS: 1 EraseBytes-
#32755	REDUCE cov: 1428 ft: 2688 corp: 237/9805Kb lim: 239306 exec/s: 1310 rss: 481Mb L: 15194/239306 MS: 5 ChangeByte-ChangeBit-ChangeBit-ChangeBit-EraseBytes-
#32768	pulse  cov: 1428 ft: 2688 corp: 237/9805Kb lim: 239306 exec/s: 1310 rss: 481Mb
#32787	REDUCE cov: 1428 ft: 2688 corp: 237/9805Kb lim: 239306 exec/s: 1311 rss: 481Mb L: 4540/239306 MS: 2 ChangeASCIIInt-EraseBytes-
#32791	REDUCE cov: 1428 ft: 2701 corp: 238/9806Kb lim: 239306 exec/s: 1311 rss: 481Mb L: 1813/239306 MS: 4 ChangeBinInt-ChangeBit-ChangeBinInt-CMP- DE: "\001\000\000\000\000\000\000\006"-
#32803	REDUCE cov: 1428 ft: 2701 corp: 238/9805Kb lim: 239306 exec/s: 1312 rss: 481Mb L: 1916/239306 MS: 2 InsertByte-EraseBytes-
#32820	REDUCE cov: 1428 ft: 2704 corp: 239/9817Kb lim: 239306 exec/s: 1312 rss: 481Mb L: 11467/239306 MS: 2 CrossOver-ChangeByte-
#32893	REDUCE cov: 1428 ft: 2704 corp: 239/9816Kb lim: 239306 exec/s: 1315 rss: 481Mb L: 1619/239306 MS: 3 CMP-ChangeByte-EraseBytes- DE: "\377\377\377\377\377\377\377\377"-
#33026	REDUCE cov: 1428 ft: 2704 corp: 239/9814Kb lim: 239306 exec/s: 1321 rss: 481Mb L: 11183/239306 MS: 3 ChangeBinInt-ChangeBinInt-EraseBytes-
#33167	REDUCE cov: 1429 ft: 2709 corp: 240/9814Kb lim: 239306 exec/s: 1326 rss: 481Mb L: 224/239306 MS: 1 EraseBytes-
#33208	REDUCE cov: 1429 ft: 2709 corp: 240/9793Kb lim: 239306 exec/s: 1328 rss: 481Mb L: 51644/239306 MS: 1 EraseBytes-
#33299	REDUCE cov: 1429 ft: 2709 corp: 240/9790Kb lim: 239306 exec/s: 1331 rss: 481Mb L: 7597/239306 MS: 1 EraseBytes-
#33307	REDUCE cov: 1429 ft: 2709 corp: 240/9790Kb lim: 239306 exec/s: 1332 rss: 481Mb L: 408/239306 MS: 3 ChangeBinInt-PersAutoDict-EraseBytes- DE: "\001\000\000\000\000\000\000\004"-
#33313	NEW    cov: 1429 ft: 2710 corp: 241/9791Kb lim: 239306 exec/s: 1332 rss: 481Mb L: 1813/239306 MS: 1 ChangeByte-
#33332	REDUCE cov: 1429 ft: 2710 corp: 241/9784Kb lim: 239306 exec/s: 1333 rss: 481Mb L: 11847/239306 MS: 4 InsertRepeatedBytes-InsertRepeatedBytes-ShuffleBytes-EraseBytes-
#33398	NEW    cov: 1429 ft: 2716 corp: 242/9786Kb lim: 239306 exec/s: 1335 rss: 481Mb L: 1813/239306 MS: 1 PersAutoDict- DE: "/Z\014o\263%\000\000"-
#33435	REDUCE cov: 1429 ft: 2716 corp: 242/9786Kb lim: 239306 exec/s: 1337 rss: 481Mb L: 57/239306 MS: 2 CMP-EraseBytes- DE: "\377\377\377\377"-
#33460	REDUCE cov: 1429 ft: 2716 corp: 242/9785Kb lim: 239306 exec/s: 1338 rss: 481Mb L: 6118/239306 MS: 5 ChangeBit-ChangeBit-PersAutoDict-PersAutoDict-EraseBytes- DE: "M\000\000\000\000\000\000\000"-"\016\205J\207Z\3475\310"-
#33518	REDUCE cov: 1429 ft: 2716 corp: 242/9784Kb lim: 239306 exec/s: 1340 rss: 481Mb L: 4397/239306 MS: 3 InsertRepeatedBytes-CrossOver-EraseBytes-
#33541	REDUCE cov: 1429 ft: 2716 corp: 242/9784Kb lim: 239306 exec/s: 1341 rss: 481Mb L: 1240/239306 MS: 3 ChangeASCIIInt-ChangeASCIIInt-EraseBytes-
#33562	REDUCE cov: 1429 ft: 2716 corp: 242/9783Kb lim: 239306 exec/s: 1342 rss: 481Mb L: 1043/239306 MS: 1 EraseBytes-
#33625	REDUCE cov: 1429 ft: 2716 corp: 242/9783Kb lim: 239306 exec/s: 1345 rss: 481Mb L: 2230/239306 MS: 3 PersAutoDict-CopyPart-EraseBytes- DE: "\007\000\000\000\000\000\000\000"-
#33632	REDUCE cov: 1429 ft: 2716 corp: 242/9781Kb lim: 239306 exec/s: 1345 rss: 481Mb L: 7873/239306 MS: 2 InsertByte-EraseBytes-
#33695	REDUCE cov: 1429 ft: 2716 corp: 242/9778Kb lim: 239306 exec/s: 1347 rss: 481Mb L: 17865/239306 MS: 3 InsertRepeatedBytes-CrossOver-EraseBytes-
#33712	REDUCE cov: 1429 ft: 2716 corp: 242/9778Kb lim: 239306 exec/s: 1348 rss: 481Mb L: 1886/239306 MS: 2 ChangeBit-EraseBytes-
#33785	REDUCE cov: 1429 ft: 2716 corp: 242/9778Kb lim: 239306 exec/s: 1299 rss: 481Mb L: 39/239306 MS: 3 ShuffleBytes-CopyPart-EraseBytes-
#33911	REDUCE cov: 1429 ft: 2716 corp: 242/9777Kb lim: 239306 exec/s: 1304 rss: 481Mb L: 61311/239306 MS: 1 EraseBytes-
#33957	REDUCE cov: 1429 ft: 2716 corp: 242/9777Kb lim: 239306 exec/s: 1306 rss: 481Mb L: 455/239306 MS: 1 EraseBytes-
#34200	REDUCE cov: 1429 ft: 2716 corp: 242/9776Kb lim: 239306 exec/s: 1315 rss: 481Mb L: 86905/239306 MS: 3 ChangeBit-ChangeBinInt-EraseBytes-
#34222	REDUCE cov: 1429 ft: 2716 corp: 242/9769Kb lim: 239306 exec/s: 1316 rss: 481Mb L: 33420/239306 MS: 2 ChangeByte-EraseBytes-
#34264	REDUCE cov: 1429 ft: 2716 corp: 242/9753Kb lim: 239306 exec/s: 1317 rss: 481Mb L: 101382/239306 MS: 2 ChangeByte-EraseBytes-
#34295	REDUCE cov: 1429 ft: 2716 corp: 242/9748Kb lim: 239306 exec/s: 1319 rss: 481Mb L: 8976/239306 MS: 1 EraseBytes-
#34303	REDUCE cov: 1429 ft: 2716 corp: 242/9748Kb lim: 239306 exec/s: 1319 rss: 481Mb L: 4483/239306 MS: 3 ChangeByte-ChangeASCIIInt-EraseBytes-
#34315	REDUCE cov: 1429 ft: 2716 corp: 242/9747Kb lim: 239306 exec/s: 1319 rss: 481Mb L: 1622/239306 MS: 2 ChangeBit-EraseBytes-
#34383	NEW    cov: 1429 ft: 2722 corp: 243/9847Kb lim: 239306 exec/s: 1322 rss: 481Mb L: 102912/239306 MS: 3 PersAutoDict-PersAutoDict-CrossOver- DE: "\000\000\000\000\000\000\000 "-"\001\000\000\000\000\000\000M"-
#34569	REDUCE cov: 1429 ft: 2722 corp: 243/9846Kb lim: 239306 exec/s: 1329 rss: 481Mb L: 2990/239306 MS: 1 EraseBytes-
#34610	REDUCE cov: 1429 ft: 2722 corp: 243/9846Kb lim: 239306 exec/s: 1331 rss: 481Mb L: 1207/239306 MS: 1 EraseBytes-
#34746	REDUCE cov: 1429 ft: 2722 corp: 243/9830Kb lim: 239306 exec/s: 1336 rss: 481Mb L: 76331/239306 MS: 1 EraseBytes-
#34780	REDUCE cov: 1429 ft: 2722 corp: 243/9828Kb lim: 239306 exec/s: 1337 rss: 481Mb L: 68986/239306 MS: 4 InsertRepeatedBytes-CMP-ChangeBinInt-EraseBytes- DE: "\377\377\377\377"-
#34781	REDUCE cov: 1429 ft: 2722 corp: 243/9828Kb lim: 239306 exec/s: 1337 rss: 481Mb L: 56/239306 MS: 1 EraseBytes-
#34797	REDUCE cov: 1429 ft: 2722 corp: 243/9828Kb lim: 239306 exec/s: 1338 rss: 481Mb L: 933/239306 MS: 1 EraseBytes-
#34810	REDUCE cov: 1429 ft: 2722 corp: 243/9828Kb lim: 239306 exec/s: 1338 rss: 481Mb L: 6093/239306 MS: 3 ChangeByte-ChangeASCIIInt-EraseBytes-
#34831	REDUCE cov: 1429 ft: 2722 corp: 243/9827Kb lim: 239306 exec/s: 1339 rss: 481Mb L: 801/239306 MS: 1 EraseBytes-
#34833	REDUCE cov: 1429 ft: 2722 corp: 243/9823Kb lim: 239306 exec/s: 1339 rss: 481Mb L: 29790/239306 MS: 2 PersAutoDict-EraseBytes- DE: "\377\377"-
#34885	REDUCE cov: 1429 ft: 2722 corp: 243/9820Kb lim: 239306 exec/s: 1341 rss: 481Mb L: 4818/239306 MS: 2 PersAutoDict-EraseBytes- DE: "\000\000\000\000\000\000\000\001"-
#34901	REDUCE cov: 1429 ft: 2722 corp: 243/9819Kb lim: 239306 exec/s: 1342 rss: 481Mb L: 4109/239306 MS: 1 EraseBytes-
#34925	REDUCE cov: 1429 ft: 2722 corp: 243/9818Kb lim: 239306 exec/s: 1343 rss: 481Mb L: 1175/239306 MS: 4 ShuffleBytes-ShuffleBytes-InsertByte-EraseBytes-
#35027	REDUCE cov: 1429 ft: 2722 corp: 243/9818Kb lim: 239306 exec/s: 1347 rss: 481Mb L: 32/239306 MS: 2 CMP-EraseBytes- DE: "\000\000\000\000"-
#35131	REDUCE cov: 1429 ft: 2722 corp: 243/9815Kb lim: 239306 exec/s: 1351 rss: 481Mb L: 5029/239306 MS: 4 InsertByte-ChangeASCIIInt-CMP-EraseBytes- DE: "\000\000"-
#35132	REDUCE cov: 1429 ft: 2722 corp: 243/9776Kb lim: 239306 exec/s: 1351 rss: 481Mb L: 62530/239306 MS: 1 EraseBytes-
#35243	REDUCE cov: 1429 ft: 2722 corp: 243/9775Kb lim: 239306 exec/s: 1355 rss: 481Mb L: 2461/239306 MS: 1 EraseBytes-
#35245	REDUCE cov: 1429 ft: 2722 corp: 243/9774Kb lim: 239306 exec/s: 1355 rss: 481Mb L: 95817/239306 MS: 2 ChangeBinInt-EraseBytes-
#35314	REDUCE cov: 1429 ft: 2722 corp: 243/9699Kb lim: 239306 exec/s: 1358 rss: 481Mb L: 48650/239306 MS: 4 CrossOver-ChangeBinInt-InsertRepeatedBytes-CrossOver-
#35341	REDUCE cov: 1429 ft: 2722 corp: 243/9699Kb lim: 239306 exec/s: 1359 rss: 481Mb L: 55/239306 MS: 2 ChangeBit-EraseBytes-
#35394	REDUCE cov: 1429 ft: 2722 corp: 243/9698Kb lim: 239306 exec/s: 1361 rss: 481Mb L: 576/239306 MS: 3 InsertRepeatedBytes-ChangeBit-EraseBytes-
#35421	REDUCE cov: 1429 ft: 2722 corp: 243/9692Kb lim: 239306 exec/s: 1362 rss: 481Mb L: 35999/239306 MS: 2 ChangeASCIIInt-EraseBytes-
#35468	REDUCE cov: 1429 ft: 2722 corp: 243/9675Kb lim: 239306 exec/s: 1364 rss: 481Mb L: 51616/239306 MS: 2 ChangeBinInt-EraseBytes-
#35590	NEW    cov: 1429 ft: 2723 corp: 244/9870Kb lim: 239306 exec/s: 1368 rss: 481Mb L: 199508/239306 MS: 2 InsertRepeatedBytes-ChangeBinInt-
#35611	REDUCE cov: 1429 ft: 2723 corp: 244/9869Kb lim: 239306 exec/s: 1369 rss: 481Mb L: 6777/239306 MS: 1 EraseBytes-
#35620	REDUCE cov: 1429 ft: 2723 corp: 244/9869Kb lim: 239306 exec/s: 1370 rss: 481Mb L: 1571/239306 MS: 4 ChangeBit-InsertRepeatedBytes-PersAutoDict-EraseBytes- DE: "\002\377\377\377\377\377\377\377"-
#35673	REDUCE cov: 1429 ft: 2723 corp: 244/9850Kb lim: 239306 exec/s: 1372 rss: 481Mb L: 88696/239306 MS: 3 CMP-ChangeByte-EraseBytes- DE: "\000\000\000\000\000\000\000\030"-
#35708	REDUCE cov: 1429 ft: 2723 corp: 244/9849Kb lim: 239306 exec/s: 1322 rss: 481Mb L: 1871/239306 MS: 5 InsertRepeatedBytes-ChangeBinInt-ShuffleBytes-ChangeBit-EraseBytes-
#35732	REDUCE cov: 1429 ft: 2723 corp: 244/9848Kb lim: 239306 exec/s: 1323 rss: 481Mb L: 4434/239306 MS: 4 ChangeByte-PersAutoDict-CrossOver-EraseBytes- DE: "\377\377\377\377\377\377\377\377"-
#35744	REDUCE cov: 1429 ft: 2723 corp: 244/9848Kb lim: 239306 exec/s: 1323 rss: 481Mb L: 8152/239306 MS: 2 ShuffleBytes-EraseBytes-
#35827	REDUCE cov: 1429 ft: 2723 corp: 244/9830Kb lim: 239306 exec/s: 1326 rss: 481Mb L: 19416/239306 MS: 3 CrossOver-EraseBytes-ShuffleBytes-
#35878	REDUCE cov: 1429 ft: 2723 corp: 244/9829Kb lim: 239306 exec/s: 1328 rss: 481Mb L: 5729/239306 MS: 1 EraseBytes-
#35899	REDUCE cov: 1429 ft: 2723 corp: 244/9829Kb lim: 239306 exec/s: 1329 rss: 481Mb L: 1381/239306 MS: 1 EraseBytes-
#36025	REDUCE cov: 1429 ft: 2723 corp: 244/9815Kb lim: 239306 exec/s: 1334 rss: 481Mb L: 45688/239306 MS: 1 EraseBytes-
#36041	REDUCE cov: 1429 ft: 2723 corp: 244/9790Kb lim: 239306 exec/s: 1334 rss: 481Mb L: 69735/239306 MS: 1 EraseBytes-
#36042	REDUCE cov: 1429 ft: 2723 corp: 244/9781Kb lim: 239306 exec/s: 1334 rss: 481Mb L: 42260/239306 MS: 1 EraseBytes-
#36077	REDUCE cov: 1429 ft: 2723 corp: 244/9774Kb lim: 239306 exec/s: 1336 rss: 481Mb L: 13243/239306 MS: 5 InsertByte-InsertRepeatedBytes-EraseBytes-InsertRepeatedBytes-ChangeBinInt-
#36079	REDUCE cov: 1429 ft: 2723 corp: 244/9772Kb lim: 239306 exec/s: 1336 rss: 481Mb L: 61492/239306 MS: 2 ChangeByte-EraseBytes-
#36082	REDUCE cov: 1429 ft: 2723 corp: 244/9766Kb lim: 239306 exec/s: 1336 rss: 481Mb L: 6869/239306 MS: 3 ChangeByte-ChangeBinInt-EraseBytes-
#36293	REDUCE cov: 1429 ft: 2723 corp: 244/9763Kb lim: 239306 exec/s: 1344 rss: 481Mb L: 9842/239306 MS: 1 EraseBytes-
#36299	REDUCE cov: 1429 ft: 2723 corp: 244/9763Kb lim: 239306 exec/s: 1344 rss: 481Mb L: 4102/239306 MS: 1 EraseBytes-
#36308	REDUCE cov: 1429 ft: 2723 corp: 244/9741Kb lim: 239306 exec/s: 1344 rss: 481Mb L: 66512/239306 MS: 4 InsertByte-ChangeBit-ShuffleBytes-EraseBytes-
#36394	REDUCE cov: 1429 ft: 2723 corp: 244/9741Kb lim: 239306 exec/s: 1347 rss: 481Mb L: 53/239306 MS: 1 EraseBytes-
#36471	REDUCE cov: 1429 ft: 2723 corp: 244/9740Kb lim: 239306 exec/s: 1350 rss: 481Mb L: 27997/239306 MS: 2 ChangeASCIIInt-EraseBytes-
#36473	REDUCE cov: 1429 ft: 2723 corp: 244/9739Kb lim: 239306 exec/s: 1350 rss: 481Mb L: 3470/239306 MS: 2 ChangeASCIIInt-EraseBytes-
#36480	REDUCE cov: 1429 ft: 2723 corp: 244/9739Kb lim: 239306 exec/s: 1351 rss: 481Mb L: 3966/239306 MS: 2 ShuffleBytes-EraseBytes-
#36526	REDUCE cov: 1429 ft: 2723 corp: 244/9739Kb lim: 239306 exec/s: 1352 rss: 481Mb L: 475/239306 MS: 1 EraseBytes-
#36543	REDUCE cov: 1429 ft: 2723 corp: 244/9739Kb lim: 239306 exec/s: 1353 rss: 481Mb L: 14697/239306 MS: 2 ChangeASCIIInt-EraseBytes-
#36573	REDUCE cov: 1429 ft: 2723 corp: 244/9735Kb lim: 239306 exec/s: 1354 rss: 481Mb L: 8654/239306 MS: 5 InsertRepeatedBytes-ChangeASCIIInt-InsertRepeatedBytes-ChangeBinInt-EraseBytes-
#36575	REDUCE cov: 1429 ft: 2723 corp: 244/9715Kb lim: 239306 exec/s: 1354 rss: 481Mb L: 38117/239306 MS: 2 InsertRepeatedBytes-EraseBytes-
#36581	REDUCE cov: 1429 ft: 2723 corp: 244/9691Kb lim: 239306 exec/s: 1354 rss: 481Mb L: 27260/239306 MS: 1 EraseBytes-
#36725	REDUCE cov: 1429 ft: 2723 corp: 244/9691Kb lim: 239306 exec/s: 1360 rss: 481Mb L: 929/239306 MS: 4 ChangeBinInt-InsertRepeatedBytes-ChangeASCIIInt-EraseBytes-
#36783	REDUCE cov: 1429 ft: 2723 corp: 244/9678Kb lim: 239306 exec/s: 1362 rss: 481Mb L: 78618/239306 MS: 3 CrossOver-ChangeByte-CrossOver-
#36820	REDUCE cov: 1430 ft: 2724 corp: 245/9680Kb lim: 239306 exec/s: 1363 rss: 481Mb L: 1535/239306 MS: 2 InsertByte-EraseBytes-
#36837	REDUCE cov: 1430 ft: 2724 corp: 245/9680Kb lim: 239306 exec/s: 1364 rss: 481Mb L: 35/239306 MS: 2 PersAutoDict-EraseBytes- DE: "\000\000\000\000\000\000\000\001"-
#36968	REDUCE cov: 1430 ft: 2724 corp: 245/9675Kb lim: 239306 exec/s: 1369 rss: 481Mb L: 4785/239306 MS: 1 EraseBytes-
#37051	REDUCE cov: 1430 ft: 2724 corp: 245/9671Kb lim: 239306 exec/s: 1372 rss: 481Mb L: 18227/239306 MS: 3 ChangeBit-PersAutoDict-EraseBytes- DE: "\000\000\000\000\000\000\000\000"-
#37057	REDUCE cov: 1430 ft: 2724 corp: 245/9671Kb lim: 239306 exec/s: 1372 rss: 481Mb L: 356/239306 MS: 1 EraseBytes-
#37093	REDUCE cov: 1430 ft: 2724 corp: 245/9671Kb lim: 239306 exec/s: 1373 rss: 481Mb L: 31/239306 MS: 1 EraseBytes-
#37193	REDUCE cov: 1431 ft: 2743 corp: 246/9686Kb lim: 239306 exec/s: 1377 rss: 481Mb L: 14838/239306 MS: 5 ShuffleBytes-ChangeBit-ChangeBinInt-PersAutoDict-CMP- DE: "\001\000\000\000\000\000\011,"-"\001\000\000\000"-
#37206	REDUCE cov: 1431 ft: 2743 corp: 246/9686Kb lim: 239306 exec/s: 1378 rss: 481Mb L: 526/239306 MS: 3 CopyPart-InsertByte-EraseBytes-
#37217	REDUCE cov: 1431 ft: 2743 corp: 246/9685Kb lim: 239306 exec/s: 1378 rss: 481Mb L: 33/239306 MS: 1 EraseBytes-
#37247	REDUCE cov: 1431 ft: 2743 corp: 246/9679Kb lim: 239306 exec/s: 1379 rss: 481Mb L: 8073/239306 MS: 5 CrossOver-PersAutoDict-CrossOver-ShuffleBytes-EraseBytes- DE: "\000\000\000\000\000\000\000\000"-
#37253	REDUCE cov: 1431 ft: 2743 corp: 246/9679Kb lim: 239306 exec/s: 1379 rss: 481Mb L: 305/239306 MS: 1 EraseBytes-
#37280	REDUCE cov: 1431 ft: 2743 corp: 246/9674Kb lim: 239306 exec/s: 1380 rss: 481Mb L: 8387/239306 MS: 2 InsertByte-EraseBytes-
#37303	REDUCE cov: 1431 ft: 2743 corp: 246/9674Kb lim: 239306 exec/s: 1381 rss: 481Mb L: 727/239306 MS: 3 PersAutoDict-ChangeBit-EraseBytes- DE: "\016\377\377\377\377\377\377\377"-
#37329	REDUCE cov: 1431 ft: 2743 corp: 246/9649Kb lim: 239306 exec/s: 1382 rss: 481Mb L: 50495/239306 MS: 1 EraseBytes-
#37473	REDUCE cov: 1431 ft: 2743 corp: 246/9648Kb lim: 239306 exec/s: 1387 rss: 481Mb L: 7177/239306 MS: 4 CrossOver-ShuffleBytes-ChangeByte-EraseBytes-
#37500	NEW    cov: 1431 ft: 2745 corp: 247/9648Kb lim: 239306 exec/s: 1388 rss: 481Mb L: 332/239306 MS: 2 CopyPart-InsertRepeatedBytes-
#37551	REDUCE cov: 1431 ft: 2745 corp: 247/9645Kb lim: 239306 exec/s: 1341 rss: 481Mb L: 6483/239306 MS: 1 EraseBytes-
#37593	REDUCE cov: 1431 ft: 2745 corp: 247/9645Kb lim: 239306 exec/s: 1342 rss: 481Mb L: 91/239306 MS: 2 PersAutoDict-EraseBytes- DE: "\377\377"-
#37641	REDUCE cov: 1431 ft: 2745 corp: 247/9644Kb lim: 239306 exec/s: 1344 rss: 481Mb L: 4701/239306 MS: 3 ChangeByte-CrossOver-EraseBytes-
#37652	REDUCE cov: 1431 ft: 2745 corp: 247/9632Kb lim: 239306 exec/s: 1344 rss: 481Mb L: 36636/239306 MS: 1 EraseBytes-
#37700	NEW    cov: 1431 ft: 2746 corp: 248/9805Kb lim: 239306 exec/s: 1346 rss: 481Mb L: 176928/239306 MS: 3 CrossOver-ChangeBinInt-CopyPart-
#37751	REDUCE cov: 1431 ft: 2746 corp: 248/9805Kb lim: 239306 exec/s: 1348 rss: 481Mb L: 54/239306 MS: 1 EraseBytes-
#37817	REDUCE cov: 1431 ft: 2746 corp: 248/9805Kb lim: 239306 exec/s: 1350 rss: 481Mb L: 49/239306 MS: 1 EraseBytes-
#37875	REDUCE cov: 1431 ft: 2746 corp: 248/9803Kb lim: 239306 exec/s: 1352 rss: 481Mb L: 5178/239306 MS: 3 PersAutoDict-InsertByte-EraseBytes- DE: "\000\000\000\000\377\377\377\377"-
#37892	REDUCE cov: 1431 ft: 2746 corp: 248/9803Kb lim: 239306 exec/s: 1353 rss: 481Mb L: 42/239306 MS: 2 ShuffleBytes-EraseBytes-
#38001	REDUCE cov: 1431 ft: 2746 corp: 248/9803Kb lim: 239306 exec/s: 1357 rss: 481Mb L: 30/239306 MS: 4 ChangeBinInt-ChangeByte-ShuffleBytes-EraseBytes-
#38049	REDUCE cov: 1431 ft: 2746 corp: 248/9802Kb lim: 239306 exec/s: 1358 rss: 481Mb L: 3561/239306 MS: 3 ChangeBinInt-CrossOver-EraseBytes-
#38170	REDUCE cov: 1431 ft: 2746 corp: 248/9798Kb lim: 239306 exec/s: 1363 rss: 481Mb L: 19780/239306 MS: 1 EraseBytes-
#38261	REDUCE cov: 1432 ft: 2750 corp: 249/9799Kb lim: 239306 exec/s: 1366 rss: 481Mb L: 1171/239306 MS: 1 PersAutoDict- DE: "\000\000\000\000\377\377\377\377"-
#38319	REDUCE cov: 1432 ft: 2750 corp: 249/9797Kb lim: 239306 exec/s: 1368 rss: 481Mb L: 6154/239306 MS: 3 ChangeByte-ChangeBit-EraseBytes-
#38329	REDUCE cov: 1435 ft: 2753 corp: 250/9798Kb lim: 239306 exec/s: 1368 rss: 481Mb L: 605/239306 MS: 5 InsertRepeatedBytes-InsertRepeatedBytes-CrossOver-CrossOver-ChangeByte-
#38351	REDUCE cov: 1435 ft: 2753 corp: 250/9790Kb lim: 239306 exec/s: 1369 rss: 481Mb L: 36613/239306 MS: 2 InsertRepeatedBytes-EraseBytes-
#38472	REDUCE cov: 1435 ft: 2753 corp: 250/9789Kb lim: 239306 exec/s: 1374 rss: 481Mb L: 3220/239306 MS: 1 EraseBytes-
#38563	REDUCE cov: 1435 ft: 2753 corp: 250/9789Kb lim: 239306 exec/s: 1377 rss: 481Mb L: 3857/239306 MS: 1 EraseBytes-
#38585	REDUCE cov: 1435 ft: 2753 corp: 250/9787Kb lim: 239306 exec/s: 1378 rss: 481Mb L: 2259/239306 MS: 2 InsertByte-EraseBytes-
#38616	REDUCE cov: 1435 ft: 2753 corp: 250/9787Kb lim: 239306 exec/s: 1379 rss: 481Mb L: 444/239306 MS: 1 EraseBytes-
#38699	REDUCE cov: 1435 ft: 2753 corp: 250/9787Kb lim: 239306 exec/s: 1382 rss: 481Mb L: 4624/239306 MS: 3 ChangeByte-ChangeASCIIInt-EraseBytes-
#38857	REDUCE cov: 1435 ft: 2753 corp: 250/9787Kb lim: 239306 exec/s: 1387 rss: 481Mb L: 492/239306 MS: 3 InsertByte-InsertByte-EraseBytes-
#38858	REDUCE cov: 1435 ft: 2753 corp: 250/9787Kb lim: 239306 exec/s: 1387 rss: 481Mb L: 522/239306 MS: 1 EraseBytes-
#38872	REDUCE cov: 1435 ft: 2753 corp: 250/9786Kb lim: 239306 exec/s: 1388 rss: 481Mb L: 14111/239306 MS: 4 InsertRepeatedBytes-ChangeByte-ChangeBinInt-EraseBytes-
#38923	REDUCE cov: 1435 ft: 2753 corp: 250/9784Kb lim: 239306 exec/s: 1390 rss: 481Mb L: 28910/239306 MS: 1 EraseBytes-
#38979	REDUCE cov: 1435 ft: 2754 corp: 251/9784Kb lim: 239306 exec/s: 1392 rss: 481Mb L: 420/239306 MS: 1 ChangeBinInt-
#39037	REDUCE cov: 1435 ft: 2754 corp: 251/9784Kb lim: 239306 exec/s: 1394 rss: 481Mb L: 14/239306 MS: 3 ChangeBit-ChangeBinInt-EraseBytes-
#39075	REDUCE cov: 1435 ft: 2754 corp: 251/9784Kb lim: 239306 exec/s: 1395 rss: 481Mb L: 19249/239306 MS: 3 ChangeByte-ChangeASCIIInt-EraseBytes-
#39089	REDUCE cov: 1435 ft: 2754 corp: 251/9711Kb lim: 239306 exec/s: 1396 rss: 481Mb L: 110647/239306 MS: 4 CMP-ChangeBinInt-ShuffleBytes-EraseBytes- DE: "\000\000\000\000\000\000\000\264"-
#39105	REDUCE cov: 1435 ft: 2754 corp: 251/9711Kb lim: 239306 exec/s: 1396 rss: 481Mb L: 6997/239306 MS: 1 EraseBytes-
#39120	REDUCE cov: 1435 ft: 2754 corp: 251/9695Kb lim: 239306 exec/s: 1397 rss: 481Mb L: 81184/239306 MS: 5 InsertByte-ChangeBit-ChangeBit-ChangeBit-EraseBytes-
#39248	REDUCE cov: 1435 ft: 2754 corp: 251/9695Kb lim: 239306 exec/s: 1401 rss: 481Mb L: 3411/239306 MS: 3 ChangeBit-ChangeByte-EraseBytes-
#39410	REDUCE cov: 1435 ft: 2754 corp: 251/9695Kb lim: 239306 exec/s: 1407 rss: 481Mb L: 396/239306 MS: 2 InsertByte-EraseBytes-
#39430	REDUCE cov: 1435 ft: 2754 corp: 251/9688Kb lim: 239306 exec/s: 1408 rss: 481Mb L: 7919/239306 MS: 5 InsertRepeatedBytes-ChangeBinInt-ShuffleBytes-ShuffleBytes-EraseBytes-
#39469	NEW    cov: 1437 ft: 2756 corp: 252/9688Kb lim: 239306 exec/s: 1409 rss: 481Mb L: 336/239306 MS: 4 InsertByte-CMP-InsertByte-CMP- DE: "\377\377"-"\001\000\000\000"-
#39485	REDUCE cov: 1437 ft: 2756 corp: 252/9688Kb lim: 239306 exec/s: 1410 rss: 481Mb L: 1775/239306 MS: 1 EraseBytes-
#39576	NEW    cov: 1437 ft: 2760 corp: 253/9922Kb lim: 239306 exec/s: 1413 rss: 481Mb L: 239306/239306 MS: 1 CrossOver-
#39583	REDUCE cov: 1437 ft: 2761 corp: 254/9922Kb lim: 239306 exec/s: 1413 rss: 481Mb L: 15/239306 MS: 2 ChangeBit-InsertByte-
#39584	REDUCE cov: 1437 ft: 2761 corp: 254/9922Kb lim: 239306 exec/s: 1413 rss: 481Mb L: 274/239306 MS: 1 EraseBytes-
#39593	REDUCE cov: 1437 ft: 2761 corp: 254/9919Kb lim: 239306 exec/s: 1414 rss: 481Mb L: 3939/239306 MS: 4 ChangeASCIIInt-ShuffleBytes-InsertRepeatedBytes-EraseBytes-
#39635	REDUCE cov: 1437 ft: 2761 corp: 254/9897Kb lim: 239306 exec/s: 1415 rss: 481Mb L: 54211/239306 MS: 2 ChangeByte-EraseBytes-
#39646	REDUCE cov: 1437 ft: 2761 corp: 254/9897Kb lim: 239306 exec/s: 1415 rss: 481Mb L: 464/239306 MS: 1 EraseBytes-
#39654	REDUCE cov: 1437 ft: 2761 corp: 254/9897Kb lim: 239306 exec/s: 1416 rss: 481Mb L: 624/239306 MS: 3 ChangeByte-ChangeByte-EraseBytes-
#39668	REDUCE cov: 1437 ft: 2761 corp: 254/9896Kb lim: 239306 exec/s: 1416 rss: 481Mb L: 4655/239306 MS: 4 InsertByte-CrossOver-InsertRepeatedBytes-EraseBytes-
#39674	REDUCE cov: 1437 ft: 2761 corp: 254/9896Kb lim: 239306 exec/s: 1416 rss: 481Mb L: 1312/239306 MS: 1 EraseBytes-
#39786	REDUCE cov: 1437 ft: 2761 corp: 254/9896Kb lim: 239306 exec/s: 1420 rss: 482Mb L: 615/239306 MS: 2 InsertByte-EraseBytes-
#39828	REDUCE cov: 1437 ft: 2761 corp: 254/9892Kb lim: 239306 exec/s: 1422 rss: 482Mb L: 9945/239306 MS: 2 ChangeByte-EraseBytes-
#39857	REDUCE cov: 1437 ft: 2761 corp: 254/9886Kb lim: 239306 exec/s: 1423 rss: 482Mb L: 35855/239306 MS: 4 ShuffleBytes-ChangeASCIIInt-ChangeBinInt-EraseBytes-
#39953	REDUCE cov: 1437 ft: 2761 corp: 254/9886Kb lim: 239306 exec/s: 1377 rss: 482Mb L: 179/239306 MS: 1 EraseBytes-
#39956	REDUCE cov: 1437 ft: 2761 corp: 254/9885Kb lim: 239306 exec/s: 1377 rss: 482Mb L: 1018/239306 MS: 3 InsertRepeatedBytes-ChangeBinInt-EraseBytes-
#39973	REDUCE cov: 1437 ft: 2761 corp: 254/9885Kb lim: 239306 exec/s: 1378 rss: 482Mb L: 1035/239306 MS: 2 ChangeBinInt-EraseBytes-
#40065	REDUCE cov: 1437 ft: 2761 corp: 254/9885Kb lim: 239306 exec/s: 1381 rss: 482Mb L: 873/239306 MS: 2 ChangeBinInt-EraseBytes-
#40117	REDUCE cov: 1437 ft: 2761 corp: 254/9883Kb lim: 239306 exec/s: 1383 rss: 486Mb L: 2562/239306 MS: 2 ShuffleBytes-EraseBytes-
#40138	REDUCE cov: 1437 ft: 2761 corp: 254/9883Kb lim: 239306 exec/s: 1384 rss: 486Mb L: 2441/239306 MS: 1 EraseBytes-
#40173	REDUCE cov: 1437 ft: 2761 corp: 254/9882Kb lim: 239306 exec/s: 1385 rss: 486Mb L: 1738/239306 MS: 5 InsertByte-ChangeBit-ChangeASCIIInt-ChangeASCIIInt-EraseBytes-
#40236	REDUCE cov: 1437 ft: 2761 corp: 254/9882Kb lim: 239306 exec/s: 1387 rss: 486Mb L: 1036/239306 MS: 3 ChangeByte-PersAutoDict-EraseBytes- DE: "\000\000\000\000"-
#40237	REDUCE cov: 1437 ft: 2761 corp: 254/9880Kb lim: 239306 exec/s: 1387 rss: 486Mb L: 9975/239306 MS: 1 EraseBytes-
#40255	REDUCE cov: 1437 ft: 2761 corp: 254/9875Kb lim: 239306 exec/s: 1388 rss: 486Mb L: 6369/239306 MS: 3 ChangeByte-InsertRepeatedBytes-EraseBytes-
#40283	REDUCE cov: 1437 ft: 2761 corp: 254/9875Kb lim: 239306 exec/s: 1389 rss: 487Mb L: 168/239306 MS: 3 ChangeBinInt-ChangeASCIIInt-EraseBytes-
#40319	REDUCE cov: 1437 ft: 2771 corp: 255/9878Kb lim: 239306 exec/s: 1390 rss: 487Mb L: 2340/239306 MS: 1 InsertRepeatedBytes-
#40326	REDUCE cov: 1437 ft: 2771 corp: 255/9872Kb lim: 239306 exec/s: 1390 rss: 487Mb L: 75453/239306 MS: 2 InsertRepeatedBytes-EraseBytes-
#40338	REDUCE cov: 1437 ft: 2771 corp: 255/9868Kb lim: 239306 exec/s: 1390 rss: 487Mb L: 5887/239306 MS: 2 ChangeBinInt-EraseBytes-
#40340	REDUCE cov: 1437 ft: 2771 corp: 255/9868Kb lim: 239306 exec/s: 1391 rss: 487Mb L: 947/239306 MS: 2 ChangeASCIIInt-EraseBytes-
#40373	REDUCE cov: 1437 ft: 2771 corp: 255/9863Kb lim: 239306 exec/s: 1392 rss: 487Mb L: 86354/239306 MS: 3 CopyPart-ChangeBit-EraseBytes-
#40414	REDUCE cov: 1437 ft: 2771 corp: 255/9863Kb lim: 239306 exec/s: 1393 rss: 487Mb L: 157/239306 MS: 1 EraseBytes-
#40424	REDUCE cov: 1437 ft: 2771 corp: 255/9861Kb lim: 239306 exec/s: 1393 rss: 487Mb L: 3660/239306 MS: 5 InsertRepeatedBytes-CopyPart-ChangeBinInt-InsertRepeatedBytes-EraseBytes-
#40456	REDUCE cov: 1437 ft: 2771 corp: 255/9861Kb lim: 239306 exec/s: 1395 rss: 487Mb L: 328/239306 MS: 2 InsertRepeatedBytes-EraseBytes-
#40494	REDUCE cov: 1438 ft: 2772 corp: 256/9861Kb lim: 239306 exec/s: 1396 rss: 487Mb L: 71/239306 MS: 3 ChangeByte-CMP-CopyPart- DE: "\377\377\377\377"-
#40569	REDUCE cov: 1442 ft: 2776 corp: 257/9863Kb lim: 239306 exec/s: 1398 rss: 489Mb L: 1852/239306 MS: 5 ChangeASCIIInt-CopyPart-ChangeASCIIInt-EraseBytes-CMP- DE: "\001\000\000\000"-
#40573	REDUCE cov: 1442 ft: 2776 corp: 257/9863Kb lim: 239306 exec/s: 1399 rss: 489Mb L: 171/239306 MS: 4 PersAutoDict-ShuffleBytes-ChangeBit-EraseBytes- DE: "\000\000\000\000"-
#40612	REDUCE cov: 1442 ft: 2776 corp: 257/9862Kb lim: 239306 exec/s: 1400 rss: 489Mb L: 379/239306 MS: 4 InsertRepeatedBytes-EraseBytes-InsertByte-EraseBytes-
#40653	REDUCE cov: 1442 ft: 2776 corp: 257/9849Kb lim: 239306 exec/s: 1401 rss: 489Mb L: 20203/239306 MS: 1 EraseBytes-
#40674	REDUCE cov: 1442 ft: 2776 corp: 257/9849Kb lim: 239306 exec/s: 1402 rss: 489Mb L: 7245/239306 MS: 1 EraseBytes-
#40686	REDUCE cov: 1442 ft: 2776 corp: 257/9840Kb lim: 239306 exec/s: 1402 rss: 489Mb L: 34405/239306 MS: 2 ChangeBinInt-EraseBytes-
#40754	REDUCE cov: 1442 ft: 2776 corp: 257/9823Kb lim: 239306 exec/s: 1405 rss: 490Mb L: 19151/239306 MS: 3 CrossOver-InsertByte-EraseBytes-
#40892	REDUCE cov: 1442 ft: 2776 corp: 257/9821Kb lim: 239306 exec/s: 1410 rss: 498Mb L: 2121/239306 MS: 3 CopyPart-EraseBytes-PersAutoDict- DE: "TUUUUUU\005"-
#40916	REDUCE cov: 1442 ft: 2776 corp: 257/9819Kb lim: 239306 exec/s: 1410 rss: 498Mb L: 25516/239306 MS: 4 InsertByte-ChangeBit-ChangeBinInt-EraseBytes-
#40932	NEW    cov: 1446 ft: 2793 corp: 258/9907Kb lim: 239306 exec/s: 1411 rss: 498Mb L: 89737/239306 MS: 1 ChangeByte-
#40957	REDUCE cov: 1446 ft: 2793 corp: 258/9907Kb lim: 239306 exec/s: 1412 rss: 498Mb L: 2866/239306 MS: 5 ChangeByte-ChangeBinInt-InsertByte-ShuffleBytes-EraseBytes-
#40959	NEW    cov: 1446 ft: 2796 corp: 259/9907Kb lim: 239306 exec/s: 1412 rss: 498Mb L: 339/239306 MS: 2 ChangeByte-CrossOver-
#41274	REDUCE cov: 1446 ft: 2796 corp: 259/9882Kb lim: 239306 exec/s: 1423 rss: 498Mb L: 40569/239306 MS: 5 ChangeBit-ShuffleBytes-ShuffleBytes-ChangeASCIIInt-EraseBytes-
#41295	REDUCE cov: 1446 ft: 2796 corp: 259/9881Kb lim: 239306 exec/s: 1423 rss: 498Mb L: 1461/239306 MS: 1 EraseBytes-
#41308	REDUCE cov: 1446 ft: 2796 corp: 259/9881Kb lim: 239306 exec/s: 1424 rss: 498Mb L: 1095/239306 MS: 3 CopyPart-InsertByte-EraseBytes-
#41319	REDUCE cov: 1446 ft: 2796 corp: 259/9856Kb lim: 239306 exec/s: 1424 rss: 498Mb L: 116738/239306 MS: 1 CrossOver-
#41391	REDUCE cov: 1446 ft: 2796 corp: 259/9856Kb lim: 239306 exec/s: 1427 rss: 498Mb L: 1216/239306 MS: 2 ChangeByte-EraseBytes-
#41583	REDUCE cov: 1446 ft: 2796 corp: 259/9854Kb lim: 239306 exec/s: 1433 rss: 498Mb L: 2946/239306 MS: 2 ChangeASCIIInt-EraseBytes-
#41649	REDUCE cov: 1446 ft: 2796 corp: 259/9853Kb lim: 239306 exec/s: 1436 rss: 498Mb L: 6181/239306 MS: 1 EraseBytes-
#41661	REDUCE cov: 1446 ft: 2796 corp: 259/9852Kb lim: 239306 exec/s: 1436 rss: 498Mb L: 48622/239306 MS: 2 ChangeBinInt-EraseBytes-
#41690	REDUCE cov: 1446 ft: 2796 corp: 259/9851Kb lim: 239306 exec/s: 1437 rss: 498Mb L: 280/239306 MS: 4 ShuffleBytes-InsertRepeatedBytes-ChangeBit-EraseBytes-
#41764	REDUCE cov: 1446 ft: 2796 corp: 259/9851Kb lim: 239306 exec/s: 1440 rss: 498Mb L: 7055/239306 MS: 4 CrossOver-CopyPart-CrossOver-EraseBytes-
#41795	REDUCE cov: 1446 ft: 2796 corp: 259/9849Kb lim: 239306 exec/s: 1441 rss: 498Mb L: 10148/239306 MS: 1 EraseBytes-
#41796	REDUCE cov: 1446 ft: 2796 corp: 259/9849Kb lim: 239306 exec/s: 1441 rss: 498Mb L: 601/239306 MS: 1 EraseBytes-
#41952	REDUCE cov: 1446 ft: 2796 corp: 259/9848Kb lim: 239306 exec/s: 1398 rss: 498Mb L: 305/239306 MS: 1 EraseBytes-
#41957	REDUCE cov: 1446 ft: 2796 corp: 259/9848Kb lim: 239306 exec/s: 1398 rss: 498Mb L: 6674/239306 MS: 5 ShuffleBytes-ShuffleBytes-CopyPart-InsertRepeatedBytes-EraseBytes-
#41977	REDUCE cov: 1446 ft: 2796 corp: 259/9848Kb lim: 239306 exec/s: 1399 rss: 498Mb L: 453/239306 MS: 5 InsertRepeatedBytes-ShuffleBytes-ShuffleBytes-ChangeASCIIInt-EraseBytes-
#42001	REDUCE cov: 1446 ft: 2796 corp: 259/9847Kb lim: 239306 exec/s: 1400 rss: 498Mb L: 1099/239306 MS: 4 InsertByte-CopyPart-CrossOver-EraseBytes-
#42046	REDUCE cov: 1446 ft: 2796 corp: 259/9847Kb lim: 239306 exec/s: 1401 rss: 498Mb L: 2454/239306 MS: 5 CrossOver-ChangeASCIIInt-ShuffleBytes-ChangeByte-EraseBytes-
#42097	REDUCE cov: 1446 ft: 2796 corp: 259/9847Kb lim: 239306 exec/s: 1403 rss: 498Mb L: 79/239306 MS: 1 EraseBytes-
#42119	REDUCE cov: 1446 ft: 2796 corp: 259/9844Kb lim: 239306 exec/s: 1403 rss: 498Mb L: 3113/239306 MS: 2 ChangeBit-EraseBytes-
#42138	REDUCE cov: 1446 ft: 2796 corp: 259/9844Kb lim: 239306 exec/s: 1404 rss: 498Mb L: 1645/239306 MS: 4 CopyPart-InsertRepeatedBytes-PersAutoDict-EraseBytes- DE: "\001\000\000\000\000\000\000M"-
#42234	REDUCE cov: 1446 ft: 2796 corp: 259/9836Kb lim: 239306 exec/s: 1407 rss: 498Mb L: 11597/239306 MS: 1 EraseBytes-
#42235	REDUCE cov: 1446 ft: 2796 corp: 259/9836Kb lim: 239306 exec/s: 1407 rss: 498Mb L: 2960/239306 MS: 1 EraseBytes-
#42263	NEW    cov: 1447 ft: 2797 corp: 260/9836Kb lim: 239306 exec/s: 1408 rss: 498Mb L: 225/239306 MS: 3 InsertByte-ChangeBinInt-ChangeByte-
#42394	REDUCE cov: 1447 ft: 2797 corp: 260/9813Kb lim: 239306 exec/s: 1413 rss: 498Mb L: 140765/239306 MS: 1 EraseBytes-
#42409	REDUCE cov: 1447 ft: 2797 corp: 260/9812Kb lim: 239306 exec/s: 1413 rss: 498Mb L: 7085/239306 MS: 5 ShuffleBytes-ChangeBit-InsertByte-ChangeASCIIInt-EraseBytes-
#42435	REDUCE cov: 1447 ft: 2797 corp: 260/9811Kb lim: 239306 exec/s: 1414 rss: 498Mb L: 11470/239306 MS: 1 EraseBytes-
#42573	REDUCE cov: 1447 ft: 2797 corp: 260/9811Kb lim: 239306 exec/s: 1419 rss: 498Mb L: 2519/239306 MS: 3 ChangeByte-ChangeASCIIInt-EraseBytes-
#42600	REDUCE cov: 1447 ft: 2804 corp: 261/9825Kb lim: 239306 exec/s: 1420 rss: 498Mb L: 14834/239306 MS: 2 ShuffleBytes-ChangeBinInt-
#42607	REDUCE cov: 1447 ft: 2804 corp: 261/9819Kb lim: 239306 exec/s: 1420 rss: 498Mb L: 12828/239306 MS: 2 ChangeASCIIInt-EraseBytes-
#42609	REDUCE cov: 1447 ft: 2804 corp: 261/9797Kb lim: 239306 exec/s: 1420 rss: 498Mb L: 64592/239306 MS: 2 EraseBytes-InsertByte-
#42645	REDUCE cov: 1447 ft: 2804 corp: 261/9795Kb lim: 239306 exec/s: 1421 rss: 498Mb L: 33957/239306 MS: 1 EraseBytes-
#42676	REDUCE cov: 1449 ft: 2806 corp: 262/9802Kb lim: 239306 exec/s: 1422 rss: 498Mb L: 7245/239306 MS: 1 PersAutoDict- DE: "\001\000"-
#42719	REDUCE cov: 1449 ft: 2806 corp: 262/9802Kb lim: 239306 exec/s: 1423 rss: 498Mb L: 976/239306 MS: 3 InsertByte-ChangeBit-EraseBytes-
#42852	REDUCE cov: 1449 ft: 2806 corp: 262/9766Kb lim: 239306 exec/s: 1428 rss: 498Mb L: 39371/239306 MS: 3 ShuffleBytes-ShuffleBytes-EraseBytes-
#42888	NEW    cov: 1449 ft: 2809 corp: 263/9766Kb lim: 239306 exec/s: 1429 rss: 498Mb L: 339/239306 MS: 1 ChangeBit-
#42942	REDUCE cov: 1449 ft: 2809 corp: 263/9759Kb lim: 239306 exec/s: 1431 rss: 498Mb L: 53432/239306 MS: 4 ChangeByte-ShuffleBytes-ChangeBit-EraseBytes-
#42943	REDUCE cov: 1449 ft: 2809 corp: 263/9759Kb lim: 239306 exec/s: 1431 rss: 498Mb L: 416/239306 MS: 1 EraseBytes-
#42956	REDUCE cov: 1449 ft: 2809 corp: 263/9759Kb lim: 239306 exec/s: 1431 rss: 498Mb L: 291/239306 MS: 3 InsertRepeatedBytes-PersAutoDict-EraseBytes- DE: "\001\000\000\000\000\000\000\004"-
#42998	REDUCE cov: 1449 ft: 2809 corp: 263/9758Kb lim: 239306 exec/s: 1433 rss: 498Mb L: 2866/239306 MS: 2 ChangeASCIIInt-EraseBytes-
#43029	REDUCE cov: 1449 ft: 2809 corp: 263/9758Kb lim: 239306 exec/s: 1434 rss: 498Mb L: 233/239306 MS: 1 EraseBytes-
#43147	REDUCE cov: 1449 ft: 2809 corp: 263/9758Kb lim: 239306 exec/s: 1438 rss: 498Mb L: 15/239306 MS: 3 ChangeASCIIInt-PersAutoDict-EraseBytes- DE: "\377\377\377\377\377\377\377\377"-
#43150	REDUCE cov: 1449 ft: 2809 corp: 263/9753Kb lim: 239306 exec/s: 1438 rss: 498Mb L: 9188/239306 MS: 3 CMP-ChangeASCIIInt-EraseBytes- DE: "\001\000\000\000\000\000\000\000"-
#43164	REDUCE cov: 1449 ft: 2809 corp: 263/9752Kb lim: 239306 exec/s: 1438 rss: 498Mb L: 4537/239306 MS: 4 ShuffleBytes-CMP-CrossOver-EraseBytes- DE: "\000\000\000\001"-
#43195	REDUCE cov: 1449 ft: 2809 corp: 263/9752Kb lim: 239306 exec/s: 1439 rss: 498Mb L: 3857/239306 MS: 1 EraseBytes-
#43222	REDUCE cov: 1449 ft: 2809 corp: 263/9741Kb lim: 239306 exec/s: 1440 rss: 498Mb L: 97861/239306 MS: 2 PersAutoDict-EraseBytes- DE: "TUUUUUU\005"-
#43339	REDUCE cov: 1449 ft: 2809 corp: 263/9741Kb lim: 239306 exec/s: 1444 rss: 498Mb L: 182/239306 MS: 2 ChangeBit-EraseBytes-
#43415	REDUCE cov: 1449 ft: 2809 corp: 263/9740Kb lim: 239306 exec/s: 1447 rss: 498Mb L: 1826/239306 MS: 1 EraseBytes-
#43428	REDUCE cov: 1449 ft: 2809 corp: 263/9738Kb lim: 239306 exec/s: 1447 rss: 498Mb L: 13691/239306 MS: 3 InsertByte-ChangeBinInt-EraseBytes-
#43508	REDUCE cov: 1449 ft: 2809 corp: 263/9738Kb lim: 239306 exec/s: 1450 rss: 498Mb L: 6862/239306 MS: 5 ChangeBinInt-ShuffleBytes-ChangeBinInt-ChangeBit-EraseBytes-
#43544	REDUCE cov: 1449 ft: 2809 corp: 263/9730Kb lim: 239306 exec/s: 1451 rss: 498Mb L: 27311/239306 MS: 1 CrossOver-
#43726	REDUCE cov: 1449 ft: 2809 corp: 263/9730Kb lim: 239306 exec/s: 1457 rss: 498Mb L: 269/239306 MS: 2 EraseBytes-PersAutoDict- DE: "\016\205J\207Z\3475\310"-
#43766	REDUCE cov: 1449 ft: 2809 corp: 263/9729Kb lim: 239306 exec/s: 1458 rss: 498Mb L: 1510/239306 MS: 5 CrossOver-ChangeByte-CMP-ChangeASCIIInt-EraseBytes- DE: "\377\377z\002\013\246\321\000"-
#43805	REDUCE cov: 1449 ft: 2809 corp: 263/9727Kb lim: 239306 exec/s: 1460 rss: 498Mb L: 2485/239306 MS: 4 ChangeByte-ChangeByte-CrossOver-EraseBytes-
#43811	REDUCE cov: 1449 ft: 2809 corp: 263/9727Kb lim: 239306 exec/s: 1460 rss: 498Mb L: 128/239306 MS: 1 EraseBytes-
#43827	REDUCE cov: 1449 ft: 2809 corp: 263/9727Kb lim: 239306 exec/s: 1413 rss: 498Mb L: 2633/239306 MS: 1 EraseBytes-
#43958	REDUCE cov: 1449 ft: 2809 corp: 263/9726Kb lim: 239306 exec/s: 1418 rss: 498Mb L: 629/239306 MS: 1 EraseBytes-
#44096	REDUCE cov: 1449 ft: 2809 corp: 263/9725Kb lim: 239306 exec/s: 1422 rss: 498Mb L: 5554/239306 MS: 3 ChangeASCIIInt-ChangeBinInt-EraseBytes-
#44128	REDUCE cov: 1449 ft: 2809 corp: 263/9725Kb lim: 239306 exec/s: 1423 rss: 498Mb L: 29/239306 MS: 2 InsertByte-EraseBytes-
#44144	REDUCE cov: 1449 ft: 2809 corp: 263/9723Kb lim: 239306 exec/s: 1424 rss: 498Mb L: 3376/239306 MS: 1 EraseBytes-
#44246	REDUCE cov: 1449 ft: 2809 corp: 263/9719Kb lim: 239306 exec/s: 1427 rss: 498Mb L: 15152/239306 MS: 2 ChangeASCIIInt-EraseBytes-
#44362	REDUCE cov: 1449 ft: 2809 corp: 263/9719Kb lim: 239306 exec/s: 1431 rss: 498Mb L: 803/239306 MS: 1 EraseBytes-
#44406	REDUCE cov: 1449 ft: 2809 corp: 263/9718Kb lim: 239306 exec/s: 1432 rss: 498Mb L: 2216/239306 MS: 4 InsertByte-InsertByte-ChangeBit-EraseBytes-
#44499	REDUCE cov: 1449 ft: 2809 corp: 263/9718Kb lim: 239306 exec/s: 1435 rss: 498Mb L: 120/239306 MS: 3 CMP-CopyPart-EraseBytes- DE: "\000\000\000\000"-
#44571	REDUCE cov: 1449 ft: 2809 corp: 263/9718Kb lim: 239306 exec/s: 1437 rss: 498Mb L: 1464/239306 MS: 2 ChangeASCIIInt-EraseBytes-
#44592	REDUCE cov: 1449 ft: 2809 corp: 263/9715Kb lim: 239306 exec/s: 1438 rss: 498Mb L: 12254/239306 MS: 1 EraseBytes-
#44689	REDUCE cov: 1449 ft: 2809 corp: 263/9715Kb lim: 239306 exec/s: 1441 rss: 498Mb L: 16280/239306 MS: 2 InsertByte-EraseBytes-
#44726	REDUCE cov: 1449 ft: 2809 corp: 263/9702Kb lim: 239306 exec/s: 1442 rss: 498Mb L: 14090/239306 MS: 2 ChangeASCIIInt-EraseBytes-
#44819	REDUCE cov: 1449 ft: 2809 corp: 263/9675Kb lim: 239306 exec/s: 1445 rss: 498Mb L: 53361/239306 MS: 3 ChangeBit-ChangeBinInt-EraseBytes-
#44947	REDUCE cov: 1449 ft: 2809 corp: 263/9674Kb lim: 239306 exec/s: 1449 rss: 498Mb L: 381/239306 MS: 3 PersAutoDict-ChangeASCIIInt-EraseBytes- DE: "\377\215\247\013\002{\000\000"-
#45009	REDUCE cov: 1449 ft: 2809 corp: 263/9673Kb lim: 239306 exec/s: 1451 rss: 498Mb L: 1187/239306 MS: 2 InsertByte-EraseBytes-
#45015	REDUCE cov: 1449 ft: 2809 corp: 263/9672Kb lim: 239306 exec/s: 1452 rss: 498Mb L: 9598/239306 MS: 1 EraseBytes-
#45016	REDUCE cov: 1449 ft: 2809 corp: 263/9671Kb lim: 239306 exec/s: 1452 rss: 498Mb L: 1387/239306 MS: 1 EraseBytes-
#45062	REDUCE cov: 1449 ft: 2809 corp: 263/9671Kb lim: 239306 exec/s: 1453 rss: 498Mb L: 2585/239306 MS: 1 EraseBytes-
#45137	REDUCE cov: 1449 ft: 2809 corp: 263/9670Kb lim: 239306 exec/s: 1456 rss: 498Mb L: 3970/239306 MS: 5 ChangeBinInt-ChangeBinInt-ChangeASCIIInt-InsertRepeatedBytes-EraseBytes-
#45155	REDUCE cov: 1449 ft: 2809 corp: 263/9670Kb lim: 239306 exec/s: 1456 rss: 498Mb L: 243/239306 MS: 3 ChangeBinInt-EraseBytes-ChangeByte-
#45158	REDUCE cov: 1449 ft: 2809 corp: 263/9667Kb lim: 239306 exec/s: 1456 rss: 498Mb L: 9516/239306 MS: 3 ChangeBinInt-ChangeBit-EraseBytes-
#45201	REDUCE cov: 1449 ft: 2809 corp: 263/9662Kb lim: 239306 exec/s: 1458 rss: 498Mb L: 8222/239306 MS: 3 ShuffleBytes-ChangeASCIIInt-EraseBytes-
#45218	REDUCE cov: 1449 ft: 2809 corp: 263/9647Kb lim: 239306 exec/s: 1458 rss: 498Mb L: 56297/239306 MS: 2 ChangeASCIIInt-EraseBytes-
#45426	REDUCE cov: 1449 ft: 2809 corp: 263/9646Kb lim: 239306 exec/s: 1465 rss: 498Mb L: 2014/239306 MS: 3 PersAutoDict-PersAutoDict-EraseBytes- DE: "\007\000\000\000\000\000\000\000"-"\020\000\000\000\000\000\000\000"-
#45464	REDUCE cov: 1449 ft: 2809 corp: 263/9646Kb lim: 239306 exec/s: 1466 rss: 498Mb L: 52900/239306 MS: 3 ChangeByte-ShuffleBytes-EraseBytes-
#45477	REDUCE cov: 1449 ft: 2809 corp: 263/9646Kb lim: 239306 exec/s: 1467 rss: 498Mb L: 158/239306 MS: 3 CMP-ChangeBit-EraseBytes- DE: "\001\000\000\000\377\377\377\377"-
#45492	REDUCE cov: 1449 ft: 2809 corp: 263/9644Kb lim: 239306 exec/s: 1467 rss: 498Mb L: 4759/239306 MS: 5 ChangeBinInt-ChangeByte-PersAutoDict-ChangeASCIIInt-EraseBytes- DE: "Z\261\270O\343\234r\247"-
#45568	REDUCE cov: 1449 ft: 2809 corp: 263/9639Kb lim: 239306 exec/s: 1469 rss: 498Mb L: 24366/239306 MS: 1 EraseBytes-
#45866	REDUCE cov: 1449 ft: 2809 corp: 263/9639Kb lim: 239306 exec/s: 1479 rss: 498Mb L: 629/239306 MS: 3 ShuffleBytes-ChangeASCIIInt-EraseBytes-
#45882	REDUCE cov: 1449 ft: 2809 corp: 263/9637Kb lim: 239306 exec/s: 1480 rss: 498Mb L: 24099/239306 MS: 1 EraseBytes-
#45898	REDUCE cov: 1449 ft: 2809 corp: 263/9636Kb lim: 239306 exec/s: 1480 rss: 498Mb L: 1253/239306 MS: 1 EraseBytes-
#45919	REDUCE cov: 1449 ft: 2809 corp: 263/9635Kb lim: 239306 exec/s: 1434 rss: 498Mb L: 7317/239306 MS: 1 EraseBytes-
#46092	REDUCE cov: 1449 ft: 2809 corp: 263/9634Kb lim: 239306 exec/s: 1440 rss: 498Mb L: 1393/239306 MS: 3 InsertRepeatedBytes-ChangeBit-EraseBytes-
#46153	REDUCE cov: 1449 ft: 2809 corp: 263/9633Kb lim: 239306 exec/s: 1442 rss: 498Mb L: 605/239306 MS: 1 EraseBytes-
#46163	REDUCE cov: 1449 ft: 2809 corp: 263/9633Kb lim: 239306 exec/s: 1442 rss: 498Mb L: 400/239306 MS: 5 ShuffleBytes-InsertRepeatedBytes-ChangeBit-CopyPart-EraseBytes-
#46190	REDUCE cov: 1449 ft: 2809 corp: 263/9633Kb lim: 239306 exec/s: 1443 rss: 498Mb L: 4391/239306 MS: 2 CrossOver-EraseBytes-
#46197	REDUCE cov: 1449 ft: 2809 corp: 263/9632Kb lim: 239306 exec/s: 1443 rss: 498Mb L: 2162/239306 MS: 2 ShuffleBytes-EraseBytes-
#46409	REDUCE cov: 1449 ft: 2809 corp: 263/9629Kb lim: 239306 exec/s: 1450 rss: 498Mb L: 83929/239306 MS: 2 ChangeBit-EraseBytes-
#46455	REDUCE cov: 1449 ft: 2809 corp: 263/9629Kb lim: 239306 exec/s: 1451 rss: 498Mb L: 70/239306 MS: 1 EraseBytes-
#46593	REDUCE cov: 1449 ft: 2809 corp: 263/9629Kb lim: 239306 exec/s: 1456 rss: 498Mb L: 144/239306 MS: 3 CrossOver-ChangeBinInt-EraseBytes-
#46609	REDUCE cov: 1449 ft: 2809 corp: 263/9629Kb lim: 239306 exec/s: 1456 rss: 498Mb L: 2825/239306 MS: 1 EraseBytes-
#46640	REDUCE cov: 1449 ft: 2809 corp: 263/9611Kb lim: 239306 exec/s: 1457 rss: 498Mb L: 123697/239306 MS: 1 EraseBytes-
#46747	REDUCE cov: 1449 ft: 2809 corp: 263/9607Kb lim: 239306 exec/s: 1460 rss: 498Mb L: 12813/239306 MS: 2 ChangeASCIIInt-EraseBytes-
#46803	NEW    cov: 1451 ft: 2811 corp: 264/9608Kb lim: 239306 exec/s: 1462 rss: 498Mb L: 173/239306 MS: 1 CrossOver-
#46856	REDUCE cov: 1451 ft: 2811 corp: 264/9608Kb lim: 239306 exec/s: 1464 rss: 498Mb L: 23/239306 MS: 3 ChangeByte-ChangeBinInt-EraseBytes-
#46867	REDUCE cov: 1451 ft: 2811 corp: 264/9600Kb lim: 239306 exec/s: 1464 rss: 498Mb L: 9561/239306 MS: 1 EraseBytes-
#46955	REDUCE cov: 1451 ft: 2811 corp: 264/9599Kb lim: 239306 exec/s: 1467 rss: 498Mb L: 2278/239306 MS: 3 ChangeByte-CopyPart-EraseBytes-
#47041	REDUCE cov: 1451 ft: 2811 corp: 264/9599Kb lim: 239306 exec/s: 1470 rss: 498Mb L: 113/239306 MS: 1 EraseBytes-
#47062	REDUCE cov: 1451 ft: 2811 corp: 264/9599Kb lim: 239306 exec/s: 1470 rss: 498Mb L: 1213/239306 MS: 1 EraseBytes-
#47235	REDUCE cov: 1451 ft: 2811 corp: 264/9599Kb lim: 239306 exec/s: 1476 rss: 498Mb L: 119/239306 MS: 3 ChangeByte-InsertByte-EraseBytes-
#47286	REDUCE cov: 1451 ft: 2811 corp: 264/9591Kb lim: 239306 exec/s: 1477 rss: 498Mb L: 68168/239306 MS: 1 EraseBytes-
#47302	REDUCE cov: 1451 ft: 2811 corp: 264/9591Kb lim: 239306 exec/s: 1478 rss: 498Mb L: 960/239306 MS: 1 EraseBytes-
#47336	REDUCE cov: 1451 ft: 2811 corp: 264/9584Kb lim: 239306 exec/s: 1479 rss: 498Mb L: 70794/239306 MS: 4 ChangeByte-ShuffleBytes-ShuffleBytes-EraseBytes-
#47357	REDUCE cov: 1451 ft: 2811 corp: 264/9573Kb lim: 239306 exec/s: 1479 rss: 498Mb L: 228220/239306 MS: 1 EraseBytes-
#47420	REDUCE cov: 1451 ft: 2811 corp: 264/9573Kb lim: 239306 exec/s: 1481 rss: 498Mb L: 3394/239306 MS: 3 InsertByte-InsertByte-EraseBytes-
#47528	REDUCE cov: 1451 ft: 2811 corp: 264/9573Kb lim: 239306 exec/s: 1485 rss: 498Mb L: 10/239306 MS: 3 ShuffleBytes-ChangeByte-EraseBytes-
#47550	REDUCE cov: 1451 ft: 2811 corp: 264/9572Kb lim: 239306 exec/s: 1485 rss: 498Mb L: 1938/239306 MS: 2 ShuffleBytes-EraseBytes-
#47574	REDUCE cov: 1451 ft: 2811 corp: 264/9572Kb lim: 239306 exec/s: 1486 rss: 498Mb L: 3657/239306 MS: 4 InsertByte-ChangeByte-ChangeByte-EraseBytes-
#47581	REDUCE cov: 1451 ft: 2811 corp: 264/9572Kb lim: 239306 exec/s: 1486 rss: 498Mb L: 486/239306 MS: 2 InsertByte-EraseBytes-
#47601	REDUCE cov: 1451 ft: 2811 corp: 264/9572Kb lim: 239306 exec/s: 1487 rss: 498Mb L: 516/239306 MS: 5 ChangeBit-CrossOver-ChangeBinInt-ChangeASCIIInt-EraseBytes-
#47618	REDUCE cov: 1451 ft: 2811 corp: 264/9571Kb lim: 239306 exec/s: 1488 rss: 498Mb L: 2672/239306 MS: 2 ShuffleBytes-EraseBytes-
#47633	REDUCE cov: 1451 ft: 2811 corp: 264/9568Kb lim: 239306 exec/s: 1488 rss: 498Mb L: 6929/239306 MS: 5 InsertRepeatedBytes-ChangeASCIIInt-InsertByte-PersAutoDict-EraseBytes- DE: "\002\000\000\000\377\377\377\377"-
#47649	REDUCE cov: 1451 ft: 2818 corp: 265/9569Kb lim: 239306 exec/s: 1489 rss: 498Mb L: 424/239306 MS: 1 PersAutoDict- DE: "\000\000\000\000\000\000\000\010"-
#47658	REDUCE cov: 1451 ft: 2818 corp: 265/9566Kb lim: 239306 exec/s: 1489 rss: 498Mb L: 4953/239306 MS: 4 CopyPart-ChangeASCIIInt-ChangeASCIIInt-EraseBytes-
#47700	REDUCE cov: 1451 ft: 2818 corp: 265/9566Kb lim: 239306 exec/s: 1490 rss: 498Mb L: 65/239306 MS: 2 InsertByte-EraseBytes-
#47706	REDUCE cov: 1451 ft: 2818 corp: 265/9566Kb lim: 239306 exec/s: 1490 rss: 498Mb L: 159/239306 MS: 1 EraseBytes-
#47713	REDUCE cov: 1451 ft: 2818 corp: 265/9563Kb lim: 239306 exec/s: 1491 rss: 498Mb L: 4783/239306 MS: 2 PersAutoDict-EraseBytes- DE: "\001\000\000\003"-
#47769	REDUCE cov: 1451 ft: 2818 corp: 265/9556Kb lim: 239306 exec/s: 1447 rss: 498Mb L: 85573/239306 MS: 1 EraseBytes-
#47841	REDUCE cov: 1451 ft: 2818 corp: 265/9556Kb lim: 239306 exec/s: 1449 rss: 498Mb L: 309/239306 MS: 2 InsertRepeatedBytes-EraseBytes-
#47910	REDUCE cov: 1451 ft: 2818 corp: 265/9556Kb lim: 239306 exec/s: 1451 rss: 498Mb L: 459/239306 MS: 4 ShuffleBytes-ShuffleBytes-InsertByte-EraseBytes-
#48169	REDUCE cov: 1451 ft: 2818 corp: 265/9556Kb lim: 239306 exec/s: 1459 rss: 498Mb L: 31/239306 MS: 4 CMP-ChangeBit-ChangeBit-EraseBytes- DE: "\000\000\000\000\000\000\000/"-
#48185	REDUCE cov: 1451 ft: 2818 corp: 265/9550Kb lim: 239306 exec/s: 1460 rss: 498Mb L: 30425/239306 MS: 1 EraseBytes-
#48248	REDUCE cov: 1451 ft: 2818 corp: 265/9550Kb lim: 239306 exec/s: 1462 rss: 498Mb L: 28/239306 MS: 3 ChangeByte-CrossOver-EraseBytes-
#48252	REDUCE cov: 1451 ft: 2819 corp: 266/9550Kb lim: 239306 exec/s: 1462 rss: 498Mb L: 51/239306 MS: 4 ChangeBinInt-InsertByte-PersAutoDict-InsertByte- DE: "\007\000\000\000\000\000\000\000"-
#48319	REDUCE cov: 1451 ft: 2819 corp: 266/9550Kb lim: 239306 exec/s: 1464 rss: 498Mb L: 825/239306 MS: 2 CopyPart-EraseBytes-
#48528	REDUCE cov: 1451 ft: 2819 corp: 266/9549Kb lim: 239306 exec/s: 1470 rss: 498Mb L: 4022/239306 MS: 4 ChangeASCIIInt-ShuffleBytes-ChangeBinInt-EraseBytes-
#48614	REDUCE cov: 1451 ft: 2819 corp: 266/9548Kb lim: 239306 exec/s: 1473 rss: 498Mb L: 8218/239306 MS: 1 EraseBytes-
#48754	REDUCE cov: 1451 ft: 2819 corp: 266/9529Kb lim: 239306 exec/s: 1477 rss: 498Mb L: 91442/239306 MS: 5 ChangeASCIIInt-ChangeByte-ChangeBinInt-ChangeASCIIInt-CrossOver-
#48759	REDUCE cov: 1451 ft: 2819 corp: 266/9528Kb lim: 239306 exec/s: 1477 rss: 498Mb L: 3793/239306 MS: 5 ChangeASCIIInt-InsertByte-CopyPart-CopyPart-EraseBytes-
#48778	NEW    cov: 1451 ft: 2820 corp: 267/9529Kb lim: 239306 exec/s: 1478 rss: 498Mb L: 628/239306 MS: 4 ChangeByte-CopyPart-CMP-CopyPart- DE: "\006\377\377\377\377\377\377\377"-
#48830	REDUCE cov: 1451 ft: 2820 corp: 267/9529Kb lim: 239306 exec/s: 1479 rss: 498Mb L: 107/239306 MS: 2 ShuffleBytes-EraseBytes-
#48860	NEW    cov: 1451 ft: 2821 corp: 268/9529Kb lim: 239306 exec/s: 1480 rss: 498Mb L: 63/239306 MS: 5 PersAutoDict-CrossOver-PersAutoDict-ChangeBit-ChangeBinInt- DE: "\002\000\000\000\377\377\377\377"-"\000\000\000\000"-
#48861	REDUCE cov: 1451 ft: 2821 corp: 268/9516Kb lim: 239306 exec/s: 1480 rss: 498Mb L: 40144/239306 MS: 1 EraseBytes-
#48971	REDUCE cov: 1451 ft: 2821 corp: 268/9505Kb lim: 239306 exec/s: 1483 rss: 498Mb L: 188231/239306 MS: 5 CrossOver-PersAutoDict-PersAutoDict-ChangeBinInt-EraseBytes- DE: "\377\377z\002\013\246\321\000"-"\016\205J\207Z\3475\310"-
#49037	REDUCE cov: 1451 ft: 2821 corp: 268/9505Kb lim: 239306 exec/s: 1485 rss: 498Mb L: 20/239306 MS: 1 EraseBytes-
#49068	NEW    cov: 1451 ft: 2824 corp: 269/9506Kb lim: 239306 exec/s: 1486 rss: 498Mb L: 424/239306 MS: 1 ChangeBinInt-
#49109	REDUCE cov: 1451 ft: 2824 corp: 269/9504Kb lim: 239306 exec/s: 1488 rss: 498Mb L: 26279/239306 MS: 1 EraseBytes-
#49159	REDUCE cov: 1451 ft: 2824 corp: 269/9504Kb lim: 239306 exec/s: 1489 rss: 498Mb L: 534/239306 MS: 5 InsertRepeatedBytes-ChangeBit-PersAutoDict-InsertByte-EraseBytes- DE: "\301\\\002\211\354-\012\221g\354\216e\241\215\353\276^U2\373\356\242\223\370\013\311B\356\220\206\301q"-
#49272	REDUCE cov: 1451 ft: 2824 corp: 269/9504Kb lim: 239306 exec/s: 1493 rss: 498Mb L: 4145/239306 MS: 3 PersAutoDict-ChangeBinInt-EraseBytes- DE: "\001\000\000\000\000\000\000\006"-
#49325	REDUCE cov: 1451 ft: 2824 corp: 269/9499Kb lim: 239306 exec/s: 1494 rss: 498Mb L: 48534/239306 MS: 3 PersAutoDict-ChangeBinInt-CrossOver- DE: "\002\377\377\377\377\377\377\377"-
#49418	REDUCE cov: 1451 ft: 2824 corp: 269/9487Kb lim: 239306 exec/s: 1497 rss: 498Mb L: 50311/239306 MS: 3 PersAutoDict-InsertByte-EraseBytes- DE: "\000\000\000\000\000\000\000/"-
#49515	REDUCE cov: 1451 ft: 2824 corp: 269/9487Kb lim: 239306 exec/s: 1500 rss: 498Mb L: 342/239306 MS: 2 ChangeASCIIInt-EraseBytes-
#49566	REDUCE cov: 1451 ft: 2824 corp: 269/9487Kb lim: 239306 exec/s: 1502 rss: 498Mb L: 49/239306 MS: 1 EraseBytes-
#49693	REDUCE cov: 1451 ft: 2824 corp: 269/9485Kb lim: 239306 exec/s: 1505 rss: 498Mb L: 2157/239306 MS: 2 InsertByte-EraseBytes-
#49792	REDUCE cov: 1451 ft: 2824 corp: 269/9481Kb lim: 239306 exec/s: 1508 rss: 498Mb L: 10380/239306 MS: 4 InsertByte-ChangeBinInt-ShuffleBytes-EraseBytes-
#49801	REDUCE cov: 1451 ft: 2824 corp: 269/9480Kb lim: 239306 exec/s: 1509 rss: 498Mb L: 3914/239306 MS: 4 InsertByte-InsertByte-InsertRepeatedBytes-EraseBytes-
#49832	REDUCE cov: 1451 ft: 2824 corp: 269/9479Kb lim: 239306 exec/s: 1510 rss: 498Mb L: 9079/239306 MS: 1 EraseBytes-
#49879	REDUCE cov: 1451 ft: 2824 corp: 269/9479Kb lim: 239306 exec/s: 1511 rss: 498Mb L: 27/239306 MS: 2 ChangeByte-EraseBytes-
#49978	REDUCE cov: 1451 ft: 2824 corp: 269/9478Kb lim: 239306 exec/s: 1469 rss: 498Mb L: 1093/239306 MS: 4 ChangeBinInt-ChangeBit-ChangeASCIIInt-EraseBytes-
#50049	REDUCE cov: 1451 ft: 2824 corp: 269/9478Kb lim: 239306 exec/s: 1472 rss: 498Mb L: 156/239306 MS: 1 EraseBytes-
#50092	REDUCE cov: 1451 ft: 2824 corp: 269/9470Kb lim: 239306 exec/s: 1473 rss: 498Mb L: 72133/239306 MS: 3 PersAutoDict-ShuffleBytes-EraseBytes- DE: "\376\377\377\377\377\377\377\001"-
#50186	REDUCE cov: 1451 ft: 2824 corp: 269/9469Kb lim: 239306 exec/s: 1476 rss: 498Mb L: 1622/239306 MS: 4 ChangeBinInt-ChangeASCIIInt-InsertByte-EraseBytes-
#50235	REDUCE cov: 1451 ft: 2824 corp: 269/9469Kb lim: 239306 exec/s: 1477 rss: 498Mb L: 4474/239306 MS: 4 ChangeBit-CopyPart-InsertByte-EraseBytes-
#50277	REDUCE cov: 1451 ft: 2824 corp: 269/9469Kb lim: 239306 exec/s: 1478 rss: 498Mb L: 109/239306 MS: 2 InsertByte-EraseBytes-
#50343	REDUCE cov: 1451 ft: 2824 corp: 269/9437Kb lim: 239306 exec/s: 1480 rss: 498Mb L: 35009/239306 MS: 1 EraseBytes-
#50476	NEW    cov: 1451 ft: 2831 corp: 270/9452Kb lim: 239306 exec/s: 1484 rss: 498Mb L: 14846/239306 MS: 3 PersAutoDict-CMP-ChangeByte- DE: "\021\000\000\000\000\000\000\000"-"\001\000\000\000"-
#50524	REDUCE cov: 1451 ft: 2831 corp: 270/9452Kb lim: 239306 exec/s: 1486 rss: 498Mb L: 263/239306 MS: 3 InsertByte-PersAutoDict-EraseBytes- DE: "\000\000\000\000\000\000\000d"-
#50721	REDUCE cov: 1451 ft: 2831 corp: 270/9451Kb lim: 239306 exec/s: 1491 rss: 498Mb L: 1997/239306 MS: 2 ChangeASCIIInt-EraseBytes-
#50792	REDUCE cov: 1451 ft: 2831 corp: 270/9451Kb lim: 239306 exec/s: 1493 rss: 498Mb L: 148/239306 MS: 1 EraseBytes-
#50797	REDUCE cov: 1451 ft: 2831 corp: 270/9451Kb lim: 239306 exec/s: 1494 rss: 498Mb L: 894/239306 MS: 5 PersAutoDict-ChangeASCIIInt-ChangeBit-InsertRepeatedBytes-EraseBytes- DE: "TUUUUUU\005"-
#50900	REDUCE cov: 1451 ft: 2835 corp: 271/9451Kb lim: 239306 exec/s: 1497 rss: 498Mb L: 64/239306 MS: 3 EraseBytes-ShuffleBytes-CopyPart-
#50931	REDUCE cov: 1451 ft: 2835 corp: 271/9439Kb lim: 239306 exec/s: 1497 rss: 498Mb L: 21614/239306 MS: 1 EraseBytes-
#51032	REDUCE cov: 1451 ft: 2835 corp: 271/9437Kb lim: 239306 exec/s: 1500 rss: 498Mb L: 5957/239306 MS: 1 EraseBytes-
#51149	REDUCE cov: 1451 ft: 2835 corp: 271/9437Kb lim: 239306 exec/s: 1504 rss: 498Mb L: 377/239306 MS: 2 ShuffleBytes-EraseBytes-
#51197	REDUCE cov: 1451 ft: 2835 corp: 271/9436Kb lim: 239306 exec/s: 1505 rss: 498Mb L: 1482/239306 MS: 3 InsertRepeatedBytes-InsertByte-EraseBytes-
#51246	REDUCE cov: 1451 ft: 2835 corp: 271/9436Kb lim: 239306 exec/s: 1507 rss: 498Mb L: 415/239306 MS: 4 CMP-InsertByte-CMP-EraseBytes- DE: "\001\000\000\000\000\000\000\255"-"\001\000\000\000"-
#51322	REDUCE cov: 1451 ft: 2835 corp: 271/9430Kb lim: 239306 exec/s: 1509 rss: 498Mb L: 8642/239306 MS: 1 EraseBytes-
#51448	REDUCE cov: 1451 ft: 2835 corp: 271/9430Kb lim: 239306 exec/s: 1513 rss: 498Mb L: 394/239306 MS: 1 EraseBytes-
#51452	REDUCE cov: 1451 ft: 2835 corp: 271/9430Kb lim: 239306 exec/s: 1513 rss: 498Mb L: 3705/239306 MS: 4 ChangeByte-InsertByte-InsertRepeatedBytes-EraseBytes-
#51493	REDUCE cov: 1451 ft: 2835 corp: 271/9430Kb lim: 239306 exec/s: 1514 rss: 498Mb L: 189/239306 MS: 1 EraseBytes-
#51496	REDUCE cov: 1451 ft: 2835 corp: 271/9423Kb lim: 239306 exec/s: 1514 rss: 498Mb L: 92120/239306 MS: 3 CrossOver-EraseBytes-CrossOver-
#51656	NEW    cov: 1451 ft: 2836 corp: 272/9423Kb lim: 239306 exec/s: 1519 rss: 498Mb L: 38/239306 MS: 5 ChangeBit-ChangeBit-ShuffleBytes-CMP-CopyPart- DE: "\377\377\377\377\377\377\377\377"-
#51753	REDUCE cov: 1451 ft: 2836 corp: 272/9418Kb lim: 239306 exec/s: 1522 rss: 498Mb L: 14376/239306 MS: 2 InsertRepeatedBytes-EraseBytes-
#51769	REDUCE cov: 1451 ft: 2836 corp: 272/9418Kb lim: 239306 exec/s: 1522 rss: 498Mb L: 50/239306 MS: 1 EraseBytes-
#51821	REDUCE cov: 1451 ft: 2836 corp: 272/9417Kb lim: 239306 exec/s: 1524 rss: 498Mb L: 6489/239306 MS: 2 ChangeBit-EraseBytes-
#51923	REDUCE cov: 1451 ft: 2836 corp: 272/9411Kb lim: 239306 exec/s: 1483 rss: 498Mb L: 33360/239306 MS: 2 ChangeBit-EraseBytes-
#51998	REDUCE cov: 1451 ft: 2836 corp: 272/9411Kb lim: 239306 exec/s: 1485 rss: 498Mb L: 1907/239306 MS: 5 ChangeBinInt-CopyPart-CMP-ChangeBit-EraseBytes- DE: "\000\000{\002\013\252y\200"-
#52024	REDUCE cov: 1451 ft: 2836 corp: 272/9410Kb lim: 239306 exec/s: 1486 rss: 498Mb L: 844/239306 MS: 1 EraseBytes-
#52081	REDUCE cov: 1451 ft: 2836 corp: 272/9410Kb lim: 239306 exec/s: 1488 rss: 498Mb L: 369/239306 MS: 2 ChangeBit-EraseBytes-
#52268	REDUCE cov: 1451 ft: 2836 corp: 272/9410Kb lim: 239306 exec/s: 1493 rss: 498Mb L: 274/239306 MS: 2 CopyPart-EraseBytes-
#52294	REDUCE cov: 1451 ft: 2836 corp: 272/9402Kb lim: 239306 exec/s: 1494 rss: 498Mb L: 168668/239306 MS: 1 EraseBytes-
#52327	REDUCE cov: 1451 ft: 2836 corp: 272/9402Kb lim: 239306 exec/s: 1495 rss: 498Mb L: 1643/239306 MS: 3 InsertRepeatedBytes-ChangeBinInt-EraseBytes-
#52538	REDUCE cov: 1451 ft: 2836 corp: 272/9396Kb lim: 239306 exec/s: 1501 rss: 498Mb L: 99182/239306 MS: 1 EraseBytes-
#52614	REDUCE cov: 1451 ft: 2836 corp: 272/9396Kb lim: 239306 exec/s: 1503 rss: 498Mb L: 271/239306 MS: 1 EraseBytes-
#52681	REDUCE cov: 1451 ft: 2836 corp: 272/9394Kb lim: 239306 exec/s: 1505 rss: 498Mb L: 38666/239306 MS: 2 ShuffleBytes-EraseBytes-
#52767	REDUCE cov: 1451 ft: 2836 corp: 272/9394Kb lim: 239306 exec/s: 1507 rss: 498Mb L: 79/239306 MS: 1 EraseBytes-
#52800	REDUCE cov: 1451 ft: 2836 corp: 272/9378Kb lim: 239306 exec/s: 1508 rss: 498Mb L: 23520/239306 MS: 3 ChangeBit-InsertByte-EraseBytes-
#53126	REDUCE cov: 1451 ft: 2836 corp: 272/9378Kb lim: 239306 exec/s: 1517 rss: 498Mb L: 569/239306 MS: 1 EraseBytes-
#53172	REDUCE cov: 1451 ft: 2836 corp: 272/9377Kb lim: 239306 exec/s: 1519 rss: 498Mb L: 13682/239306 MS: 1 EraseBytes-
#53178	REDUCE cov: 1451 ft: 2836 corp: 272/9377Kb lim: 239306 exec/s: 1519 rss: 498Mb L: 99/239306 MS: 1 EraseBytes-
#53189	REDUCE cov: 1451 ft: 2836 corp: 272/9351Kb lim: 239306 exec/s: 1519 rss: 498Mb L: 45077/239306 MS: 1 EraseBytes-
#53305	REDUCE cov: 1451 ft: 2836 corp: 272/9350Kb lim: 239306 exec/s: 1523 rss: 498Mb L: 7405/239306 MS: 1 EraseBytes-
#53405	REDUCE cov: 1451 ft: 2836 corp: 272/9327Kb lim: 239306 exec/s: 1525 rss: 498Mb L: 22711/239306 MS: 5 EraseBytes-ChangeBinInt-CopyPart-InsertRepeatedBytes-EraseBytes-
#53495	REDUCE cov: 1451 ft: 2836 corp: 272/9326Kb lim: 239306 exec/s: 1528 rss: 498Mb L: 4003/239306 MS: 5 ShuffleBytes-PersAutoDict-InsertByte-ShuffleBytes-EraseBytes- DE: "\000\000\000\000\000\000\000\000\000\000\000\000\000\000\000\000\000\000\000\000\000\000\000\000\000\000\000\000\000\000\000\000"-
#53592	REDUCE cov: 1451 ft: 2836 corp: 272/9326Kb lim: 239306 exec/s: 1531 rss: 498Mb L: 2375/239306 MS: 2 ChangeBit-EraseBytes-
#53649	REDUCE cov: 1451 ft: 2836 corp: 272/9321Kb lim: 239306 exec/s: 1532 rss: 498Mb L: 8562/239306 MS: 2 CopyPart-EraseBytes-
#53650	REDUCE cov: 1451 ft: 2836 corp: 272/9321Kb lim: 239306 exec/s: 1532 rss: 498Mb L: 25/239306 MS: 1 EraseBytes-
#53669	REDUCE cov: 1451 ft: 2836 corp: 272/9312Kb lim: 239306 exec/s: 1533 rss: 498Mb L: 14627/239306 MS: 4 InsertByte-ChangeBinInt-CrossOver-EraseBytes-
#53686	REDUCE cov: 1451 ft: 2836 corp: 272/9312Kb lim: 239306 exec/s: 1533 rss: 498Mb L: 19/239306 MS: 2 PersAutoDict-EraseBytes- DE: "\257\000\000\000\000\000\000\000"-
#53819	REDUCE cov: 1451 ft: 2836 corp: 272/9302Kb lim: 239306 exec/s: 1537 rss: 498Mb L: 29698/239306 MS: 3 ChangeBinInt-ChangeByte-EraseBytes-
#53874	REDUCE cov: 1451 ft: 2836 corp: 272/9296Kb lim: 239306 exec/s: 1539 rss: 498Mb L: 41881/239306 MS: 5 ChangeBinInt-PersAutoDict-InsertByte-PersAutoDict-EraseBytes- DE: "\000\003"-"\000\000\000\000\000\000\000\010"-
#53890	REDUCE cov: 1451 ft: 2836 corp: 272/9294Kb lim: 239306 exec/s: 1539 rss: 498Mb L: 11127/239306 MS: 1 EraseBytes-
#53896	REDUCE cov: 1451 ft: 2836 corp: 272/9290Kb lim: 239306 exec/s: 1539 rss: 498Mb L: 164649/239306 MS: 1 EraseBytes-
#54074	REDUCE cov: 1451 ft: 2836 corp: 272/9290Kb lim: 239306 exec/s: 1502 rss: 498Mb L: 1913/239306 MS: 3 ChangeBit-ChangeBinInt-EraseBytes-
#54158	REDUCE cov: 1451 ft: 2836 corp: 272/9290Kb lim: 239306 exec/s: 1504 rss: 498Mb L: 1126/239306 MS: 4 CMP-ChangeBit-InsertByte-EraseBytes- DE: "\001\000\000\000"-
#54292	REDUCE cov: 1451 ft: 2836 corp: 272/9288Kb lim: 239306 exec/s: 1508 rss: 498Mb L: 12854/239306 MS: 4 ChangeBinInt-ChangeASCIIInt-PersAutoDict-EraseBytes- DE: "\021\000\000\000\000\000\000\000"-
#54321	REDUCE cov: 1452 ft: 2837 corp: 273/9289Kb lim: 239306 exec/s: 1508 rss: 498Mb L: 992/239306 MS: 4 ChangeBinInt-CMP-EraseBytes-PersAutoDict- DE: "\000\000"-"\001\000\000\000\000\000\000\004"-
#54344	REDUCE cov: 1452 ft: 2837 corp: 273/9289Kb lim: 239306 exec/s: 1509 rss: 498Mb L: 1023/239306 MS: 3 ChangeBinInt-ChangeByte-EraseBytes-
#54345	REDUCE cov: 1452 ft: 2837 corp: 273/9289Kb lim: 239306 exec/s: 1509 rss: 498Mb L: 165/239306 MS: 1 EraseBytes-
#54346	REDUCE cov: 1452 ft: 2837 corp: 273/9289Kb lim: 239306 exec/s: 1509 rss: 498Mb L: 771/239306 MS: 1 EraseBytes-
#54423	REDUCE cov: 1452 ft: 2837 corp: 273/9289Kb lim: 239306 exec/s: 1511 rss: 498Mb L: 96/239306 MS: 2 ChangeASCIIInt-EraseBytes-
#54538	REDUCE cov: 1452 ft: 2837 corp: 273/9286Kb lim: 239306 exec/s: 1514 rss: 498Mb L: 3557/239306 MS: 5 ChangeByte-InsertRepeatedBytes-InsertByte-InsertByte-EraseBytes-
#54540	REDUCE cov: 1452 ft: 2837 corp: 273/9286Kb lim: 239306 exec/s: 1515 rss: 498Mb L: 21991/239306 MS: 2 ChangeBit-EraseBytes-
#54573	REDUCE cov: 1452 ft: 2837 corp: 273/9285Kb lim: 239306 exec/s: 1515 rss: 498Mb L: 3593/239306 MS: 3 ChangeBinInt-PersAutoDict-EraseBytes- DE: "\000\000\000\000"-
#54650	REDUCE cov: 1452 ft: 2837 corp: 273/9281Kb lim: 239306 exec/s: 1518 rss: 498Mb L: 65143/239306 MS: 2 ShuffleBytes-EraseBytes-
#54672	REDUCE cov: 1452 ft: 2837 corp: 273/9281Kb lim: 239306 exec/s: 1518 rss: 498Mb L: 213/239306 MS: 2 InsertRepeatedBytes-EraseBytes-
#54793	REDUCE cov: 1452 ft: 2837 corp: 273/9281Kb lim: 239306 exec/s: 1522 rss: 498Mb L: 185/239306 MS: 1 EraseBytes-
#54810	REDUCE cov: 1452 ft: 2837 corp: 273/9259Kb lim: 239306 exec/s: 1522 rss: 498Mb L: 33762/239306 MS: 2 ChangeBit-EraseBytes-
#54817	REDUCE cov: 1452 ft: 2837 corp: 273/9259Kb lim: 239306 exec/s: 1522 rss: 498Mb L: 3346/239306 MS: 2 InsertRepeatedBytes-EraseBytes-
#54829	REDUCE cov: 1452 ft: 2837 corp: 273/9258Kb lim: 239306 exec/s: 1523 rss: 498Mb L: 5902/239306 MS: 2 ChangeASCIIInt-EraseBytes-
#54841	REDUCE cov: 1452 ft: 2837 corp: 273/9253Kb lim: 239306 exec/s: 1523 rss: 498Mb L: 6103/239306 MS: 2 PersAutoDict-EraseBytes- DE: "\000\000\000\000\377\377\377\377"-
#54883	REDUCE cov: 1452 ft: 2837 corp: 273/9252Kb lim: 239306 exec/s: 1524 rss: 498Mb L: 2677/239306 MS: 2 PersAutoDict-EraseBytes- DE: "Z\261\270O\343\234r\247"-
#54906	REDUCE cov: 1454 ft: 2839 corp: 274/9252Kb lim: 239306 exec/s: 1525 rss: 498Mb L: 70/239306 MS: 3 PersAutoDict-ChangeBit-ChangeBinInt- DE: "\016\377\377\377\377\377\377\377"-
#54907	REDUCE cov: 1454 ft: 2839 corp: 274/9252Kb lim: 239306 exec/s: 1525 rss: 498Mb L: 30/239306 MS: 1 EraseBytes-
#54943	REDUCE cov: 1454 ft: 2843 corp: 275/9253Kb lim: 239306 exec/s: 1526 rss: 498Mb L: 469/239306 MS: 1 InsertRepeatedBytes-
#54950	REDUCE cov: 1454 ft: 2843 corp: 275/9253Kb lim: 239306 exec/s: 1526 rss: 498Mb L: 24/239306 MS: 2 PersAutoDict-EraseBytes- DE: "TUUUUUU\005"-
#55083	REDUCE cov: 1454 ft: 2843 corp: 275/9238Kb lim: 239306 exec/s: 1530 rss: 498Mb L: 19804/239306 MS: 3 CrossOver-ChangeASCIIInt-EraseBytes-
#55261	REDUCE cov: 1454 ft: 2843 corp: 275/9227Kb lim: 239306 exec/s: 1535 rss: 498Mb L: 80022/239306 MS: 3 CMP-CrossOver-EraseBytes- DE: "\377\377"-
#55279	REDUCE cov: 1454 ft: 2843 corp: 275/9226Kb lim: 239306 exec/s: 1535 rss: 498Mb L: 1852/239306 MS: 3 ChangeASCIIInt-ChangeBit-EraseBytes-
#55465	REDUCE cov: 1454 ft: 2843 corp: 275/9226Kb lim: 239306 exec/s: 1540 rss: 498Mb L: 20/239306 MS: 1 EraseBytes-
#55498	REDUCE cov: 1454 ft: 2843 corp: 275/9203Kb lim: 239306 exec/s: 1541 rss: 498Mb L: 99755/239306 MS: 3 CrossOver-InsertByte-EraseBytes-
#55514	REDUCE cov: 1454 ft: 2843 corp: 275/9203Kb lim: 239306 exec/s: 1542 rss: 498Mb L: 2549/239306 MS: 1 EraseBytes-
#55539	REDUCE cov: 1454 ft: 2843 corp: 275/9202Kb lim: 239306 exec/s: 1542 rss: 498Mb L: 3472/239306 MS: 5 PersAutoDict-ShuffleBytes-PersAutoDict-ShuffleBytes-EraseBytes- DE: "\000\000\000\000\000\000\000d"-"\016\205J\207Z\3475\310"-
#55713	REDUCE cov: 1454 ft: 2843 corp: 275/9202Kb lim: 239306 exec/s: 1505 rss: 498Mb L: 497/239306 MS: 4 ChangeASCIIInt-ShuffleBytes-ChangeByte-EraseBytes-
#55730	REDUCE cov: 1454 ft: 2843 corp: 275/9202Kb lim: 239306 exec/s: 1506 rss: 498Mb L: 143/239306 MS: 2 ChangeBit-EraseBytes-
#55731	REDUCE cov: 1454 ft: 2843 corp: 275/9202Kb lim: 239306 exec/s: 1506 rss: 498Mb L: 472/239306 MS: 1 EraseBytes-
#55740	REDUCE cov: 1454 ft: 2843 corp: 275/9202Kb lim: 239306 exec/s: 1506 rss: 498Mb L: 978/239306 MS: 4 ChangeByte-ChangeByte-ChangeByte-EraseBytes-
#55918	REDUCE cov: 1454 ft: 2843 corp: 275/9202Kb lim: 239306 exec/s: 1511 rss: 498Mb L: 788/239306 MS: 3 InsertRepeatedBytes-ShuffleBytes-EraseBytes-
#56130	REDUCE cov: 1454 ft: 2843 corp: 275/9202Kb lim: 239306 exec/s: 1517 rss: 498Mb L: 235/239306 MS: 2 ShuffleBytes-EraseBytes-
#56141	REDUCE cov: 1454 ft: 2843 corp: 275/9202Kb lim: 239306 exec/s: 1517 rss: 498Mb L: 36/239306 MS: 1 EraseBytes-
#56147	REDUCE cov: 1454 ft: 2844 corp: 276/9202Kb lim: 239306 exec/s: 1517 rss: 498Mb L: 271/239306 MS: 1 ChangeByte-
#56165	REDUCE cov: 1454 ft: 2844 corp: 276/9202Kb lim: 239306 exec/s: 1517 rss: 498Mb L: 649/239306 MS: 3 ChangeASCIIInt-InsertRepeatedBytes-EraseBytes-
#56166	REDUCE cov: 1454 ft: 2844 corp: 276/9202Kb lim: 239306 exec/s: 1518 rss: 498Mb L: 67/239306 MS: 1 EraseBytes-
#56342	REDUCE cov: 1454 ft: 2844 corp: 276/9201Kb lim: 239306 exec/s: 1522 rss: 498Mb L: 2731/239306 MS: 1 EraseBytes-
#56438	REDUCE cov: 1454 ft: 2844 corp: 276/9201Kb lim: 239306 exec/s: 1525 rss: 498Mb L: 2512/239306 MS: 1 EraseBytes-
#56499	REDUCE cov: 1454 ft: 2844 corp: 276/9197Kb lim: 239306 exec/s: 1527 rss: 498Mb L: 9341/239306 MS: 1 EraseBytes-
#56642	REDUCE cov: 1454 ft: 2844 corp: 276/9197Kb lim: 239306 exec/s: 1530 rss: 498Mb L: 131/239306 MS: 3 ShuffleBytes-ShuffleBytes-EraseBytes-
#56673	REDUCE cov: 1454 ft: 2844 corp: 276/9195Kb lim: 239306 exec/s: 1531 rss: 498Mb L: 11645/239306 MS: 1 EraseBytes-
#56685	REDUCE cov: 1454 ft: 2844 corp: 276/9195Kb lim: 239306 exec/s: 1532 rss: 498Mb L: 541/239306 MS: 2 ChangeByte-EraseBytes-
#56849	REDUCE cov: 1454 ft: 2844 corp: 276/9194Kb lim: 239306 exec/s: 1536 rss: 498Mb L: 1913/239306 MS: 4 ShuffleBytes-ShuffleBytes-ChangeASCIIInt-EraseBytes-
#56854	NEW    cov: 1454 ft: 2847 corp: 277/9194Kb lim: 239306 exec/s: 1536 rss: 498Mb L: 279/239306 MS: 5 ChangeBit-ChangeBinInt-ShuffleBytes-ChangeBinInt-PersAutoDict- DE: "\016\205J\207Z\3475\310"-
#56917	REDUCE cov: 1454 ft: 2847 corp: 277/9194Kb lim: 239306 exec/s: 1538 rss: 498Mb L: 75/239306 MS: 3 ChangeBinInt-CrossOver-EraseBytes-
#56931	REDUCE cov: 1454 ft: 2847 corp: 277/9193Kb lim: 239306 exec/s: 1538 rss: 498Mb L: 1748/239306 MS: 4 ChangeASCIIInt-ChangeASCIIInt-InsertByte-EraseBytes-
#56986	REDUCE cov: 1454 ft: 2847 corp: 277/9193Kb lim: 239306 exec/s: 1540 rss: 498Mb L: 41523/239306 MS: 5 CopyPart-ChangeBinInt-CMP-EraseBytes-PersAutoDict- DE: "\003\000\000\000\000\000\000\000"-"\000\000\000\000\000\000\000\264"-
#57013	REDUCE cov: 1454 ft: 2847 corp: 277/9191Kb lim: 239306 exec/s: 1540 rss: 498Mb L: 17777/239306 MS: 2 CrossOver-EraseBytes-
#57030	REDUCE cov: 1454 ft: 2847 corp: 277/9191Kb lim: 239306 exec/s: 1541 rss: 498Mb L: 112/239306 MS: 2 InsertRepeatedBytes-EraseBytes-
#57111	REDUCE cov: 1454 ft: 2847 corp: 277/9183Kb lim: 239306 exec/s: 1543 rss: 498Mb L: 15784/239306 MS: 1 EraseBytes-
#57127	REDUCE cov: 1454 ft: 2847 corp: 277/9183Kb lim: 239306 exec/s: 1543 rss: 498Mb L: 75/239306 MS: 1 EraseBytes-
#57153	REDUCE cov: 1454 ft: 2847 corp: 277/9180Kb lim: 239306 exec/s: 1544 rss: 498Mb L: 3973/239306 MS: 1 EraseBytes-
#57197	REDUCE cov: 1454 ft: 2847 corp: 277/9167Kb lim: 239306 exec/s: 1545 rss: 498Mb L: 2573/239306 MS: 4 ChangeBinInt-InsertRepeatedBytes-ChangeASCIIInt-CrossOver-
#57208	REDUCE cov: 1454 ft: 2847 corp: 277/9167Kb lim: 239306 exec/s: 1546 rss: 498Mb L: 977/239306 MS: 1 EraseBytes-
#57249	REDUCE cov: 1454 ft: 2847 corp: 277/9159Kb lim: 239306 exec/s: 1547 rss: 498Mb L: 93125/239306 MS: 1 EraseBytes-
#57250	REDUCE cov: 1454 ft: 2847 corp: 277/9158Kb lim: 239306 exec/s: 1547 rss: 498Mb L: 1035/239306 MS: 1 EraseBytes-
#57358	REDUCE cov: 1454 ft: 2847 corp: 277/9158Kb lim: 239306 exec/s: 1550 rss: 498Mb L: 69/239306 MS: 3 ChangeBit-ChangeByte-EraseBytes-
#57597	REDUCE cov: 1454 ft: 2847 corp: 277/9157Kb lim: 239306 exec/s: 1556 rss: 498Mb L: 2621/239306 MS: 4 ChangeBit-ShuffleBytes-ChangeASCIIInt-EraseBytes-
#57762	REDUCE cov: 1454 ft: 2847 corp: 277/9156Kb lim: 239306 exec/s: 1520 rss: 498Mb L: 1855/239306 MS: 5 ChangeByte-ChangeByte-PersAutoDict-ChangeBit-EraseBytes- DE: "\001\000\000\000\000\000\000\006"-
#57764	REDUCE cov: 1454 ft: 2847 corp: 277/9156Kb lim: 239306 exec/s: 1520 rss: 498Mb L: 3041/239306 MS: 2 ChangeByte-EraseBytes-
#57790	REDUCE cov: 1454 ft: 2847 corp: 277/9153Kb lim: 239306 exec/s: 1520 rss: 498Mb L: 10991/239306 MS: 1 EraseBytes-
#58011	REDUCE cov: 1454 ft: 2847 corp: 277/9153Kb lim: 239306 exec/s: 1526 rss: 498Mb L: 169/239306 MS: 1 EraseBytes-
#58073	REDUCE cov: 1454 ft: 2847 corp: 277/9152Kb lim: 239306 exec/s: 1528 rss: 498Mb L: 690/239306 MS: 2 CopyPart-EraseBytes-
#58169	REDUCE cov: 1454 ft: 2847 corp: 277/9135Kb lim: 239306 exec/s: 1530 rss: 498Mb L: 44043/239306 MS: 1 EraseBytes-
#58202	REDUCE cov: 1454 ft: 2847 corp: 277/9135Kb lim: 239306 exec/s: 1531 rss: 498Mb L: 870/239306 MS: 3 CopyPart-InsertByte-EraseBytes-
#58273	REDUCE cov: 1454 ft: 2847 corp: 277/9135Kb lim: 239306 exec/s: 1533 rss: 498Mb L: 21/239306 MS: 1 EraseBytes-
#58335	REDUCE cov: 1454 ft: 2847 corp: 277/9135Kb lim: 239306 exec/s: 1535 rss: 498Mb L: 8909/239306 MS: 2 InsertByte-EraseBytes-
#58373	REDUCE cov: 1454 ft: 2847 corp: 277/9135Kb lim: 239306 exec/s: 1536 rss: 498Mb L: 44/239306 MS: 3 ChangeByte-ChangeBinInt-EraseBytes-
#58431	REDUCE cov: 1454 ft: 2847 corp: 277/9134Kb lim: 239306 exec/s: 1537 rss: 498Mb L: 2201/239306 MS: 3 ShuffleBytes-ChangeASCIIInt-EraseBytes-
#58437	REDUCE cov: 1454 ft: 2847 corp: 277/9133Kb lim: 239306 exec/s: 1537 rss: 498Mb L: 16764/239306 MS: 1 EraseBytes-
#58457	NEW    cov: 1454 ft: 2851 corp: 278/9133Kb lim: 239306 exec/s: 1538 rss: 498Mb L: 564/239306 MS: 5 ChangeASCIIInt-ChangeBit-ShuffleBytes-InsertByte-InsertRepeatedBytes-
#58511	REDUCE cov: 1454 ft: 2851 corp: 278/9132Kb lim: 239306 exec/s: 1539 rss: 498Mb L: 5974/239306 MS: 4 InsertRepeatedBytes-ChangeASCIIInt-PersAutoDict-EraseBytes- DE: "\000\000\000\000\000\000\000\010"-
#58653	REDUCE cov: 1454 ft: 2851 corp: 278/9131Kb lim: 239306 exec/s: 1543 rss: 498Mb L: 7674/239306 MS: 2 ChangeBinInt-EraseBytes-
#58704	REDUCE cov: 1454 ft: 2851 corp: 278/9129Kb lim: 239306 exec/s: 1544 rss: 498Mb L: 9295/239306 MS: 1 EraseBytes-
#58776	REDUCE cov: 1454 ft: 2851 corp: 278/9128Kb lim: 239306 exec/s: 1546 rss: 498Mb L: 15393/239306 MS: 2 InsertRepeatedBytes-EraseBytes-
#58782	REDUCE cov: 1454 ft: 2851 corp: 278/9128Kb lim: 239306 exec/s: 1546 rss: 498Mb L: 10285/239306 MS: 1 EraseBytes-
#58814	REDUCE cov: 1454 ft: 2851 corp: 278/9127Kb lim: 239306 exec/s: 1547 rss: 498Mb L: 177/239306 MS: 2 ChangeBit-EraseBytes-
#58897	REDUCE cov: 1454 ft: 2851 corp: 278/9127Kb lim: 239306 exec/s: 1549 rss: 498Mb L: 2103/239306 MS: 3 CrossOver-ChangeASCIIInt-EraseBytes-
#58909	REDUCE cov: 1454 ft: 2851 corp: 278/9126Kb lim: 239306 exec/s: 1550 rss: 498Mb L: 3357/239306 MS: 2 InsertRepeatedBytes-EraseBytes-
#58910	REDUCE cov: 1454 ft: 2851 corp: 278/9126Kb lim: 239306 exec/s: 1550 rss: 498Mb L: 19/239306 MS: 1 EraseBytes-
#59019	REDUCE cov: 1454 ft: 2851 corp: 278/9099Kb lim: 239306 exec/s: 1553 rss: 499Mb L: 61656/239306 MS: 4 PersAutoDict-ChangeByte-ShuffleBytes-EraseBytes- DE: "\001\000\000\000\000\000\000\255"-
#59067	REDUCE cov: 1454 ft: 2851 corp: 278/9098Kb lim: 239306 exec/s: 1554 rss: 499Mb L: 2138/239306 MS: 3 InsertRepeatedBytes-ChangeASCIIInt-EraseBytes-
#59073	NEW    cov: 1454 ft: 2852 corp: 279/9099Kb lim: 239306 exec/s: 1554 rss: 499Mb L: 279/239306 MS: 1 CrossOver-
#59095	REDUCE cov: 1454 ft: 2852 corp: 279/9099Kb lim: 239306 exec/s: 1555 rss: 499Mb L: 544/239306 MS: 2 PersAutoDict-EraseBytes- DE: "\016\205J\207Z\3475\310"-
#59171	REDUCE cov: 1454 ft: 2852 corp: 279/9099Kb lim: 239306 exec/s: 1557 rss: 499Mb L: 67/239306 MS: 1 EraseBytes-
#59207	REDUCE cov: 1454 ft: 2852 corp: 279/9097Kb lim: 239306 exec/s: 1558 rss: 499Mb L: 3703/239306 MS: 1 EraseBytes-
#59261	NEW    cov: 1459 ft: 2882 corp: 280/9098Kb lim: 239306 exec/s: 1559 rss: 499Mb L: 363/239306 MS: 4 InsertRepeatedBytes-InsertRepeatedBytes-ChangeBit-ShuffleBytes-
#59390	REDUCE cov: 1459 ft: 2882 corp: 280/9097Kb lim: 239306 exec/s: 1562 rss: 499Mb L: 1030/239306 MS: 4 ShuffleBytes-ShuffleBytes-InsertRepeatedBytes-EraseBytes-
#59461	REDUCE cov: 1459 ft: 2882 corp: 280/9097Kb lim: 239306 exec/s: 1564 rss: 499Mb L: 438/239306 MS: 1 EraseBytes-
#59522	REDUCE cov: 1459 ft: 2882 corp: 280/9090Kb lim: 239306 exec/s: 1566 rss: 499Mb L: 41290/239306 MS: 1 EraseBytes-
#59729	REDUCE cov: 1459 ft: 2882 corp: 280/9070Kb lim: 239306 exec/s: 1571 rss: 499Mb L: 98899/239306 MS: 2 CMP-EraseBytes- DE: "\001\000"-
#59761	REDUCE cov: 1459 ft: 2882 corp: 280/9069Kb lim: 239306 exec/s: 1572 rss: 499Mb L: 7582/239306 MS: 2 ChangeBit-EraseBytes-
#59915	REDUCE cov: 1459 ft: 2882 corp: 280/9067Kb lim: 239306 exec/s: 1536 rss: 499Mb L: 8349/239306 MS: 4 InsertByte-ShuffleBytes-ChangeByte-EraseBytes-
#59917	REDUCE cov: 1459 ft: 2882 corp: 280/9064Kb lim: 239306 exec/s: 1536 rss: 499Mb L: 97509/239306 MS: 2 InsertRepeatedBytes-EraseBytes-
#59955	REDUCE cov: 1459 ft: 2882 corp: 280/9058Kb lim: 239306 exec/s: 1537 rss: 499Mb L: 2467/239306 MS: 3 ShuffleBytes-CMP-CrossOver- DE: "\002\000\000\000\000\000\000\000"-
#59961	REDUCE cov: 1459 ft: 2882 corp: 280/9058Kb lim: 239306 exec/s: 1537 rss: 499Mb L: 957/239306 MS: 1 EraseBytes-
#60057	REDUCE cov: 1459 ft: 2882 corp: 280/9058Kb lim: 239306 exec/s: 1539 rss: 499Mb L: 71/239306 MS: 1 EraseBytes-
#60104	REDUCE cov: 1459 ft: 2882 corp: 280/9058Kb lim: 239306 exec/s: 1541 rss: 499Mb L: 90/239306 MS: 2 CopyPart-EraseBytes-
#60126	REDUCE cov: 1459 ft: 2882 corp: 280/9058Kb lim: 239306 exec/s: 1541 rss: 499Mb L: 865/239306 MS: 2 ChangeBinInt-EraseBytes-
#60273	REDUCE cov: 1459 ft: 2882 corp: 280/9057Kb lim: 239306 exec/s: 1545 rss: 499Mb L: 1319/239306 MS: 2 InsertByte-EraseBytes-
#60314	REDUCE cov: 1459 ft: 2882 corp: 280/9056Kb lim: 239306 exec/s: 1546 rss: 499Mb L: 13624/239306 MS: 1 EraseBytes-
#60396	REDUCE cov: 1459 ft: 2882 corp: 280/9056Kb lim: 239306 exec/s: 1548 rss: 499Mb L: 414/239306 MS: 2 ShuffleBytes-EraseBytes-
#60527	REDUCE cov: 1459 ft: 2882 corp: 280/9055Kb lim: 239306 exec/s: 1551 rss: 499Mb L: 387/239306 MS: 1 EraseBytes-
#60538	REDUCE cov: 1459 ft: 2882 corp: 280/9055Kb lim: 239306 exec/s: 1552 rss: 499Mb L: 374/239306 MS: 1 EraseBytes-
#60556	REDUCE cov: 1459 ft: 2882 corp: 280/9055Kb lim: 239306 exec/s: 1552 rss: 499Mb L: 515/239306 MS: 3 InsertRepeatedBytes-ChangeBit-EraseBytes-
#60779	REDUCE cov: 1459 ft: 2882 corp: 280/9053Kb lim: 239306 exec/s: 1558 rss: 499Mb L: 3796/239306 MS: 3 ChangeByte-CrossOver-EraseBytes-
#60785	REDUCE cov: 1459 ft: 2882 corp: 280/9053Kb lim: 239306 exec/s: 1558 rss: 499Mb L: 8/239306 MS: 1 EraseBytes-
#60806	REDUCE cov: 1459 ft: 2882 corp: 280/9052Kb lim: 239306 exec/s: 1559 rss: 499Mb L: 2057/239306 MS: 1 EraseBytes-
#60859	REDUCE cov: 1459 ft: 2882 corp: 280/9033Kb lim: 239306 exec/s: 1560 rss: 499Mb L: 74160/239306 MS: 3 ChangeBinInt-ChangeBinInt-EraseBytes-
#60924	REDUCE cov: 1459 ft: 2882 corp: 280/9033Kb lim: 239306 exec/s: 1562 rss: 499Mb L: 1169/239306 MS: 5 ChangeByte-ShuffleBytes-InsertByte-ChangeASCIIInt-EraseBytes-
#60925	REDUCE cov: 1459 ft: 2882 corp: 280/9028Kb lim: 239306 exec/s: 1562 rss: 499Mb L: 14668/239306 MS: 1 EraseBytes-
#61031	REDUCE cov: 1459 ft: 2882 corp: 280/9027Kb lim: 239306 exec/s: 1564 rss: 499Mb L: 79038/239306 MS: 1 EraseBytes-
#61118	REDUCE cov: 1459 ft: 2882 corp: 280/9026Kb lim: 239306 exec/s: 1567 rss: 499Mb L: 1523/239306 MS: 2 InsertRepeatedBytes-EraseBytes-
#61153	REDUCE cov: 1459 ft: 2882 corp: 280/9008Kb lim: 239306 exec/s: 1568 rss: 499Mb L: 104135/239306 MS: 5 ChangeByte-InsertByte-CrossOver-ShuffleBytes-EraseBytes-
#61314	REDUCE cov: 1459 ft: 2882 corp: 280/9008Kb lim: 239306 exec/s: 1572 rss: 499Mb L: 350/239306 MS: 1 EraseBytes-
#61380	REDUCE cov: 1459 ft: 2882 corp: 280/9008Kb lim: 239306 exec/s: 1573 rss: 499Mb L: 1941/239306 MS: 1 EraseBytes-
#61476	REDUCE cov: 1459 ft: 2882 corp: 280/9007Kb lim: 239306 exec/s: 1576 rss: 499Mb L: 1033/239306 MS: 1 EraseBytes-
#61484	REDUCE cov: 1459 ft: 2882 corp: 280/9007Kb lim: 239306 exec/s: 1576 rss: 499Mb L: 1381/239306 MS: 3 CopyPart-ChangeASCIIInt-EraseBytes-
#61491	REDUCE cov: 1459 ft: 2882 corp: 280/8995Kb lim: 239306 exec/s: 1576 rss: 499Mb L: 29023/239306 MS: 2 ChangeBinInt-EraseBytes-
#61590	REDUCE cov: 1459 ft: 2882 corp: 280/8995Kb lim: 239306 exec/s: 1579 rss: 499Mb L: 1186/239306 MS: 4 ChangeBit-ChangeASCIIInt-ChangeBinInt-EraseBytes-
#61642	REDUCE cov: 1459 ft: 2882 corp: 280/8995Kb lim: 239306 exec/s: 1580 rss: 499Mb L: 194/239306 MS: 2 ChangeBinInt-EraseBytes-
#61792	REDUCE cov: 1459 ft: 2882 corp: 280/8979Kb lim: 239306 exec/s: 1584 rss: 499Mb L: 110473/239306 MS: 5 ChangeBinInt-PersAutoDict-CopyPart-InsertRepeatedBytes-EraseBytes- DE: "\001\000\000\000\000\000\000\255"-
#61795	REDUCE cov: 1459 ft: 2882 corp: 280/8974Kb lim: 239306 exec/s: 1584 rss: 499Mb L: 12017/239306 MS: 3 ChangeByte-InsertByte-EraseBytes-
#61868	REDUCE cov: 1460 ft: 2883 corp: 281/8975Kb lim: 239306 exec/s: 1586 rss: 499Mb L: 769/239306 MS: 3 ShuffleBytes-ChangeByte-InsertRepeatedBytes-
#62001	REDUCE cov: 1460 ft: 2883 corp: 281/8973Kb lim: 239306 exec/s: 1589 rss: 499Mb L: 1789/239306 MS: 3 InsertByte-ChangeByte-EraseBytes-
#62032	REDUCE cov: 1460 ft: 2883 corp: 281/8973Kb lim: 239306 exec/s: 1590 rss: 499Mb L: 271/239306 MS: 1 EraseBytes-
#62039	REDUCE cov: 1460 ft: 2883 corp: 281/8966Kb lim: 239306 exec/s: 1590 rss: 499Mb L: 91029/239306 MS: 2 CopyPart-EraseBytes-
#62055	REDUCE cov: 1460 ft: 2883 corp: 281/8964Kb lim: 239306 exec/s: 1591 rss: 499Mb L: 5651/239306 MS: 1 EraseBytes-
#62078	REDUCE cov: 1460 ft: 2883 corp: 281/8964Kb lim: 239306 exec/s: 1591 rss: 499Mb L: 180/239306 MS: 3 ChangeBinInt-ChangeBit-EraseBytes-
#62132	REDUCE cov: 1460 ft: 2883 corp: 281/8959Kb lim: 239306 exec/s: 1593 rss: 499Mb L: 194756/239306 MS: 4 InsertByte-ChangeBit-ShuffleBytes-EraseBytes-
#62321	REDUCE cov: 1460 ft: 2883 corp: 281/8959Kb lim: 239306 exec/s: 1558 rss: 499Mb L: 2679/239306 MS: 4 InsertByte-ShuffleBytes-ChangeBit-EraseBytes-
#62328	REDUCE cov: 1460 ft: 2883 corp: 281/8958Kb lim: 239306 exec/s: 1558 rss: 499Mb L: 1837/239306 MS: 2 InsertByte-EraseBytes-
#62355	REDUCE cov: 1460 ft: 2883 corp: 281/8958Kb lim: 239306 exec/s: 1558 rss: 499Mb L: 1156/239306 MS: 2 ChangeBit-EraseBytes-
#62414	REDUCE cov: 1460 ft: 2883 corp: 281/8958Kb lim: 239306 exec/s: 1560 rss: 499Mb L: 4433/239306 MS: 4 InsertRepeatedBytes-ShuffleBytes-ChangeASCIIInt-EraseBytes-
#62415	REDUCE cov: 1460 ft: 2883 corp: 281/8958Kb lim: 239306 exec/s: 1560 rss: 499Mb L: 143/239306 MS: 1 EraseBytes-
#62607	REDUCE cov: 1460 ft: 2883 corp: 281/8958Kb lim: 239306 exec/s: 1565 rss: 499Mb L: 317/239306 MS: 2 ChangeBit-EraseBytes-
#62739	REDUCE cov: 1460 ft: 2883 corp: 281/8958Kb lim: 239306 exec/s: 1568 rss: 499Mb L: 2185/239306 MS: 2 ShuffleBytes-EraseBytes-
#62861	REDUCE cov: 1460 ft: 2883 corp: 281/8958Kb lim: 239306 exec/s: 1571 rss: 499Mb L: 3310/239306 MS: 2 ChangeBit-EraseBytes-
#62898	REDUCE cov: 1460 ft: 2883 corp: 281/8958Kb lim: 239306 exec/s: 1572 rss: 499Mb L: 12/239306 MS: 2 CrossOver-EraseBytes-
#62909	REDUCE cov: 1460 ft: 2883 corp: 281/8958Kb lim: 239306 exec/s: 1572 rss: 499Mb L: 45/239306 MS: 1 EraseBytes-
#63151	REDUCE cov: 1460 ft: 2883 corp: 281/8958Kb lim: 239306 exec/s: 1578 rss: 499Mb L: 63/239306 MS: 2 ChangeBit-EraseBytes-
#63173	REDUCE cov: 1460 ft: 2883 corp: 281/8951Kb lim: 239306 exec/s: 1579 rss: 499Mb L: 35135/239306 MS: 2 ChangeASCIIInt-EraseBytes-
#63179	REDUCE cov: 1461 ft: 2884 corp: 282/8952Kb lim: 239306 exec/s: 1579 rss: 499Mb L: 760/239306 MS: 1 EraseBytes-
#63200	REDUCE cov: 1461 ft: 2884 corp: 282/8935Kb lim: 239306 exec/s: 1580 rss: 499Mb L: 75612/239306 MS: 1 EraseBytes-
#63337	REDUCE cov: 1461 ft: 2884 corp: 282/8934Kb lim: 239306 exec/s: 1583 rss: 499Mb L: 28008/239306 MS: 2 ChangeASCIIInt-EraseBytes-
#63388	REDUCE cov: 1461 ft: 2884 corp: 282/8934Kb lim: 239306 exec/s: 1584 rss: 499Mb L: 1588/239306 MS: 1 EraseBytes-
#63458	REDUCE cov: 1461 ft: 2884 corp: 282/8933Kb lim: 239306 exec/s: 1586 rss: 499Mb L: 2930/239306 MS: 5 InsertRepeatedBytes-CopyPart-ChangeBinInt-ShuffleBytes-EraseBytes-
#63529	REDUCE cov: 1461 ft: 2884 corp: 282/8933Kb lim: 239306 exec/s: 1588 rss: 499Mb L: 18/239306 MS: 1 EraseBytes-
#63596	REDUCE cov: 1461 ft: 2884 corp: 282/8933Kb lim: 239306 exec/s: 1589 rss: 499Mb L: 263/239306 MS: 2 CopyPart-EraseBytes-
#63729	REDUCE cov: 1461 ft: 2884 corp: 282/8930Kb lim: 239306 exec/s: 1593 rss: 499Mb L: 5299/239306 MS: 3 ChangeBinInt-InsertByte-EraseBytes-
#63796	REDUCE cov: 1461 ft: 2884 corp: 282/8928Kb lim: 239306 exec/s: 1594 rss: 499Mb L: 5517/239306 MS: 2 ShuffleBytes-EraseBytes-
#63808	REDUCE cov: 1461 ft: 2884 corp: 282/8928Kb lim: 239306 exec/s: 1595 rss: 499Mb L: 1456/239306 MS: 2 ChangeByte-EraseBytes-
#63884	REDUCE cov: 1461 ft: 2884 corp: 282/8927Kb lim: 239306 exec/s: 1597 rss: 499Mb L: 270/239306 MS: 1 EraseBytes-
#63893	REDUCE cov: 1461 ft: 2884 corp: 282/8927Kb lim: 239306 exec/s: 1597 rss: 499Mb L: 957/239306 MS: 4 InsertByte-InsertByte-ShuffleBytes-EraseBytes-
#64113	REDUCE cov: 1461 ft: 2884 corp: 282/8900Kb lim: 239306 exec/s: 1602 rss: 499Mb L: 69739/239306 MS: 5 InsertByte-ShuffleBytes-InsertRepeatedBytes-CopyPart-CrossOver-
#64144	NEW    cov: 1461 ft: 2886 corp: 283/8901Kb lim: 239306 exec/s: 1603 rss: 499Mb L: 588/239306 MS: 1 InsertRepeatedBytes-
#64221	REDUCE cov: 1461 ft: 2886 corp: 283/8901Kb lim: 239306 exec/s: 1566 rss: 499Mb L: 1933/239306 MS: 2 PersAutoDict-EraseBytes- DE: "\002\377\377\377\377\377\377\377"-
#64237	REDUCE cov: 1461 ft: 2886 corp: 283/8900Kb lim: 239306 exec/s: 1566 rss: 499Mb L: 1537/239306 MS: 1 EraseBytes-
#64258	REDUCE cov: 1461 ft: 2886 corp: 283/8900Kb lim: 239306 exec/s: 1567 rss: 499Mb L: 3086/239306 MS: 1 EraseBytes-
#64324	REDUCE cov: 1461 ft: 2886 corp: 283/8900Kb lim: 239306 exec/s: 1568 rss: 499Mb L: 1409/239306 MS: 1 EraseBytes-
#64350	NEW    cov: 1461 ft: 2887 corp: 284/8900Kb lim: 239306 exec/s: 1569 rss: 499Mb L: 279/239306 MS: 1 CopyPart-
#64374	REDUCE cov: 1461 ft: 2887 corp: 284/8899Kb lim: 239306 exec/s: 1570 rss: 499Mb L: 707/239306 MS: 4 ChangeASCIIInt-ChangeByte-ChangeByte-EraseBytes-
#64400	REDUCE cov: 1461 ft: 2887 corp: 284/8899Kb lim: 239306 exec/s: 1570 rss: 499Mb L: 435/239306 MS: 1 EraseBytes-
#64456	REDUCE cov: 1461 ft: 2887 corp: 284/8899Kb lim: 239306 exec/s: 1572 rss: 499Mb L: 825/239306 MS: 1 EraseBytes-
#64522	REDUCE cov: 1461 ft: 2887 corp: 284/8899Kb lim: 239306 exec/s: 1573 rss: 499Mb L: 223/239306 MS: 1 EraseBytes-
#64601	NEW    cov: 1462 ft: 2888 corp: 285/8899Kb lim: 239306 exec/s: 1575 rss: 499Mb L: 65/239306 MS: 4 ChangeBit-CMP-InsertByte-EraseBytes- DE: "\000\000\000\000\000\000\000F"-
#64614	REDUCE cov: 1462 ft: 2888 corp: 285/8895Kb lim: 239306 exec/s: 1575 rss: 499Mb L: 7356/239306 MS: 3 ChangeByte-ChangeASCIIInt-EraseBytes-
#64640	REDUCE cov: 1462 ft: 2888 corp: 285/8895Kb lim: 239306 exec/s: 1576 rss: 499Mb L: 58/239306 MS: 1 EraseBytes-
#64662	REDUCE cov: 1462 ft: 2888 corp: 285/8895Kb lim: 239306 exec/s: 1577 rss: 499Mb L: 13/239306 MS: 2 EraseBytes-ChangeBinInt-
#64679	REDUCE cov: 1462 ft: 2888 corp: 285/8895Kb lim: 239306 exec/s: 1577 rss: 499Mb L: 1832/239306 MS: 2 InsertByte-EraseBytes-
#64731	REDUCE cov: 1462 ft: 2888 corp: 285/8895Kb lim: 239306 exec/s: 1578 rss: 499Mb L: 15/239306 MS: 2 ChangeBit-EraseBytes-
#64788	REDUCE cov: 1462 ft: 2888 corp: 285/8895Kb lim: 239306 exec/s: 1580 rss: 499Mb L: 735/239306 MS: 2 PersAutoDict-EraseBytes- DE: "UUUUUUU\005"-
#64793	REDUCE cov: 1462 ft: 2888 corp: 285/8895Kb lim: 239306 exec/s: 1580 rss: 499Mb L: 1151/239306 MS: 5 InsertByte-ChangeByte-CrossOver-InsertByte-EraseBytes-
#64839	REDUCE cov: 1462 ft: 2888 corp: 285/8894Kb lim: 239306 exec/s: 1581 rss: 499Mb L: 721/239306 MS: 1 EraseBytes-
#64880	REDUCE cov: 1462 ft: 2888 corp: 285/8894Kb lim: 239306 exec/s: 1582 rss: 499Mb L: 61/239306 MS: 1 EraseBytes-
#64918	REDUCE cov: 1462 ft: 2888 corp: 285/8894Kb lim: 239306 exec/s: 1583 rss: 499Mb L: 425/239306 MS: 3 InsertByte-ShuffleBytes-EraseBytes-
#65001	REDUCE cov: 1462 ft: 2888 corp: 285/8894Kb lim: 239306 exec/s: 1585 rss: 499Mb L: 902/239306 MS: 3 ShuffleBytes-ChangeByte-EraseBytes-
#65002	REDUCE cov: 1462 ft: 2888 corp: 285/8893Kb lim: 239306 exec/s: 1585 rss: 499Mb L: 13852/239306 MS: 1 EraseBytes-
#65009	REDUCE cov: 1462 ft: 2888 corp: 285/8893Kb lim: 239306 exec/s: 1585 rss: 499Mb L: 2643/239306 MS: 2 CopyPart-EraseBytes-
#65142	REDUCE cov: 1462 ft: 2888 corp: 285/8892Kb lim: 239306 exec/s: 1588 rss: 499Mb L: 343/239306 MS: 3 PersAutoDict-ChangeBinInt-EraseBytes- DE: "\002\377\377\377\377\377\377\377"-
#65319	REDUCE cov: 1462 ft: 2888 corp: 285/8889Kb lim: 239306 exec/s: 1593 rss: 499Mb L: 5216/239306 MS: 2 ChangeASCIIInt-EraseBytes-
#65330	REDUCE cov: 1462 ft: 2888 corp: 285/8884Kb lim: 239306 exec/s: 1593 rss: 499Mb L: 49306/239306 MS: 1 EraseBytes-
#65333	REDUCE cov: 1462 ft: 2888 corp: 285/8883Kb lim: 239306 exec/s: 1593 rss: 499Mb L: 1768/239306 MS: 3 ChangeBit-ChangeByte-EraseBytes-
#65492	REDUCE cov: 1462 ft: 2888 corp: 285/8883Kb lim: 239306 exec/s: 1597 rss: 499Mb L: 1277/239306 MS: 4 ChangeBit-CopyPart-ChangeBinInt-EraseBytes-
#65494	REDUCE cov: 1462 ft: 2888 corp: 285/8882Kb lim: 239306 exec/s: 1597 rss: 499Mb L: 12781/239306 MS: 2 InsertRepeatedBytes-EraseBytes-
#65519	REDUCE cov: 1462 ft: 2888 corp: 285/8879Kb lim: 239306 exec/s: 1598 rss: 499Mb L: 10200/239306 MS: 5 ChangeASCIIInt-CrossOver-InsertByte-ChangeBit-EraseBytes-
#65536	pulse  cov: 1462 ft: 2888 corp: 285/8879Kb lim: 239306 exec/s: 1598 rss: 499Mb
#65575	REDUCE cov: 1462 ft: 2888 corp: 285/8877Kb lim: 239306 exec/s: 1599 rss: 499Mb L: 3068/239306 MS: 1 EraseBytes-
#65606	REDUCE cov: 1462 ft: 2888 corp: 285/8877Kb lim: 239306 exec/s: 1600 rss: 499Mb L: 692/239306 MS: 1 EraseBytes-
#65889	REDUCE cov: 1462 ft: 2888 corp: 285/8877Kb lim: 239306 exec/s: 1607 rss: 499Mb L: 1482/239306 MS: 3 InsertRepeatedBytes-ChangeBinInt-EraseBytes-
#65901	REDUCE cov: 1462 ft: 2888 corp: 285/8876Kb lim: 239306 exec/s: 1607 rss: 499Mb L: 723/239306 MS: 2 ShuffleBytes-EraseBytes-
#66004	REDUCE cov: 1462 ft: 2888 corp: 285/8854Kb lim: 239306 exec/s: 1609 rss: 499Mb L: 55798/239306 MS: 3 InsertByte-CrossOver-EraseBytes-
#66126	REDUCE cov: 1462 ft: 2888 corp: 285/8853Kb lim: 239306 exec/s: 1612 rss: 499Mb L: 2325/239306 MS: 2 PersAutoDict-EraseBytes- DE: "\002\000\000\000\000\000\000\000"-
#66157	REDUCE cov: 1462 ft: 2888 corp: 285/8853Kb lim: 239306 exec/s: 1613 rss: 499Mb L: 363/239306 MS: 1 EraseBytes-
#66319	REDUCE cov: 1462 ft: 2888 corp: 285/8853Kb lim: 239306 exec/s: 1617 rss: 499Mb L: 14468/239306 MS: 2 PersAutoDict-EraseBytes- DE: "\000\000\000\000\000\000\000/"-
#66417	REDUCE cov: 1462 ft: 2888 corp: 285/8853Kb lim: 239306 exec/s: 1619 rss: 499Mb L: 788/239306 MS: 3 ChangeASCIIInt-InsertByte-EraseBytes-
#66467	REDUCE cov: 1462 ft: 2888 corp: 285/8853Kb lim: 239306 exec/s: 1621 rss: 499Mb L: 1251/239306 MS: 5 ChangeASCIIInt-PersAutoDict-InsertRepeatedBytes-InsertByte-EraseBytes- DE: "UUUUUUU\005"-
#66528	REDUCE cov: 1462 ft: 2888 corp: 285/8853Kb lim: 239306 exec/s: 1622 rss: 499Mb L: 264/239306 MS: 1 EraseBytes-
#66582	REDUCE cov: 1462 ft: 2888 corp: 285/8851Kb lim: 239306 exec/s: 1585 rss: 499Mb L: 16526/239306 MS: 4 ChangeBinInt-CrossOver-InsertRepeatedBytes-EraseBytes-
#66598	REDUCE cov: 1462 ft: 2888 corp: 285/8851Kb lim: 239306 exec/s: 1585 rss: 499Mb L: 2436/239306 MS: 1 EraseBytes-
#66764	REDUCE cov: 1462 ft: 2888 corp: 285/8851Kb lim: 239306 exec/s: 1589 rss: 499Mb L: 11/239306 MS: 1 EraseBytes-
#66811	REDUCE cov: 1462 ft: 2888 corp: 285/8831Kb lim: 239306 exec/s: 1590 rss: 499Mb L: 62641/239306 MS: 2 ChangeBit-EraseBytes-
#66922	REDUCE cov: 1462 ft: 2888 corp: 285/8830Kb lim: 239306 exec/s: 1593 rss: 499Mb L: 1694/239306 MS: 1 EraseBytes-
#66978	REDUCE cov: 1462 ft: 2888 corp: 285/8829Kb lim: 239306 exec/s: 1594 rss: 499Mb L: 2390/239306 MS: 1 EraseBytes-
#66979	REDUCE cov: 1462 ft: 2888 corp: 285/8829Kb lim: 239306 exec/s: 1594 rss: 499Mb L: 61/239306 MS: 1 EraseBytes-
#66988	REDUCE cov: 1462 ft: 2888 corp: 285/8829Kb lim: 239306 exec/s: 1594 rss: 499Mb L: 771/239306 MS: 4 ShuffleBytes-CMP-CopyPart-EraseBytes- DE: "\000\000\000\000\000\000\000\004"-
#67128	REDUCE cov: 1462 ft: 2888 corp: 285/8829Kb lim: 239306 exec/s: 1598 rss: 499Mb L: 544/239306 MS: 5 InsertByte-ChangeByte-ChangeASCIIInt-CopyPart-EraseBytes-
#67140	REDUCE cov: 1462 ft: 2888 corp: 285/8829Kb lim: 239306 exec/s: 1598 rss: 499Mb L: 406/239306 MS: 2 ChangeASCIIInt-EraseBytes-
#67191	REDUCE cov: 1462 ft: 2888 corp: 285/8826Kb lim: 239306 exec/s: 1599 rss: 499Mb L: 10891/239306 MS: 1 EraseBytes-
#67204	REDUCE cov: 1462 ft: 2888 corp: 285/8825Kb lim: 239306 exec/s: 1600 rss: 499Mb L: 1038/239306 MS: 3 ChangeBit-InsertRepeatedBytes-EraseBytes-
#67236	REDUCE cov: 1462 ft: 2888 corp: 285/8825Kb lim: 239306 exec/s: 1600 rss: 499Mb L: 697/239306 MS: 2 CopyPart-EraseBytes-
#67312	REDUCE cov: 1462 ft: 2888 corp: 285/8825Kb lim: 239306 exec/s: 1602 rss: 499Mb L: 123/239306 MS: 1 EraseBytes-
#67402	REDUCE cov: 1462 ft: 2888 corp: 285/8825Kb lim: 239306 exec/s: 1604 rss: 499Mb L: 61/239306 MS: 5 CrossOver-CMP-ShuffleBytes-EraseBytes-CrossOver- DE: "\000\000\000\000\000\000\000\000"-
#67544	REDUCE cov: 1462 ft: 2888 corp: 285/8825Kb lim: 239306 exec/s: 1608 rss: 499Mb L: 7/239306 MS: 2 ChangeASCIIInt-EraseBytes-
#67568	REDUCE cov: 1462 ft: 2888 corp: 285/8805Kb lim: 239306 exec/s: 1608 rss: 499Mb L: 42269/239306 MS: 4 CrossOver-ChangeByte-CopyPart-PersAutoDict- DE: "Z\261\270O\343\234r\247"-
#67734	REDUCE cov: 1462 ft: 2888 corp: 285/8805Kb lim: 239306 exec/s: 1612 rss: 499Mb L: 160/239306 MS: 1 EraseBytes-
#67865	REDUCE cov: 1462 ft: 2888 corp: 285/8803Kb lim: 239306 exec/s: 1615 rss: 499Mb L: 2873/239306 MS: 1 EraseBytes-
#67932	REDUCE cov: 1462 ft: 2888 corp: 285/8801Kb lim: 239306 exec/s: 1617 rss: 499Mb L: 10532/239306 MS: 2 ChangeASCIIInt-EraseBytes-
#68183	REDUCE cov: 1462 ft: 2888 corp: 285/8800Kb lim: 239306 exec/s: 1623 rss: 499Mb L: 1375/239306 MS: 1 EraseBytes-
#68184	REDUCE cov: 1462 ft: 2888 corp: 285/8782Kb lim: 239306 exec/s: 1623 rss: 499Mb L: 33026/239306 MS: 1 EraseBytes-
#68212	REDUCE cov: 1462 ft: 2888 corp: 285/8769Kb lim: 239306 exec/s: 1624 rss: 499Mb L: 16399/239306 MS: 3 InsertByte-InsertByte-EraseBytes-
#68335	REDUCE cov: 1462 ft: 2888 corp: 285/8769Kb lim: 239306 exec/s: 1627 rss: 499Mb L: 351/239306 MS: 3 ChangeBit-CMP-EraseBytes- DE: "\001\000\000\000"-
#68382	REDUCE cov: 1462 ft: 2888 corp: 285/8769Kb lim: 239306 exec/s: 1628 rss: 499Mb L: 75/239306 MS: 2 InsertByte-EraseBytes-
#68478	REDUCE cov: 1462 ft: 2888 corp: 285/8769Kb lim: 239306 exec/s: 1630 rss: 499Mb L: 2819/239306 MS: 1 EraseBytes-
#68524	REDUCE cov: 1462 ft: 2888 corp: 285/8769Kb lim: 239306 exec/s: 1631 rss: 499Mb L: 32/239306 MS: 1 EraseBytes-
#68551	REDUCE cov: 1462 ft: 2888 corp: 285/8769Kb lim: 239306 exec/s: 1632 rss: 499Mb L: 112/239306 MS: 2 InsertByte-EraseBytes-
#68602	REDUCE cov: 1462 ft: 2888 corp: 285/8743Kb lim: 239306 exec/s: 1633 rss: 499Mb L: 114412/239306 MS: 1 EraseBytes-
#68605	REDUCE cov: 1462 ft: 2888 corp: 285/8743Kb lim: 239306 exec/s: 1633 rss: 499Mb L: 2428/239306 MS: 3 CMP-ChangeASCIIInt-EraseBytes- DE: "\377\377\377\377"-
#68616	REDUCE cov: 1462 ft: 2888 corp: 285/8742Kb lim: 239306 exec/s: 1633 rss: 499Mb L: 11008/239306 MS: 1 EraseBytes-
#68687	REDUCE cov: 1462 ft: 2888 corp: 285/8738Kb lim: 239306 exec/s: 1635 rss: 499Mb L: 6931/239306 MS: 1 EraseBytes-
#68714	REDUCE cov: 1462 ft: 2888 corp: 285/8738Kb lim: 239306 exec/s: 1636 rss: 499Mb L: 131/239306 MS: 2 ChangeByte-EraseBytes-
#68738	REDUCE cov: 1462 ft: 2888 corp: 285/8738Kb lim: 239306 exec/s: 1636 rss: 499Mb L: 890/239306 MS: 4 ChangeByte-ChangeASCIIInt-InsertRepeatedBytes-EraseBytes-
#68889	REDUCE cov: 1462 ft: 2888 corp: 285/8738Kb lim: 239306 exec/s: 1640 rss: 499Mb L: 6/239306 MS: 1 EraseBytes-
#69041	REDUCE cov: 1462 ft: 2888 corp: 285/8737Kb lim: 239306 exec/s: 1643 rss: 499Mb L: 85166/239306 MS: 2 ChangeBinInt-EraseBytes-
#69223	REDUCE cov: 1462 ft: 2888 corp: 285/8737Kb lim: 239306 exec/s: 1609 rss: 499Mb L: 399/239306 MS: 2 InsertByte-EraseBytes-
#69239	REDUCE cov: 1462 ft: 2888 corp: 285/8736Kb lim: 239306 exec/s: 1610 rss: 499Mb L: 48014/239306 MS: 1 EraseBytes-
#69359	REDUCE cov: 1462 ft: 2888 corp: 285/8734Kb lim: 239306 exec/s: 1613 rss: 499Mb L: 8559/239306 MS: 5 InsertByte-ChangeASCIIInt-PersAutoDict-CopyPart-EraseBytes- DE: "\000\000\000\000\000\000\000\000\000\000\000\000\000\000\000\000\000\000\000\000\000\000\000\000\000\000\000\000\000\000\000\000"-
#69566	REDUCE cov: 1462 ft: 2888 corp: 285/8731Kb lim: 239306 exec/s: 1617 rss: 499Mb L: 13056/239306 MS: 2 ChangeByte-EraseBytes-
#69602	REDUCE cov: 1462 ft: 2888 corp: 285/8731Kb lim: 239306 exec/s: 1618 rss: 499Mb L: 294/239306 MS: 1 EraseBytes-
#69608	REDUCE cov: 1462 ft: 2888 corp: 285/8731Kb lim: 239306 exec/s: 1618 rss: 499Mb L: 287/239306 MS: 1 EraseBytes-
#69742	REDUCE cov: 1462 ft: 2888 corp: 285/8716Kb lim: 239306 exec/s: 1621 rss: 499Mb L: 28468/239306 MS: 4 ChangeASCIIInt-EraseBytes-ChangeBit-InsertRepeatedBytes-
#69843	REDUCE cov: 1462 ft: 2888 corp: 285/8716Kb lim: 239306 exec/s: 1624 rss: 499Mb L: 459/239306 MS: 1 EraseBytes-
#70002	REDUCE cov: 1462 ft: 2888 corp: 285/8713Kb lim: 239306 exec/s: 1627 rss: 499Mb L: 3704/239306 MS: 4 InsertRepeatedBytes-CrossOver-ChangeByte-EraseBytes-
#70043	REDUCE cov: 1462 ft: 2888 corp: 285/8713Kb lim: 239306 exec/s: 1628 rss: 499Mb L: 47/239306 MS: 1 EraseBytes-
#70231	REDUCE cov: 1462 ft: 2888 corp: 285/8713Kb lim: 239306 exec/s: 1633 rss: 499Mb L: 361/239306 MS: 3 CopyPart-ChangeBit-EraseBytes-
#70295	REDUCE cov: 1462 ft: 2888 corp: 285/8713Kb lim: 239306 exec/s: 1634 rss: 499Mb L: 1252/239306 MS: 4 InsertByte-InsertRepeatedBytes-ChangeBit-EraseBytes-
#70406	REDUCE cov: 1462 ft: 2888 corp: 285/8713Kb lim: 239306 exec/s: 1637 rss: 499Mb L: 394/239306 MS: 1 EraseBytes-
#70487	REDUCE cov: 1462 ft: 2888 corp: 285/8713Kb lim: 239306 exec/s: 1639 rss: 499Mb L: 416/239306 MS: 1 EraseBytes-
#70544	REDUCE cov: 1462 ft: 2888 corp: 285/8713Kb lim: 239306 exec/s: 1640 rss: 499Mb L: 622/239306 MS: 2 ChangeBit-EraseBytes-
#70761	REDUCE cov: 1462 ft: 2888 corp: 285/8712Kb lim: 239306 exec/s: 1645 rss: 499Mb L: 1462/239306 MS: 2 ChangeBinInt-EraseBytes-
#70787	REDUCE cov: 1462 ft: 2888 corp: 285/8707Kb lim: 239306 exec/s: 1646 rss: 499Mb L: 11691/239306 MS: 1 EraseBytes-
#70855	REDUCE cov: 1462 ft: 2888 corp: 285/8707Kb lim: 239306 exec/s: 1647 rss: 499Mb L: 358/239306 MS: 3 InsertByte-ChangeByte-EraseBytes-
#70904	REDUCE cov: 1462 ft: 2888 corp: 285/8707Kb lim: 239306 exec/s: 1648 rss: 499Mb L: 563/239306 MS: 4 ShuffleBytes-ChangeBinInt-ChangeBinInt-EraseBytes-
#71140	REDUCE cov: 1462 ft: 2888 corp: 285/8707Kb lim: 239306 exec/s: 1616 rss: 499Mb L: 113/239306 MS: 1 EraseBytes-
#71174	REDUCE cov: 1462 ft: 2888 corp: 285/8707Kb lim: 239306 exec/s: 1617 rss: 499Mb L: 358/239306 MS: 4 InsertByte-InsertByte-ShuffleBytes-EraseBytes-
#71192	REDUCE cov: 1463 ft: 2889 corp: 286/8751Kb lim: 239306 exec/s: 1618 rss: 499Mb L: 45740/239306 MS: 3 ChangeBit-CrossOver-CMP- DE: "\001\000"-
#71205	REDUCE cov: 1463 ft: 2889 corp: 286/8751Kb lim: 239306 exec/s: 1618 rss: 499Mb L: 1027/239306 MS: 3 ChangeASCIIInt-InsertByte-EraseBytes-
#71413	REDUCE cov: 1463 ft: 2889 corp: 286/8751Kb lim: 239306 exec/s: 1623 rss: 499Mb L: 335/239306 MS: 3 CrossOver-ChangeByte-EraseBytes-
#71437	REDUCE cov: 1463 ft: 2889 corp: 286/8750Kb lim: 239306 exec/s: 1623 rss: 499Mb L: 10975/239306 MS: 4 ChangeBit-PersAutoDict-ChangeBinInt-EraseBytes- DE: "\007\000\000\000\000\000\000\000"-
#71505	REDUCE cov: 1463 ft: 2889 corp: 286/8726Kb lim: 239306 exec/s: 1625 rss: 499Mb L: 39753/239306 MS: 3 ChangeByte-ChangeASCIIInt-EraseBytes-
#71537	REDUCE cov: 1463 ft: 2889 corp: 286/8710Kb lim: 239306 exec/s: 1625 rss: 499Mb L: 74712/239306 MS: 2 ChangeASCIIInt-EraseBytes-
#71661	REDUCE cov: 1463 ft: 2889 corp: 286/8710Kb lim: 239306 exec/s: 1628 rss: 499Mb L: 417/239306 MS: 4 ShuffleBytes-ChangeBit-InsertRepeatedBytes-EraseBytes-
#71780	REDUCE cov: 1463 ft: 2889 corp: 286/8709Kb lim: 239306 exec/s: 1631 rss: 499Mb L: 8051/239306 MS: 4 CrossOver-ChangeASCIIInt-InsertByte-EraseBytes-
#71826	REDUCE cov: 1463 ft: 2889 corp: 286/8709Kb lim: 239306 exec/s: 1632 rss: 499Mb L: 232/239306 MS: 1 EraseBytes-
#71977	REDUCE cov: 1463 ft: 2889 corp: 286/8709Kb lim: 239306 exec/s: 1635 rss: 499Mb L: 501/239306 MS: 1 EraseBytes-
#71989	REDUCE cov: 1463 ft: 2889 corp: 286/8708Kb lim: 239306 exec/s: 1636 rss: 499Mb L: 2334/239306 MS: 2 InsertRepeatedBytes-EraseBytes-
#72051	REDUCE cov: 1463 ft: 2889 corp: 286/8708Kb lim: 239306 exec/s: 1637 rss: 499Mb L: 3695/239306 MS: 2 ChangeBit-EraseBytes-
#72135	REDUCE cov: 1463 ft: 2889 corp: 286/8708Kb lim: 239306 exec/s: 1639 rss: 499Mb L: 39/239306 MS: 4 ChangeBit-ChangeBinInt-CMP-EraseBytes- DE: "\377\377\377\377"-
#72212	REDUCE cov: 1463 ft: 2889 corp: 286/8707Kb lim: 239306 exec/s: 1641 rss: 499Mb L: 665/239306 MS: 2 CMP-EraseBytes- DE: "\377\377\377\377"-
#72225	REDUCE cov: 1463 ft: 2889 corp: 286/8701Kb lim: 239306 exec/s: 1641 rss: 499Mb L: 21956/239306 MS: 3 ChangeBinInt-ShuffleBytes-EraseBytes-
#72386	REDUCE cov: 1463 ft: 2889 corp: 286/8701Kb lim: 239306 exec/s: 1645 rss: 499Mb L: 65/239306 MS: 1 EraseBytes-
#72494	REDUCE cov: 1463 ft: 2889 corp: 286/8701Kb lim: 239306 exec/s: 1647 rss: 499Mb L: 673/239306 MS: 3 ChangeByte-InsertRepeatedBytes-EraseBytes-
#72531	REDUCE cov: 1463 ft: 2889 corp: 286/8701Kb lim: 239306 exec/s: 1648 rss: 499Mb L: 6/239306 MS: 2 EraseBytes-EraseBytes-
#72622	REDUCE cov: 1463 ft: 2889 corp: 286/8701Kb lim: 239306 exec/s: 1650 rss: 499Mb L: 372/239306 MS: 1 EraseBytes-
#72633	REDUCE cov: 1463 ft: 2889 corp: 286/8701Kb lim: 239306 exec/s: 1650 rss: 499Mb L: 36/239306 MS: 1 EraseBytes-
#72657	REDUCE cov: 1463 ft: 2889 corp: 286/8701Kb lim: 239306 exec/s: 1651 rss: 499Mb L: 308/239306 MS: 4 InsertByte-CMP-ChangeByte-EraseBytes- DE: "\001\000\000\000\000\000\000\000"-
#72719	REDUCE cov: 1463 ft: 2889 corp: 286/8701Kb lim: 239306 exec/s: 1652 rss: 499Mb L: 4/239306 MS: 2 ShuffleBytes-EraseBytes-
#72960	REDUCE cov: 1463 ft: 2889 corp: 286/8701Kb lim: 239306 exec/s: 1658 rss: 499Mb L: 58/239306 MS: 1 EraseBytes-
#72987	REDUCE cov: 1463 ft: 2889 corp: 286/8701Kb lim: 239306 exec/s: 1658 rss: 499Mb L: 29/239306 MS: 2 EraseBytes-InsertByte-
#73005	REDUCE cov: 1463 ft: 2889 corp: 286/8700Kb lim: 239306 exec/s: 1659 rss: 499Mb L: 989/239306 MS: 3 InsertByte-ShuffleBytes-EraseBytes-
#73058	REDUCE cov: 1463 ft: 2889 corp: 286/8700Kb lim: 239306 exec/s: 1660 rss: 499Mb L: 271/239306 MS: 3 ShuffleBytes-ChangeBit-EraseBytes-
#73184	REDUCE cov: 1463 ft: 2889 corp: 286/8671Kb lim: 239306 exec/s: 1663 rss: 499Mb L: 198343/239306 MS: 1 EraseBytes-
#73236	REDUCE cov: 1463 ft: 2889 corp: 286/8670Kb lim: 239306 exec/s: 1664 rss: 499Mb L: 2779/239306 MS: 2 InsertRepeatedBytes-EraseBytes-
#73254	REDUCE cov: 1463 ft: 2889 corp: 286/8670Kb lim: 239306 exec/s: 1664 rss: 499Mb L: 28/239306 MS: 3 ChangeByte-ShuffleBytes-EraseBytes-
#73302	REDUCE cov: 1463 ft: 2889 corp: 286/8644Kb lim: 239306 exec/s: 1665 rss: 499Mb L: 36970/239306 MS: 3 ShuffleBytes-ChangeASCIIInt-EraseBytes-
#73348	REDUCE cov: 1463 ft: 2889 corp: 286/8643Kb lim: 239306 exec/s: 1667 rss: 499Mb L: 6177/239306 MS: 1 EraseBytes-
#73439	REDUCE cov: 1463 ft: 2889 corp: 286/8643Kb lim: 239306 exec/s: 1669 rss: 499Mb L: 611/239306 MS: 1 EraseBytes-
#73456	REDUCE cov: 1463 ft: 2889 corp: 286/8611Kb lim: 239306 exec/s: 1669 rss: 499Mb L: 58222/239306 MS: 2 InsertRepeatedBytes-EraseBytes-
#73457	REDUCE cov: 1463 ft: 2889 corp: 286/8611Kb lim: 239306 exec/s: 1669 rss: 499Mb L: 27/239306 MS: 1 EraseBytes-
#73510	REDUCE cov: 1463 ft: 2889 corp: 286/8603Kb lim: 239306 exec/s: 1670 rss: 499Mb L: 26155/239306 MS: 3 CopyPart-PersAutoDict-EraseBytes- DE: "\004\000\000\000\000\000\000\000"-
#73542	REDUCE cov: 1463 ft: 2889 corp: 286/8602Kb lim: 239306 exec/s: 1671 rss: 499Mb L: 1195/239306 MS: 2 ShuffleBytes-EraseBytes-
#73640	REDUCE cov: 1463 ft: 2889 corp: 286/8602Kb lim: 239306 exec/s: 1636 rss: 499Mb L: 332/239306 MS: 3 EraseBytes-ChangeASCIIInt-PersAutoDict- DE: "\000\000\000\000\000\000\000\004"-
#73752	REDUCE cov: 1463 ft: 2889 corp: 286/8602Kb lim: 239306 exec/s: 1638 rss: 499Mb L: 181/239306 MS: 2 InsertRepeatedBytes-EraseBytes-
#73819	REDUCE cov: 1463 ft: 2889 corp: 286/8602Kb lim: 239306 exec/s: 1640 rss: 499Mb L: 66/239306 MS: 2 PersAutoDict-EraseBytes- DE: "\027\000\000\000\000\000\000\000"-
#73905	REDUCE cov: 1463 ft: 2889 corp: 286/8602Kb lim: 239306 exec/s: 1642 rss: 499Mb L: 390/239306 MS: 1 EraseBytes-
#73961	REDUCE cov: 1463 ft: 2889 corp: 286/8601Kb lim: 239306 exec/s: 1643 rss: 499Mb L: 1890/239306 MS: 1 EraseBytes-
#74012	REDUCE cov: 1463 ft: 2889 corp: 286/8598Kb lim: 239306 exec/s: 1644 rss: 499Mb L: 67209/239306 MS: 1 EraseBytes-
#74046	REDUCE cov: 1463 ft: 2889 corp: 286/8566Kb lim: 239306 exec/s: 1645 rss: 499Mb L: 52857/239306 MS: 4 ShuffleBytes-InsertRepeatedBytes-PersAutoDict-EraseBytes- DE: "\001\000\000\003"-
#74053	REDUCE cov: 1463 ft: 2889 corp: 286/8566Kb lim: 239306 exec/s: 1645 rss: 499Mb L: 357/239306 MS: 2 ChangeBit-EraseBytes-
#74080	REDUCE cov: 1463 ft: 2889 corp: 286/8566Kb lim: 239306 exec/s: 1646 rss: 499Mb L: 618/239306 MS: 2 ShuffleBytes-EraseBytes-
#74107	REDUCE cov: 1463 ft: 2889 corp: 286/8566Kb lim: 239306 exec/s: 1646 rss: 499Mb L: 513/239306 MS: 2 ChangeBinInt-EraseBytes-
#74288	REDUCE cov: 1463 ft: 2889 corp: 286/8566Kb lim: 239306 exec/s: 1650 rss: 499Mb L: 1406/239306 MS: 1 EraseBytes-
#74358	REDUCE cov: 1463 ft: 2889 corp: 286/8565Kb lim: 239306 exec/s: 1652 rss: 499Mb L: 762/239306 MS: 5 ShuffleBytes-CopyPart-ChangeASCIIInt-ChangeBinInt-EraseBytes-
#74570	REDUCE cov: 1463 ft: 2889 corp: 286/8565Kb lim: 239306 exec/s: 1657 rss: 499Mb L: 280/239306 MS: 2 PersAutoDict-EraseBytes- DE: "\301\\\002\211\354-\012\221g\354\216e\241\215\353\276^U2\373\356\242\223\370\013\311B\356\220\206\301q"-
#74652	REDUCE cov: 1463 ft: 2889 corp: 286/8565Kb lim: 239306 exec/s: 1658 rss: 499Mb L: 396/239306 MS: 2 CMP-EraseBytes- DE: "\001\000\000\000\000\000\000\000"-
#74658	REDUCE cov: 1464 ft: 2890 corp: 287/8565Kb lim: 239306 exec/s: 1659 rss: 499Mb L: 28/239306 MS: 1 EraseBytes-
#75063	REDUCE cov: 1464 ft: 2890 corp: 287/8565Kb lim: 239306 exec/s: 1668 rss: 499Mb L: 350/239306 MS: 5 InsertByte-InsertRepeatedBytes-InsertRepeatedBytes-ChangeBinInt-EraseBytes-
#75169	REDUCE cov: 1464 ft: 2890 corp: 287/8565Kb lim: 239306 exec/s: 1670 rss: 499Mb L: 182/239306 MS: 1 EraseBytes-
#75185	REDUCE cov: 1464 ft: 2890 corp: 287/8565Kb lim: 239306 exec/s: 1670 rss: 499Mb L: 110/239306 MS: 1 EraseBytes-
#75252	REDUCE cov: 1464 ft: 2890 corp: 287/8565Kb lim: 239306 exec/s: 1672 rss: 499Mb L: 17/239306 MS: 2 CMP-EraseBytes- DE: "\377\002"-
#75622	REDUCE cov: 1464 ft: 2896 corp: 288/8565Kb lim: 239306 exec/s: 1680 rss: 499Mb L: 169/239306 MS: 5 CopyPart-CopyPart-CopyPart-ChangeBinInt-InsertRepeatedBytes-
#75764	REDUCE cov: 1464 ft: 2896 corp: 288/8562Kb lim: 239306 exec/s: 1683 rss: 499Mb L: 71496/239306 MS: 2 InsertByte-EraseBytes-
#75878	REDUCE cov: 1464 ft: 2896 corp: 288/8562Kb lim: 239306 exec/s: 1686 rss: 499Mb L: 251/239306 MS: 4 ChangeBit-InsertRepeatedBytes-ShuffleBytes-EraseBytes-
#75924	REDUCE cov: 1464 ft: 2903 corp: 289/8562Kb lim: 239306 exec/s: 1687 rss: 499Mb L: 306/239306 MS: 1 InsertRepeatedBytes-
#76045	REDUCE cov: 1464 ft: 2903 corp: 289/8539Kb lim: 239306 exec/s: 1689 rss: 499Mb L: 15935/239306 MS: 1 CrossOver-
#76057	REDUCE cov: 1464 ft: 2903 corp: 289/8539Kb lim: 239306 exec/s: 1690 rss: 499Mb L: 9471/239306 MS: 2 ChangeBit-EraseBytes-
#76078	REDUCE cov: 1464 ft: 2903 corp: 289/8539Kb lim: 239306 exec/s: 1653 rss: 499Mb L: 15/239306 MS: 1 EraseBytes-
#76092	REDUCE cov: 1464 ft: 2903 corp: 289/8539Kb lim: 239306 exec/s: 1654 rss: 499Mb L: 43/239306 MS: 4 InsertByte-ChangeBit-ChangeByte-EraseBytes-
#76120	REDUCE cov: 1464 ft: 2903 corp: 289/8539Kb lim: 239306 exec/s: 1654 rss: 499Mb L: 8886/239306 MS: 3 ShuffleBytes-InsertByte-EraseBytes-
#76141	REDUCE cov: 1464 ft: 2903 corp: 289/8538Kb lim: 239306 exec/s: 1655 rss: 499Mb L: 873/239306 MS: 1 EraseBytes-
#76247	REDUCE cov: 1464 ft: 2903 corp: 289/8538Kb lim: 239306 exec/s: 1657 rss: 499Mb L: 114/239306 MS: 1 EraseBytes-
#76248	REDUCE cov: 1464 ft: 2903 corp: 289/8516Kb lim: 239306 exec/s: 1657 rss: 499Mb L: 33419/239306 MS: 1 EraseBytes-
#76331	REDUCE cov: 1464 ft: 2903 corp: 289/8516Kb lim: 239306 exec/s: 1659 rss: 499Mb L: 737/239306 MS: 3 ChangeASCIIInt-InsertRepeatedBytes-EraseBytes-
#76423	REDUCE cov: 1464 ft: 2903 corp: 289/8513Kb lim: 239306 exec/s: 1661 rss: 499Mb L: 7275/239306 MS: 2 ShuffleBytes-EraseBytes-
#76640	REDUCE cov: 1464 ft: 2903 corp: 289/8504Kb lim: 239306 exec/s: 1666 rss: 499Mb L: 54935/239306 MS: 2 ChangeBit-EraseBytes-
#76685	REDUCE cov: 1464 ft: 2903 corp: 289/8489Kb lim: 239306 exec/s: 1667 rss: 499Mb L: 149237/239306 MS: 5 PersAutoDict-InsertByte-ChangeBit-ChangeASCIIInt-EraseBytes- DE: "\377\215\247\013\002{\000\000"-
#76721	REDUCE cov: 1464 ft: 2903 corp: 289/8489Kb lim: 239306 exec/s: 1667 rss: 499Mb L: 449/239306 MS: 1 EraseBytes-
#76813	REDUCE cov: 1464 ft: 2903 corp: 289/8473Kb lim: 239306 exec/s: 1669 rss: 499Mb L: 22065/239306 MS: 2 InsertByte-EraseBytes-
#76879	REDUCE cov: 1464 ft: 2903 corp: 289/8455Kb lim: 239306 exec/s: 1671 rss: 499Mb L: 162032/239306 MS: 1 EraseBytes-
#76909	REDUCE cov: 1464 ft: 2903 corp: 289/8450Kb lim: 239306 exec/s: 1671 rss: 499Mb L: 23181/239306 MS: 5 ShuffleBytes-PersAutoDict-PersAutoDict-InsertByte-EraseBytes- DE: "\000\000\000\000\000\000\000 "-"\301\\\002\211\354-\012\221g\354\216e\241\215\353\276^U2\373\356\242\223\370\013\311B\356\220\206\301q"-
#76940	REDUCE cov: 1464 ft: 2903 corp: 289/8450Kb lim: 239306 exec/s: 1672 rss: 499Mb L: 81/239306 MS: 1 EraseBytes-
#77010	REDUCE cov: 1464 ft: 2903 corp: 289/8445Kb lim: 239306 exec/s: 1674 rss: 499Mb L: 5954/239306 MS: 5 PersAutoDict-ShuffleBytes-PersAutoDict-ChangeBinInt-EraseBytes- DE: "\003\000\000\000\000\000\000\000"-"\000\000\000\000\377\377\377\377"-
#77021	REDUCE cov: 1464 ft: 2903 corp: 289/8445Kb lim: 239306 exec/s: 1674 rss: 499Mb L: 548/239306 MS: 1 EraseBytes-
#77165	REDUCE cov: 1464 ft: 2903 corp: 289/8438Kb lim: 239306 exec/s: 1677 rss: 499Mb L: 17653/239306 MS: 4 CopyPart-ChangeBinInt-InsertByte-EraseBytes-
#77173	REDUCE cov: 1464 ft: 2903 corp: 289/8433Kb lim: 239306 exec/s: 1677 rss: 499Mb L: 11314/239306 MS: 3 ChangeBinInt-ChangeBit-EraseBytes-
#77386	REDUCE cov: 1464 ft: 2903 corp: 289/8433Kb lim: 239306 exec/s: 1682 rss: 499Mb L: 942/239306 MS: 3 ChangeBit-ShuffleBytes-EraseBytes-
#77601	REDUCE cov: 1464 ft: 2903 corp: 289/8432Kb lim: 239306 exec/s: 1686 rss: 499Mb L: 2203/239306 MS: 5 ShuffleBytes-InsertByte-ShuffleBytes-CopyPart-EraseBytes-
#77629	REDUCE cov: 1464 ft: 2903 corp: 289/8432Kb lim: 239306 exec/s: 1687 rss: 499Mb L: 428/239306 MS: 3 ShuffleBytes-PersAutoDict-EraseBytes- DE: "UUUUUUU\005"-
#77663	REDUCE cov: 1464 ft: 2903 corp: 289/8432Kb lim: 239306 exec/s: 1688 rss: 499Mb L: 1632/239306 MS: 4 PersAutoDict-EraseBytes-InsertByte-InsertRepeatedBytes- DE: "\000\000\000\000\000\000\000\030"-
#77681	REDUCE cov: 1464 ft: 2903 corp: 289/8431Kb lim: 239306 exec/s: 1688 rss: 499Mb L: 877/239306 MS: 3 ShuffleBytes-InsertByte-EraseBytes-
#77733	REDUCE cov: 1464 ft: 2903 corp: 289/8431Kb lim: 239306 exec/s: 1689 rss: 499Mb L: 404/239306 MS: 2 InsertRepeatedBytes-EraseBytes-
#77865	REDUCE cov: 1464 ft: 2903 corp: 289/8430Kb lim: 239306 exec/s: 1692 rss: 499Mb L: 73632/239306 MS: 2 ChangeByte-EraseBytes-
#77892	REDUCE cov: 1464 ft: 2903 corp: 289/8430Kb lim: 239306 exec/s: 1693 rss: 499Mb L: 292/239306 MS: 2 ShuffleBytes-EraseBytes-
#77957	REDUCE cov: 1464 ft: 2903 corp: 289/8430Kb lim: 239306 exec/s: 1694 rss: 499Mb L: 998/239306 MS: 5 InsertByte-ShuffleBytes-ShuffleBytes-PersAutoDict-EraseBytes- DE: "\000\000\000\000\000\000\000\004"-
#78008	REDUCE cov: 1464 ft: 2903 corp: 289/8426Kb lim: 239306 exec/s: 1695 rss: 499Mb L: 4672/239306 MS: 1 EraseBytes-
#78017	REDUCE cov: 1464 ft: 2903 corp: 289/8423Kb lim: 239306 exec/s: 1696 rss: 499Mb L: 35543/239306 MS: 4 ChangeBinInt-ChangeBinInt-ChangeBinInt-EraseBytes-
#78115	REDUCE cov: 1464 ft: 2903 corp: 289/8423Kb lim: 239306 exec/s: 1698 rss: 499Mb L: 14/239306 MS: 3 EraseBytes-ShuffleBytes-ChangeBinInt-
#78150	REDUCE cov: 1464 ft: 2903 corp: 289/8412Kb lim: 239306 exec/s: 1698 rss: 499Mb L: 44060/239306 MS: 5 CMP-CopyPart-ChangeByte-InsertRepeatedBytes-EraseBytes- DE: "\005\000\000\000\000\000\000\000"-
#78206	REDUCE cov: 1464 ft: 2903 corp: 289/8412Kb lim: 239306 exec/s: 1700 rss: 499Mb L: 21/239306 MS: 1 EraseBytes-
#78215	REDUCE cov: 1464 ft: 2903 corp: 289/8403Kb lim: 239306 exec/s: 1700 rss: 499Mb L: 40116/239306 MS: 4 InsertRepeatedBytes-InsertRepeatedBytes-ChangeASCIIInt-EraseBytes-
#78301	REDUCE cov: 1464 ft: 2903 corp: 289/8402Kb lim: 239306 exec/s: 1702 rss: 499Mb L: 248/239306 MS: 1 EraseBytes-
#78337	REDUCE cov: 1464 ft: 2903 corp: 289/8402Kb lim: 239306 exec/s: 1702 rss: 499Mb L: 2988/239306 MS: 1 EraseBytes-
#78353	REDUCE cov: 1464 ft: 2903 corp: 289/8397Kb lim: 239306 exec/s: 1703 rss: 499Mb L: 27945/239306 MS: 1 EraseBytes-
#78356	REDUCE cov: 1464 ft: 2903 corp: 289/8397Kb lim: 239306 exec/s: 1703 rss: 499Mb L: 308/239306 MS: 3 InsertRepeatedBytes-PersAutoDict-EraseBytes- DE: "\000\000\000\000\000\000\000/"-
#78457	REDUCE cov: 1464 ft: 2903 corp: 289/8397Kb lim: 239306 exec/s: 1705 rss: 499Mb L: 240/239306 MS: 1 EraseBytes-
#78458	REDUCE cov: 1464 ft: 2903 corp: 289/8373Kb lim: 239306 exec/s: 1705 rss: 499Mb L: 130098/239306 MS: 1 EraseBytes-
#78469	REDUCE cov: 1464 ft: 2903 corp: 289/8373Kb lim: 239306 exec/s: 1705 rss: 499Mb L: 13/239306 MS: 1 EraseBytes-
#78470	REDUCE cov: 1464 ft: 2903 corp: 289/8373Kb lim: 239306 exec/s: 1705 rss: 499Mb L: 994/239306 MS: 1 EraseBytes-
#78661	REDUCE cov: 1464 ft: 2903 corp: 289/8373Kb lim: 239306 exec/s: 1673 rss: 499Mb L: 118/239306 MS: 1 EraseBytes-
#78713	REDUCE cov: 1464 ft: 2903 corp: 289/8373Kb lim: 239306 exec/s: 1674 rss: 499Mb L: 181/239306 MS: 2 PersAutoDict-EraseBytes- DE: "\000\000\000\000\377\377\377\377"-
#78810	REDUCE cov: 1464 ft: 2903 corp: 289/8363Kb lim: 239306 exec/s: 1676 rss: 499Mb L: 27719/239306 MS: 2 ChangeBit-EraseBytes-
#78861	REDUCE cov: 1464 ft: 2903 corp: 289/8363Kb lim: 239306 exec/s: 1677 rss: 499Mb L: 41/239306 MS: 1 EraseBytes-
#79012	NEW    cov: 1465 ft: 2904 corp: 290/8363Kb lim: 239306 exec/s: 1681 rss: 499Mb L: 25/239306 MS: 1 EraseBytes-
#79029	REDUCE cov: 1465 ft: 2904 corp: 290/8337Kb lim: 239306 exec/s: 1681 rss: 499Mb L: 88595/239306 MS: 2 PersAutoDict-EraseBytes- DE: "\000\000\000\000\000\000\000\001"-
#79055	REDUCE cov: 1465 ft: 2904 corp: 290/8337Kb lim: 239306 exec/s: 1682 rss: 499Mb L: 3030/239306 MS: 1 EraseBytes-
#79092	REDUCE cov: 1465 ft: 2904 corp: 290/8337Kb lim: 239306 exec/s: 1682 rss: 499Mb L: 56/239306 MS: 2 ChangeASCIIInt-EraseBytes-
#79165	REDUCE cov: 1465 ft: 2904 corp: 290/8321Kb lim: 239306 exec/s: 1684 rss: 499Mb L: 113479/239306 MS: 3 ChangeBinInt-ShuffleBytes-EraseBytes-
#79263	REDUCE cov: 1465 ft: 2904 corp: 290/8309Kb lim: 239306 exec/s: 1686 rss: 499Mb L: 14103/239306 MS: 3 PersAutoDict-ChangeBinInt-EraseBytes- DE: "\377\377"-
#79305	REDUCE cov: 1465 ft: 2904 corp: 290/8309Kb lim: 239306 exec/s: 1687 rss: 499Mb L: 414/239306 MS: 2 CMP-EraseBytes- DE: "\017\377\377\377\377\377\377\377"-
#79568	REDUCE cov: 1465 ft: 2904 corp: 290/8290Kb lim: 239306 exec/s: 1692 rss: 499Mb L: 26747/239306 MS: 3 ChangeASCIIInt-InsertByte-EraseBytes-
#79569	REDUCE cov: 1465 ft: 2904 corp: 290/8290Kb lim: 239306 exec/s: 1692 rss: 499Mb L: 2636/239306 MS: 1 EraseBytes-
#79602	REDUCE cov: 1465 ft: 2904 corp: 290/8290Kb lim: 239306 exec/s: 1693 rss: 499Mb L: 47/239306 MS: 3 ChangeBinInt-ChangeByte-EraseBytes-
#79645	REDUCE cov: 1465 ft: 2904 corp: 290/8290Kb lim: 239306 exec/s: 1694 rss: 499Mb L: 1389/239306 MS: 3 PersAutoDict-ChangeByte-EraseBytes- DE: "\002\377\377\377\377\377\377\377"-
#79788	REDUCE cov: 1465 ft: 2904 corp: 290/8285Kb lim: 239306 exec/s: 1697 rss: 499Mb L: 22434/239306 MS: 3 ShuffleBytes-ChangeBit-EraseBytes-
#79809	REDUCE cov: 1465 ft: 2904 corp: 290/8285Kb lim: 239306 exec/s: 1698 rss: 499Mb L: 36/239306 MS: 1 EraseBytes-
#80006	REDUCE cov: 1465 ft: 2904 corp: 290/8285Kb lim: 239306 exec/s: 1702 rss: 499Mb L: 308/239306 MS: 2 ChangeBinInt-EraseBytes-
#80030	REDUCE cov: 1465 ft: 2904 corp: 290/8284Kb lim: 239306 exec/s: 1702 rss: 499Mb L: 16490/239306 MS: 4 CrossOver-ChangeByte-ChangeASCIIInt-EraseBytes-
#80057	REDUCE cov: 1465 ft: 2904 corp: 290/8283Kb lim: 239306 exec/s: 1703 rss: 499Mb L: 5581/239306 MS: 2 ShuffleBytes-EraseBytes-
#80146	REDUCE cov: 1465 ft: 2904 corp: 290/8283Kb lim: 239306 exec/s: 1705 rss: 499Mb L: 72/239306 MS: 4 ChangeByte-CopyPart-ChangeByte-EraseBytes-
#80235	REDUCE cov: 1465 ft: 2904 corp: 290/8282Kb lim: 239306 exec/s: 1707 rss: 499Mb L: 582/239306 MS: 4 CMP-ChangeByte-ChangeASCIIInt-EraseBytes- DE: "\000\000\000\000\000\000\000\020"-
#80256	REDUCE cov: 1465 ft: 2904 corp: 290/8282Kb lim: 239306 exec/s: 1707 rss: 499Mb L: 193/239306 MS: 1 EraseBytes-
#80612	REDUCE cov: 1465 ft: 2904 corp: 290/8282Kb lim: 239306 exec/s: 1715 rss: 499Mb L: 245/239306 MS: 1 EraseBytes-
#80668	REDUCE cov: 1465 ft: 2904 corp: 290/8282Kb lim: 239306 exec/s: 1716 rss: 499Mb L: 272/239306 MS: 1 EraseBytes-
#80700	REDUCE cov: 1465 ft: 2904 corp: 290/8282Kb lim: 239306 exec/s: 1717 rss: 499Mb L: 30/239306 MS: 2 InsertByte-EraseBytes-
#80865	REDUCE cov: 1465 ft: 2904 corp: 290/8281Kb lim: 239306 exec/s: 1720 rss: 499Mb L: 1808/239306 MS: 5 CopyPart-EraseBytes-ShuffleBytes-PersAutoDict-InsertByte- DE: "\377\377\377\377"-
#80956	REDUCE cov: 1465 ft: 2904 corp: 290/8275Kb lim: 239306 exec/s: 1722 rss: 499Mb L: 21452/239306 MS: 1 EraseBytes-
#80995	REDUCE cov: 1465 ft: 2904 corp: 290/8275Kb lim: 239306 exec/s: 1723 rss: 499Mb L: 542/239306 MS: 4 CMP-EraseBytes-PersAutoDict-EraseBytes- DE: "\001\000\000\000"-"\001\000\000\000"-
#81027	REDUCE cov: 1465 ft: 2904 corp: 290/8274Kb lim: 239306 exec/s: 1723 rss: 499Mb L: 1411/239306 MS: 2 ChangeBinInt-EraseBytes-
#81033	REDUCE cov: 1465 ft: 2904 corp: 290/8234Kb lim: 239306 exec/s: 1724 rss: 499Mb L: 85118/239306 MS: 1 EraseBytes-
#81178	REDUCE cov: 1465 ft: 2904 corp: 290/8233Kb lim: 239306 exec/s: 1727 rss: 499Mb L: 293/239306 MS: 5 ShuffleBytes-InsertRepeatedBytes-InsertByte-CMP-EraseBytes- DE: "\001\000\000\000"-
#81181	REDUCE cov: 1465 ft: 2904 corp: 290/8233Kb lim: 239306 exec/s: 1727 rss: 499Mb L: 53/239306 MS: 3 CopyPart-ChangeBit-EraseBytes-
#81523	REDUCE cov: 1465 ft: 2904 corp: 290/8233Kb lim: 239306 exec/s: 1698 rss: 499Mb L: 683/239306 MS: 2 ChangeBinInt-EraseBytes-
#81587	REDUCE cov: 1465 ft: 2904 corp: 290/8233Kb lim: 239306 exec/s: 1699 rss: 499Mb L: 319/239306 MS: 4 ChangeBit-InsertByte-ChangeByte-EraseBytes-
#81598	REDUCE cov: 1465 ft: 2904 corp: 290/8233Kb lim: 239306 exec/s: 1699 rss: 499Mb L: 807/239306 MS: 1 EraseBytes-
#81604	REDUCE cov: 1465 ft: 2904 corp: 290/8233Kb lim: 239306 exec/s: 1700 rss: 499Mb L: 36/239306 MS: 1 EraseBytes-
#81640	REDUCE cov: 1465 ft: 2904 corp: 290/8232Kb lim: 239306 exec/s: 1700 rss: 499Mb L: 2196/239306 MS: 1 EraseBytes-
#81690	REDUCE cov: 1465 ft: 2904 corp: 290/8232Kb lim: 239306 exec/s: 1701 rss: 499Mb L: 337/239306 MS: 5 CopyPart-ShuffleBytes-ShuffleBytes-ShuffleBytes-EraseBytes-
#81697	REDUCE cov: 1465 ft: 2904 corp: 290/8231Kb lim: 239306 exec/s: 1702 rss: 499Mb L: 1383/239306 MS: 2 InsertByte-EraseBytes-
#81731	REDUCE cov: 1465 ft: 2904 corp: 290/8231Kb lim: 239306 exec/s: 1702 rss: 499Mb L: 951/239306 MS: 4 ChangeBinInt-ChangeASCIIInt-PersAutoDict-EraseBytes- DE: "\002\377\377\377\377\377\377\377"-
#81938	REDUCE cov: 1465 ft: 2904 corp: 290/8231Kb lim: 239306 exec/s: 1707 rss: 499Mb L: 758/239306 MS: 2 ChangeByte-EraseBytes-
#82044	REDUCE cov: 1465 ft: 2904 corp: 290/8231Kb lim: 239306 exec/s: 1709 rss: 499Mb L: 23/239306 MS: 1 EraseBytes-
#82065	REDUCE cov: 1465 ft: 2904 corp: 290/8229Kb lim: 239306 exec/s: 1709 rss: 499Mb L: 34806/239306 MS: 1 EraseBytes-
#82222	REDUCE cov: 1466 ft: 2905 corp: 291/8229Kb lim: 239306 exec/s: 1712 rss: 499Mb L: 15/239306 MS: 2 CopyPart-CopyPart-
#82249	REDUCE cov: 1466 ft: 2905 corp: 291/8227Kb lim: 239306 exec/s: 1713 rss: 499Mb L: 6863/239306 MS: 2 PersAutoDict-EraseBytes- DE: "\000\000\000\000\000\000\000/"-
#82431	REDUCE cov: 1466 ft: 2905 corp: 291/8227Kb lim: 239306 exec/s: 1717 rss: 499Mb L: 57/239306 MS: 2 EraseBytes-CMP- DE: "\001\000\000\000"-
#82588	REDUCE cov: 1466 ft: 2905 corp: 291/8213Kb lim: 239306 exec/s: 1720 rss: 499Mb L: 55942/239306 MS: 2 ChangeBit-EraseBytes-
#82599	REDUCE cov: 1466 ft: 2905 corp: 291/8213Kb lim: 239306 exec/s: 1720 rss: 499Mb L: 263/239306 MS: 1 EraseBytes-
#82645	REDUCE cov: 1466 ft: 2905 corp: 291/8213Kb lim: 239306 exec/s: 1721 rss: 499Mb L: 156/239306 MS: 1 EraseBytes-
#82661	REDUCE cov: 1466 ft: 2905 corp: 291/8213Kb lim: 239306 exec/s: 1722 rss: 499Mb L: 103/239306 MS: 1 EraseBytes-
#82752	REDUCE cov: 1466 ft: 2905 corp: 291/8213Kb lim: 239306 exec/s: 1724 rss: 499Mb L: 5115/239306 MS: 1 EraseBytes-
#82936	REDUCE cov: 1466 ft: 2905 corp: 291/8212Kb lim: 239306 exec/s: 1727 rss: 499Mb L: 465/239306 MS: 4 ChangeByte-ChangeByte-PersAutoDict-EraseBytes- DE: "\016\205J\207Z\3475\310"-
#83282	REDUCE cov: 1466 ft: 2905 corp: 291/8209Kb lim: 239306 exec/s: 1735 rss: 499Mb L: 24806/239306 MS: 1 EraseBytes-
#83299	REDUCE cov: 1466 ft: 2905 corp: 291/8183Kb lim: 239306 exec/s: 1735 rss: 499Mb L: 70803/239306 MS: 2 ChangeASCIIInt-EraseBytes-
#83323	REDUCE cov: 1466 ft: 2905 corp: 291/8178Kb lim: 239306 exec/s: 1735 rss: 499Mb L: 93673/239306 MS: 4 InsertRepeatedBytes-ShuffleBytes-InsertByte-EraseBytes-
#83458	REDUCE cov: 1466 ft: 2905 corp: 291/8178Kb lim: 239306 exec/s: 1738 rss: 499Mb L: 817/239306 MS: 5 CrossOver-InsertByte-InsertByte-CrossOver-EraseBytes-
#83459	REDUCE cov: 1466 ft: 2905 corp: 291/8177Kb lim: 239306 exec/s: 1738 rss: 499Mb L: 1932/239306 MS: 1 EraseBytes-
#83605	REDUCE cov: 1466 ft: 2905 corp: 291/8177Kb lim: 239306 exec/s: 1706 rss: 499Mb L: 257/239306 MS: 1 EraseBytes-
#83626	REDUCE cov: 1466 ft: 2905 corp: 291/8177Kb lim: 239306 exec/s: 1706 rss: 499Mb L: 13978/239306 MS: 1 EraseBytes-
#83627	REDUCE cov: 1466 ft: 2905 corp: 291/8176Kb lim: 239306 exec/s: 1706 rss: 499Mb L: 1810/239306 MS: 1 EraseBytes-
#83681	REDUCE cov: 1466 ft: 2905 corp: 291/8176Kb lim: 239306 exec/s: 1707 rss: 499Mb L: 79/239306 MS: 4 PersAutoDict-CopyPart-CopyPart-EraseBytes- DE: "U\014\000\000\000\000\000\000"-
#83722	REDUCE cov: 1466 ft: 2905 corp: 291/8176Kb lim: 239306 exec/s: 1708 rss: 499Mb L: 113/239306 MS: 1 EraseBytes-
#83849	REDUCE cov: 1466 ft: 2905 corp: 291/8176Kb lim: 239306 exec/s: 1711 rss: 499Mb L: 226/239306 MS: 2 ChangeASCIIInt-EraseBytes-
#83963	REDUCE cov: 1466 ft: 2905 corp: 291/8175Kb lim: 239306 exec/s: 1713 rss: 499Mb L: 22253/239306 MS: 4 ChangeASCIIInt-CrossOver-InsertByte-EraseBytes-
#84186	REDUCE cov: 1466 ft: 2905 corp: 291/8174Kb lim: 239306 exec/s: 1718 rss: 499Mb L: 9498/239306 MS: 3 ChangeByte-ShuffleBytes-EraseBytes-
#84229	REDUCE cov: 1466 ft: 2905 corp: 291/8174Kb lim: 239306 exec/s: 1718 rss: 499Mb L: 3592/239306 MS: 3 PersAutoDict-InsertRepeatedBytes-EraseBytes- DE: "\001\000\000\003"-
#84485	REDUCE cov: 1466 ft: 2905 corp: 291/8164Kb lim: 239306 exec/s: 1724 rss: 499Mb L: 32113/239306 MS: 1 EraseBytes-
#84532	REDUCE cov: 1466 ft: 2905 corp: 291/8164Kb lim: 239306 exec/s: 1725 rss: 499Mb L: 441/239306 MS: 2 CMP-EraseBytes- DE: "\377\377\377\377\377\377\377\377"-
#84597	REDUCE cov: 1466 ft: 2905 corp: 291/8164Kb lim: 239306 exec/s: 1726 rss: 499Mb L: 3152/239306 MS: 5 PersAutoDict-ChangeBinInt-EraseBytes-ChangeBinInt-PersAutoDict- DE: "\006\377\377\377\377\377\377\377"-"\002\000\000\000\000\000\000\000"-
#84691	REDUCE cov: 1466 ft: 2905 corp: 291/8164Kb lim: 239306 exec/s: 1728 rss: 499Mb L: 359/239306 MS: 4 InsertRepeatedBytes-InsertByte-InsertByte-EraseBytes-
#84707	REDUCE cov: 1466 ft: 2905 corp: 291/8145Kb lim: 239306 exec/s: 1728 rss: 499Mb L: 52301/239306 MS: 1 EraseBytes-
#84893	REDUCE cov: 1466 ft: 2905 corp: 291/8145Kb lim: 239306 exec/s: 1732 rss: 499Mb L: 411/239306 MS: 1 EraseBytes-
#84937	REDUCE cov: 1466 ft: 2905 corp: 291/8145Kb lim: 239306 exec/s: 1733 rss: 499Mb L: 22/239306 MS: 4 CrossOver-ChangeBit-ChangeBit-EraseBytes-
#85063	REDUCE cov: 1466 ft: 2905 corp: 291/8145Kb lim: 239306 exec/s: 1735 rss: 499Mb L: 232/239306 MS: 1 EraseBytes-
#85170	REDUCE cov: 1466 ft: 2905 corp: 291/8145Kb lim: 239306 exec/s: 1738 rss: 499Mb L: 266/239306 MS: 2 ShuffleBytes-EraseBytes-
#85236	REDUCE cov: 1466 ft: 2905 corp: 291/8145Kb lim: 239306 exec/s: 1739 rss: 499Mb L: 647/239306 MS: 1 EraseBytes-
#85327	REDUCE cov: 1466 ft: 2905 corp: 291/8144Kb lim: 239306 exec/s: 1741 rss: 499Mb L: 11989/239306 MS: 1 EraseBytes-
#85411	REDUCE cov: 1466 ft: 2905 corp: 291/8144Kb lim: 239306 exec/s: 1743 rss: 499Mb L: 11/239306 MS: 4 ChangeBit-CrossOver-ChangeBit-EraseBytes-
#85588	REDUCE cov: 1466 ft: 2905 corp: 291/8143Kb lim: 239306 exec/s: 1746 rss: 499Mb L: 4699/239306 MS: 2 InsertRepeatedBytes-EraseBytes-
#85681	REDUCE cov: 1466 ft: 2905 corp: 291/8143Kb lim: 239306 exec/s: 1748 rss: 499Mb L: 185/239306 MS: 3 ChangeBinInt-CrossOver-EraseBytes-
#85783	REDUCE cov: 1466 ft: 2905 corp: 291/8143Kb lim: 239306 exec/s: 1750 rss: 499Mb L: 284/239306 MS: 2 CopyPart-EraseBytes-
#85891	REDUCE cov: 1466 ft: 2905 corp: 291/8142Kb lim: 239306 exec/s: 1752 rss: 499Mb L: 2481/239306 MS: 3 ChangeBit-InsertByte-EraseBytes-
#85946	REDUCE cov: 1466 ft: 2905 corp: 291/8142Kb lim: 239306 exec/s: 1754 rss: 499Mb L: 2168/239306 MS: 5 InsertRepeatedBytes-CopyPart-InsertByte-PersAutoDict-EraseBytes- DE: "\257\000\000\000\000\000\000\000"-
#85972	REDUCE cov: 1466 ft: 2905 corp: 291/8142Kb lim: 239306 exec/s: 1754 rss: 499Mb L: 1147/239306 MS: 1 EraseBytes-
#85990	REDUCE cov: 1466 ft: 2905 corp: 291/8142Kb lim: 239306 exec/s: 1754 rss: 499Mb L: 2041/239306 MS: 3 ChangeBinInt-PersAutoDict-EraseBytes- DE: "\001\000\000\000\000\000\000\255"-
#86200	REDUCE cov: 1466 ft: 2905 corp: 291/8141Kb lim: 239306 exec/s: 1724 rss: 499Mb L: 80/239306 MS: 5 InsertByte-EraseBytes-ChangeBit-InsertByte-EraseBytes-
#86206	REDUCE cov: 1466 ft: 2905 corp: 291/8141Kb lim: 239306 exec/s: 1724 rss: 499Mb L: 225/239306 MS: 1 EraseBytes-
#86207	REDUCE cov: 1466 ft: 2905 corp: 291/8141Kb lim: 239306 exec/s: 1724 rss: 499Mb L: 969/239306 MS: 1 EraseBytes-
#86273	REDUCE cov: 1466 ft: 2905 corp: 291/8122Kb lim: 239306 exec/s: 1725 rss: 499Mb L: 56287/239306 MS: 1 EraseBytes-
#86376	REDUCE cov: 1466 ft: 2905 corp: 291/8122Kb lim: 239306 exec/s: 1727 rss: 499Mb L: 371/239306 MS: 3 CMP-CopyPart-EraseBytes- DE: "\001\000\000\000\000\000\000\000"-
#86470	REDUCE cov: 1466 ft: 2905 corp: 291/8122Kb lim: 239306 exec/s: 1729 rss: 499Mb L: 2244/239306 MS: 4 ChangeBit-PersAutoDict-ChangeBinInt-EraseBytes- DE: "\377\377z\002\013\246\321\000"-
#86496	REDUCE cov: 1466 ft: 2905 corp: 291/8119Kb lim: 239306 exec/s: 1729 rss: 499Mb L: 13516/239306 MS: 1 EraseBytes-
#86502	REDUCE cov: 1466 ft: 2905 corp: 291/8119Kb lim: 239306 exec/s: 1730 rss: 499Mb L: 441/239306 MS: 1 EraseBytes-
#86743	REDUCE cov: 1467 ft: 2906 corp: 292/8119Kb lim: 239306 exec/s: 1734 rss: 499Mb L: 15/239306 MS: 1 ChangeByte-
#86847	REDUCE cov: 1467 ft: 2906 corp: 292/8119Kb lim: 239306 exec/s: 1736 rss: 499Mb L: 47/239306 MS: 4 ChangeBit-EraseBytes-ChangeBit-CopyPart-
#86854	REDUCE cov: 1467 ft: 2906 corp: 292/8119Kb lim: 239306 exec/s: 1737 rss: 499Mb L: 624/239306 MS: 2 ChangeByte-EraseBytes-
#86990	REDUCE cov: 1467 ft: 2906 corp: 292/8087Kb lim: 239306 exec/s: 1739 rss: 499Mb L: 117098/239306 MS: 1 EraseBytes-
#87032	REDUCE cov: 1467 ft: 2906 corp: 292/8087Kb lim: 239306 exec/s: 1740 rss: 499Mb L: 686/239306 MS: 2 CMP-EraseBytes- DE: "\001\000\000\000\000\000\000\000"-
#87075	REDUCE cov: 1467 ft: 2906 corp: 292/8087Kb lim: 239306 exec/s: 1741 rss: 499Mb L: 961/239306 MS: 3 EraseBytes-ChangeASCIIInt-InsertByte-
#87107	REDUCE cov: 1467 ft: 2906 corp: 292/8087Kb lim: 239306 exec/s: 1742 rss: 499Mb L: 158/239306 MS: 2 InsertByte-EraseBytes-
#87118	REDUCE cov: 1467 ft: 2906 corp: 292/8086Kb lim: 239306 exec/s: 1742 rss: 499Mb L: 12439/239306 MS: 1 EraseBytes-
#87125	REDUCE cov: 1467 ft: 2906 corp: 292/8076Kb lim: 239306 exec/s: 1742 rss: 499Mb L: 12078/239306 MS: 2 ShuffleBytes-EraseBytes-
#87192	REDUCE cov: 1467 ft: 2906 corp: 292/8075Kb lim: 239306 exec/s: 1743 rss: 499Mb L: 9791/239306 MS: 2 ChangeBinInt-EraseBytes-
#87298	REDUCE cov: 1467 ft: 2906 corp: 292/8075Kb lim: 239306 exec/s: 1745 rss: 499Mb L: 235/239306 MS: 1 EraseBytes-
#87313	REDUCE cov: 1467 ft: 2906 corp: 292/8075Kb lim: 239306 exec/s: 1746 rss: 499Mb L: 1782/239306 MS: 5 CrossOver-InsertRepeatedBytes-ChangeBit-ShuffleBytes-EraseBytes-
#87324	REDUCE cov: 1467 ft: 2906 corp: 292/8075Kb lim: 239306 exec/s: 1746 rss: 499Mb L: 963/239306 MS: 1 EraseBytes-
#87347	REDUCE cov: 1467 ft: 2906 corp: 292/8074Kb lim: 239306 exec/s: 1746 rss: 499Mb L: 1102/239306 MS: 3 CMP-EraseBytes-InsertRepeatedBytes- DE: "\377\377\377\377"-
#87358	REDUCE cov: 1467 ft: 2906 corp: 292/8074Kb lim: 239306 exec/s: 1747 rss: 499Mb L: 29/239306 MS: 1 EraseBytes-
#87531	REDUCE cov: 1467 ft: 2906 corp: 292/8074Kb lim: 239306 exec/s: 1750 rss: 499Mb L: 139/239306 MS: 3 ShuffleBytes-CopyPart-EraseBytes-
#87590	REDUCE cov: 1467 ft: 2906 corp: 292/8064Kb lim: 239306 exec/s: 1751 rss: 499Mb L: 83641/239306 MS: 4 ChangeByte-InsertByte-EraseBytes-CrossOver-
#87711	REDUCE cov: 1467 ft: 2906 corp: 292/8064Kb lim: 239306 exec/s: 1754 rss: 499Mb L: 5599/239306 MS: 1 EraseBytes-
#87849	REDUCE cov: 1467 ft: 2906 corp: 292/8064Kb lim: 239306 exec/s: 1756 rss: 499Mb L: 34/239306 MS: 3 CMP-InsertByte-EraseBytes- DE: "UUUUUUU\005"-
#87979	REDUCE cov: 1467 ft: 2907 corp: 293/8067Kb lim: 239306 exec/s: 1759 rss: 499Mb L: 3600/239306 MS: 5 InsertByte-ChangeBinInt-CopyPart-CrossOver-CrossOver-
#88066	REDUCE cov: 1467 ft: 2907 corp: 293/8067Kb lim: 239306 exec/s: 1761 rss: 499Mb L: 21/239306 MS: 2 CopyPart-EraseBytes-
#88267	REDUCE cov: 1467 ft: 2907 corp: 293/8055Kb lim: 239306 exec/s: 1765 rss: 499Mb L: 19180/239306 MS: 1 EraseBytes-
#88308	REDUCE cov: 1467 ft: 2907 corp: 293/8055Kb lim: 239306 exec/s: 1731 rss: 499Mb L: 7/239306 MS: 1 EraseBytes-
#88309	REDUCE cov: 1467 ft: 2907 corp: 293/8055Kb lim: 239306 exec/s: 1731 rss: 499Mb L: 345/239306 MS: 1 EraseBytes-
#88558	REDUCE cov: 1467 ft: 2907 corp: 293/8054Kb lim: 239306 exec/s: 1736 rss: 499Mb L: 4504/239306 MS: 4 ChangeByte-ChangeBit-CopyPart-EraseBytes-
#88719	REDUCE cov: 1467 ft: 2907 corp: 293/8054Kb lim: 239306 exec/s: 1739 rss: 499Mb L: 46/239306 MS: 1 EraseBytes-
#89062	REDUCE cov: 1467 ft: 2907 corp: 293/8048Kb lim: 239306 exec/s: 1746 rss: 499Mb L: 12835/239306 MS: 3 EraseBytes-ChangeBit-CopyPart-
#89086	REDUCE cov: 1467 ft: 2907 corp: 293/8048Kb lim: 239306 exec/s: 1746 rss: 499Mb L: 270/239306 MS: 4 InsertByte-ChangeASCIIInt-ChangeASCIIInt-EraseBytes-
#89112	NEW    cov: 1468 ft: 2908 corp: 294/8048Kb lim: 239306 exec/s: 1747 rss: 499Mb L: 17/239306 MS: 1 PersAutoDict- DE: "\000\000"-
#89278	REDUCE cov: 1468 ft: 2908 corp: 294/8048Kb lim: 239306 exec/s: 1750 rss: 499Mb L: 71/239306 MS: 1 EraseBytes-
#89320	REDUCE cov: 1468 ft: 2908 corp: 294/8048Kb lim: 239306 exec/s: 1751 rss: 499Mb L: 558/239306 MS: 2 PersAutoDict-EraseBytes- DE: "\000\000\000\000\000\000\000\000"-
#89342	REDUCE cov: 1468 ft: 2908 corp: 294/8047Kb lim: 239306 exec/s: 1751 rss: 499Mb L: 21224/239306 MS: 2 InsertRepeatedBytes-EraseBytes-
#89383	REDUCE cov: 1468 ft: 2908 corp: 294/8041Kb lim: 239306 exec/s: 1752 rss: 499Mb L: 69719/239306 MS: 1 EraseBytes-
#89504	REDUCE cov: 1468 ft: 2908 corp: 294/8040Kb lim: 239306 exec/s: 1754 rss: 499Mb L: 5034/239306 MS: 1 EraseBytes-
#89568	REDUCE cov: 1468 ft: 2908 corp: 294/8029Kb lim: 239306 exec/s: 1756 rss: 499Mb L: 12383/239306 MS: 4 PersAutoDict-CMP-ChangeBinInt-EraseBytes- DE: "\001\000"-"\023(\022\300'\037N\224"-
#89964	REDUCE cov: 1468 ft: 2908 corp: 294/8029Kb lim: 239306 exec/s: 1764 rss: 499Mb L: 11/239306 MS: 1 EraseBytes-
#90145	REDUCE cov: 1468 ft: 2908 corp: 294/8029Kb lim: 239306 exec/s: 1767 rss: 499Mb L: 594/239306 MS: 1 EraseBytes-
#90288	REDUCE cov: 1468 ft: 2908 corp: 294/8029Kb lim: 239306 exec/s: 1770 rss: 499Mb L: 286/239306 MS: 3 InsertByte-InsertByte-EraseBytes-
#90475	REDUCE cov: 1468 ft: 2908 corp: 294/8029Kb lim: 239306 exec/s: 1774 rss: 499Mb L: 193/239306 MS: 2 PersAutoDict-EraseBytes- DE: "\377\377z\002\013\246\321\000"-
#90487	REDUCE cov: 1468 ft: 2908 corp: 294/8029Kb lim: 239306 exec/s: 1774 rss: 499Mb L: 368/239306 MS: 2 ChangeBit-EraseBytes-
#90659	REDUCE cov: 1468 ft: 2908 corp: 294/8029Kb lim: 239306 exec/s: 1777 rss: 499Mb L: 2694/239306 MS: 2 ChangeASCIIInt-EraseBytes-
#90679	REDUCE cov: 1468 ft: 2908 corp: 294/8029Kb lim: 239306 exec/s: 1778 rss: 499Mb L: 178/239306 MS: 5 ChangeBinInt-ShuffleBytes-ShuffleBytes-ChangeBinInt-EraseBytes-
#90711	REDUCE cov: 1468 ft: 2908 corp: 294/8028Kb lim: 239306 exec/s: 1778 rss: 499Mb L: 345/239306 MS: 2 PersAutoDict-EraseBytes- DE: "\016\205J\207Z\3475\310"-
#90792	REDUCE cov: 1468 ft: 2908 corp: 294/8028Kb lim: 239306 exec/s: 1746 rss: 499Mb L: 2213/239306 MS: 1 EraseBytes-
#90818	REDUCE cov: 1468 ft: 2908 corp: 294/8028Kb lim: 239306 exec/s: 1746 rss: 499Mb L: 137/239306 MS: 1 EraseBytes-
#90889	REDUCE cov: 1468 ft: 2908 corp: 294/8028Kb lim: 239306 exec/s: 1747 rss: 499Mb L: 772/239306 MS: 1 EraseBytes-
#91156	REDUCE cov: 1468 ft: 2908 corp: 294/8028Kb lim: 239306 exec/s: 1753 rss: 499Mb L: 33/239306 MS: 2 ShuffleBytes-EraseBytes-
#91316	REDUCE cov: 1468 ft: 2908 corp: 294/8018Kb lim: 239306 exec/s: 1756 rss: 499Mb L: 81805/239306 MS: 5 ChangeBinInt-CrossOver-PersAutoDict-PersAutoDict-EraseBytes- DE: "\020\000\000\000\000\000\000\000"-"\007\000\000\000\000\000\000\000"-
#91357	REDUCE cov: 1468 ft: 2908 corp: 294/8017Kb lim: 239306 exec/s: 1756 rss: 499Mb L: 1933/239306 MS: 1 EraseBytes-
#91409	REDUCE cov: 1468 ft: 2908 corp: 294/8017Kb lim: 239306 exec/s: 1757 rss: 499Mb L: 56/239306 MS: 2 CMP-EraseBytes- DE: "\000\000\000\000"-
#91415	REDUCE cov: 1468 ft: 2908 corp: 294/8017Kb lim: 239306 exec/s: 1757 rss: 499Mb L: 53/239306 MS: 1 EraseBytes-
#91425	REDUCE cov: 1468 ft: 2908 corp: 294/8017Kb lim: 239306 exec/s: 1758 rss: 499Mb L: 707/239306 MS: 5 ShuffleBytes-ChangeByte-ChangeBinInt-ChangeBinInt-EraseBytes-
#91494	REDUCE cov: 1468 ft: 2908 corp: 294/8017Kb lim: 239306 exec/s: 1759 rss: 499Mb L: 2017/239306 MS: 4 ChangeBinInt-InsertRepeatedBytes-ChangeBit-EraseBytes-
#91501	REDUCE cov: 1468 ft: 2908 corp: 294/8007Kb lim: 239306 exec/s: 1759 rss: 499Mb L: 59739/239306 MS: 2 CrossOver-EraseBytes-
#91628	REDUCE cov: 1468 ft: 2908 corp: 294/8007Kb lim: 239306 exec/s: 1762 rss: 499Mb L: 607/239306 MS: 2 ShuffleBytes-EraseBytes-
#91684	REDUCE cov: 1468 ft: 2908 corp: 294/8007Kb lim: 239306 exec/s: 1763 rss: 499Mb L: 264/239306 MS: 1 EraseBytes-
#91691	REDUCE cov: 1468 ft: 2908 corp: 294/8007Kb lim: 239306 exec/s: 1763 rss: 499Mb L: 10/239306 MS: 2 ChangeByte-EraseBytes-
#91943	REDUCE cov: 1468 ft: 2908 corp: 294/8007Kb lim: 239306 exec/s: 1768 rss: 499Mb L: 327/239306 MS: 2 ChangeASCIIInt-EraseBytes-
#91959	REDUCE cov: 1468 ft: 2908 corp: 294/8007Kb lim: 239306 exec/s: 1768 rss: 499Mb L: 563/239306 MS: 1 EraseBytes-
#91978	REDUCE cov: 1468 ft: 2908 corp: 294/8006Kb lim: 239306 exec/s: 1768 rss: 499Mb L: 1138/239306 MS: 4 ChangeBit-ChangeByte-ChangeByte-EraseBytes-
#91996	REDUCE cov: 1468 ft: 2908 corp: 294/8006Kb lim: 239306 exec/s: 1769 rss: 499Mb L: 7/239306 MS: 3 CopyPart-InsertByte-EraseBytes-
#92083	REDUCE cov: 1468 ft: 2908 corp: 294/8006Kb lim: 239306 exec/s: 1770 rss: 499Mb L: 621/239306 MS: 2 CMP-EraseBytes- DE: "\001\000\000\000\000\000\000\000"-
#92215	REDUCE cov: 1468 ft: 2908 corp: 294/8005Kb lim: 239306 exec/s: 1773 rss: 499Mb L: 34124/239306 MS: 2 ShuffleBytes-EraseBytes-
#92379	REDUCE cov: 1468 ft: 2908 corp: 294/7991Kb lim: 239306 exec/s: 1776 rss: 499Mb L: 183891/239306 MS: 4 InsertRepeatedBytes-ShuffleBytes-ChangeBit-EraseBytes-
#92396	REDUCE cov: 1468 ft: 2908 corp: 294/7991Kb lim: 239306 exec/s: 1776 rss: 499Mb L: 309/239306 MS: 2 ShuffleBytes-EraseBytes-
#92457	REDUCE cov: 1468 ft: 2908 corp: 294/7991Kb lim: 239306 exec/s: 1778 rss: 499Mb L: 7533/239306 MS: 1 EraseBytes-
#92483	REDUCE cov: 1468 ft: 2908 corp: 294/7991Kb lim: 239306 exec/s: 1778 rss: 499Mb L: 228/239306 MS: 1 EraseBytes-
#92628	REDUCE cov: 1468 ft: 2908 corp: 294/7991Kb lim: 239306 exec/s: 1781 rss: 499Mb L: 412/239306 MS: 5 InsertByte-PersAutoDict-ChangeBinInt-PersAutoDict-EraseBytes- DE: "\002\377\377\377\377\377\377\377"-"\377\377"-
#93002	REDUCE cov: 1468 ft: 2908 corp: 294/7990Kb lim: 239306 exec/s: 1788 rss: 499Mb L: 448/239306 MS: 4 CrossOver-ChangeBit-ChangeByte-EraseBytes-
#93023	REDUCE cov: 1468 ft: 2908 corp: 294/7990Kb lim: 239306 exec/s: 1788 rss: 499Mb L: 304/239306 MS: 1 EraseBytes-
#93085	REDUCE cov: 1468 ft: 2908 corp: 294/7990Kb lim: 239306 exec/s: 1790 rss: 499Mb L: 350/239306 MS: 2 ChangeByte-EraseBytes-
#93271	REDUCE cov: 1468 ft: 2908 corp: 294/7990Kb lim: 239306 exec/s: 1759 rss: 499Mb L: 33/239306 MS: 1 EraseBytes-
#93421	REDUCE cov: 1468 ft: 2908 corp: 294/7990Kb lim: 239306 exec/s: 1762 rss: 499Mb L: 98/239306 MS: 5 ChangeBinInt-InsertByte-InsertRepeatedBytes-EraseBytes-ChangeByte-
#93426	REDUCE cov: 1468 ft: 2908 corp: 294/7986Kb lim: 239306 exec/s: 1762 rss: 499Mb L: 20755/239306 MS: 5 ChangeBinInt-EraseBytes-ChangeByte-ChangeASCIIInt-ChangeBinInt-
#93485	REDUCE cov: 1468 ft: 2908 corp: 294/7986Kb lim: 239306 exec/s: 1763 rss: 499Mb L: 25/239306 MS: 4 ChangeBinInt-ChangeASCIIInt-ChangeBit-EraseBytes-
#93801	REDUCE cov: 1468 ft: 2910 corp: 295/8186Kb lim: 239306 exec/s: 1769 rss: 499Mb L: 204800/239306 MS: 1 CopyPart-
#93962	REDUCE cov: 1468 ft: 2910 corp: 295/8186Kb lim: 239306 exec/s: 1772 rss: 499Mb L: 32/239306 MS: 1 EraseBytes-
#94004	REDUCE cov: 1468 ft: 2910 corp: 295/8186Kb lim: 239306 exec/s: 1773 rss: 499Mb L: 3003/239306 MS: 2 ChangeBit-EraseBytes-
#94071	REDUCE cov: 1468 ft: 2910 corp: 295/8185Kb lim: 239306 exec/s: 1774 rss: 499Mb L: 6366/239306 MS: 2 PersAutoDict-EraseBytes- DE: "\377\377z\002\013\246\321\000"-
#94121	REDUCE cov: 1468 ft: 2910 corp: 295/8185Kb lim: 239306 exec/s: 1775 rss: 499Mb L: 1702/239306 MS: 5 PersAutoDict-InsertRepeatedBytes-CMP-CrossOver-EraseBytes- DE: "\257\000\000\000\000\000\000\000"-"I\213\210}\217 \347\373"-
#94207	REDUCE cov: 1468 ft: 2914 corp: 296/8186Kb lim: 239306 exec/s: 1777 rss: 499Mb L: 624/239306 MS: 1 ShuffleBytes-
#94333	REDUCE cov: 1468 ft: 2914 corp: 296/8186Kb lim: 239306 exec/s: 1779 rss: 499Mb L: 300/239306 MS: 1 EraseBytes-
#94334	REDUCE cov: 1468 ft: 2914 corp: 296/8186Kb lim: 239306 exec/s: 1779 rss: 499Mb L: 236/239306 MS: 1 EraseBytes-
#94450	REDUCE cov: 1468 ft: 2914 corp: 296/8186Kb lim: 239306 exec/s: 1782 rss: 499Mb L: 547/239306 MS: 1 EraseBytes-
#94460	REDUCE cov: 1468 ft: 2914 corp: 296/8186Kb lim: 239306 exec/s: 1782 rss: 499Mb L: 28/239306 MS: 5 ChangeByte-CMP-CopyPart-InsertByte-EraseBytes- DE: "\001\000\000\000"-
#94765	REDUCE cov: 1468 ft: 2914 corp: 296/8186Kb lim: 239306 exec/s: 1788 rss: 499Mb L: 153/239306 MS: 5 ChangeBinInt-ChangeByte-ChangeBinInt-ChangeBit-EraseBytes-
#94911	REDUCE cov: 1468 ft: 2914 corp: 296/8186Kb lim: 239306 exec/s: 1790 rss: 499Mb L: 327/239306 MS: 1 EraseBytes-
#94914	REDUCE cov: 1468 ft: 2914 corp: 296/8186Kb lim: 239306 exec/s: 1790 rss: 499Mb L: 19/239306 MS: 3 ChangeBinInt-ChangeByte-EraseBytes-
#94954	REDUCE cov: 1468 ft: 2914 corp: 296/8186Kb lim: 239306 exec/s: 1791 rss: 499Mb L: 320/239306 MS: 5 InsertByte-ChangeASCIIInt-ShuffleBytes-ChangeByte-EraseBytes-
#94955	REDUCE cov: 1468 ft: 2914 corp: 296/8185Kb lim: 239306 exec/s: 1791 rss: 499Mb L: 409/239306 MS: 1 EraseBytes-
#94986	REDUCE cov: 1468 ft: 2914 corp: 296/8185Kb lim: 239306 exec/s: 1792 rss: 499Mb L: 504/239306 MS: 1 EraseBytes-
#94997	REDUCE cov: 1468 ft: 2914 corp: 296/8185Kb lim: 239306 exec/s: 1792 rss: 499Mb L: 260/239306 MS: 1 EraseBytes-
#95069	REDUCE cov: 1468 ft: 2914 corp: 296/8181Kb lim: 239306 exec/s: 1793 rss: 499Mb L: 8317/239306 MS: 2 CMP-EraseBytes- DE: "\001\000\000\000\000\000\000M"-
#95171	REDUCE cov: 1468 ft: 2914 corp: 296/8173Kb lim: 239306 exec/s: 1795 rss: 499Mb L: 75017/239306 MS: 2 ShuffleBytes-EraseBytes-
#95333	REDUCE cov: 1468 ft: 2914 corp: 296/8173Kb lim: 239306 exec/s: 1798 rss: 499Mb L: 58/239306 MS: 2 ChangeByte-EraseBytes-
#95410	REDUCE cov: 1468 ft: 2914 corp: 296/8173Kb lim: 239306 exec/s: 1800 rss: 499Mb L: 11/239306 MS: 2 ChangeBinInt-EraseBytes-
#95521	REDUCE cov: 1468 ft: 2914 corp: 296/8172Kb lim: 239306 exec/s: 1802 rss: 499Mb L: 150/239306 MS: 1 EraseBytes-
#95568	REDUCE cov: 1468 ft: 2914 corp: 296/8170Kb lim: 239306 exec/s: 1803 rss: 499Mb L: 7330/239306 MS: 2 InsertByte-EraseBytes-
#95686	REDUCE cov: 1468 ft: 2914 corp: 296/8170Kb lim: 239306 exec/s: 1771 rss: 499Mb L: 633/239306 MS: 3 ChangeByte-PersAutoDict-EraseBytes- DE: "\000\003"-
#95692	REDUCE cov: 1468 ft: 2914 corp: 296/8152Kb lim: 239306 exec/s: 1772 rss: 499Mb L: 92725/239306 MS: 1 EraseBytes-
#95693	REDUCE cov: 1468 ft: 2914 corp: 296/8152Kb lim: 239306 exec/s: 1772 rss: 499Mb L: 49/239306 MS: 1 EraseBytes-
#95794	REDUCE cov: 1468 ft: 2914 corp: 296/8152Kb lim: 239306 exec/s: 1773 rss: 499Mb L: 202/239306 MS: 1 EraseBytes-
#95860	REDUCE cov: 1468 ft: 2914 corp: 296/8149Kb lim: 239306 exec/s: 1775 rss: 499Mb L: 6298/239306 MS: 1 EraseBytes-
#96018	REDUCE cov: 1468 ft: 2914 corp: 296/8149Kb lim: 239306 exec/s: 1778 rss: 499Mb L: 6/239306 MS: 3 CopyPart-ChangeBit-EraseBytes-
#96050	REDUCE cov: 1468 ft: 2914 corp: 296/8149Kb lim: 239306 exec/s: 1778 rss: 499Mb L: 420/239306 MS: 2 InsertRepeatedBytes-EraseBytes-
#96087	REDUCE cov: 1468 ft: 2914 corp: 296/8149Kb lim: 239306 exec/s: 1779 rss: 499Mb L: 261/239306 MS: 2 CopyPart-EraseBytes-
#96119	REDUCE cov: 1468 ft: 2914 corp: 296/8149Kb lim: 239306 exec/s: 1779 rss: 499Mb L: 345/239306 MS: 2 ShuffleBytes-EraseBytes-
#96140	REDUCE cov: 1468 ft: 2914 corp: 296/8148Kb lim: 239306 exec/s: 1780 rss: 499Mb L: 375/239306 MS: 1 EraseBytes-
#96323	REDUCE cov: 1469 ft: 2924 corp: 297/8149Kb lim: 239306 exec/s: 1783 rss: 499Mb L: 639/239306 MS: 3 InsertRepeatedBytes-ShuffleBytes-ChangeBinInt-
#96355	REDUCE cov: 1469 ft: 2924 corp: 297/8147Kb lim: 239306 exec/s: 1784 rss: 499Mb L: 2281/239306 MS: 2 ShuffleBytes-EraseBytes-
#96428	REDUCE cov: 1469 ft: 2924 corp: 297/8147Kb lim: 239306 exec/s: 1785 rss: 499Mb L: 2268/239306 MS: 3 CMP-ChangeBinInt-EraseBytes- DE: "\004\000\000\000\000\000\000\000"-
#96477	REDUCE cov: 1469 ft: 2924 corp: 297/8146Kb lim: 239306 exec/s: 1786 rss: 499Mb L: 4794/239306 MS: 4 InsertRepeatedBytes-ShuffleBytes-InsertRepeatedBytes-EraseBytes-
#96593	REDUCE cov: 1469 ft: 2924 corp: 297/8146Kb lim: 239306 exec/s: 1788 rss: 499Mb L: 121/239306 MS: 1 EraseBytes-
#96672	REDUCE cov: 1469 ft: 2924 corp: 297/8131Kb lim: 239306 exec/s: 1790 rss: 499Mb L: 36562/239306 MS: 4 ShuffleBytes-ShuffleBytes-ChangeByte-EraseBytes-
#96685	REDUCE cov: 1469 ft: 2924 corp: 297/8125Kb lim: 239306 exec/s: 1790 rss: 499Mb L: 67664/239306 MS: 3 InsertRepeatedBytes-ChangeBinInt-EraseBytes-
#96726	REDUCE cov: 1469 ft: 2924 corp: 297/8125Kb lim: 239306 exec/s: 1791 rss: 499Mb L: 148/239306 MS: 1 EraseBytes-
#96824	REDUCE cov: 1469 ft: 2924 corp: 297/8122Kb lim: 239306 exec/s: 1793 rss: 499Mb L: 31249/239306 MS: 3 ChangeBit-InsertRepeatedBytes-EraseBytes-
#96829	REDUCE cov: 1469 ft: 2924 corp: 297/8118Kb lim: 239306 exec/s: 1793 rss: 499Mb L: 16337/239306 MS: 5 ChangeASCIIInt-ChangeByte-InsertByte-ChangeBinInt-EraseBytes-
#96996	REDUCE cov: 1469 ft: 2924 corp: 297/8110Kb lim: 239306 exec/s: 1796 rss: 499Mb L: 61052/239306 MS: 2 InsertRepeatedBytes-EraseBytes-
#97423	REDUCE cov: 1469 ft: 2939 corp: 298/8112Kb lim: 239306 exec/s: 1804 rss: 499Mb L: 2025/239306 MS: 2 ChangeBit-PersAutoDict- DE: "\000\000\000\000\000\000\000\030"-
#97545	REDUCE cov: 1469 ft: 2939 corp: 298/8109Kb lim: 239306 exec/s: 1806 rss: 499Mb L: 18194/239306 MS: 2 InsertByte-EraseBytes-
#97577	REDUCE cov: 1469 ft: 2939 corp: 298/8108Kb lim: 239306 exec/s: 1806 rss: 499Mb L: 1251/239306 MS: 2 InsertRepeatedBytes-EraseBytes-
#97718	REDUCE cov: 1469 ft: 2939 corp: 298/8108Kb lim: 239306 exec/s: 1809 rss: 499Mb L: 133/239306 MS: 1 EraseBytes-
#97729	REDUCE cov: 1469 ft: 2939 corp: 298/8108Kb lim: 239306 exec/s: 1809 rss: 499Mb L: 4/239306 MS: 1 EraseBytes-
#97770	REDUCE cov: 1469 ft: 2939 corp: 298/8108Kb lim: 239306 exec/s: 1810 rss: 499Mb L: 40/239306 MS: 1 EraseBytes-
#97936	REDUCE cov: 1469 ft: 2939 corp: 298/8105Kb lim: 239306 exec/s: 1813 rss: 499Mb L: 5692/239306 MS: 1 EraseBytes-
#98047	REDUCE cov: 1469 ft: 2939 corp: 298/8105Kb lim: 239306 exec/s: 1815 rss: 499Mb L: 8/239306 MS: 1 EraseBytes-
#98070	REDUCE cov: 1469 ft: 2939 corp: 298/8097Kb lim: 239306 exec/s: 1816 rss: 499Mb L: 59707/239306 MS: 3 CMP-ChangeASCIIInt-EraseBytes- DE: "\000\000"-
#98087	REDUCE cov: 1469 ft: 2939 corp: 298/8097Kb lim: 239306 exec/s: 1816 rss: 499Mb L: 402/239306 MS: 2 ShuffleBytes-EraseBytes-
#98164	REDUCE cov: 1469 ft: 2939 corp: 298/8097Kb lim: 239306 exec/s: 1817 rss: 499Mb L: 109/239306 MS: 2 PersAutoDict-EraseBytes- DE: "\000\000"-
#98215	REDUCE cov: 1469 ft: 2939 corp: 298/8097Kb lim: 239306 exec/s: 1818 rss: 499Mb L: 1917/239306 MS: 1 EraseBytes-
#98421	REDUCE cov: 1469 ft: 2939 corp: 298/8091Kb lim: 239306 exec/s: 1789 rss: 499Mb L: 111554/239306 MS: 1 EraseBytes-
#98537	REDUCE cov: 1469 ft: 2939 corp: 298/8091Kb lim: 239306 exec/s: 1791 rss: 499Mb L: 303/239306 MS: 1 EraseBytes-
#98627	REDUCE cov: 1469 ft: 2939 corp: 298/8073Kb lim: 239306 exec/s: 1793 rss: 499Mb L: 42274/239306 MS: 5 ChangeBit-ChangeASCIIInt-EraseBytes-EraseBytes-InsertByte-
#98669	REDUCE cov: 1469 ft: 2939 corp: 298/8073Kb lim: 239306 exec/s: 1793 rss: 499Mb L: 31/239306 MS: 2 EraseBytes-InsertByte-
#98700	REDUCE cov: 1469 ft: 2939 corp: 298/8068Kb lim: 239306 exec/s: 1794 rss: 499Mb L: 200243/239306 MS: 1 EraseBytes-
#98731	REDUCE cov: 1469 ft: 2939 corp: 298/8067Kb lim: 239306 exec/s: 1795 rss: 499Mb L: 4084/239306 MS: 1 EraseBytes-
#99043	REDUCE cov: 1469 ft: 2939 corp: 298/8066Kb lim: 239306 exec/s: 1800 rss: 499Mb L: 17125/239306 MS: 2 ChangeBit-EraseBytes-
#99049	REDUCE cov: 1469 ft: 2939 corp: 298/8066Kb lim: 239306 exec/s: 1800 rss: 499Mb L: 3/239306 MS: 1 EraseBytes-
#99110	REDUCE cov: 1469 ft: 2939 corp: 298/8066Kb lim: 239306 exec/s: 1802 rss: 499Mb L: 8983/239306 MS: 1 EraseBytes-
#99131	REDUCE cov: 1469 ft: 2939 corp: 298/8065Kb lim: 239306 exec/s: 1802 rss: 499Mb L: 42/239306 MS: 1 EraseBytes-
#99245	REDUCE cov: 1469 ft: 2939 corp: 298/8065Kb lim: 239306 exec/s: 1804 rss: 499Mb L: 46/239306 MS: 4 CopyPart-CopyPart-ChangeBinInt-EraseBytes-
#99375	REDUCE cov: 1469 ft: 2939 corp: 298/8065Kb lim: 239306 exec/s: 1806 rss: 499Mb L: 2111/239306 MS: 5 ChangeByte-InsertRepeatedBytes-ChangeASCIIInt-EraseBytes-CrossOver-
#99447	REDUCE cov: 1469 ft: 2939 corp: 298/8065Kb lim: 239306 exec/s: 1808 rss: 499Mb L: 4/239306 MS: 2 ShuffleBytes-EraseBytes-
#99818	REDUCE cov: 1469 ft: 2939 corp: 298/8065Kb lim: 239306 exec/s: 1814 rss: 499Mb L: 338/239306 MS: 1 EraseBytes-
#99824	REDUCE cov: 1469 ft: 2939 corp: 298/8065Kb lim: 239306 exec/s: 1814 rss: 499Mb L: 57/239306 MS: 1 EraseBytes-
#99831	REDUCE cov: 1469 ft: 2939 corp: 298/8065Kb lim: 239306 exec/s: 1815 rss: 499Mb L: 30/239306 MS: 2 CMP-EraseBytes- DE: "\001\000\000\000"-
#99832	REDUCE cov: 1469 ft: 2939 corp: 298/8062Kb lim: 239306 exec/s: 1815 rss: 499Mb L: 14686/239306 MS: 1 EraseBytes-
#99924	REDUCE cov: 1469 ft: 2939 corp: 298/8062Kb lim: 239306 exec/s: 1816 rss: 499Mb L: 14/239306 MS: 2 ChangeBit-EraseBytes-
#99955	REDUCE cov: 1469 ft: 2939 corp: 298/8062Kb lim: 239306 exec/s: 1817 rss: 499Mb L: 274/239306 MS: 1 EraseBytes-
#100041	REDUCE cov: 1469 ft: 2939 corp: 298/8059Kb lim: 239306 exec/s: 1818 rss: 499Mb L: 41392/239306 MS: 1 EraseBytes-
#100089	REDUCE cov: 1469 ft: 2939 corp: 298/8046Kb lim: 239306 exec/s: 1819 rss: 499Mb L: 26558/239306 MS: 3 PersAutoDict-PersAutoDict-EraseBytes- DE: "\000\000\000\000\000\000\000\004"-"\377\377\377\377\377\377\377\377"-
#100171	REDUCE cov: 1469 ft: 2939 corp: 298/8046Kb lim: 239306 exec/s: 1821 rss: 499Mb L: 1284/239306 MS: 2 ChangeBit-EraseBytes-
#100192	REDUCE cov: 1469 ft: 2939 corp: 298/8046Kb lim: 239306 exec/s: 1821 rss: 499Mb L: 276/239306 MS: 1 EraseBytes-
#100207	REDUCE cov: 1469 ft: 2939 corp: 298/8044Kb lim: 239306 exec/s: 1821 rss: 499Mb L: 29882/239306 MS: 5 ChangeASCIIInt-ChangeByte-ShuffleBytes-ChangeBit-EraseBytes-
#100492	REDUCE cov: 1469 ft: 2939 corp: 298/8044Kb lim: 239306 exec/s: 1827 rss: 499Mb L: 882/239306 MS: 5 ShuffleBytes-ChangeASCIIInt-PersAutoDict-InsertByte-EraseBytes- DE: "\023(\022\300'\037N\224"-
#100544	REDUCE cov: 1469 ft: 2939 corp: 298/8044Kb lim: 239306 exec/s: 1828 rss: 499Mb L: 17/239306 MS: 2 ChangeByte-EraseBytes-
#100552	REDUCE cov: 1469 ft: 2939 corp: 298/8028Kb lim: 239306 exec/s: 1828 rss: 499Mb L: 58239/239306 MS: 3 ShuffleBytes-InsertByte-CrossOver-
#100583	REDUCE cov: 1469 ft: 2939 corp: 298/8027Kb lim: 239306 exec/s: 1828 rss: 499Mb L: 12370/239306 MS: 1 EraseBytes-
#100599	REDUCE cov: 1469 ft: 2939 corp: 298/8022Kb lim: 239306 exec/s: 1829 rss: 499Mb L: 67948/239306 MS: 1 EraseBytes-
#100770	REDUCE cov: 1469 ft: 2939 corp: 298/8022Kb lim: 239306 exec/s: 1799 rss: 499Mb L: 850/239306 MS: 1 EraseBytes-
#101203	REDUCE cov: 1469 ft: 2939 corp: 298/8022Kb lim: 239306 exec/s: 1807 rss: 499Mb L: 43/239306 MS: 3 InsertByte-ChangeBinInt-EraseBytes-
#101314	REDUCE cov: 1469 ft: 2939 corp: 298/8022Kb lim: 239306 exec/s: 1809 rss: 499Mb L: 1620/239306 MS: 1 EraseBytes-
#101417	REDUCE cov: 1469 ft: 2939 corp: 298/8022Kb lim: 239306 exec/s: 1811 rss: 499Mb L: 35/239306 MS: 3 CrossOver-ChangeBit-EraseBytes-
#101488	REDUCE cov: 1469 ft: 2939 corp: 298/8022Kb lim: 239306 exec/s: 1812 rss: 499Mb L: 24/239306 MS: 1 EraseBytes-
#101580	REDUCE cov: 1469 ft: 2939 corp: 298/8021Kb lim: 239306 exec/s: 1813 rss: 499Mb L: 5095/239306 MS: 2 CopyPart-EraseBytes-
#101610	REDUCE cov: 1469 ft: 2939 corp: 298/8019Kb lim: 239306 exec/s: 1814 rss: 499Mb L: 811/239306 MS: 5 EraseBytes-PersAutoDict-InsertRepeatedBytes-ChangeByte-EraseBytes- DE: "\000\000\000\000\000\000\000\030"-
#101747	REDUCE cov: 1469 ft: 2939 corp: 298/8019Kb lim: 239306 exec/s: 1816 rss: 499Mb L: 2207/239306 MS: 2 ChangeByte-EraseBytes-
#101751	REDUCE cov: 1469 ft: 2939 corp: 298/8019Kb lim: 239306 exec/s: 1816 rss: 499Mb L: 240/239306 MS: 4 ShuffleBytes-ShuffleBytes-ChangeByte-EraseBytes-
#101917	REDUCE cov: 1469 ft: 2939 corp: 298/8014Kb lim: 239306 exec/s: 1819 rss: 499Mb L: 6579/239306 MS: 1 EraseBytes-
#102186	REDUCE cov: 1469 ft: 2939 corp: 298/8014Kb lim: 239306 exec/s: 1824 rss: 499Mb L: 308/239306 MS: 4 ChangeByte-ChangeBinInt-ChangeByte-EraseBytes-
#102201	REDUCE cov: 1469 ft: 2939 corp: 298/7996Kb lim: 239306 exec/s: 1825 rss: 499Mb L: 39752/239306 MS: 5 CopyPart-CMP-PersAutoDict-PersAutoDict-EraseBytes- DE: "c\000\000\000\000\000\000\000"-"\021\000\000\000\000\000\000\000"-"\377\215\247\013\002{\000\000"-
#102232	REDUCE cov: 1469 ft: 2939 corp: 298/7996Kb lim: 239306 exec/s: 1825 rss: 499Mb L: 233/239306 MS: 1 EraseBytes-
#102313	REDUCE cov: 1469 ft: 2939 corp: 298/7996Kb lim: 239306 exec/s: 1827 rss: 499Mb L: 1377/239306 MS: 1 EraseBytes-
#102485	REDUCE cov: 1469 ft: 2939 corp: 298/7996Kb lim: 239306 exec/s: 1830 rss: 499Mb L: 52/239306 MS: 2 ShuffleBytes-EraseBytes-
#102596	REDUCE cov: 1469 ft: 2939 corp: 298/7996Kb lim: 239306 exec/s: 1832 rss: 499Mb L: 258/239306 MS: 1 EraseBytes-
#102650	REDUCE cov: 1469 ft: 2939 corp: 298/7996Kb lim: 239306 exec/s: 1833 rss: 499Mb L: 1072/239306 MS: 4 ChangeBinInt-ShuffleBytes-PersAutoDict-EraseBytes- DE: "\000\000\000\000\000\000\000\004"-
#102833	REDUCE cov: 1469 ft: 2939 corp: 298/7996Kb lim: 239306 exec/s: 1836 rss: 499Mb L: 31/239306 MS: 3 InsertByte-ChangeBinInt-EraseBytes-
#102864	REDUCE cov: 1469 ft: 2939 corp: 298/7996Kb lim: 239306 exec/s: 1836 rss: 499Mb L: 32/239306 MS: 1 EraseBytes-
#103002	REDUCE cov: 1469 ft: 2939 corp: 298/7996Kb lim: 239306 exec/s: 1839 rss: 499Mb L: 26/239306 MS: 3 ChangeBit-InsertByte-EraseBytes-
#103019	REDUCE cov: 1469 ft: 2939 corp: 298/7995Kb lim: 239306 exec/s: 1839 rss: 499Mb L: 4047/239306 MS: 2 CMP-EraseBytes- DE: "\004\000\000\000\000\000\000\000"-
#103023	REDUCE cov: 1469 ft: 2939 corp: 298/7994Kb lim: 239306 exec/s: 1839 rss: 499Mb L: 4219/239306 MS: 4 ChangeByte-CMP-ChangeASCIIInt-EraseBytes- DE: "\001\000\000\000\000\000\000\000"-
#103039	REDUCE cov: 1469 ft: 2939 corp: 298/7991Kb lim: 239306 exec/s: 1839 rss: 499Mb L: 110027/239306 MS: 1 EraseBytes-
#103215	REDUCE cov: 1469 ft: 2939 corp: 298/7990Kb lim: 239306 exec/s: 1843 rss: 499Mb L: 8726/239306 MS: 1 EraseBytes-
#103303	REDUCE cov: 1469 ft: 2939 corp: 298/7990Kb lim: 239306 exec/s: 1844 rss: 499Mb L: 260/239306 MS: 3 InsertByte-ChangeASCIIInt-EraseBytes-
#103549	REDUCE cov: 1469 ft: 2939 corp: 298/7990Kb lim: 239306 exec/s: 1849 rss: 499Mb L: 864/239306 MS: 1 EraseBytes-
#103594	REDUCE cov: 1469 ft: 2939 corp: 298/7990Kb lim: 239306 exec/s: 1849 rss: 499Mb L: 15/239306 MS: 5 ChangeBit-ShuffleBytes-CopyPart-CopyPart-EraseBytes-
#103680	REDUCE cov: 1469 ft: 2939 corp: 298/7990Kb lim: 239306 exec/s: 1818 rss: 499Mb L: 141/239306 MS: 1 EraseBytes-
#103876	REDUCE cov: 1469 ft: 2939 corp: 298/7990Kb lim: 239306 exec/s: 1822 rss: 499Mb L: 344/239306 MS: 1 EraseBytes-
#103883	REDUCE cov: 1469 ft: 2939 corp: 298/7990Kb lim: 239306 exec/s: 1822 rss: 499Mb L: 7/239306 MS: 2 ChangeBit-EraseBytes-
#104116	REDUCE cov: 1469 ft: 2939 corp: 298/7985Kb lim: 239306 exec/s: 1826 rss: 499Mb L: 24622/239306 MS: 3 InsertByte-InsertRepeatedBytes-EraseBytes-
#104608	REDUCE cov: 1469 ft: 2939 corp: 298/7984Kb lim: 239306 exec/s: 1835 rss: 499Mb L: 1458/239306 MS: 2 InsertByte-EraseBytes-
#104744	REDUCE cov: 1469 ft: 2939 corp: 298/7984Kb lim: 239306 exec/s: 1837 rss: 499Mb L: 14/239306 MS: 1 EraseBytes-
#104835	REDUCE cov: 1469 ft: 2939 corp: 298/7984Kb lim: 239306 exec/s: 1839 rss: 499Mb L: 30/239306 MS: 1 EraseBytes-
#105041	REDUCE cov: 1469 ft: 2939 corp: 298/7984Kb lim: 239306 exec/s: 1842 rss: 499Mb L: 14/239306 MS: 1 EraseBytes-
#105062	REDUCE cov: 1469 ft: 2939 corp: 298/7981Kb lim: 239306 exec/s: 1843 rss: 499Mb L: 23571/239306 MS: 1 EraseBytes-
#105228	REDUCE cov: 1469 ft: 2939 corp: 298/7948Kb lim: 239306 exec/s: 1846 rss: 499Mb L: 77499/239306 MS: 1 EraseBytes-
#105284	REDUCE cov: 1469 ft: 2939 corp: 298/7948Kb lim: 239306 exec/s: 1847 rss: 499Mb L: 436/239306 MS: 1 EraseBytes-
#105346	REDUCE cov: 1469 ft: 2939 corp: 298/7947Kb lim: 239306 exec/s: 1848 rss: 499Mb L: 5654/239306 MS: 2 CrossOver-EraseBytes-
#105423	REDUCE cov: 1469 ft: 2939 corp: 298/7947Kb lim: 239306 exec/s: 1849 rss: 499Mb L: 136/239306 MS: 2 PersAutoDict-EraseBytes- DE: "\010\377\377\377\377\377\377\377"-
#105544	REDUCE cov: 1469 ft: 2939 corp: 298/7940Kb lim: 239306 exec/s: 1851 rss: 499Mb L: 34820/239306 MS: 1 EraseBytes-
#105571	REDUCE cov: 1469 ft: 2939 corp: 298/7938Kb lim: 239306 exec/s: 1852 rss: 499Mb L: 192677/239306 MS: 2 InsertRepeatedBytes-EraseBytes-
#105607	REDUCE cov: 1469 ft: 2939 corp: 298/7938Kb lim: 239306 exec/s: 1852 rss: 499Mb L: 417/239306 MS: 1 EraseBytes-
#105780	REDUCE cov: 1469 ft: 2939 corp: 298/7938Kb lim: 239306 exec/s: 1855 rss: 499Mb L: 24344/239306 MS: 3 CMP-ShuffleBytes-EraseBytes- DE: "\006\377\377\377\377\377\377\377"-
#105891	REDUCE cov: 1469 ft: 2939 corp: 298/7937Kb lim: 239306 exec/s: 1857 rss: 499Mb L: 773/239306 MS: 1 EraseBytes-
#106065	REDUCE cov: 1469 ft: 2939 corp: 298/7929Kb lim: 239306 exec/s: 1860 rss: 499Mb L: 13855/239306 MS: 4 EraseBytes-EraseBytes-ChangeASCIIInt-InsertByte-
#106100	REDUCE cov: 1469 ft: 2939 corp: 298/7929Kb lim: 239306 exec/s: 1861 rss: 499Mb L: 58/239306 MS: 5 ChangeBit-EraseBytes-ChangeBit-ChangeBinInt-CMP- DE: "\001\000"-
#106407	REDUCE cov: 1469 ft: 2939 corp: 298/7901Kb lim: 239306 exec/s: 1834 rss: 499Mb L: 42306/239306 MS: 2 ChangeByte-EraseBytes-
#106473	REDUCE cov: 1469 ft: 2939 corp: 298/7901Kb lim: 239306 exec/s: 1835 rss: 499Mb L: 146/239306 MS: 1 EraseBytes-
#106815	REDUCE cov: 1469 ft: 2939 corp: 298/7901Kb lim: 239306 exec/s: 1841 rss: 499Mb L: 104/239306 MS: 2 PersAutoDict-EraseBytes- DE: "\377\377\377\377\377\377\377\007"-
#107106	REDUCE cov: 1469 ft: 2939 corp: 298/7901Kb lim: 239306 exec/s: 1846 rss: 499Mb L: 1486/239306 MS: 1 EraseBytes-
#107142	REDUCE cov: 1469 ft: 2939 corp: 298/7901Kb lim: 239306 exec/s: 1847 rss: 499Mb L: 102/239306 MS: 1 EraseBytes-
#107178	REDUCE cov: 1469 ft: 2939 corp: 298/7901Kb lim: 239306 exec/s: 1847 rss: 499Mb L: 135/239306 MS: 1 EraseBytes-
#107325	REDUCE cov: 1469 ft: 2939 corp: 298/7901Kb lim: 239306 exec/s: 1850 rss: 499Mb L: 388/239306 MS: 2 ChangeByte-EraseBytes-
#107587	REDUCE cov: 1469 ft: 2939 corp: 298/7901Kb lim: 239306 exec/s: 1854 rss: 499Mb L: 22/239306 MS: 2 PersAutoDict-EraseBytes- DE: "\000\000{\002\013\252y\200"-
#107677	REDUCE cov: 1469 ft: 2939 corp: 298/7900Kb lim: 239306 exec/s: 1856 rss: 499Mb L: 3761/239306 MS: 5 ChangeBinInt-ChangeASCIIInt-CrossOver-ChangeByte-EraseBytes-
#107692	REDUCE cov: 1469 ft: 2939 corp: 298/7900Kb lim: 239306 exec/s: 1856 rss: 499Mb L: 6/239306 MS: 5 EraseBytes-CopyPart-EraseBytes-CrossOver-EraseBytes-
#107839	REDUCE cov: 1469 ft: 2939 corp: 298/7900Kb lim: 239306 exec/s: 1859 rss: 499Mb L: 688/239306 MS: 2 InsertRepeatedBytes-EraseBytes-
#107882	REDUCE cov: 1470 ft: 2940 corp: 299/7901Kb lim: 239306 exec/s: 1860 rss: 499Mb L: 328/239306 MS: 3 CrossOver-ChangeByte-ChangeBit-
#108178	REDUCE cov: 1470 ft: 2940 corp: 299/7900Kb lim: 239306 exec/s: 1865 rss: 499Mb L: 7944/239306 MS: 1 EraseBytes-
#108260	REDUCE cov: 1470 ft: 2940 corp: 299/7884Kb lim: 239306 exec/s: 1866 rss: 499Mb L: 19931/239306 MS: 2 InsertRepeatedBytes-EraseBytes-
#108287	REDUCE cov: 1470 ft: 2940 corp: 299/7880Kb lim: 239306 exec/s: 1867 rss: 499Mb L: 10742/239306 MS: 2 InsertRepeatedBytes-EraseBytes-
#108408	REDUCE cov: 1470 ft: 2940 corp: 299/7879Kb lim: 239306 exec/s: 1869 rss: 499Mb L: 2723/239306 MS: 1 EraseBytes-
#109118	REDUCE cov: 1470 ft: 2940 corp: 299/7874Kb lim: 239306 exec/s: 1849 rss: 499Mb L: 63168/239306 MS: 5 CopyPart-ChangeBinInt-CMP-CopyPart-EraseBytes- DE: "\001\000\000\000\000\000\000M"-
#109595	REDUCE cov: 1470 ft: 2940 corp: 299/7874Kb lim: 239306 exec/s: 1857 rss: 499Mb L: 21/239306 MS: 2 EraseBytes-CrossOver-
#109747	REDUCE cov: 1470 ft: 2940 corp: 299/7873Kb lim: 239306 exec/s: 1860 rss: 499Mb L: 28462/239306 MS: 2 ChangeBit-EraseBytes-
#109816	REDUCE cov: 1470 ft: 2940 corp: 299/7873Kb lim: 239306 exec/s: 1861 rss: 499Mb L: 16/239306 MS: 4 ChangeByte-CopyPart-ChangeByte-EraseBytes-
#109873	REDUCE cov: 1470 ft: 2940 corp: 299/7873Kb lim: 239306 exec/s: 1862 rss: 499Mb L: 373/239306 MS: 2 ShuffleBytes-EraseBytes-
#110210	REDUCE cov: 1470 ft: 2940 corp: 299/7873Kb lim: 239306 exec/s: 1867 rss: 499Mb L: 92/239306 MS: 2 ChangeByte-EraseBytes-
#110364	REDUCE cov: 1470 ft: 2940 corp: 299/7873Kb lim: 239306 exec/s: 1870 rss: 499Mb L: 24/239306 MS: 4 CopyPart-ChangeByte-ChangeByte-EraseBytes-
#110655	REDUCE cov: 1470 ft: 2940 corp: 299/7870Kb lim: 239306 exec/s: 1875 rss: 499Mb L: 13588/239306 MS: 1 EraseBytes-
#110896	REDUCE cov: 1470 ft: 2940 corp: 299/7870Kb lim: 239306 exec/s: 1879 rss: 499Mb L: 767/239306 MS: 1 EraseBytes-
#111120	REDUCE cov: 1470 ft: 2940 corp: 299/7870Kb lim: 239306 exec/s: 1883 rss: 499Mb L: 21615/239306 MS: 4 InsertRepeatedBytes-CopyPart-ChangeBinInt-EraseBytes-
#111127	REDUCE cov: 1470 ft: 2940 corp: 299/7870Kb lim: 239306 exec/s: 1883 rss: 499Mb L: 564/239306 MS: 2 ChangeBit-EraseBytes-
#111198	REDUCE cov: 1470 ft: 2940 corp: 299/7869Kb lim: 239306 exec/s: 1884 rss: 499Mb L: 1006/239306 MS: 1 EraseBytes-
#111254	REDUCE cov: 1470 ft: 2940 corp: 299/7869Kb lim: 239306 exec/s: 1885 rss: 499Mb L: 93/239306 MS: 1 EraseBytes-
#111643	REDUCE cov: 1470 ft: 2940 corp: 299/7840Kb lim: 239306 exec/s: 1892 rss: 499Mb L: 55393/239306 MS: 4 CopyPart-ChangeBit-PersAutoDict-EraseBytes- DE: "\000\000\000\000\000\000\000\001"-
#111695	REDUCE cov: 1470 ft: 2940 corp: 299/7832Kb lim: 239306 exec/s: 1893 rss: 499Mb L: 44014/239306 MS: 2 ChangeASCIIInt-EraseBytes-
#111725	REDUCE cov: 1470 ft: 2940 corp: 299/7832Kb lim: 239306 exec/s: 1893 rss: 499Mb L: 314/239306 MS: 5 PersAutoDict-InsertByte-EraseBytes-PersAutoDict-PersAutoDict- DE: "\001\000"-"c\000\000\000\000\000\000\000"-"\001\000\000\000\000\000\000M"-
#111733	REDUCE cov: 1470 ft: 2940 corp: 299/7832Kb lim: 239306 exec/s: 1893 rss: 499Mb L: 1345/239306 MS: 3 EraseBytes-ChangeByte-CrossOver-
#111836	REDUCE cov: 1470 ft: 2940 corp: 299/7831Kb lim: 239306 exec/s: 1863 rss: 499Mb L: 1040/239306 MS: 3 ChangeASCIIInt-ChangeByte-EraseBytes-
#111839	REDUCE cov: 1470 ft: 2940 corp: 299/7829Kb lim: 239306 exec/s: 1863 rss: 499Mb L: 33217/239306 MS: 3 ChangeASCIIInt-CrossOver-EraseBytes-
#111931	REDUCE cov: 1470 ft: 2940 corp: 299/7829Kb lim: 239306 exec/s: 1865 rss: 499Mb L: 108/239306 MS: 2 CopyPart-EraseBytes-
#111972	REDUCE cov: 1470 ft: 2940 corp: 299/7821Kb lim: 239306 exec/s: 1866 rss: 499Mb L: 28212/239306 MS: 1 EraseBytes-
#112153	REDUCE cov: 1470 ft: 2940 corp: 299/7821Kb lim: 239306 exec/s: 1869 rss: 499Mb L: 60/239306 MS: 1 EraseBytes-
#112203	REDUCE cov: 1470 ft: 2940 corp: 299/7821Kb lim: 239306 exec/s: 1870 rss: 499Mb L: 640/239306 MS: 5 PersAutoDict-ChangeBit-ShuffleBytes-ChangeBinInt-EraseBytes- DE: "\000\000\000\000\000\000\000F"-
#112341	REDUCE cov: 1470 ft: 2940 corp: 299/7806Kb lim: 239306 exec/s: 1872 rss: 499Mb L: 26951/239306 MS: 3 CrossOver-PersAutoDict-EraseBytes- DE: "\023(\022\300'\037N\224"-
#112376	REDUCE cov: 1470 ft: 2940 corp: 299/7804Kb lim: 239306 exec/s: 1872 rss: 499Mb L: 9306/239306 MS: 5 ChangeASCIIInt-InsertRepeatedBytes-ChangeASCIIInt-ChangeBinInt-EraseBytes-
#112382	REDUCE cov: 1470 ft: 2940 corp: 299/7804Kb lim: 239306 exec/s: 1873 rss: 499Mb L: 251/239306 MS: 1 EraseBytes-
#112543	REDUCE cov: 1470 ft: 2940 corp: 299/7804Kb lim: 239306 exec/s: 1875 rss: 499Mb L: 15718/239306 MS: 1 EraseBytes-
#112599	REDUCE cov: 1470 ft: 2940 corp: 299/7804Kb lim: 239306 exec/s: 1876 rss: 499Mb L: 934/239306 MS: 1 EraseBytes-
#112630	REDUCE cov: 1470 ft: 2940 corp: 299/7804Kb lim: 239306 exec/s: 1877 rss: 499Mb L: 566/239306 MS: 1 EraseBytes-
#112866	REDUCE cov: 1470 ft: 2940 corp: 299/7804Kb lim: 239306 exec/s: 1881 rss: 499Mb L: 128/239306 MS: 1 EraseBytes-
#112917	REDUCE cov: 1470 ft: 2940 corp: 299/7801Kb lim: 239306 exec/s: 1881 rss: 499Mb L: 89590/239306 MS: 1 CrossOver-
#113038	REDUCE cov: 1470 ft: 2944 corp: 300/7801Kb lim: 239306 exec/s: 1883 rss: 499Mb L: 564/239306 MS: 1 ChangeBit-
#113050	REDUCE cov: 1470 ft: 2944 corp: 300/7801Kb lim: 239306 exec/s: 1884 rss: 499Mb L: 17/239306 MS: 2 ChangeBinInt-EraseBytes-
#113177	REDUCE cov: 1470 ft: 2944 corp: 300/7801Kb lim: 239306 exec/s: 1886 rss: 499Mb L: 14/239306 MS: 2 EraseBytes-InsertByte-
#113198	REDUCE cov: 1470 ft: 2944 corp: 300/7801Kb lim: 239306 exec/s: 1886 rss: 499Mb L: 586/239306 MS: 1 EraseBytes-
#113265	REDUCE cov: 1470 ft: 2944 corp: 300/7801Kb lim: 239306 exec/s: 1887 rss: 499Mb L: 11764/239306 MS: 2 ChangeASCIIInt-EraseBytes-
#113281	REDUCE cov: 1470 ft: 2944 corp: 300/7800Kb lim: 239306 exec/s: 1888 rss: 499Mb L: 5434/239306 MS: 1 EraseBytes-
#113522	REDUCE cov: 1470 ft: 2944 corp: 300/7800Kb lim: 239306 exec/s: 1892 rss: 499Mb L: 241/239306 MS: 1 EraseBytes-
#113590	REDUCE cov: 1470 ft: 2944 corp: 300/7800Kb lim: 239306 exec/s: 1893 rss: 499Mb L: 396/239306 MS: 3 ChangeBinInt-ChangeBinInt-EraseBytes-
#113902	REDUCE cov: 1470 ft: 2944 corp: 300/7800Kb lim: 239306 exec/s: 1898 rss: 499Mb L: 3/239306 MS: 2 ChangeBit-EraseBytes-
#114153	REDUCE cov: 1470 ft: 2944 corp: 300/7800Kb lim: 239306 exec/s: 1902 rss: 499Mb L: 177/239306 MS: 1 EraseBytes-
#114175	REDUCE cov: 1470 ft: 2944 corp: 300/7800Kb lim: 239306 exec/s: 1902 rss: 499Mb L: 268/239306 MS: 2 ChangeBit-EraseBytes-
#114178	REDUCE cov: 1470 ft: 2944 corp: 300/7800Kb lim: 239306 exec/s: 1902 rss: 499Mb L: 1690/239306 MS: 3 ChangeASCIIInt-ChangeASCIIInt-EraseBytes-
#114404	REDUCE cov: 1470 ft: 2944 corp: 300/7800Kb lim: 239306 exec/s: 1906 rss: 499Mb L: 42/239306 MS: 1 EraseBytes-
#114432	REDUCE cov: 1470 ft: 2944 corp: 300/7800Kb lim: 239306 exec/s: 1907 rss: 499Mb L: 209/239306 MS: 3 ChangeBit-InsertRepeatedBytes-EraseBytes-
#114552	DONE   cov: 1470 ft: 2944 corp: 300/7800Kb lim: 239306 exec/s: 1877 rss: 499Mb
###### Recommended dictionary. ######
"\002\377\377\377\377\377\377\377" # Uses: 223
"\377\377\377\377\377\377\377\377" # Uses: 209
"\001\000" # Uses: 186
"/Z\014o\263%\000\000" # Uses: 211
"\007\000\000\000\000\000\000\000" # Uses: 202
"\001\000\000\000\000\000\000\004" # Uses: 209
"\000\000\000\000\377\377\377\377" # Uses: 208
"\377\377" # Uses: 213
"\001\000\000\000" # Uses: 208
"\016\205J\207Z\3475\310" # Uses: 226
"\377\377\377\377" # Uses: 186
"\001\000\000\000\000\000\000\000" # Uses: 202
"TUUUUUU\005" # Uses: 214
"\000\000\000\000\000\000\000d" # Uses: 209
"\001\000\000\003" # Uses: 216
"\000\000" # Uses: 221
"\001\000\000\000\000\000\000M" # Uses: 193
"\376\377\377\377\377\377\377\001" # Uses: 183
"\000\000\000\000\000\000\000 " # Uses: 204
"\000\000\000\000\000\000\000\000" # Uses: 206
"\016\377\377\377\377\377\377\377" # Uses: 216
"\000\000\000\000" # Uses: 206
"\000\003" # Uses: 180
"\257\000\000\000\000\000\000\000" # Uses: 223
"UUUUUUU\005" # Uses: 198
"M\000\000\000\000\000\000\000" # Uses: 173
"\000\000\000\000\000\000\000\001" # Uses: 201
"\000\000\000\000\000\000\000\000\000\000\000\000\000\000\000\000\000\000\000\000\000\000\000\000\000\000\000\000\000\000\000\000" # Uses: 146
"\031\000\000\000\000\000\000\000" # Uses: 187
"\301\\\002\211\354-\012\221g\354\216e\241\215\353\276^U2\373\356\242\223\370\013\311B\356\220\206\301q" # Uses: 172
"e\000\000\000\000\000\000\000" # Uses: 186
"U\014\000\000\000\000\000\000" # Uses: 178
"\001\000\000\000\377\377\377\377" # Uses: 157
"\000\000\000\000\000\000\000\020" # Uses: 147
"\004\000\000\000\000\000\000\000" # Uses: 144
"\001\000\000\000\000\000\011," # Uses: 157
"Z\261\270O\343\234r\247" # Uses: 148
"\021\000\000\000\000\000\000\000" # Uses: 164
"\027\000\000\000\000\000\000\000" # Uses: 163
"\000\000\000\000\000\000\000\010" # Uses: 124
"\000\000\000\000\000\000\000\264" # Uses: 135
"\010\377\377\377\377\377\377\377" # Uses: 143
"\005UUUUUUU" # Uses: 131
"\377\215\247\013\002{\000\000" # Uses: 128
"\377\377\377\377\377\377\377\007" # Uses: 135
"\002\000\000\000\377\377\377\377" # Uses: 132
"\020\000\000\000\000\000\000\000" # Uses: 150
"\001\000\000\000\000\000\000\006" # Uses: 127
"\000\000\000\000\000\000\000\030" # Uses: 101
"\000\000\000\001" # Uses: 111
"\377\377z\002\013\246\321\000" # Uses: 116
"\000\000\000\000\000\000\000/" # Uses: 101
"\006\377\377\377\377\377\377\377" # Uses: 88
"\001\000\000\000\000\000\000\255" # Uses: 93
"\000\000{\002\013\252y\200" # Uses: 83
"\003\000\000\000\000\000\000\000" # Uses: 78
"\002\000\000\000\000\000\000\000" # Uses: 71
"\000\000\000\000\000\000\000F" # Uses: 76
"\000\000\000\000\000\000\000\004" # Uses: 80
"\377\002" # Uses: 53
"\005\000\000\000\000\000\000\000" # Uses: 54
"\017\377\377\377\377\377\377\377" # Uses: 36
"\023(\022\300'\037N\224" # Uses: 27
"I\213\210}\217 \347\373" # Uses: 36
"c\000\000\000\000\000\000\000" # Uses: 20
###### End of recommended dictionary. ######
Done 114552 runs in 61 second(s)
stat::number_of_executed_units: 114552
stat::average_exec_per_sec:     1877
stat::new_units_added:          2172
stat::slowest_unit_time_sec:    0
stat::peak_rss_mb:              499
